#{"t_start": 1785771729.2566907, "env_id": "None"}
r,l,t
-14.381706,3,2.827276
-14.208385,3,2.915326
57.071106,6,3.022844
55.020907,7,3.307063
52.730935,4,3.434408
53.774635,7,3.714031
-30.235362,10,3.778558
-14.561047,3,3.83691
-14.479269,3,3.932084
-13.729897,3,4.000676
-11.233106,4,4.068754
-15.03967,3,4.132467
-8.360806,5,4.236938
-13.67485,3,4.317978
44.386747,9,4.438654
-8.377995,5,4.800747
-14.540818,3,4.866873
-8.378894,6,5.006634
-8.251015,5,5.098271
-11.574119,4,5.154341
54.125943,4,5.297133
-12.493359,4,5.437744
56.984108,6,5.61565
-6.779062,6,6.144222
-13.073906,4,6.203793
27.479934,12,6.460901
57.773968,5,6.653898
57.904109,6,6.729335
-13.119712,8,6.995275
-9.250233,5,7.074198
-14.361038,3,7.134412
-14.326344,3,7.488834
57.275023,5,7.743017
-14.343093,3,7.810154
54.062349,4,8.074949
-10.81229,4,8.213863
-15.23229,3,8.317873
-12.185152,4,8.403452
-11.993791,4,8.479417
-8.663985,5,8.799443
-11.062761,4,8.937175
-13.654897,3,8.997752
54.446102,7,9.387732
-13.720065,3,9.45171
-13.640217,3,9.545667
-8.805554,5,10.000082
-11.507608,4,10.313913
-14.513995,3,10.538093
-13.764596,3,10.594865
54.132989,4,10.705055
-14.588026,3,10.766989
-8.514874,5,10.893716
-12.429974,4,10.957196
-9.473921,6,11.043818
-8.933855,5,11.151941
57.216136,6,11.412857
-13.545511,3,11.479308
-28.430165,10,11.809397
53.932474,4,12.281259
-37.810122,12,12.344667
-12.05485,4,12.405828
-15.546051,3,12.468215
-15.093961,3,12.535355
-11.103111,4,12.827598
-13.765736,3,12.89093
-28.435566,10,13.057732
-14.513688,3,13.416055
-11.125028,4,13.479885
-13.042844,4,13.545829
-12.176934,4,13.655186
-14.648357,3,13.719994
53.339551,4,13.820023
-14.607851,3,13.897415
-14.441548,3,13.987193
-9.524115,5,14.158796
57.663825,6,14.397239
-11.763462,4,14.53257
-11.500745,4,14.589846
-14.523061,3,14.654267
-14.578992,3,14.707952
58.698255,6,14.813039
-13.697196,3,14.877395
-14.608499,3,14.975657
-13.503993,3,15.053901
-12.798738,4,15.352531
-12.099626,4,15.437519
-13.617878,3,15.49439
57.617225,5,15.671954
-14.27816,3,15.731374
-14.502332,3,15.802813
-14.750282,3,15.858645
-14.219426,3,15.970875
-11.255519,4,16.042794
-14.668987,3,16.102607
-11.604005,4,16.166191
-14.41271,3,16.235789
-14.349405,3,16.491553
-15.098686,3,16.582954
-8.05092,5,16.644545
-12.848681,4,16.762836
-13.704974,3,16.822938
-13.205244,4,16.903814
-14.59862,3,16.963933
54.165984,4,17.353761
-14.560093,3,17.417028
-13.531872,3,17.681469
-13.720929,3,17.743551
-38.780467,12,17.807631
-39.151584,13,17.958144
-12.557824,4,18.045771
-13.778615,3,18.115023
-13.692942,3,18.172924
55.317256,5,18.437695
57.295222,6,18.560885
-7.438335,6,18.705604
-14.429051,3,18.852959
-13.788516,3,18.912639
-13.517852,3,19.413502
-13.241489,4,19.481436
-14.475049,3,19.545274
58.114307,6,19.751978
-14.618265,3,19.814324
56.627815,6,20.005493
57.577948,5,20.126348
44.973832,9,20.195728
-15.038129,3,20.255111
57.379697,6,20.52432
-14.382112,3,20.699775
-12.044155,4,21.218718
58.575265,6,21.467253
58.014229,6,21.539654
-7.681412,6,21.63731
-15.411158,3,21.696009
-14.335951,3,21.877647
-15.358876,3,21.983843
-14.565132,3,22.046255
-13.757671,3,22.107914
-13.335859,4,22.21749
56.317629,5,22.361036
53.146224,4,22.625556
-8.640648,5,22.752856
-11.352839,7,23.24633
-15.095036,3,23.314257
-10.094656,5,23.41601
-12.339576,4,23.480881
-13.564165,3,23.576384
-14.277681,3,23.669995
56.06032,7,23.729941
-11.382373,4,23.808417
55.901416,7,23.946423
53.305846,4,24.375081
50.484908,8,24.618632
-13.522845,3,24.68205
-11.781031,4,24.808884
-13.55662,3,24.928579
-12.283013,4,25.039785
57.453446,5,25.46365
-13.650663,3,25.521085
53.38764,4,25.738185
-15.069345,3,25.825713
-9.216314,5,25.905758
56.815489,5,26.178998
-37.065204,12,26.240181
56.768127,7,26.364829
-7.22745,6,26.673941
-8.649147,6,26.74333
-13.540503,3,26.963275
-13.704637,3,27.022182
-10.958903,4,27.386408
-8.531536,5,27.59902
53.875663,4,28.091716
-14.634737,3,28.155051
-14.377489,3,28.219927
-12.558679,4,28.274724
-14.629355,3,28.339149
-14.599645,3,28.395498
-20.746033,9,28.757229
-12.493963,4,28.902045
-11.43834,4,28.985723
-13.496603,3,29.222617
51.517579,3,29.342036
-13.568518,3,29.459963
-14.6709,3,29.516281
-8.378214,5,29.597355
-8.397727,5,30.074912
-8.946005,5,30.160321
-14.41071,3,30.223255
-8.855762,5,30.510361
-11.033214,4,30.594836
53.429449,4,30.840559
-13.590763,3,30.907927
-12.281624,4,31.087618
-12.233927,4,31.242493
-8.967525,5,31.559489
-9.742759,5,31.703348
-12.373425,4,31.925839
-12.515889,4,31.991067
-13.797096,3,32.050941
-15.100395,8,32.460567
-8.988455,5,32.78164
36.86167,10,32.87572
-7.973686,6,33.229935
-15.302355,3,33.471756
50.07918,8,33.801614
57.576271,6,33.931457
-8.096193,6,34.280933
-14.312842,3,34.677402
56.440702,5,34.940176
-8.19654,5,35.037497
50.979996,8,35.088773
36.024507,10,35.160178
44.471001,9,35.277563
57.048688,7,35.386205
56.052372,5,35.5626
-11.225196,4,35.767276
-15.033533,3,35.831799
-12.488666,4,35.893101
-9.622738,5,36.002359
-13.715682,3,36.102977
-11.861391,4,36.22528
-37.808191,12,36.491467
54.204711,4,36.787643
-15.235322,3,36.879534
-15.709756,3,36.978848
-9.337665,5,37.155263
-15.373971,3,37.266684
-15.354975,3,37.58311
-15.410132,3,37.684278
-14.507333,3,37.803052
56.191825,5,37.97991
-15.447822,3,38.079451
-15.449504,3,38.402596
-12.004848,4,38.591354
-15.241281,3,38.709122
-15.071314,3,39.240779
-15.398548,3,39.415057
-14.482255,3,39.679637
-14.517204,3,40.116093
-15.490105,3,40.217864
-14.539203,3,40.322473
49.4691,3,40.711833
-15.164726,3,40.835379
-15.186182,3,41.238936
-15.101959,3,41.345991
-15.294688,3,41.479564
-15.455865,3,41.727783
-15.466577,3,41.833438
-15.23872,3,42.171247
-15.603849,3,42.367584
-15.377244,3,42.600407
-15.278915,3,42.865058
-15.695504,3,42.965781
-15.187779,3,43.298776
-15.510405,3,43.391959
-15.088826,3,43.661735
-15.484848,3,44.101804
-14.183746,3,44.220056
-14.155288,3,44.377678
-15.579648,3,44.485903
-15.40319,3,44.736634
-15.295035,3,45.072394
-15.314034,3,45.173797
-15.505251,3,45.306535
-15.110927,3,45.425826
-15.537154,3,45.525896
-15.537751,3,45.630245
-15.511628,3,45.760533
-15.528635,3,45.872214
-14.506676,3,46.098721
50.59985,3,46.558825
-14.478268,3,46.907666
-15.148471,3,47.039162
56.877483,6,47.325068
-13.495024,3,47.810409
53.34694,4,48.311985
-14.514377,3,48.837482
-15.497144,3,48.939615
-13.611124,3,49.069519
-15.469274,3,49.270218
-15.470523,3,49.624214
-15.510399,3,49.752431
-15.502929,3,50.012058
-15.436358,3,50.394714
-15.466012,3,50.49992
-15.449248,3,50.637844
-15.432713,3,50.961612
-15.403951,3,51.243256
-15.548733,3,51.598632
-13.549259,3,51.79239
-15.5803,3,51.950489
54.078224,4,52.32868
-15.461871,3,52.453555
-15.423211,3,52.744315
52.909775,4,52.894449
-15.457689,3,53.234596
-15.340586,3,53.579804
-15.506915,3,53.88384
-15.25192,3,54.023789
-14.674245,3,54.126345
-15.547485,3,54.302275
-15.448962,3,54.75456
57.557024,5,55.284666
-15.516665,3,55.526359
-29.351809,10,55.797753
-15.282455,3,55.903076
-15.304097,3,56.082443
-15.476936,3,56.272413
-15.410309,3,56.394471
-15.433261,3,56.713352
-13.504123,3,56.839564
-15.507652,3,57.178647
-15.37721,3,57.327545
49.492727,3,57.559648
-15.488443,3,57.84445
-15.387169,3,58.15302
35.973884,10,58.739551
-15.518716,3,59.117553
-15.511932,3,59.435164
-10.752202,7,59.647614
-11.84852,4,59.848264
-15.385908,3,59.951418
-15.515254,3,60.295317
52.271773,4,60.54014
-15.757205,3,60.6404
-15.329091,3,60.977779
-15.558964,3,61.09412
49.662073,3,61.513426
-34.425722,11,61.801094
-15.330459,3,61.938102
-15.4198,3,62.222671
-15.563005,3,62.361908
-15.449045,3,62.503618
-15.276108,3,62.630827
-15.493267,3,62.857834
-15.474575,3,63.157707
-15.483599,3,63.289588
-15.519961,3,63.559614
49.49138,3,64.345414
-15.522195,3,64.692914
-14.569253,3,64.826964
-7.688751,5,65.030563
-15.25323,3,65.446352
-12.357686,4,65.660192
-13.167624,4,65.892031
-15.448002,3,66.250712
-14.500699,3,66.376597
-15.425867,3,66.699489
-14.59419,3,66.873898
-15.389289,3,67.141548
-14.494461,3,67.245687
-15.563263,3,67.399398
-15.503469,3,67.686653
-15.619983,3,67.918747
-14.506983,3,68.282319
-15.481066,3,68.636041
-14.532407,3,69.017768
-15.180604,3,69.158801
49.612569,3,69.503523
-15.497423,3,69.618155
-15.507722,3,69.964437
-15.432476,3,70.157725
-14.486906,3,70.265101
-15.167832,3,70.379388
-15.49535,3,70.502667
-15.456746,3,70.796351
-14.544439,3,70.905146
-15.539838,3,71.008829
-13.744877,3,71.115002
-11.838529,4,71.475387
-14.348257,3,71.791445
52.158947,4,72.140668
-38.452539,17,72.377765
-13.542085,3,72.488962
-14.45567,3,72.633772
-14.23921,3,72.884207
-15.55274,3,73.281487
49.501143,3,73.636731
-13.540298,3,73.74246
-13.548766,3,73.890087
-15.237229,3,74.22319
52.059502,4,74.671092
-9.945915,7,74.82146
-10.836082,4,75.003571
-13.497511,3,75.112283
56.852412,5,75.400078
-13.738359,3,75.494639
52.4974,4,75.906053
-14.446193,3,76.057958
54.071374,4,76.500757
56.672101,7,76.688656
-14.393386,3,76.791241
-12.722407,4,76.981923
-9.929477,7,77.454903
44.01182,9,77.82644
44.886175,9,78.015076
-8.123842,5,78.206145
55.47075,7,78.556442
-15.499029,3,78.727484
-7.91483,5,79.201404
45.137347,9,79.469247
-15.338527,3,79.641324
-13.743446,3,79.748981
54.201588,4,80.107908
-13.211802,8,80.52817
-9.816123,7,80.705952
-14.324876,3,80.816919
-14.40563,3,80.916814
-14.479344,3,81.396868
-13.017832,4,81.815477
-7.182193,6,81.949856
57.416938,7,82.105171
-12.02003,4,82.279737
-11.206789,4,82.748527
57.929543,5,82.927227
-8.780999,7,83.563311
52.782864,8,83.731198
-11.080644,4,83.842312
-13.490118,3,84.121477
-8.253044,5,84.268207
-15.501763,3,84.480878
-8.248347,5,84.74025
-13.552594,3,84.843147
53.287558,4,85.124082
37.641185,10,85.332401
57.269544,5,85.661751
-13.699693,3,85.760394
-11.502789,4,86.111809
-13.548261,3,86.315623
57.673121,7,86.490741
57.30472,5,86.945845
-13.779748,3,87.054222
-11.595398,4,87.171532
45.805082,9,87.371255
-14.338335,3,87.476759
-14.429665,3,87.579471
49.781004,3,87.748852
-11.575689,4,87.865746
-15.407505,3,87.991449
-14.228358,3,88.115645
50.502617,3,88.561139
-15.498931,3,88.914851
54.021543,4,89.113149
51.959828,8,89.300669
-8.233162,5,89.496686
-15.492772,3,89.665189
-13.512338,3,90.049062
-10.898405,4,90.401007
-11.334969,4,90.581783
-11.340364,4,90.87447
57.734223,6,91.173877
-11.99283,8,91.338207
-13.521408,3,91.626675
49.496567,3,91.958606
-8.134683,5,92.399806
58.563117,6,92.624288
-11.389775,4,92.811501
-14.359364,3,93.122231
57.912321,6,93.383671
57.359904,5,93.58234
-6.055302,6,93.741338
-13.523448,3,94.193102
-10.831074,4,94.39064
-15.519514,3,94.570433
-14.391618,3,94.890395
-14.506396,3,95.005626
-15.475761,3,95.128495
-6.955523,6,95.294647
58.382178,6,95.459209
-15.218538,3,95.74518
-13.584796,3,95.8511
-11.600807,4,95.962311
-13.54605,3,96.067464
57.1096,6,96.263216
-8.079108,6,96.47482
54.17423,4,96.756967
57.450244,5,97.236089
-14.550751,3,97.369986
-8.02205,5,97.499667
-13.703963,3,97.605666
-14.402034,3,97.737366
-11.899339,4,98.195511
53.189332,4,98.368659
-7.599752,6,98.518954
-13.596653,3,98.630619
-11.492397,4,98.987392
-8.467034,5,99.137494
52.217182,4,99.304071
-13.733838,3,99.415747
58.838864,6,99.670166
-8.243143,5,99.911356
54.172335,4,100.064881
57.556,5,100.372316
53.403064,4,100.675086
-13.526977,3,101.005731
58.921863,6,101.21287
57.796305,6,101.567418
-13.506185,3,101.707132
-15.430522,3,102.038772
-15.498971,3,102.155544
-13.604133,3,102.473365
-11.457962,4,102.626251
-8.154327,5,102.89669
-11.299038,4,103.057476
-13.694601,3,103.15955
-11.336532,4,103.3334
-14.901603,3,103.624709
57.409323,6,103.926894
-11.524742,4,104.058323
-11.102165,4,104.179725
57.92956,5,104.324464
-7.379724,5,104.714298
-8.232105,5,104.871687
-7.62215,5,105.076186
-7.986922,5,105.438401
-7.178644,5,106.14276
-7.844618,5,106.704348
59.050919,6,106.90222
-11.303127,4,107.038633
-15.388271,3,107.164352
-13.510615,3,107.506683
-14.705541,3,107.605559
-6.003118,6,107.759376
-11.59173,4,107.872073
-11.618843,4,107.985187
-13.555321,3,108.15477
53.207207,4,108.464418
53.111407,4,108.655061
-13.771929,3,108.756622
57.875345,5,108.912694
57.5873,5,109.04996
-15.186769,3,109.374291
57.954867,5,109.719285
-14.254113,3,109.985992
57.940764,5,110.18729
-11.336012,4,110.357772
54.165907,4,110.633272
-7.741109,6,111.176916
58.749438,6,111.36411
-11.260282,4,111.506345
-10.799035,4,111.862962
-7.094658,5,112.433865
-13.568238,3,112.574304
-13.64666,3,112.675982
57.849754,5,112.993639
53.473096,4,113.360329
-15.554011,3,113.78454
51.506365,3,114.288565
-8.556873,5,114.433497
57.840896,5,114.823292
-13.744184,3,114.927483
-13.63943,3,115.025138
-7.881284,5,115.382236
54.16578,4,115.67764
-13.571898,3,115.888498
-11.196212,4,116.161406
-10.987231,4,116.615287
57.920719,5,116.758668
58.920118,6,117.039346
-12.177848,4,117.192249
59.049242,6,117.340938
-11.251308,4,117.477221
-11.281492,4,117.662799
57.484609,7,117.862483
-8.098039,6,118.019761
58.997678,6,118.154959
57.232245,5,118.319186
-11.197576,4,118.597606
-11.126162,4,118.716466
54.063141,4,119.019555
57.86897,5,119.164639
57.655106,5,119.357067
57.709501,5,119.528683
-7.743902,5,119.887549
-7.048729,5,120.031458
54.045091,4,120.250684
57.713635,5,120.559069
57.939748,5,120.904419
57.953802,5,121.032135
58.887833,6,121.249988
-8.395839,7,121.628748
-13.712383,3,121.728957
-8.219193,5,121.930415
-11.087317,4,122.049638
58.70138,6,122.222088
58.925325,6,122.466621
-11.573362,4,122.582931
57.928368,5,122.833225
54.199261,4,123.177454
-13.559969,3,123.548698
-13.61928,3,123.669009
54.0974,4,123.874775
-11.337405,4,124.106532
58.403678,6,124.360806
57.663176,5,124.82746
-8.091088,5,125.247936
59.086424,6,125.430593
58.946495,6,125.640778
-7.134857,5,126.186381
-11.03383,4,126.598734
-7.091059,5,127.286596
-5.914672,6,127.566432
-13.657605,3,127.669072
-11.519322,4,127.778857
57.607636,5,128.080322
-11.104593,4,128.341665
-13.743568,3,128.442786
-14.505272,3,128.654083
-10.927039,4,128.899838
-11.28864,4,129.041848
-11.261735,4,129.182231
57.6876,5,129.495827
-13.743284,3,129.590933
57.328927,5,129.937631
-11.012655,4,130.28041
58.462496,6,130.413195
59.026636,6,130.602487
-8.259604,5,130.937684
-8.404932,5,131.119864
-7.986732,5,131.407682
53.997278,4,131.834057
-13.55495,3,132.235599
-13.66034,3,132.387557
57.951698,5,132.582875
57.933723,5,132.772508
-11.391331,4,132.946107
-7.2658,7,133.282369
-8.146324,6,133.49286
59.078761,6,133.689853
57.991728,6,133.981253
59.07158,6,134.143266
-11.242767,4,134.534033
57.121453,5,134.979339
57.941538,5,135.156862
58.894848,6,135.344337
-13.779943,3,135.44953
-7.205632,5,136.089252
-5.979308,6,136.403934
54.075019,4,136.723493
54.177023,4,137.022719
59.067277,6,137.259628
-11.166399,4,137.409733
57.809557,6,137.747837
-11.310658,4,137.879155
-7.858658,5,138.243465
57.880314,5,138.435095
-7.906013,5,139.009094
57.270963,5,139.344344
-5.935752,6,139.540572
57.760978,5,139.797706
-13.713282,3,139.895293
57.877535,5,140.091032
57.874529,5,140.266218
-13.700957,3,140.36897
-8.137776,5,140.535492
57.916289,5,140.728329
57.860478,5,141.058891
57.492026,5,141.362386
57.946001,5,141.516585
57.940586,5,141.632276
-11.242832,4,141.773192
58.84066,6,141.951246
57.937175,5,142.292988
-13.546096,3,142.701421
54.209037,4,142.976581
54.204827,4,143.243795
-13.777575,3,143.340686
54.190771,4,143.591348
57.931146,5,143.982822
-11.349465,4,144.115163
59.033448,6,144.286555
57.667749,5,144.697737
-6.682023,6,145.282251
-7.410156,5,145.662349
59.075444,6,145.805831
57.905948,5,146.042454
-8.495483,5,146.19193
57.433754,5,146.509357
-8.126173,5,146.667922
58.696215,6,147.020769
-11.482189,4,147.140092
57.803668,5,147.507828
57.604913,7,148.108045
58.943595,6,148.301834
56.764841,7,148.6295
-8.37826,5,148.775955
57.189117,5,149.274246
57.566529,5,149.681839
-7.907995,7,149.909751
57.695563,5,150.227005
57.932265,5,150.383212
-11.021629,4,150.79249
57.857902,5,151.002828
57.94557,5,151.197371
57.554753,5,151.735331
-11.057003,4,152.230989
57.768996,7,152.414025
58.947965,6,152.622766
-11.246379,4,152.787014
57.625648,7,153.720118
-7.906475,6,154.209425
58.881457,6,154.436921
57.529911,7,154.669287
58.039207,6,154.858235
-8.208171,5,155.048494
-7.345549,7,155.306825
57.566627,7,155.784721
-7.258452,7,156.043462
-6.117614,6,156.219729
-8.064729,5,156.4393
-7.231626,7,156.786649
-7.808115,7,157.404082
-8.128597,6,157.623932
58.078127,6,157.948059
59.023716,6,158.131014
57.489637,7,158.311288
-11.300776,4,158.473793
-11.508916,4,158.890198
54.186508,4,159.344829
-7.757407,7,159.506607
-7.956412,7,159.73147
57.240519,5,160.171231
-7.225112,7,160.349731
-8.112126,5,160.477113
-11.807647,8,160.967993
56.304963,7,161.185679
-11.554544,4,161.3005
57.647618,7,161.451594
-7.283814,7,161.733442
57.381178,7,161.949274
-7.560036,6,162.119527
-7.641722,6,162.311049
59.045465,6,162.481322
57.212494,7,162.707307
-8.077305,5,162.901724
56.643036,7,163.129383
-11.834019,8,163.667471
-8.114049,5,163.829689
58.764319,6,163.989789
58.127994,6,164.223861
-11.936367,8,164.531957
-10.121673,7,164.841921
52.563102,8,165.060351
44.679084,9,165.316977
58.472587,6,165.571447
58.449184,6,165.899547
-9.803709,7,166.253436
-27.056237,10,166.466422
31.001174,11,166.715414
-11.995715,8,166.87181
57.394942,7,167.013588
-13.675908,3,167.129708
57.773734,7,167.305597
-12.296798,8,167.86805
58.166458,6,168.256849
57.089705,7,168.409414
57.730986,7,168.594648
-7.555101,5,168.795971
44.721658,9,169.209351
56.99153,7,169.433176
-7.909493,7,169.962816
-19.139801,9,170.176186
30.483245,11,170.614295
-27.045459,10,170.985359
52.749923,8,171.214649
-19.405778,9,171.507707
31.053611,11,171.735023
37.179214,10,172.145276
52.61986,8,172.372316
-12.095683,8,172.598262
56.559866,7,172.920338
-19.152548,9,173.237632
51.445672,8,173.747919
-14.025877,8,174.135539
-27.280963,10,174.545666
45.939636,9,175.019578
51.445467,8,175.240724
52.355971,8,175.533759
55.214131,7,176.099566
-7.41159,6,176.558645
28.151324,12,176.985997
-13.202613,8,177.393772
28.18455,12,177.782777
-33.976812,11,178.037976
-12.623388,8,178.718682
51.502593,8,179.160626
-13.735709,8,179.4077
-19.983455,9,179.615424
37.594906,10,180.136611
57.569731,7,180.332265
-19.204762,9,180.539851
53.116306,8,180.721028
-27.203914,10,180.933603
36.760504,10,181.388793
-11.986087,8,181.710608
-12.244682,8,181.872038
56.755826,7,182.086852
52.591392,8,182.308017
53.016644,8,182.942092
53.11394,8,183.565982
52.489664,8,183.762606
52.057727,8,184.004708
-19.100451,9,184.341561
-14.378442,8,184.715781
57.287348,7,184.935073
55.821029,7,185.312308
53.133243,8,185.495466
51.534371,8,185.924269
50.846556,8,186.47103
-19.318441,9,187.236641
52.692679,8,187.530424
52.126755,8,187.866757
57.688684,7,188.018682
52.979656,8,188.255179
36.952157,10,188.542598
53.005562,8,188.755385
30.986392,11,189.021941
-28.597165,10,189.268363
52.434539,8,189.515697
44.846894,9,189.761051
37.795616,10,189.975756
-39.489619,16,190.270145
52.977101,8,190.496226
-34.557319,11,190.711113
-6.104776,6,191.423453
-13.942211,8,191.657134
30.993321,11,191.906479
52.842357,8,192.112544
-39.174176,14,192.38083
57.235766,7,192.662324
-36.865699,12,193.409059
-38.436763,17,193.658185
-36.913382,12,194.253845
28.158705,12,194.703146
-13.929416,8,195.107187
-37.001643,12,195.42121
30.853499,11,195.813762
37.868968,10,196.121644
-39.162743,14,196.39113
-38.442309,13,196.645968
30.766791,11,197.384901
-28.585349,10,197.738682
-39.172748,14,198.085833
-34.155085,11,198.420681
45.746721,9,198.662355
58.254413,6,198.86
-38.44033,13,199.49088
37.846221,10,199.715234
28.119723,12,200.45609
53.14606,8,200.717115
28.223843,12,201.161587
-14.117299,8,201.527381
52.855336,8,201.728667
28.101921,12,202.134923
-34.057594,11,202.647878
37.086217,10,203.063471
-39.203792,14,203.328132
-39.461659,15,203.593349
56.920087,7,203.807704
45.932205,9,203.984156
-34.154317,11,204.359957
-38.46969,13,204.601472
37.622588,10,204.794151
28.15828,12,205.195968
58.266805,6,205.69769
28.16591,12,205.982207
31.066444,11,206.2352
-38.439587,13,206.482408
28.191687,12,207.017776
53.14498,8,207.210397
-39.10475,14,207.485293
52.994614,8,207.658731
52.952866,8,207.825634
-6.075895,6,208.591847
-38.450425,13,209.010562
53.123536,8,209.186469
52.907134,8,209.402448
37.912542,10,209.873336
57.135932,7,210.050466
31.044952,11,210.3185
-39.458722,15,210.58904
37.121514,10,210.859224
57.651307,7,211.061421
53.151878,8,211.233531
45.89953,9,211.560484
37.899733,10,211.754258
-39.20846,14,212.046329
58.248613,6,212.367901
-39.146776,14,212.616075
59.026231,6,213.026381
31.010972,11,213.221455
45.577761,9,213.395298
45.928819,9,213.602001
59.024712,6,214.023121
57.715231,5,214.486633
-28.404157,10,214.896892
45.888251,9,215.152049
57.850673,5,215.586634
-7.106544,5,216.197768
-8.057697,5,216.595893
57.844752,5,216.924483
-39.464008,15,217.190363
36.868577,10,217.551926
-38.453506,13,217.989183
28.223008,12,218.296832
-10.819514,4,218.674447
-38.445861,13,218.903427
52.373572,8,219.089178
-39.339904,15,219.363928
58.931598,6,219.631509
-7.778192,5,220.096087
26.557779,13,220.582291
57.717787,7,220.787678
53.134372,8,220.961692
-8.460627,5,221.139197
-28.585305,10,221.626445
26.565095,13,222.249041
-39.131195,14,222.499539
30.926663,11,222.844821
57.741898,5,223.014359
-11.949835,8,223.328016
-38.444448,13,223.837818
-11.091919,4,224.136388
57.544889,5,224.43881
-38.447267,13,225.103635
-7.852611,6,225.320779
30.991784,11,225.557561
31.057356,11,225.805916
-39.216314,14,226.169251
57.589498,7,226.354126
-38.433836,13,226.75945
57.725147,7,226.926734
53.17541,8,227.10429
56.562114,7,227.311694
30.920863,11,227.59353
-38.447838,17,227.833415
-7.745783,6,228.215332
-38.4536,17,228.454468
-39.116223,14,228.709496
26.565519,13,229.045176
-14.743443,8,229.451628
-38.445725,17,229.781071
-39.5529,16,230.109136
58.610155,6,230.658046
37.901,10,230.973156
56.686185,7,231.327156
-28.146726,10,231.609273
57.745836,7,231.808856
-28.425435,10,232.232561
-39.358958,17,232.567532
28.219029,12,233.088533
37.889917,10,233.30534
57.715858,7,233.471378
53.139354,8,233.723902
53.173033,8,233.944446
45.896823,9,234.138966
-38.483098,17,234.37981
-8.644873,7,234.632312
-38.459993,17,234.907222
-38.466907,17,235.158782
26.559792,13,235.84764
57.509455,6,236.358067
-34.16643,11,236.638077
-39.536278,16,236.920949
45.917297,9,237.122118
59.039186,6,237.349634
-38.46235,17,237.588044
-38.478603,17,237.826255
59.020863,6,238.034817
59.038308,6,238.305625
53.011741,8,238.511642
30.602269,11,238.890787
53.087798,8,239.746445
-38.446707,17,240.013972
-39.234909,14,240.274538
-38.452717,17,240.562033
57.946238,5,240.848168
53.136768,8,241.042005
59.063177,6,241.192752
-38.457972,17,241.451686
-38.454079,17,241.71679
57.918743,5,241.982961
-38.473347,17,242.250521
57.368937,5,242.777159
45.888376,9,243.001702
57.928475,5,243.341601
37.93804,10,243.831308
59.068784,6,244.001263
30.991676,11,244.309789
59.054179,6,244.486319
-38.450325,17,244.731427
-37.086922,12,244.99704
59.040308,6,245.204849
-7.595776,5,245.410903
-38.467147,17,245.661739
-38.450111,17,245.913137
28.198424,12,246.474532
-39.510173,17,246.765651
-38.484556,17,247.043674
-38.486417,17,247.287572
31.068151,11,247.561524
-38.453457,17,247.813714
59.073925,6,247.997924
-38.455327,17,248.229308
45.88566,9,248.429038
-38.464212,13,248.674222
-39.067744,17,248.944547
31.06045,11,249.167648
-7.154531,6,249.37288
53.002451,8,249.803971
-38.472997,17,250.060925
-39.206048,14,250.658342
59.031332,6,250.829463
-38.465487,17,251.07727
59.0309,6,251.294126
45.578921,9,251.525009
59.003842,6,251.707606
45.880006,9,251.91583
58.977863,6,252.083282
30.962742,11,252.364647
50.99081,8,252.884846
-34.548481,11,253.186627
59.018608,6,253.43185
-39.406814,17,253.727237
57.957221,5,254.114603
57.958995,5,254.361061
57.915937,5,254.617135
45.962001,9,255.505835
-8.55066,5,255.635839
-38.458718,17,255.878684
59.046193,6,256.136614
59.071393,6,256.332934
-39.361554,15,256.616743
31.056793,11,256.861226
45.071386,9,257.405895
57.949874,5,257.675074
57.802805,5,257.911229
26.556436,13,258.448907
37.423257,10,258.909456
36.778894,10,259.431272
-38.455358,17,259.679857
-39.491183,17,259.982696
-38.447877,17,260.233386
59.065453,6,260.423303
45.924143,9,260.633466
58.481798,6,260.9637
-38.477244,17,261.213832
-7.247187,7,261.759668
-38.467146,17,262.005831
59.063926,6,262.195838
45.916452,9,263.049695
45.917895,9,263.239625
-38.467167,17,263.492552
57.709386,5,263.988225
59.073769,6,264.243017
-38.488791,17,264.497374
37.940511,10,265.061791
59.058049,6,265.426227
45.903522,9,265.665658
59.060344,6,265.86665
26.543199,13,266.334501
-38.454213,13,266.889688
-38.448743,17,267.161811
-38.443344,17,267.420913
-38.46317,17,267.671241
59.064274,6,267.857681
-38.45044,17,268.096153
59.024395,6,268.259095
59.064051,6,268.438457
-38.46658,17,268.67223
-39.21425,14,268.929618
45.904956,9,269.120997
-38.499236,17,269.358178
45.905643,9,269.539263
57.962373,5,269.881896
45.948701,9,270.703849
-38.459892,17,270.938811
57.751532,7,271.105989
-37.64294,12,271.498941
59.056437,6,271.763763
52.76052,8,271.93601
45.920837,9,272.141423
-34.751983,11,272.405516
-6.055328,6,273.099862
-6.84405,6,273.40232
-38.464977,17,273.641147
45.907129,9,274.32686
-39.5483,16,274.613804
59.084634,6,274.855999
-38.46765,17,275.088164
-38.469085,17,275.323848
-38.500077,17,275.563945
45.889788,9,275.771715
57.765919,7,275.959782
-38.448104,17,276.197841
45.917446,9,276.676129
-38.478079,17,276.903709
57.77144,7,277.088044
26.546595,13,277.961205
59.070201,6,278.126988
-38.449527,17,278.363378
45.961745,9,279.284212
-38.453188,17,279.517129
-38.484263,17,279.749605
59.082297,6,279.922734
-38.486384,13,280.161714
-38.485278,17,280.39474
-39.497952,15,280.661338
-38.490247,17,280.898304
37.345301,10,281.171982
-19.206434,9,281.744528
-39.208025,14,282.016728
57.740518,7,282.209375
37.886457,10,282.411362
-38.501959,17,282.642713
58.914727,6,282.806645
57.518184,7,283.040441
-38.466991,17,283.280115
30.412819,11,283.745194
59.062114,6,283.910367
-38.490608,17,284.141302
-38.473005,17,284.371361
-38.484925,17,284.605314
-39.578536,16,284.880603
-39.243722,14,285.143443
-38.474994,17,285.378743
45.921068,9,285.564101
28.203905,12,286.054162
57.956003,5,286.322844
57.739918,7,286.463317
-38.492386,17,286.698404
-39.384461,16,286.979894
45.93344,9,287.16722
-38.495613,17,287.406265
59.071471,6,287.62015
59.069357,6,287.828004
-7.65883,6,288.272781
-38.490741,17,288.503697
-14.38178,3,288.602829
59.035462,6,288.755175
57.95366,5,288.997683
59.075312,6,289.179833
57.950558,5,289.575999
45.930267,9,289.765236
-7.243155,7,290.020159
-11.479701,4,290.134936
57.717565,5,290.506445
30.906292,11,290.720219
-39.21854,14,291.048197
57.961383,5,291.31792
53.047331,8,291.520256
45.398933,9,291.845191
57.93433,5,292.199848
28.16596,12,292.529559
57.949628,5,292.780374
59.074358,6,292.948914
59.002904,6,293.233529
-11.828068,8,293.44254
-11.889938,8,293.675477
59.062242,6,293.86557
58.131228,6,294.151585
-6.031512,6,294.912244
-39.455501,16,295.186955
45.920906,9,295.805823
-8.63134,5,295.936739
57.663808,6,296.083794
59.062105,6,296.285711
59.058469,6,296.471503
-39.565237,17,296.761628
-14.753457,8,296.9452
36.943355,10,297.227781
59.021983,6,297.439948
59.079016,6,297.626597
-38.48697,17,297.860012
-39.524505,16,298.146685
-7.790055,6,298.407278
-8.448533,5,298.552518
30.925407,11,298.81194
-8.081083,6,299.053144
-10.000685,7,299.44015
51.048227,8,299.643631
59.059142,6,299.832052
57.613061,7,300.014261
55.659174,7,300.35614
59.067917,6,300.552448
57.750634,7,300.703621
57.950418,5,300.95013
59.068797,6,301.144854
57.864495,6,301.332914
58.953787,6,301.539429
57.171158,5,301.979797
57.942749,5,302.230785
-8.13092,5,302.393136
57.949807,5,302.63974
57.955457,5,302.992254
45.913106,9,303.184709
-8.582331,5,303.356879
53.1161,8,303.562163
57.757087,7,304.08987
59.068981,6,304.31773
55.978685,7,304.578827
44.685396,9,305.055398
-8.471326,5,305.198161
55.884256,7,305.569656
-6.475275,6,306.214384
59.067548,6,306.395097
30.917811,11,306.687611
-10.030598,7,306.860137
59.041026,6,307.042692
59.072714,6,307.266031
53.166168,8,307.870221
59.050503,6,308.039848
-9.759761,7,308.490887
59.06589,6,308.710039
-21.509561,9,309.066214
53.193395,8,309.843074
51.786314,8,310.08103
-7.663764,6,310.44986
-8.048914,7,310.636886
-9.635606,7,311.07598
50.530751,8,311.487906
59.050997,6,311.660465
59.062776,6,311.784528
59.064674,6,311.984849
57.952924,5,312.2763
52.65226,8,312.447943
52.969018,8,312.692125
59.061271,6,312.863411
57.953293,5,313.252454
57.824295,5,313.638742
59.044044,6,313.759372
-7.915974,6,314.104021
-9.493607,7,314.554753
-14.592647,8,315.000258
57.936771,5,315.413472
55.683364,7,315.601183
57.951381,5,316.01757
-38.50244,17,316.266289
57.936543,5,316.529047
-8.41684,5,316.785774
-7.235872,7,317.100882
57.949623,5,317.376339
57.952079,5,317.785019
-8.353623,5,318.059502
57.947109,5,318.302331
-21.477922,9,318.698105
53.10413,8,318.905097
-8.354668,5,319.197662
58.418259,6,319.544048
57.623628,5,319.904247
57.498212,6,320.203514
-8.326516,5,320.352857
57.936556,5,320.599238
59.046536,6,320.865489
-6.600865,6,321.4443
50.837985,8,321.802982
-11.833469,8,322.173313
59.060028,6,322.373431
59.065925,6,322.5651
59.077626,6,322.750585
45.843661,9,322.923982
45.91382,9,323.110695
59.061841,6,323.404477
57.928793,5,323.651026
56.539429,7,323.873735
57.950996,5,324.277714
57.9456,5,324.52551
55.544858,7,324.874456
57.495024,7,325.030232
58.961965,6,325.20021
53.145447,8,325.406749
-8.131866,5,325.533467
-8.133224,5,325.896391
-13.743281,3,325.995907
-8.044515,6,326.161268
57.894606,5,326.420169
58.964441,6,326.569464
-7.856837,5,326.743942
58.665327,6,326.958453
59.05931,6,327.12191
57.286432,6,327.43576
59.04235,6,327.623185
57.93579,5,327.888606
-8.142795,6,328.114775
57.949331,5,328.317981
-8.438447,5,328.452642
59.058207,6,328.641213
-9.999948,7,328.829251
-8.523924,5,328.968508
59.056722,6,329.146589
57.942411,5,329.546287
-8.118254,5,330.123142
-7.591151,6,330.364424
-20.797348,9,330.70642
-38.459338,17,330.953906
59.058394,6,331.157488
59.0458,6,331.332629
51.226306,8,331.691109
-8.535241,5,331.848501
55.922452,7,332.089248
57.914884,5,332.266299
59.062232,6,332.422581
59.013144,6,332.605686
57.931922,5,332.867151
-9.829598,7,333.298416
-8.14039,6,333.490035
57.925466,5,333.884362
57.721241,7,334.49957
-38.481982,17,334.745295
57.945941,5,335.136566
45.906228,9,335.34375
52.639076,8,335.548843
56.224276,7,335.922273
58.794209,6,336.065425
56.829749,7,336.232324
-8.368316,5,336.375733
52.662119,8,336.568031
-8.139309,5,336.717431
59.023427,6,336.901107
57.907326,5,337.366421
57.94358,5,337.620128
59.052011,6,337.790103
55.618551,7,338.088916
57.546694,6,338.390637
57.762786,5,338.806136
56.189672,7,338.999623
55.56626,7,339.350938
-9.78737,7,339.752744
50.761341,8,340.11423
57.942718,5,340.289112
57.923331,5,340.674921
55.603879,7,341.15254
51.13152,8,341.454344
-8.263883,6,341.619271
57.935122,5,341.832786
57.898747,6,342.212269
-8.113896,6,342.491252
51.372101,8,342.855435
55.589734,7,343.179769
-9.675812,7,343.522395
-8.230864,5,343.663677
-7.663024,6,343.863507
59.042132,6,344.075438
58.904071,6,344.243367
-7.960666,6,344.654767
55.514098,7,344.877856
57.901169,5,345.254402
-7.944846,6,345.483049
59.002986,6,345.697413
56.633489,7,345.869222
58.970069,6,346.048312
58.579917,6,346.26565
59.044346,6,346.431274
57.939513,5,346.649628
59.036889,6,346.850513
55.451726,7,347.20789
57.906294,5,347.468443
57.887391,6,347.746486
50.978005,8,348.009528
57.937195,5,348.345029
-7.59881,6,348.734756
57.234445,5,349.043561
57.780376,5,349.503636
-9.494661,7,349.72502
-10.116381,7,349.8885
-10.028702,7,350.289034
59.031055,6,350.450827
58.953109,6,350.573961
52.39623,8,350.809622
59.042124,6,350.99713
57.898889,5,351.264708
58.932522,6,351.445135
-7.601569,6,351.819115
58.159792,6,352.007389
59.069068,6,352.165757
58.988952,6,352.372785
56.232581,7,352.722421
59.066117,6,352.918375
56.379397,7,353.130399
57.942208,5,353.386115
57.325687,5,353.624957
55.383451,7,353.962497
57.942568,5,354.351192
57.93747,5,354.561752
57.935407,5,354.893426
58.775225,6,355.070278
57.205145,5,355.501549
-9.249311,7,355.919451
56.001819,7,356.252508
59.038262,6,356.405373
-8.100882,5,356.564856
-11.599332,4,356.677164
59.046535,6,356.847867
59.02041,6,357.031235
55.626334,7,357.234928
-11.590083,4,357.349076
55.319298,7,357.804117
57.733151,5,358.191128
59.069694,6,358.401228
55.536879,7,358.716884
57.789786,5,358.97141
56.272069,7,359.357932
57.936021,5,359.601549
58.458875,6,359.784739
56.912782,7,359.944484
57.926248,5,360.291626
57.908455,5,360.490315
57.94327,5,360.734252
57.115649,7,360.882146
-7.979624,5,361.056063
-7.63806,6,361.251198
56.058662,7,361.574517
57.757037,7,362.176013
58.994744,6,362.325928
52.385169,8,362.552983
57.924237,5,362.937644
-10.086226,7,363.204445
-7.557496,6,363.359853
59.007127,6,363.525855
-8.224507,5,363.687782
52.564291,8,363.874431
50.905154,8,364.133204
58.923952,6,364.320182
59.042534,6,364.484291
57.930202,5,364.751435
57.944194,5,364.994487
-7.899026,5,365.140284
55.664086,7,365.51588
55.726387,7,365.814471
57.940196,5,366.059832
-8.522525,5,366.181489
57.75142,5,366.377851
-7.978131,6,366.551122
59.003107,6,366.718882
59.012549,6,366.905168
-8.376438,5,367.06938
59.055405,6,367.255525
56.888236,7,367.462578
-11.603384,4,367.577876
59.063333,6,367.75079
-8.116911,5,367.897817
59.068343,6,368.062765
57.044447,7,368.22541
59.062518,6,368.391913
59.042318,6,368.581025
59.057972,6,368.752013
55.531443,7,369.097575
55.831596,7,369.291989
57.276837,5,369.680363
59.033716,6,369.887176
59.062774,6,370.096532
59.03549,6,370.24929
59.052236,6,370.405582
-8.124354,5,370.556114
56.699467,7,370.778026
-13.774969,3,370.881194
59.074717,6,371.035908
-9.961845,7,371.481222
56.023123,7,371.775882
57.24935,5,372.064951
-8.795051,7,372.559184
-7.957042,6,372.69713
59.061504,6,372.866994
59.067378,6,373.020993
57.939834,5,373.271898
58.785456,6,373.457525
59.061742,6,373.611359
59.019831,6,373.780228
56.785001,7,373.973803
45.834809,9,374.163364
50.841839,8,374.511863
59.065931,6,374.666077
59.056392,6,374.831241
55.867581,7,375.041202
55.863949,7,375.232753
58.897388,6,375.42114
56.493735,7,375.610263
57.926711,5,375.996867
-8.594191,5,376.157313
52.335005,8,376.387476
59.043252,6,376.550752
59.07351,6,376.716934
56.404838,7,376.920554
56.310017,7,377.281317
45.753942,9,377.477492
56.600112,7,377.699481
59.052204,6,377.862756
59.046401,6,378.040992
45.647629,9,378.355273
55.935587,7,378.71044
58.932221,6,378.833065
57.93717,5,379.090113
57.931225,5,379.415124
59.02916,6,379.598191
59.05802,6,379.791975
-11.437824,4,379.945358
55.678087,7,380.327439
56.01295,7,380.743809
56.266724,7,380.956797
57.929505,5,381.174361
57.911229,5,381.562913
58.97959,6,381.727543
-8.179292,6,381.936218
52.909138,8,382.103016
57.649476,5,382.546974
56.065515,7,382.78714
58.246392,6,382.981309
56.315275,7,383.204002
59.033652,6,383.361227
59.059842,6,383.56325
57.220499,5,383.888963
56.362483,7,384.104261
55.360587,7,384.428004
57.166443,5,384.686826
56.99983,5,385.151902
57.253361,7,385.366286
52.442482,8,385.551492
57.885074,5,385.798446
59.066154,6,385.98559
59.038997,6,386.156717
59.010467,6,386.35333
56.523467,7,386.56597
58.771966,6,386.738233
58.078389,6,387.10214
57.275595,5,387.381724
58.758979,6,387.781256
56.112071,7,387.960029
-8.227695,5,388.099863
45.530549,9,388.342947
56.84998,7,388.561924
59.037459,6,388.773134
57.378503,5,389.086773
57.94898,5,389.472182
-7.737517,6,389.669129
57.928383,5,390.065747
-10.1137,7,390.28899
56.205479,7,390.630901
-14.475042,8,390.894532
58.909687,6,391.041003
56.313647,7,391.193853
59.008208,6,391.338605
59.041903,6,391.519396
-8.03241,5,391.657632
57.266329,6,391.855828
57.932663,5,392.070787
56.845195,7,392.42613
-8.071152,5,392.586427
57.305125,5,392.802207
57.025497,5,393.018346
-6.011101,6,393.566445
57.940819,5,393.954845
57.74848,7,394.567057
-14.676054,8,394.75523
59.012268,6,394.931161
59.037264,6,395.204159
59.025883,6,395.334432
57.290357,5,395.529696
56.777508,6,395.768146
55.378245,7,396.186943
57.916487,5,396.434925
59.064629,6,396.740508
52.973475,8,396.956629
59.070006,6,397.078331
57.938563,5,397.444515
55.916778,7,397.700008
58.634349,6,397.886695
59.033736,6,398.081669
59.052982,6,398.275393
-8.226511,6,398.429076
-9.630282,7,398.784467
56.720718,7,398.952174
59.059155,6,399.116214
50.924527,8,399.337976
58.074557,6,399.620195
58.987406,6,399.809893
56.03331,7,400.081751
55.974414,7,400.434366
57.696808,5,400.703416
51.39343,8,400.930261
57.313384,5,401.182605
57.910034,5,401.57244
59.025774,6,401.709893
-19.687411,9,402.124529
58.962574,6,402.379969
-7.001874,6,402.615009
57.940162,5,402.99714
59.066792,6,403.188202
58.986835,6,403.328468
-8.565029,5,403.48171
57.895414,5,403.87503
57.927702,5,404.127841
57.608852,5,404.405859
57.925736,5,404.799972
50.891532,8,405.121391
45.146572,9,405.371617
57.444891,5,405.553323
-13.773379,3,405.65356
58.381027,6,405.81853
-11.502992,4,405.92968
51.821755,8,406.110066
58.860717,6,406.446767
55.314555,7,406.753708
59.039209,6,406.914735
57.93772,5,407.136515
58.997445,6,407.329527
58.038178,6,407.554191
57.921985,5,407.936457
57.229903,5,408.183265
59.019485,6,408.33866
56.605297,7,408.491465
-11.469687,4,408.600049
57.926222,5,408.850346
52.369798,8,409.079544
55.474593,7,409.381576
-7.689093,6,409.586161
56.336305,7,409.961693
57.284508,5,410.353622
51.230273,8,410.712516
-9.197615,7,410.939015
58.120267,6,411.222599
56.635586,7,411.424096
-7.962451,6,411.5636
56.466961,7,411.764001
-7.597396,6,412.096188
57.588621,6,412.390477
59.03271,6,412.535654
59.021674,6,412.72198
56.808892,7,412.871806
-7.457362,6,413.313686
55.938903,7,413.51379
57.900749,5,413.751013
-6.426692,6,414.31028
58.941437,6,414.464435
57.916533,5,414.833655
55.766092,7,415.039506
-7.848785,5,415.214176
55.672044,7,415.426868
56.617961,7,415.591938
-5.984618,6,416.237521
57.301557,5,416.638503
57.942843,5,416.878298
-7.626919,6,417.062436
-11.889248,8,417.349035
57.457264,5,417.643848
59.034581,6,417.812389
56.762214,7,418.029857
-9.448003,7,418.498264
57.714478,5,418.625058
-5.941283,6,419.247555
-8.026349,5,419.374495
59.022291,6,419.570103
51.097925,8,419.908627
-8.178683,6,420.091416
56.052574,7,420.362583
56.245753,7,420.578564
57.947985,5,420.750104
58.969291,6,420.93529
59.011128,6,421.086121
-11.390356,4,421.213443
57.947476,6,421.504651
58.432206,6,421.824484
57.872247,5,422.083548
55.979149,7,422.431375
45.833429,9,422.661143
59.034161,6,422.833902
59.057565,6,423.00944
58.341658,6,423.180636
-8.178412,6,423.326162
50.912855,8,423.553918
-11.437815,4,423.666041
55.858254,7,423.878289
58.946086,6,424.071757
-7.623981,6,424.370984
-7.935354,5,424.496142
-7.365097,5,424.707793
58.993018,6,424.892904
59.074328,6,425.018649
55.799726,7,425.214709
-8.36364,5,425.463606
58.333277,6,425.65754
52.612951,8,425.812461
57.90139,5,426.207073
58.781992,6,426.540718
50.419754,8,426.891772
56.477926,7,427.112831
58.992601,6,427.324052
59.00369,6,427.470617
56.470542,7,427.651325
56.29602,7,427.918623
58.971984,6,428.102288
57.931726,5,428.271745
59.024348,6,428.435292
56.070224,7,428.584296
58.950916,6,428.770647
-8.283325,5,428.945766
59.052537,6,429.214255
57.934036,5,429.5915
56.276741,7,429.788169
57.870341,5,430.052518
57.920864,5,430.295645
57.71255,5,430.438895
45.5421,9,430.621461
57.513219,6,431.061143
58.223808,6,431.424327
56.287338,7,431.659496
56.099678,7,431.871882
57.255784,5,432.112645
-8.371059,5,432.250434
58.84084,6,432.404669
56.007147,7,432.611908
57.943325,5,432.984068
57.919528,5,433.15865
59.052515,6,433.324555
51.278611,8,433.697881
59.000764,6,433.873793
52.133481,8,434.054737
58.634915,6,434.244392
59.06886,6,434.430258
57.937149,5,434.826694
57.905495,5,435.017861
51.351364,8,435.234858
56.147682,7,435.391541
57.546678,5,435.609255
51.483743,8,435.879703
-8.13419,5,436.030685
56.262299,7,436.237528
-9.663986,7,436.45182
57.939765,5,436.70865
59.001155,6,436.861531
51.247459,8,437.056877
56.988688,7,437.269152
56.053444,7,437.47908
57.909658,5,437.712289
53.028945,8,437.884464
-8.102956,6,438.088008
56.153022,7,438.467345
45.69675,9,438.668528
57.915025,5,439.062478
-7.785169,5,439.213776
59.029174,6,439.394255
56.290423,7,439.668394
51.810223,8,439.849085
58.951007,6,439.984316
-8.258724,6,440.140355
57.826803,5,440.606987
59.054744,6,440.780497
51.303215,8,441.022447
56.308273,7,441.296127
-7.809677,6,441.50156
58.070468,6,441.782289
58.858382,6,442.038533
57.885896,5,442.212718
57.885039,5,442.443601
57.887695,6,442.710794
59.02684,6,442.857638
57.435187,7,443.002648
59.051004,6,443.169766
57.906789,5,443.402624
-13.860284,8,443.818072
58.930672,6,443.971734
57.721076,5,444.178207
45.835825,9,444.415665
56.998017,5,444.59249
57.934628,5,444.839018
58.392661,6,445.051206
58.921268,6,445.2577
56.634406,6,445.529767
59.030161,6,445.692035
57.811325,5,445.944898
57.94561,5,446.396824
51.671924,8,446.686612
58.985846,6,446.86007
59.066001,6,446.984302
56.76055,7,447.149014
56.742587,7,447.520239
55.475983,7,447.684426
59.039401,6,447.94291
52.893317,8,448.10237
58.704917,6,448.285842
58.876179,6,448.571998
56.338764,7,448.79132
57.575424,5,449.156737
56.261072,7,449.362756
56.010456,7,449.602613
-12.457376,8,450.131219
58.914669,6,450.338049
58.851732,6,450.517917
56.124367,7,450.874236
57.905228,5,451.312549
-6.83335,6,451.675983
58.934663,6,451.854302
51.049684,8,452.225444
58.968236,6,452.42639
59.028338,6,452.602721
58.322801,6,452.793027
57.5487,6,453.079262
57.625581,5,453.309079
59.005455,6,453.450085
58.792155,6,453.604376
57.710467,5,454.009874
-10.054312,7,454.404278
-7.442561,7,454.648281
52.683165,8,454.823239
51.666931,8,455.101072
58.317408,6,455.306038
52.684641,8,455.485812
-6.084812,6,456.209471
-7.284679,7,456.397242
55.563763,7,456.69772
-11.438367,4,456.859829
58.357836,6,457.040052
57.227825,5,457.404178
-11.831489,8,457.80703
58.727313,6,458.011543
52.710098,8,458.191731
57.937988,5,458.428968
-12.119542,8,458.631798
55.880323,7,458.858583
57.940029,5,459.113217
55.985823,7,459.48469
57.277856,5,459.764524
56.068696,7,459.998725
52.660681,8,460.238365
57.868823,5,460.49751
55.664361,7,460.854345
-9.328358,7,461.307547
57.922762,5,461.690132
50.552817,8,461.929362
57.756802,5,462.282687
57.931877,5,462.524976
57.301238,5,462.84077
51.564378,8,463.111973
57.669725,6,463.521749
-9.629916,7,463.718179
58.631421,6,463.978265
-14.33794,8,464.234523
57.633633,7,464.411098
55.945233,7,464.698851
56.094893,7,464.891857
57.908946,6,465.064997
59.011917,6,465.200437
56.31808,7,465.554966
59.048478,6,465.770863
-7.526091,5,466.073569
-11.324057,4,466.208659
57.492491,5,466.628727
59.037238,6,466.807127
59.063526,6,467.060477
56.475034,7,467.269679
57.939928,5,467.508913
56.332019,7,467.732468
58.201733,6,468.09957
45.934074,9,468.284735
57.245352,5,468.58543
58.928758,6,468.776562
45.87238,9,468.980111
56.319273,7,469.251503
56.159084,7,469.618658
57.573146,5,469.984429
57.684007,5,470.334802
58.985493,6,470.541332
51.515357,8,470.792289
57.4052,5,471.10979
59.065118,6,471.298299
57.504535,5,471.52221
58.977114,6,471.704946
58.859282,6,471.889619
57.911202,5,472.154319
58.271252,6,472.488187
51.0262,8,472.714285
58.894533,6,472.93927
56.374076,7,473.308349
-7.610566,6,473.864645
57.93967,5,474.234981
57.695807,6,474.562016
51.610573,8,474.78516
57.623787,5,474.945106
57.319206,5,475.336674
55.873723,7,475.699658
57.517519,6,476.040787
57.92149,5,476.319749
57.931095,5,476.674618
57.915919,5,476.855613
56.420862,7,477.074841
58.756162,6,477.259069
56.171333,7,477.4874
57.426454,5,477.780629
57.931711,5,478.168888
51.399629,8,478.448475
57.795874,5,478.634396
58.987982,6,478.846133
57.980294,6,479.091335
45.889293,9,479.287643
59.033582,6,479.42333
59.02498,6,479.611976
58.033413,6,479.900145
-7.872954,6,480.1369
58.439254,6,480.280396
57.947881,5,480.648846
57.900538,5,480.893554
51.557864,8,481.117818
55.143844,7,481.319469
58.181221,6,481.474645
56.164303,7,481.671926
56.355026,7,481.862503
-8.084669,6,482.097423
58.822402,6,482.422558
57.879085,5,482.781555
59.060467,6,482.953566
-8.192015,5,483.10074
57.819074,6,483.390182
57.935983,5,483.785013
52.993739,8,483.997979
57.591332,5,484.158243
57.937775,5,484.549447
-7.838434,5,484.681049
59.056687,6,485.014619
51.45686,8,485.242985
53.086701,8,485.402993
57.928936,5,485.800026
-8.757208,7,486.305645
52.986153,8,486.472263
58.278255,6,486.653479
57.944806,6,486.946979
57.532241,5,487.222775
-7.713747,6,487.400704
59.003543,6,487.565236
58.376443,6,487.756228
57.632711,5,487.946163
59.007063,6,488.200133
58.394531,6,488.347176
56.458219,7,488.546307
57.90188,5,488.933098
56.498159,7,489.140826
58.9246,6,489.292511
55.969561,7,489.509038
59.065597,6,489.697289
58.329355,6,489.864039
52.476232,8,490.279424
52.07454,8,490.494981
57.646664,7,490.64838
58.981891,6,490.849218
57.420797,5,491.302506
58.906184,6,491.493827
51.743358,8,491.738785
58.322226,6,492.102651
57.396898,6,492.271058
58.14701,6,492.638726
58.160024,6,492.926199
57.94202,5,493.348425
57.654152,5,493.635045
56.066668,7,493.8463
57.570557,5,494.143137
57.339859,6,494.346194
55.766569,7,494.731706
59.043118,6,494.911938
58.933936,6,495.06524
57.914666,5,495.415321
51.576906,8,495.753419
57.242776,5,496.138717
-13.155828,8,496.652091
59.061282,6,496.821345
56.143801,7,497.021397
-11.629449,4,497.145985
58.53335,6,497.524882
52.002018,8,498.124837
53.024342,8,498.32027
59.034815,6,498.530926
58.937083,6,498.78333
-8.377946,5,498.914076
57.899937,5,499.155178
56.458339,7,499.35858
58.007113,6,499.512945
52.773509,8,499.735226
-19.280845,9,500.153653
57.936891,5,500.414852
58.999283,6,500.712367
52.660115,8,500.934997
56.35053,7,501.243503
57.853999,5,501.625813
59.030952,6,501.777723
58.088127,6,501.982006
58.926751,6,502.10349
57.872262,5,502.311592
56.330427,7,502.514081
57.740677,6,502.834174
56.72496,7,503.047849
51.384949,8,503.276561
57.92728,5,503.447088
57.627626,5,503.769471
57.902975,5,504.106858
58.273115,6,504.270298
-13.780087,3,504.365724
56.513985,7,504.571867
57.936615,5,504.836739
59.058407,6,505.014821
56.548803,7,505.290376
51.766296,8,505.508652
59.045743,6,505.712445
58.548842,6,505.876369
57.508513,5,506.090977
58.862153,6,506.246884
59.013577,6,506.395036
52.815956,8,506.612067
57.940918,5,506.861708
56.414309,7,507.025042
52.937403,8,507.202187
58.976462,6,507.408173
59.040389,6,507.614883
57.680924,5,507.888376
56.447672,7,508.272501
51.528207,8,508.562083
-6.705614,6,509.14882
51.310324,8,509.380138
55.796889,7,509.773696
56.077185,7,509.987664
51.286956,8,510.343197
58.8287,6,510.510226
57.94026,5,510.751411
57.747932,7,510.902633
52.769019,8,511.127224
56.406345,7,511.332518
-7.391467,5,511.56847
58.836591,6,511.742188
51.11441,8,512.093777
58.913102,6,512.349227
57.842142,5,512.615857
-8.111069,6,512.84843
57.941408,5,512.994097
58.498127,6,513.156447
57.815019,5,513.600078
56.875928,7,513.952113
57.874912,5,514.218456
58.106089,6,514.381066
58.874381,6,514.565057
58.109717,6,514.762936
55.437131,7,514.953536
57.781826,5,515.337182
59.064783,6,515.598445
57.134436,7,515.761413
55.964445,7,516.034358
58.429751,6,516.192454
57.916263,5,516.587428
58.963874,6,516.735004
57.915411,5,517.077059
58.619125,6,517.28126
-8.202929,6,517.435616
57.720888,6,517.719822
56.791795,7,518.056257
59.057778,6,518.242281
52.32829,8,518.545519
56.366013,7,518.761653
56.111299,7,518.944121
52.074242,8,519.118551
58.892487,6,519.312464
57.667476,5,519.532153
58.33734,6,519.79982
57.559891,5,520.100106
59.042099,6,520.281891
52.106498,8,520.663949
57.973576,6,520.970888
57.931937,5,521.335265
-10.022011,7,521.516125
57.941172,5,521.780496
56.245158,7,521.989728
56.180978,7,522.149655
57.874229,5,522.430145
58.31079,6,522.720454
51.433089,8,523.078311
59.024565,6,523.250012
57.292241,5,523.620992
55.609058,7,524.018373
56.305382,7,524.227849
56.519394,7,524.429117
50.890191,8,524.707824
58.930425,6,524.890975
56.02428,7,525.245709
59.06399,6,525.408169
57.482206,6,525.709028
-7.943168,6,525.947587
58.334684,6,526.091223
55.926734,7,526.29667
57.624903,5,526.72155
58.991846,6,526.905449
59.075616,6,527.047994
58.774963,6,527.37815
50.763544,8,527.635355
57.633548,5,527.918536
58.901077,6,528.078364
56.336596,7,528.238284
57.91989,5,528.47586
58.395532,6,528.838231
57.645995,5,529.122847
52.747499,8,529.296219
-13.192645,8,529.817354
52.922487,8,529.993953
57.939288,5,530.238374
59.05664,6,530.404061
57.441938,5,530.727993
52.110667,8,530.899797
57.584505,5,531.057514
58.239092,6,531.42489
56.236664,7,531.695292
57.922647,5,531.943217
57.936658,5,532.184147
57.92882,5,532.441037
57.934369,5,532.688859
-8.047193,6,532.907329
56.863719,7,533.0803
52.49646,8,533.306965
56.23759,7,533.519454
58.996501,6,533.675349
56.767413,7,533.845598
58.576357,6,534.01149
59.023737,6,534.221779
57.850687,5,534.486802
57.568671,5,534.758992
58.938977,6,535.157469
56.542867,7,535.375405
56.550378,7,535.653895
58.610977,6,535.858546
58.716343,6,536.018998
52.547337,8,536.197388
56.539728,7,536.570033
57.917205,5,536.804674
58.999563,6,536.929493
53.038858,8,537.106708
59.051146,6,537.275671
57.85504,5,537.567287
56.312428,7,537.852416
57.292109,5,538.29391
51.766123,8,538.604448
56.875568,5,539.119451
58.531289,6,539.343593
51.520892,8,539.59909
57.908721,5,539.990487
57.774503,5,540.273707
51.30303,8,540.524057
59.039404,6,540.719285
58.7632,6,540.925141
59.043115,6,541.0977
57.224675,5,541.434054
51.417831,8,541.681933
58.990065,6,541.857819
58.230959,6,542.236927
59.043161,6,542.405623
56.094922,7,542.780103
57.407925,6,542.966165
52.559635,8,543.204553
57.397987,5,543.51916
58.94988,6,543.696824
57.936103,5,544.077016
58.569063,6,544.385564
56.673554,7,544.730593
57.591869,5,544.991426
58.94276,6,545.168452
58.583438,6,545.377603
56.500059,7,545.627708
57.917273,5,545.89261
58.901048,6,546.153928
58.991631,6,546.341624
52.130042,8,546.564889
52.844294,8,546.800223
56.146671,7,546.965939
59.06329,6,547.144145
58.366943,6,547.336392
57.443359,5,547.730064
57.669004,5,548.230867
57.949642,5,548.606358
57.730786,5,548.867442
59.041099,6,549.031586
56.23726,7,549.249446
58.991187,6,549.449966
55.386341,7,549.676021
58.234278,6,549.863318
59.015645,6,550.055811
-8.691802,5,550.254431
57.856974,5,550.52554
51.729972,8,550.747442
51.316528,8,551.101046
57.616683,5,551.265993
58.980377,6,551.455876
52.157315,8,551.672675
57.660506,5,551.957059
57.854059,6,552.273204
57.891565,5,552.520434
57.873403,5,552.71011
58.826949,6,552.904141
58.987268,6,553.16101
58.704381,6,553.39736
52.903541,8,553.612885
58.996104,6,553.80181
59.032446,6,553.982901
57.943292,5,554.435043
57.905943,5,554.699471
56.572121,7,554.922617
52.83384,8,555.353728
58.174059,6,555.499284
52.887265,8,555.684329
-7.714726,6,555.824157
58.250391,6,556.219075
50.660598,8,556.605762
58.417652,6,556.773256
56.098084,7,556.985914
58.946178,6,557.176414
58.102308,6,557.383629
52.886023,8,557.568135
57.614905,5,557.886296
58.943256,6,558.052567
56.504242,7,558.424521
58.897817,6,558.634469
52.864879,8,558.849434
56.342416,7,559.059838
58.749191,6,559.386302
57.18612,5,559.838245
58.68131,6,560.089215
57.854394,5,560.232149
-7.819596,5,560.358228
58.696909,6,560.561988
59.029554,6,560.74144
56.31377,7,560.940199
51.997308,8,561.115814
-7.399312,5,561.487927
56.294069,7,561.704615
57.983804,6,561.898337
-9.867078,7,562.084245
57.951177,5,562.434586
56.237074,7,562.780601
57.903516,5,563.021318
59.019495,6,563.35222
58.406467,6,563.644967
58.451128,6,563.966617
58.056743,6,564.112072
52.145082,8,564.532679
58.590568,6,564.739445
58.675341,6,564.934541
58.276007,6,565.296901
50.775748,8,565.528509
56.714212,7,565.746092
57.924882,5,565.98978
58.252258,6,566.189565
58.200592,6,566.558059
57.894062,5,566.768184
59.053829,6,566.933106
57.32307,5,567.193872
55.735519,7,567.38459
56.711194,7,567.604708
58.376286,6,567.787566
57.252143,5,567.954028
-8.327434,5,568.090613
56.407469,5,568.335894
57.946962,5,568.710882
51.399098,8,568.948986
58.901944,6,569.127574
58.357244,6,569.494613
50.96456,8,569.736093
58.343972,6,569.923992
52.125166,8,570.138301
57.9183,5,570.362292
57.873266,5,570.627509
57.949956,5,570.87321
58.349768,6,571.04157
58.401083,6,571.211433
57.294502,5,571.51439
58.084325,6,571.708105
57.927916,5,571.943619
57.876487,5,572.204936
57.916925,5,572.451573
58.959871,6,572.633465
57.879925,5,572.90169
57.778477,5,573.139508
56.487705,7,573.42299
57.823097,5,573.61406
56.041517,7,573.824108
57.89024,5,574.04856
58.991508,6,574.212103
59.046944,6,574.398741
56.408695,7,574.599559
59.040526,6,574.798546
-11.880017,8,575.199679
59.069051,6,575.383558
52.582747,8,575.608283
57.718312,5,575.987835
56.119182,7,576.382401
58.888428,6,576.558561
51.827105,8,576.761739
57.781492,5,577.151878
51.322815,8,577.503831
58.082207,6,577.702271
58.848307,6,577.906383
56.910256,7,578.17819
57.442033,6,578.381307
57.90672,5,578.715208
-7.93112,5,578.893605
-7.796619,5,579.042756
59.024783,6,579.380277
56.478136,7,579.598841
56.897867,7,579.813876
51.935523,8,579.987883
-6.049964,6,580.6879
58.883239,6,581.04086
58.842805,6,581.298294
57.519534,5,581.599116
59.035977,6,581.782741
56.697536,7,582.156441
58.8925,6,582.370027
-7.902956,5,582.498529
57.934256,5,582.891659
57.265604,5,583.148536
51.100258,8,583.434128
58.968784,6,583.634854
56.605692,7,583.993617
59.030059,6,584.175084
57.885826,5,584.420822
58.094057,6,584.702244
-10.083308,7,584.893782
52.000561,8,585.122766
-8.546918,5,585.280937
56.700208,7,585.496128
51.934826,8,585.716705
57.482924,5,585.899676
59.021919,6,586.063538
58.981247,6,586.214433
59.042306,6,586.392267
57.277475,6,586.588633
56.740946,7,586.872272
57.634793,6,587.112831
52.641169,8,587.339234
57.934624,5,587.586503
58.425759,6,587.971517
55.647692,7,588.270002
57.659272,5,588.631539
58.320302,6,588.822429
57.639473,5,589.00192
58.980937,6,589.202501
59.031346,6,589.407802
56.238248,7,589.79654
56.997588,6,589.957655
56.846828,5,590.124275
56.32032,7,590.488222
58.225226,6,590.64344
51.978562,8,590.868262
58.159985,6,591.16379
58.289887,6,591.344745
-7.688061,6,591.529205
58.34691,6,591.709354
58.911326,6,591.917346
-9.136794,5,592.101229
57.869669,5,592.485349
57.884594,5,592.747607
58.236506,6,592.93296
58.23455,6,593.095274
58.158619,6,593.4542
58.893136,6,593.643136
-13.628827,8,594.382203
57.899037,5,594.770253
57.918903,5,595.000646
59.038731,6,595.1648
56.901564,7,595.443122
58.8312,6,595.630668
59.048162,6,595.834821
52.617546,8,596.06054
57.376468,5,596.35372
57.602167,5,596.577039
58.280057,6,596.938518
58.953272,6,597.137874
57.921634,5,597.32439
57.92312,5,597.514393
56.121624,7,597.686404
56.964732,7,597.968257
-7.9149,6,598.106709
-7.865883,5,598.230103
57.237152,5,598.46501
51.781775,8,598.68084
45.597389,9,599.045155
58.743019,6,599.230516
58.430795,6,599.395188
-6.891777,6,599.555115
58.308503,6,599.760816
57.946257,5,599.949781
51.721161,8,600.134768
52.339385,8,600.509988
58.127709,6,600.829244
57.92767,5,601.142633
59.025117,6,601.333184
57.887835,5,601.597215
57.878719,5,601.845123
58.895319,6,601.997347
59.029987,6,602.167025
57.170827,5,602.411764
55.934797,7,602.681301
57.861877,5,602.911424
57.087099,5,603.152262
-5.988119,6,603.654989
58.527451,6,603.897222
57.342475,6,604.093204
57.945963,5,604.468216
58.953681,6,604.635591
57.658589,6,604.960462
58.781351,6,605.142572
58.097951,6,605.356637
57.824633,5,605.536574
56.699467,7,605.774933
56.506805,7,605.977764
58.949938,6,606.167643
-11.546004,4,606.281877
57.641472,5,606.543566
57.883176,6,606.833305
50.738794,8,607.147593
51.536216,8,607.36937
-5.96656,6,608.066769
57.756524,6,608.347887
52.662156,8,608.519236
58.182781,6,608.884188
59.015817,6,609.0059
58.69746,6,609.197423
56.52216,7,609.398157
57.886493,6,609.663397
58.05335,6,609.85968
56.7442,7,610.078667
52.870756,8,610.702883
57.032891,7,610.905391
-10.226027,7,611.285006
57.72414,5,611.555796
53.081723,8,611.745721
58.965894,6,611.933787
58.438789,6,612.125736
58.606493,6,612.341415
57.817357,5,612.575507
57.939824,5,612.835907
-8.236301,6,612.994991
57.860677,5,613.462318
51.95552,8,613.844977
52.43697,8,614.1075
59.058252,6,614.285148
57.283102,5,614.55892
57.602645,5,614.920399
55.753726,7,615.254935
58.875911,6,615.407003
58.1955,6,615.581632
57.865991,5,615.841229
58.986285,6,616.010234
58.150596,6,616.336049
57.911158,5,616.578726
52.714819,8,616.897065
57.113977,7,617.067807
-6.856176,6,617.22243
57.905361,5,617.567942
51.733394,8,617.728305
58.120503,6,617.917208
56.168374,7,618.179858
57.913276,5,618.549489
56.498766,7,618.785209
57.40348,6,618.930612
58.307062,6,619.118332
56.506903,7,619.338337
57.85323,5,619.717096
51.555446,8,619.966897
-11.362735,4,620.114472
58.826285,6,620.235556
-6.987612,6,620.396747
59.041943,6,620.752449
59.016735,6,620.929554
51.330793,8,621.163014
51.134935,8,621.527203
57.192772,5,621.918268
58.203499,6,622.115265
56.816335,7,622.342354
58.843259,6,622.51767
59.039892,6,622.709916
56.122143,7,622.920807
55.907019,7,623.159371
57.913344,5,623.412607
58.77268,6,623.565693
58.953936,6,623.733651
57.143718,5,624.113694
51.259306,8,624.478873
58.305401,6,624.676838
51.361942,8,624.912547
55.325518,7,625.309106
58.993921,6,625.645487
59.041577,6,625.832798
56.70162,7,626.210673
56.783502,7,626.441808
58.304065,6,626.643072
-6.588138,6,627.047163
58.434387,6,627.234194
58.179708,6,627.558
57.241141,5,627.795868
50.640353,8,628.034239
57.923144,5,628.421313
58.842584,6,628.585413
58.346284,6,628.975203
57.842752,5,629.311039
59.043371,6,629.499424
57.910653,5,629.750335
57.078105,5,629.994862
58.980595,6,630.279228
51.435044,8,630.517342
57.815125,5,630.781893
56.084529,7,630.995486
57.880259,5,631.239081
58.440994,6,631.405502
58.237493,6,631.594588
57.1724,5,631.861498
59.045856,6,632.031556
56.529616,7,632.239047
56.068709,7,632.413496
51.852982,8,632.582513
-6.295995,6,633.104335
56.199974,7,633.319778
56.565505,7,633.598729
52.861398,8,633.923856
56.096239,7,634.141718
58.985777,6,634.312564
59.019528,6,634.488858
56.085272,7,634.66077
59.062476,6,634.831873
51.478558,8,635.070196
56.116257,7,635.26828
59.027015,6,635.607033
56.060396,7,635.78087
57.934861,5,636.141448
-7.350851,5,636.327365
58.970518,6,636.531528
55.975739,7,636.89993
56.097398,7,637.097639
56.435011,7,637.469072
52.989094,8,637.664498
51.539376,8,637.902166
56.629499,7,638.119208
57.907907,5,638.475858
57.785099,5,638.716088
56.363011,7,639.109478
59.050486,6,639.312982
56.974608,5,639.541319
56.921069,7,640.433609
57.405918,6,640.604049
59.058418,6,640.84249
-7.980909,6,641.212889
57.964251,6,641.421683
51.426639,8,641.712032
56.07304,7,641.985266
58.589634,6,642.225852
58.260115,6,642.403963
56.421489,7,642.615031
52.034016,8,642.988245
51.06161,8,643.207292
-9.781771,7,643.599572
55.991284,7,643.816006
59.050618,6,643.979097
56.589047,7,644.200767
57.491896,5,644.508785
57.685225,7,645.13889
58.647288,6,645.325991
-7.94907,6,645.460729
56.563143,7,645.726135
58.913472,6,645.927876
58.3667,6,646.107506
58.729806,6,646.270134
58.911702,6,646.473481
58.994786,6,646.666045
59.041547,6,646.867393
56.360857,7,647.229453
58.469658,6,647.484647
51.541346,8,647.755557
58.347443,6,647.942121
-7.263762,6,648.594558
57.275337,5,648.864527
57.216455,5,649.008725
56.286297,7,649.351083
57.295703,5,649.562984
56.714685,7,649.710701
57.288706,5,649.952935
58.342915,6,650.288842
57.655596,6,650.462861
58.235053,6,650.642437
-7.798799,5,651.049425
58.070996,6,651.335956
57.230605,5,651.580683
57.93078,5,651.761838
58.765053,6,651.965376
56.91545,7,652.179713
57.946366,5,652.420201
51.09672,8,652.655998
57.148234,5,652.912945
57.355359,5,653.198923
59.012707,6,653.388116
56.154098,7,653.585995
58.020673,6,653.787328
57.279621,5,654.145287
51.545416,8,654.52836
56.531469,7,654.746066
51.548089,8,655.022441
51.210139,8,655.245343
55.719908,7,655.478216
57.567833,5,655.673298
52.697531,8,655.882313
57.271433,5,656.131094
58.124591,6,656.426414
58.118637,6,656.610979
58.110435,6,657.000472
56.430917,7,657.361277
58.251238,6,657.56227
58.386645,6,657.927751
56.636247,7,658.143919
58.768389,6,658.384722
59.051965,6,658.563361
56.284088,7,658.777859
58.91032,6,658.987657
51.312384,8,659.327461
57.658616,5,659.597361
51.764266,8,659.837333
58.268984,6,660.003324
58.183745,6,660.190374
56.124143,7,660.55599
57.924864,5,660.939461
58.746574,6,661.093577
56.71106,7,661.307349
57.862595,5,661.703252
58.985587,6,661.871122
56.218022,7,662.086122
58.254581,6,662.458819
59.021318,6,662.618982
56.018347,7,662.833238
58.150891,6,663.12419
57.598094,5,663.321914
57.909538,5,663.566092
58.725278,6,663.819433
57.917477,5,664.208583
-13.776954,3,664.312849
57.861857,5,664.560394
56.940619,7,664.831924
59.023293,6,665.036319
-8.26155,5,665.172732
52.553656,8,665.400453
59.052667,6,665.570021
57.937575,5,665.796332
56.88186,5,666.227835
57.604408,5,666.401093
58.652482,6,666.555687
58.062041,6,666.755183
-7.57424,6,667.117886
-13.770504,8,667.526619
59.023141,6,667.703226
56.920386,7,667.977874
57.898842,5,668.368777
57.854158,5,668.584064
56.588371,7,668.948023
58.903085,6,669.151613
57.932969,5,669.503396
57.634137,5,669.900341
57.941188,5,670.285549
57.710762,7,670.435706
59.03403,6,670.560426
58.307598,6,670.700587
57.910149,5,670.945442
-7.871502,5,671.178045
51.208758,8,671.377732
58.30952,6,671.566941
58.353162,6,671.772355
51.946415,8,672.185467
58.968315,6,672.310189
57.325403,5,672.676215
58.697394,6,672.876929
56.824134,7,673.062447
57.096683,5,673.438208
57.314989,5,673.826329
57.925281,5,674.06229
58.208048,6,674.296986
58.403311,6,674.474201
59.022686,6,674.65695
57.818543,5,674.835644
50.664032,8,675.054857
51.730527,8,675.290498
59.026126,6,675.415555
51.646325,8,675.792211
59.059278,6,675.971176
56.344167,7,676.245488
58.29179,6,676.553794
57.92559,5,676.91517
58.945602,6,677.167864
57.876594,6,677.539236
56.533174,7,677.761686
58.254349,6,677.960602
57.726389,5,678.199825
57.941256,5,678.446005
-9.054192,5,678.596145
57.927746,5,678.985608
51.619433,8,679.215634
58.987625,6,679.544242
57.395491,5,680.004214
59.035882,6,680.171367
-12.136745,8,680.680133
56.737051,7,680.900039
58.954409,6,681.078061
51.718648,8,681.305057
50.8463,8,681.673954
52.792936,8,681.975348
50.768278,8,682.151813
57.649955,5,682.341579
52.760129,8,682.514736
57.923346,5,682.754811
56.832535,7,683.027173
59.039008,6,683.153556
56.221371,7,683.4219
56.375747,7,683.636471
58.909922,6,683.800987
57.443946,6,684.065523
58.346728,6,684.326327
56.447768,7,684.547807
57.509162,5,684.861277
57.228636,5,685.12823
59.060698,6,685.313339
58.978769,6,685.508181
59.052321,6,685.67121
56.26735,7,685.890781
57.939404,5,686.152347
58.405357,6,686.338653
59.076339,6,686.530234
56.378395,7,686.870008
56.26557,7,687.146821
58.375632,6,687.315704
56.367742,7,687.529548
57.129951,5,687.881264
58.613275,6,688.06454
58.428527,6,688.251283
56.320997,7,688.465503
55.85761,7,688.623757
55.689431,7,688.990919
52.93985,8,689.164491
57.931157,5,689.40595
56.411303,7,689.608208
56.410138,7,689.821198
57.687772,5,690.122199
57.030294,6,690.380835
58.126215,6,690.700582
58.232184,6,690.952611
57.093573,5,691.212645
59.060349,6,691.418963
57.921047,5,691.714286
58.36519,6,691.87945
57.924479,5,692.156705
57.631093,5,692.538008
51.693332,8,692.771023
52.762933,8,692.993657
57.933787,5,693.366027
51.673837,8,693.584263
57.930507,5,693.83337
57.87212,5,694.08186
56.391701,7,694.249576
58.814252,6,694.498924
56.187936,7,694.718335
58.787609,6,694.934194
57.903556,5,695.17826
56.515009,7,695.398327
51.703032,8,695.638966
56.471144,7,695.856782
59.050786,6,696.029482
58.101859,6,696.383826
57.994154,6,696.537962
56.682299,7,696.690812
57.832085,5,696.951104
57.878156,5,697.180697
53.034178,8,697.353894
57.202851,5,697.717239
56.306162,7,698.056432
-8.581817,5,698.200781
57.162461,5,698.384831
-9.639966,7,698.754113
58.980648,6,698.959583
55.868577,7,699.112886
57.927014,5,699.491196
59.013161,6,699.613559
56.665893,7,699.983815
57.637348,5,700.286681
56.764166,7,700.642556
56.178198,7,700.862151
57.924321,5,701.129993
57.174715,5,701.519514
58.248227,6,701.688976
58.914878,6,701.828043
57.983909,6,702.154052
-9.468607,7,702.418539
57.275172,5,702.782014
56.717782,7,703.014787
56.126018,7,703.244537
50.339366,8,703.461401
56.450962,7,703.681917
57.980766,6,703.810791
57.663773,6,703.998811
59.015369,6,704.18399
58.121412,6,704.487474
59.053642,6,704.61225
59.0034,6,704.776168
58.837501,6,704.973929
58.274892,6,705.156815
58.279733,6,705.313649
57.049282,5,705.66395
58.19546,6,705.986459
52.814695,8,706.202248
58.250294,6,706.398345
58.951753,6,706.61718
58.256531,6,706.790912
56.70878,7,707.008353
57.737483,6,707.235258
58.428287,6,707.426371
57.930655,5,707.616619
57.874338,5,707.83635
57.147267,5,708.299255
58.916787,6,708.452508
57.941846,5,708.816896
58.844657,6,709.039775
58.42597,6,709.228535
57.912628,5,709.625059
57.219855,5,709.999363
56.446681,7,710.36976
58.313342,6,710.553081
59.056666,6,710.811206
59.000934,6,711.154205
58.225126,6,711.339566
57.200666,5,711.591911
59.032098,6,711.783379
57.150107,5,712.12015
52.681653,8,712.301301
58.200162,6,712.630934
58.932353,6,712.79515
57.952955,5,712.956618
58.413406,6,713.254532
58.450656,6,713.455983
-9.952408,7,713.663634
59.005174,6,713.831463
57.092855,5,714.100066
57.130893,5,714.42513
59.062633,6,714.594949
56.629712,7,715.015531
58.979513,6,715.208726
59.00099,6,715.329887
59.053198,6,715.521228
58.950862,6,715.866647
-7.414179,6,716.36287
58.90535,6,716.563594
58.694636,6,716.895195
57.944741,5,717.144757
56.015287,7,717.426264
57.633574,5,717.698884
52.938759,8,717.875422
56.218941,7,718.160778
58.983544,6,718.42303
57.721773,5,718.723777
57.59314,5,719.037751
58.288942,6,719.234836
50.608148,8,719.467537
59.013506,6,719.591505
57.917585,6,719.776092
58.148731,6,719.933145
58.709039,6,720.069489
-8.201168,5,720.217729
56.619544,7,720.437051
50.538731,8,720.675439
56.392007,7,721.005836
58.560709,6,721.216627
58.986939,6,721.408147
58.661203,6,721.562392
56.200221,7,721.763357
57.823583,6,721.951385
59.064371,6,722.13719
56.880942,7,722.415649
53.007334,8,722.589655
51.764901,8,722.820676
57.740387,5,723.090567
59.042964,6,723.253945
-8.068638,5,723.417364
56.231813,7,723.633498
58.506896,6,723.777272
57.888886,5,724.161658
57.375344,5,724.469181
58.276729,6,724.641602
59.069063,6,724.81984
51.543014,8,725.183061
56.072195,7,725.452685
57.1734,5,725.63218
57.253536,5,726.012812
56.478972,7,726.23649
57.907639,5,726.461556
58.144438,6,726.658566
58.88809,6,726.827034
57.859936,5,727.079248
58.227722,6,727.267316
58.181128,6,727.634518
58.962509,6,727.836246
57.805307,5,728.287304
58.811003,6,728.546905
57.873671,5,728.846622
56.690034,7,729.068988
56.427299,7,729.286282
56.304945,7,729.628806
57.265571,5,730.003626
51.516124,8,730.186205
57.899693,5,730.430451
51.567063,8,730.760156
51.638294,8,731.097077
56.565661,7,731.450404
50.693687,8,731.636538
57.894405,5,731.810648
43.931365,9,732.052095
56.017286,7,732.40039
57.924365,5,732.6449
59.035982,6,732.814438
52.872721,8,733.038871
55.576893,7,733.375687
57.916091,5,733.581902
56.389462,7,733.862889
52.867707,8,734.041555
56.769924,7,734.262463
56.686722,7,734.622077
52.97199,8,734.795352
57.131763,5,735.041438
57.84154,6,735.379608
58.363133,6,735.56684
51.729766,8,735.725081
58.115615,6,736.053607
57.319001,5,736.297148
57.181392,5,736.566672
52.792522,8,736.870897
58.677679,6,737.083052
57.13078,5,737.536194
58.936224,6,737.719875
51.322598,8,738.066917
58.843079,6,738.266972
57.937793,5,738.514035
57.223161,6,738.714128
58.784758,6,738.922096
51.609267,8,739.244724
59.004342,6,739.436216
52.444406,8,739.812431
59.038298,6,740.005134
58.297554,6,740.193707
58.971936,6,740.386774
59.010122,6,740.595172
59.020889,6,740.80146
57.903899,5,741.142581
51.925097,8,741.376168
57.25957,5,741.627155
56.558327,7,741.853734
57.124099,7,742.025772
59.046739,6,742.194201
-7.60403,6,742.393744
59.059496,6,742.559433
59.068436,6,742.74677
59.063335,6,742.940441
59.012707,6,743.085836
56.0231,7,743.286656
58.991509,6,743.411026
58.238668,6,743.575456
56.118604,7,743.885585
57.440232,7,744.187061
58.880876,6,744.330652
57.94838,5,744.575111
59.082856,6,744.754042
57.930014,5,745.014408
57.256601,5,745.281182
57.093212,5,745.659826
52.632547,8,745.840864
58.494678,6,746.174415
56.704642,7,746.386839
51.035331,8,746.671556
57.644623,6,746.967899
51.797422,8,747.207796
59.002313,6,747.392105
57.018321,5,747.667411
-8.971341,5,747.805691
55.833646,7,748.084825
52.856504,8,748.301816
57.659904,5,748.482383
58.840039,6,748.647479
52.057512,8,748.810254
58.586338,6,748.974838
57.682119,5,749.265887
55.960379,7,749.469716
57.597183,5,749.826905
56.331039,7,749.991961
59.062251,6,750.17805
58.103197,6,750.467829
58.342358,6,750.791887
58.287581,6,751.11535
56.658898,7,751.527853
51.67817,8,751.821735
58.330629,6,752.202219
56.564015,7,752.574062
58.688137,6,752.906456
58.918233,6,753.116563
55.969527,7,753.512373
57.246646,5,753.901894
58.194517,6,754.078322
58.242806,6,754.256788
57.590126,5,754.445153
57.918023,5,754.810977
58.431345,6,754.959969
57.115457,5,755.308054
58.341664,6,755.476539
56.686732,7,755.695276
58.897887,6,755.827252
57.680236,5,756.114028
56.449255,7,756.489305
57.921593,5,756.736105
57.876949,5,757.006528
56.362088,7,757.226025
58.201899,6,757.412978
57.693846,5,757.537046
57.714677,5,757.819538
58.967128,6,757.995721
57.921361,5,758.241912
51.53288,8,758.442868
58.092198,6,758.623457
55.790857,7,758.907835
57.222482,5,759.300579
51.385673,8,759.543232
58.215859,6,759.730746
59.048888,6,759.913147
59.060168,6,760.104772
58.010866,6,760.253676
57.934177,5,760.521563
58.17271,6,760.685081
57.132277,5,761.073634
52.570609,8,761.29788
58.391529,6,761.625848
55.722999,7,761.905296
51.620472,8,762.182132
56.793257,6,762.567214
58.106118,6,762.757823
55.663509,7,762.950103
-8.438457,5,763.084848
58.431415,6,763.376681
58.968756,6,763.559355
57.932851,5,763.950976
58.283851,6,764.096529
59.068471,6,764.29286
57.245119,5,764.641429
56.986712,5,764.82059
57.939747,5,765.068158
52.805201,8,765.289697
-7.373116,5,765.574803
56.400104,7,765.8672
59.051245,6,766.052219
56.957072,5,766.209121
58.776238,6,766.421043
56.290378,7,766.798112
57.940533,5,767.057787
51.85562,8,767.242298
58.752551,6,767.422042
57.931731,5,767.763539
57.931652,5,767.999315
56.214309,7,768.346192
59.064368,6,768.517908
56.946476,5,768.787764
58.345544,6,768.950815
-7.660752,6,769.110075
58.153778,6,769.306567
58.659088,6,769.559352
57.866009,5,769.797088
57.26413,6,770.11616
52.894117,8,770.396363
58.751724,6,770.631796
51.763415,8,770.878006
58.239023,6,771.074632
58.964341,6,771.262842
58.049351,6,771.459645
51.804521,8,771.719525
57.937433,5,772.137627
56.96215,5,772.433408
57.872876,5,772.699898
58.507047,6,773.035015
57.662552,5,773.335212
56.463286,7,773.62589
57.867534,5,773.804288
-7.40254,5,774.254317
56.160975,7,774.46434
52.861326,8,774.710264
55.510545,7,775.098197
58.460826,6,775.294726
57.206275,5,775.443337
56.844879,7,775.726083
58.853195,6,775.886241
57.86212,5,776.15923
58.727765,6,776.368055
57.947637,5,776.7253
-5.94939,6,777.342117
58.955163,6,777.625807
59.022799,6,777.802847
52.782435,8,778.032364
58.356127,6,778.222651
57.894723,5,778.472831
56.428826,7,778.735174
56.769138,5,778.962126
58.673578,6,779.141082
57.946017,5,779.513229
58.238821,6,779.904465
57.027237,5,780.22138
58.266964,6,780.400402
56.134371,7,780.622765
-7.099198,6,780.871861
58.029929,6,781.141489
51.340816,8,781.355561
-7.613989,6,781.52392
57.918123,5,781.704729
58.847931,6,781.897374
56.985103,5,782.054307
57.197547,5,782.468235
58.121684,6,782.794818
57.520675,6,783.190534
57.218388,5,783.443692
57.951584,5,783.690001
57.899181,6,783.959822
55.236568,7,784.339442
58.123965,6,784.546134
57.331603,5,784.798453
57.674768,5,784.927797
58.093599,6,785.152965
58.145377,6,785.363858
57.392115,5,785.614459
56.997829,7,785.915053
50.905827,8,786.147563
58.303473,6,786.343887
57.823865,5,786.602069
57.119311,5,786.875957
57.092725,6,787.26817
57.052713,5,787.678268
59.070802,6,787.871723
57.923728,5,788.238272
51.788301,8,788.429698
59.032208,6,788.612109
56.94444,5,789.016467
58.346968,6,789.205153
57.535742,5,789.393871
58.77466,6,789.60072
58.690669,6,789.784898
59.02051,6,789.909569
52.285163,8,790.106374
57.789686,6,790.304411
58.928744,6,790.510188
57.557848,5,790.968441
58.970638,6,791.138174
58.627077,6,791.470585
58.82808,6,791.657524
52.416038,8,791.890507
59.063296,6,792.135333
57.544106,6,792.338428
-7.683984,5,792.542423
58.3888,6,792.752352
56.670361,7,792.961356
58.226927,6,793.15897
51.541534,8,793.396289
58.90624,6,793.552246
-10.252324,7,793.775876
57.871273,5,794.194716
58.312156,6,794.360857
56.934442,5,794.582953
56.228096,7,794.747767
58.227826,6,795.111455
57.692601,5,795.322711
57.630909,5,795.507849
57.948767,5,795.746931
57.626336,5,796.112886
52.556002,8,796.347651
57.890224,5,796.598752
57.936106,5,796.770792
55.953679,7,797.02957
56.305221,7,797.24837
58.103431,6,797.390413
55.471675,7,797.67522
57.930262,5,797.927278
57.117903,5,798.197318
57.139371,6,798.3818
-8.182689,5,798.517111
55.942095,7,798.815105
56.161073,7,799.063714
58.64735,6,799.273468
57.106648,5,799.534668
57.114649,5,799.786106
57.604668,6,799.955643
57.1801,5,800.21874
51.932107,8,800.440463
58.354753,6,800.621135
51.39865,8,800.890927
56.790595,5,801.177184
57.179822,5,801.557295
57.932041,5,801.811593
59.03805,6,801.98058
58.229126,6,802.185826
56.19635,7,802.403161
55.868683,7,802.763408
59.031598,6,802.945103
56.259248,7,803.224337
56.146886,7,803.502313
57.512114,5,803.80221
59.04395,6,803.988415
-7.283129,5,804.129901
58.923971,6,804.288766
-7.870334,6,804.486159
57.525919,6,804.880747
57.271395,5,805.124904
56.944213,5,805.439974
58.267575,6,805.644853
59.053485,6,805.811918
55.701929,7,806.297586
57.93024,5,806.443095
57.911689,5,806.697206
51.262165,8,806.924229
56.299729,7,807.145075
57.937299,5,807.492213
-7.122828,6,807.792569
56.446024,7,807.958534
-8.558194,5,808.136003
56.343522,7,808.45062
57.662024,5,808.834609
55.837506,7,809.108432
58.282757,6,809.285554
-7.398502,5,809.711033
57.916914,5,809.962177
56.984069,7,810.13628
56.503812,7,810.404768
58.969134,6,810.606926
59.054122,6,810.801217
57.673357,5,810.982905
-7.447785,7,811.289
58.803302,6,811.559977
58.279689,6,811.726408
58.188577,6,811.907947
52.600383,8,812.213623
56.402829,7,812.427073
57.943804,5,812.747219
56.32232,7,813.1055
57.413165,6,813.442971
58.230744,6,813.64129
58.990348,6,813.767017
-6.896215,6,814.424873
52.949283,8,814.642436
58.863864,6,814.902324
56.422603,7,815.171538
55.65321,7,815.575313
57.170963,5,815.836895
57.155245,5,816.181404
57.079461,5,816.498495
56.472815,7,816.724816
55.927515,7,816.941995
55.394215,7,817.161349
58.995584,6,817.343797
58.726111,6,817.599291
56.833102,7,817.825267
57.408701,6,818.116247
58.231317,6,818.302925
57.377047,6,818.593543
56.174938,7,818.793434
55.384423,7,819.069948
57.120468,5,819.323058
57.017428,5,819.594675
58.007519,6,819.774741
58.73587,6,819.981591
51.281563,8,820.227559
59.073924,6,820.417032
58.909063,6,820.574482
56.544561,7,820.970363
51.570004,8,821.335563
54.868586,7,821.537511
59.001728,6,821.710065
58.102478,6,821.835267
56.06573,7,822.000272
58.104394,6,822.2165
58.164937,6,822.394333
58.198469,6,822.566624
56.860644,7,822.918906
56.143169,7,823.255594
57.026832,5,823.648339
57.935121,5,823.948719
56.520745,7,824.173702
58.674236,6,824.3357
57.690827,5,824.61777
57.111426,5,824.95187
57.87259,5,825.208074
58.040492,6,825.536265
50.926341,8,825.771186
58.296895,6,825.968878
58.280119,6,826.134141
57.921647,5,826.498722
55.626472,7,826.858613
58.093965,6,827.122907
57.902954,6,827.328151
59.020827,6,827.540351
54.564375,7,827.897098
59.070504,6,828.084828
57.204321,5,828.502551
58.991502,6,828.69433
57.926835,5,828.943824
58.010239,6,829.13099
57.071732,6,829.335841
58.910011,6,829.542269
56.715504,7,829.903552
52.791657,8,830.134301
59.037026,6,830.326851
57.568606,5,830.718157
57.155439,5,831.098898
57.667826,5,831.22456
57.94204,5,831.469419
-7.923763,5,831.598697
58.033634,6,831.946987
-9.079162,6,832.106777
58.094667,6,832.277721
55.04977,7,832.456881
56.103456,5,832.922373
56.795018,7,833.211068
56.475525,7,833.597803
59.051477,6,833.77499
57.074051,5,834.145393
57.640549,6,834.345234
50.922104,8,834.593918
57.300225,5,834.987986
59.04278,6,835.247216
58.932745,6,835.415916
58.270184,6,835.60225
59.056269,6,835.788523
59.03338,6,835.940187
-9.462622,5,836.139331
56.918418,5,836.534554
57.851213,5,836.784536
-7.940665,5,836.912399
57.655883,5,837.21592
57.204592,5,837.39314
56.652316,7,837.76849
-7.317916,5,838.242347
51.324701,8,838.461733
58.226219,6,838.661262
58.529927,6,838.916606
57.08638,5,839.310976
58.363693,6,839.479208
51.701891,8,839.768252
-6.682119,6,840.46506
58.263631,6,840.63623
57.766056,5,840.917946
58.37497,6,841.101159
58.52847,6,841.316523
56.349097,7,841.68082
57.798205,5,841.948204
57.946284,5,842.196426
58.303484,6,842.378538
57.606951,5,842.563448
58.597754,6,842.797657
56.060587,7,843.054695
59.062117,6,843.268017
57.049013,5,843.757853
58.287604,6,843.932586
58.786192,6,844.236076
57.865269,6,844.640606
52.540921,8,844.832276
57.943155,6,845.080811
57.387638,6,845.261344
53.042107,8,845.490443
57.302182,5,845.902591
58.994767,6,846.137737
58.761682,6,846.310747
58.817787,6,846.649496
58.188038,6,846.772265
57.926797,5,847.025634
51.497827,8,847.271072
57.09027,5,847.682478
57.262835,5,848.055628
59.073937,6,848.262086
57.535667,5,848.573298
52.272519,8,848.805281
-7.043597,6,849.313432
57.121364,5,849.565044
58.322358,6,849.775936
58.510409,6,849.992203
56.538089,7,850.240826
51.657859,8,850.548741
59.062978,6,850.709798
-6.10082,6,851.333484
52.86602,8,851.520629
52.588173,8,851.843724
58.279068,6,852.044552
51.514952,8,852.297693
58.203764,6,852.587577
56.69073,5,852.886279
56.419377,7,853.315982
52.465537,8,853.583911
58.251388,6,853.7652
57.228988,5,854.13448
49.869648,8,854.534889
56.999552,5,854.807521
57.9252,5,855.275105
51.399346,8,855.534852
58.960129,6,855.796399
57.475573,5,856.110625
51.226745,8,856.335196
58.091599,6,856.577836
56.083899,7,856.764134
56.271416,7,857.131735
-5.937849,6,857.490865
56.499499,7,857.878217
56.374934,7,858.055706
58.160445,6,858.272413
56.490783,7,858.51102
58.814762,6,858.695893
57.871633,5,858.959591
56.985359,5,859.352813
57.625028,5,859.639743
44.373753,9,859.907031
58.352467,6,860.075657
58.254366,6,860.262113
52.25567,8,860.511037
56.432248,7,860.880781
51.370013,8,861.105034
55.832833,7,861.412141
55.97776,7,861.632511
56.193866,7,861.819139
58.97293,6,862.022867
-9.572651,7,862.360103
57.647986,5,862.676259
57.941088,5,862.92974
58.96909,6,863.14352
58.217508,6,863.324032
50.80743,8,863.557119
57.322961,5,863.753066
57.925352,5,864.130851
58.85623,6,864.386337
58.092892,6,864.708801
59.043572,6,864.879294
58.945788,6,865.038507
58.126125,6,865.234309
52.84598,8,865.423592
57.913327,5,865.669788
57.181091,5,866.037967
-7.655232,5,866.321249
58.270247,6,866.520922
-8.612387,5,866.694464
58.803502,6,866.899284
51.587052,8,867.130952
-8.869402,6,867.278892
58.077123,6,867.601448
59.033644,6,867.723732
56.31075,5,867.970844
56.949002,6,868.331173
55.565945,7,868.525051
55.475798,7,868.804643
57.948119,5,869.055401
55.511445,7,869.270904
52.985781,8,869.485891
57.21985,5,869.83596
58.845276,6,870.035743
57.262339,5,870.437864
57.007699,5,870.685049
58.742843,6,870.824943
57.578667,5,871.190843
56.757272,7,871.583892
58.392692,6,871.82621
55.917985,7,872.129581
55.912748,7,872.408019
57.224049,5,872.828935
58.103356,6,873.131159
58.140236,6,873.313377
56.350829,7,873.467832
50.299323,8,873.70864
58.189566,6,874.043913
57.901137,5,874.291405
56.700043,5,874.608016
58.969263,6,874.803729
57.179791,7,874.968207
52.738692,8,875.193214
58.459956,6,875.493216
57.863674,5,875.951108
51.787745,8,876.193748
56.223142,7,876.417786
52.871122,8,876.645436
55.96733,7,876.822118
58.22399,6,876.976625
57.187631,5,877.369137
58.963378,6,877.537345
51.116261,8,877.911291
58.279627,6,878.116692
56.252373,7,878.464589
58.366526,6,878.649077
57.872016,5,879.10762
57.62982,6,879.287406
56.091554,7,879.503094
56.768425,5,879.869385
58.10355,6,880.053107
50.870073,8,880.295352
56.201238,5,880.614334
-9.251552,7,881.021197
55.641531,7,881.400043
58.091297,6,881.693593
52.402124,8,882.073665
55.9174,7,882.288929
51.60309,8,882.568072
56.129696,7,882.768312
57.913989,6,882.962545
55.992693,7,883.139871
57.960883,6,883.334913
56.516588,7,883.694829
57.149197,6,883.849731
58.404941,6,884.044398
57.187177,5,884.442299
52.230252,8,884.675568
56.626336,7,885.320052
58.180613,6,885.530937
59.068911,6,885.704516
58.121253,6,885.86551
59.073616,6,886.056344
56.659204,7,886.279855
59.067975,6,886.476261
58.35906,6,886.665959
57.218279,5,886.914051
59.018222,6,887.037317
57.001064,5,887.305475
57.913954,6,887.512933
57.870286,6,887.797803
58.399617,6,887.981813
57.773027,5,888.227746
57.240021,5,888.436166
56.884692,5,888.702429
58.025522,6,888.957033
-6.029111,6,889.486386
56.466596,7,889.857914
58.212749,6,890.239806
58.193442,6,890.407743
-12.380376,8,890.922043
57.775139,6,891.118819
57.941765,5,891.465468
58.256086,6,891.845997
57.938215,5,892.230052
57.116095,5,892.498744
56.966463,7,892.773997
58.226684,6,893.145489
55.980325,7,893.445553
58.193105,6,893.63188
58.224283,6,893.833162
52.90918,8,894.012908
56.153939,7,894.227881
-7.986611,6,894.424222
51.932748,8,894.657427
57.120899,5,894.915644
56.872312,5,895.212642
58.079673,6,895.420286
52.355017,8,895.792679
55.711134,7,896.01926
56.585104,7,896.239137
58.968282,6,896.494826
57.651398,5,896.643922
58.75465,6,896.842621
58.569605,6,897.060319
50.432355,8,897.316109
58.995794,6,897.532642
51.190397,8,897.871248
57.208511,6,898.06015
57.081936,5,898.397105
51.457856,8,898.641571
55.965488,7,898.799525
57.85891,5,898.980478
52.103595,8,899.218942
58.586044,6,899.432055
57.10757,5,899.701617
52.285909,8,900.168503
57.576389,6,900.547654
59.022089,6,900.739289
58.268413,6,900.911527
57.87602,5,901.279763
56.815078,7,901.655169
58.079622,6,901.844914
56.487436,7,902.232111
52.410305,8,902.669798
55.438525,7,902.902672
57.056458,5,903.174001
57.255547,6,903.471575
57.946954,5,903.706149
59.048806,6,903.836624
53.067125,8,904.018789
57.104196,7,904.229396
59.040728,6,904.424514
58.304166,6,904.763156
50.71309,8,905.126199
58.283431,6,905.519827
55.104393,7,905.734789
57.999466,6,905.933753
57.064122,5,906.149948
58.021776,6,906.353546
-8.084964,5,906.483366
58.798878,6,906.639458
56.158922,7,906.862249
57.64348,5,907.221466
57.944553,5,907.469935
57.965448,6,907.727215
58.010465,6,907.895011
58.100823,6,908.091724
52.065773,8,908.336046
58.200602,6,908.503185
58.007701,6,908.766371
51.403475,8,909.008506
57.084001,5,909.438326
58.225818,6,909.641654
57.039312,5,910.042663
57.329295,5,910.427561
57.02737,5,910.775965
57.936573,5,911.172476
57.925381,5,911.360383
56.638592,7,911.587532
56.256806,7,911.876176
51.324835,8,912.184855
57.911265,5,912.649009
58.081735,6,912.94057
-10.644414,7,913.361796
58.069869,6,913.558713
57.002306,5,913.814561
57.318923,5,914.059507
-8.062535,6,914.254209
57.263208,5,914.588744
57.928021,5,914.769936
55.925229,7,914.980406
56.571188,7,915.202652
58.388925,6,915.371767
58.935406,6,915.569572
57.042302,5,915.828823
51.097621,8,916.012545
58.946361,6,916.194183
59.068629,6,916.363532
56.0281,7,916.584542
52.326445,8,916.810742
58.95356,6,916.995385
57.247752,5,917.39543
58.375589,6,917.582687
58.114291,6,917.775339
56.0853,7,917.984187
52.739259,8,918.178469
57.927917,5,918.550658
-8.053634,6,918.950582
57.427196,6,919.258286
56.366429,7,919.536525
-8.757614,6,919.934755
51.382699,8,920.166135
58.85795,6,920.375079
58.139972,6,920.517674
56.04087,7,920.733203
58.335945,6,920.917816
50.759549,8,921.210302
58.27437,6,921.412668
56.725249,5,921.700454
56.586576,7,921.920524
-9.139024,5,922.056918
56.465834,5,922.363473
58.919729,6,922.547131
58.833993,6,922.75239
56.407512,7,922.965351
57.905057,5,923.353215
58.999126,6,923.561742
57.15946,5,923.824531
58.993045,6,923.959338
58.384447,6,924.117259
52.851407,8,924.313038
58.235057,6,924.460023
58.220795,6,924.64054
58.843547,6,924.83338
58.488727,6,925.2153
57.944535,5,925.363318
56.241021,7,925.648244
58.976519,6,925.83698
58.111059,6,926.020534
57.959617,6,926.253196
56.920547,5,926.514002
56.937765,5,926.824008
57.642364,6,927.216913
52.470691,8,927.483963
58.966575,6,927.696241
55.970917,7,927.943979
56.831004,7,928.236698
55.172288,7,928.459812
57.604555,5,928.658242
56.13505,7,928.890437
52.641271,8,929.120218
59.052349,6,929.320433
58.609262,6,929.626639
57.107215,5,929.900619
58.721831,6,930.234987
58.921961,6,930.446935
57.168905,5,930.803865
56.335724,7,931.028542
56.511563,7,931.407699
59.013534,6,931.547207
58.031049,6,931.735144
56.413021,7,931.980894
58.979283,6,932.107107
58.428211,6,932.29371
57.41031,6,932.456177
51.837443,8,932.684086
51.816015,8,932.991189
57.197152,6,933.367315
-9.134758,7,933.838403
56.437934,7,934.197316
57.494872,6,934.413365
57.700312,6,934.627375
58.230172,6,934.922852
51.366508,8,935.203111
55.661257,7,935.437776
56.941777,7,935.667722
57.464946,6,935.86447
57.051368,5,936.119524
57.218257,5,936.51057
56.018529,7,936.896235
57.063072,5,937.093146
57.012712,5,937.568953
57.930733,5,937.824153
57.300273,5,938.074889
57.225297,5,938.427468
57.982994,6,938.725733
58.124898,6,938.924706
56.525696,7,939.157189
57.902698,5,939.594434
58.209459,6,939.726605
51.091466,8,939.940573
58.205933,6,940.124363
58.18176,6,940.297479
57.664216,5,940.600229
58.963003,6,940.726662
56.353991,7,941.016503
-7.426294,6,941.188329
57.705949,5,941.419045
58.784397,6,941.630463
57.698885,6,941.790442
58.289706,6,941.982717
58.032233,6,942.105982
57.605372,5,942.40126
58.015526,6,942.737633
58.986387,6,942.865476
57.034811,5,943.185363
59.056225,6,943.366394
56.978384,5,943.555874
57.982157,6,943.756119
55.333718,7,943.953322
58.103896,6,944.326422
56.146009,7,944.567296
56.179349,7,944.764339
58.402841,6,944.937739
56.835294,5,945.220552
50.640344,8,945.503832
55.481077,7,945.876472
57.031589,5,946.18467
58.205105,6,946.391996
58.51483,6,946.726207
57.121795,5,946.981049
52.328713,8,947.215622
-7.80126,5,947.403819
57.931869,6,947.612748
58.271804,6,947.997495
51.435222,8,948.373065
55.17997,7,948.713987
56.595541,7,948.992357
57.195803,5,949.34889
51.452222,8,949.583818
59.059976,6,949.758517
57.897184,6,949.927505
55.619275,7,950.205782
58.894788,6,950.399727
51.487136,8,950.763734
56.680352,7,951.042868
55.465188,7,951.433589
59.033382,6,951.619802
57.918188,5,951.801447
57.628535,6,952.18443
58.907967,6,952.395838
58.322761,6,952.539212
58.846133,6,952.745931
57.05031,5,952.995573
58.076847,6,953.144894
58.247185,6,953.525887
51.44981,8,953.829179
57.924866,5,954.208638
58.018126,6,954.516262
56.323701,7,954.714337
56.867059,5,954.915396
58.300957,6,955.103472
58.091747,6,955.296773
57.372308,5,955.691078
50.854955,8,956.047991
50.636867,8,956.269422
58.359801,6,956.448397
56.993732,5,956.723995
58.761209,6,956.921241
57.400159,6,957.225729
52.689631,8,957.533643
59.042292,6,957.710992
58.168762,6,958.109792
51.489514,8,958.363247
57.330129,5,958.603884
58.011102,6,958.755485
59.022206,6,958.90636
56.941154,5,959.162688
57.888797,5,959.553296
51.692867,8,959.88773
51.982541,8,960.335104
55.630143,7,960.630628
58.220629,6,960.967978
57.67132,5,961.146424
58.090004,6,961.343791
-7.622724,6,961.89059
58.974133,6,962.074656
57.854493,6,962.300313
56.81436,5,962.705801
57.890684,5,962.953743
59.042789,6,963.150037
52.162647,8,963.393423
55.219614,7,963.58264
57.632822,5,963.950255
57.606012,5,964.269912
51.692978,8,964.560448
57.939181,5,964.811428
57.785186,6,965.154513
58.246877,6,965.365909
51.700436,8,965.654052
50.519301,8,966.017419
58.148603,6,966.232887
55.641774,7,966.438599
56.10622,7,966.653966
51.582177,8,966.836063
57.165367,5,967.215807
52.392518,8,967.601374
56.724935,5,967.912399
58.085544,6,968.080538
55.949088,7,968.376974
58.126798,6,968.557577
56.753743,7,968.789993
58.160635,6,969.010986
51.025338,8,969.396994
-7.419308,5,969.745434
56.119087,7,969.901615
58.208324,6,970.184526
58.240481,6,970.550397
57.913311,6,970.801243
56.693492,5,971.126761
-8.039117,6,971.703777
57.037201,6,971.858573
58.197797,6,971.991072
56.928677,5,972.356956
-6.941895,6,972.88352
57.938415,5,973.220106
51.887686,8,973.536845
56.758712,5,973.830464
51.254483,8,974.076043
57.885546,6,974.264848
58.085265,6,974.44642
52.969889,8,974.638896
52.641597,8,974.926865
56.318441,7,975.206007
57.038199,7,975.580718
58.321777,6,975.749683
58.343439,6,976.037209
-11.005387,7,976.210128
57.415834,6,976.420179
57.066026,5,976.610294
51.686738,8,976.88265
56.977609,5,977.23892
57.01755,5,977.521621
51.864188,8,977.76039
56.772228,6,978.036313
58.206878,6,978.214385
57.446457,5,978.518615
55.455742,7,978.720797
57.929583,6,978.927629
58.224929,6,979.061378
57.491724,6,979.378235
51.605224,8,979.606362
56.857433,5,979.890238
56.835638,7,980.252759
57.919193,5,980.399772
55.693583,7,980.646943
57.407533,6,980.826335
58.186201,6,981.196465
50.750969,8,981.491926
52.484554,8,981.772838
57.94648,5,982.143669
56.946241,5,982.501287
57.87568,5,982.753359
57.918931,5,983.134105
58.192612,6,983.319454
58.078808,6,983.453268
57.217121,5,983.689554
58.107347,6,983.872
58.707401,6,984.065184
57.975141,6,984.195409
58.426209,6,984.370415
52.290448,8,984.739349
57.933222,5,985.143963
57.017424,5,985.375707
55.865273,7,985.581917
58.766841,6,985.717065
50.645569,8,985.960193
58.21184,6,986.123416
57.296536,6,986.507507
56.974358,5,986.745024
58.905444,6,986.928872
58.455366,6,987.064715
57.879524,5,987.319903
57.944702,5,987.664894
57.636499,5,987.855161
57.031043,6,988.064953
58.206175,6,988.253743
57.176227,5,988.514792
56.294251,7,988.719112
57.605333,5,989.056477
57.707462,5,989.389879
57.793866,5,989.641838
56.983547,5,989.888885
58.427899,6,990.140998
-7.786255,6,990.270339
58.996652,6,990.464605
58.719276,6,990.802838
57.773761,5,991.081197
57.110913,5,991.353127
57.188072,6,991.666278
57.858457,5,991.913813
58.881761,6,992.247627
57.930771,5,992.562795
58.847046,6,992.751273
59.056994,6,992.921188
56.258505,7,993.219203
55.799787,7,993.591449
51.505574,8,993.785439
56.610233,7,994.086711
51.687052,8,994.336474
51.686746,8,994.704429
56.193416,7,994.978856
57.248728,5,995.230053
57.901598,6,995.443199
56.211685,7,995.724742
57.921725,6,995.927022
57.622114,5,996.222823
58.371735,6,996.358307
58.265822,6,996.690899
-8.084452,5,997.048711
58.223495,6,997.221511
52.934592,8,997.399219
57.613476,5,997.657973
57.907642,5,998.066819
58.179485,6,998.220307
57.007529,5,998.46705
58.209741,6,998.591463
58.108063,6,998.962942
56.322783,7,999.231791
58.239843,6,999.384582
52.197687,8,999.606662
57.941733,5,999.843786
58.307112,6,1000.033563
58.826824,6,1000.281324
58.770283,6,1000.399894
58.245711,6,1000.770252
55.433796,7,1000.97188
56.19014,7,1001.240093
52.704681,8,1001.46975
57.914954,5,1001.705707
52.611653,8,1001.947801
55.565939,7,1002.236295
57.552197,6,1002.411974
52.474702,8,1002.633751
57.061059,5,1003.007676
58.966526,6,1003.180485
57.850452,6,1003.372262
51.739953,8,1003.604122
57.128057,5,1004.018002
57.777405,6,1004.128543
55.779273,7,1004.396285
55.013603,7,1004.690392
56.405285,7,1004.961732
-8.004624,5,1005.136013
58.440472,6,1005.266854
58.257121,6,1005.45752
56.888674,5,1005.921615
58.139091,6,1006.124106
58.894519,6,1006.259355
57.741849,6,1006.40648
-7.40043,5,1006.623494
57.81102,6,1006.828432
58.253086,6,1007.011228
57.609884,5,1007.244931
57.574276,5,1007.430686
58.137509,6,1007.555516
58.23733,6,1007.696849
58.337842,6,1007.891924
57.766595,6,1008.191323
58.114772,6,1008.380312
55.277296,7,1008.612972
57.053227,5,1008.917274
57.917977,6,1009.112014
58.794509,6,1009.444385
58.172298,6,1009.845343
57.598829,5,1010.02437
57.941795,5,1010.201812
57.922527,5,1010.580462
55.354632,7,1010.79103
50.798106,8,1011.175591
50.560045,8,1011.476776
52.954723,8,1011.681998
56.524871,7,1011.961606
56.951935,5,1012.093741
-9.465717,5,1012.23321
56.011175,7,1012.526801
58.205496,6,1012.725717
58.628106,6,1013.076479
57.124698,5,1013.484235
55.656146,7,1013.707878
58.952935,6,1014.043498
51.796392,8,1014.261328
58.021167,6,1014.401126
52.232771,8,1014.616504
58.978014,6,1014.775243
57.836963,6,1015.084419
56.946278,5,1015.474715
57.974659,6,1015.692086
57.555349,5,1015.888524
51.251994,8,1016.133982
57.128096,5,1016.369539
56.615173,7,1016.597876
58.552414,6,1016.84835
58.143261,6,1016.987112
55.501677,7,1017.203424
57.939933,5,1017.532131
58.133088,6,1017.727698
51.370243,8,1018.084928
-7.906667,6,1018.226733
57.75495,6,1018.494901
57.601297,5,1018.653608
57.083559,5,1019.031513
58.096316,6,1019.227107
-8.562181,5,1019.405955
56.565327,7,1019.776083
57.939182,5,1020.018636
58.105378,6,1020.202399
52.836979,8,1020.368316
58.549609,6,1020.585965
58.513659,6,1020.950731
55.233211,7,1021.15487
58.335149,6,1021.331667
57.138067,5,1021.725138
58.3467,6,1021.898914
58.036119,6,1022.010768
56.310537,7,1022.270638
52.383971,8,1022.479536
55.870656,7,1022.870408
55.369312,7,1023.093554
58.102221,6,1023.356145
57.943369,5,1023.597826
57.079254,5,1023.849324
50.644501,8,1024.069307
57.23306,6,1024.437631
56.650851,7,1024.668263
58.031103,6,1024.991847
51.302743,8,1025.236704
58.212458,6,1025.372442
57.117467,5,1025.652349
55.975467,7,1026.04587
58.990597,6,1026.316805
56.593043,7,1026.688594
56.370579,7,1026.88502
57.014958,5,1027.146011
57.188184,5,1027.400779
58.271622,6,1027.57668
56.996663,5,1027.830616
57.004622,5,1028.237414
57.966291,6,1028.418538
51.099469,8,1028.723585
58.043558,6,1028.916906
58.881503,6,1029.121969
58.170288,6,1029.300887
58.230822,6,1029.465353
56.993064,5,1029.646099
56.858472,7,1029.868664
56.226631,7,1030.058668
51.71871,8,1030.445889
58.323843,6,1030.708839
57.011562,5,1030.947979
58.720165,6,1031.115593
58.226703,6,1031.303779
56.053107,7,1031.511109
58.056746,6,1031.699623
52.402844,8,1032.069274
57.930808,6,1032.2887
58.331589,6,1032.430249
58.982518,6,1032.618618
56.293466,7,1032.893642
-8.446318,7,1033.07119
50.337108,8,1033.318021
56.55912,7,1033.589487
56.321697,7,1033.876799
59.001846,6,1034.063832
55.223438,7,1034.338246
56.458837,7,1034.54231
57.925077,5,1034.926336
58.036037,6,1035.118335
57.521673,5,1035.434695
56.292159,7,1035.659413
57.881493,5,1035.989817
56.907896,5,1036.251391
57.260764,5,1036.512786
57.936359,5,1036.796806
-9.587764,6,1036.995506
57.963602,6,1037.336651
56.465966,7,1037.602146
56.436655,5,1037.917369
56.654999,7,1038.203533
58.412803,6,1038.368939
58.325144,6,1038.727785
57.06595,5,1038.935285
58.995303,6,1039.137134
58.20257,6,1039.41928
58.274186,6,1039.802056
56.326954,7,1040.148591
57.885571,5,1040.540633
56.9141,5,1040.895255
57.904819,5,1041.132732
57.873893,6,1041.398302
51.343235,8,1041.753922
52.790848,8,1041.978275
-8.462473,5,1042.144742
58.231763,6,1042.32931
56.947542,5,1042.692986
59.019894,6,1042.871578
52.511803,8,1043.111467
58.131975,6,1043.308956
51.851356,8,1043.475447
56.234331,7,1043.759276
58.115851,6,1043.927812
58.117137,6,1044.123869
57.239801,5,1044.340037
58.098931,6,1044.48736
58.310234,6,1044.680439
58.804889,6,1045.005872
57.111943,5,1045.378704
57.840173,5,1045.767157
51.406421,8,1045.99994
58.063077,6,1046.203944
58.177479,6,1046.352219
57.622826,5,1046.616364
56.952922,5,1046.85452
57.251017,5,1047.074534
56.459575,6,1047.414602
57.277813,6,1047.692124
57.174069,5,1047.868249
57.58644,5,1048.060514
58.102352,6,1048.31617
57.276482,5,1048.703832
56.857146,5,1048.974301
57.665837,5,1049.224131
58.206248,6,1049.351816
57.31396,5,1049.678399
58.719935,6,1049.874751
58.728516,6,1050.211391
58.421048,6,1050.417809
56.959454,5,1050.784168
56.58374,7,1051.044322
56.944689,5,1051.340217
55.30953,7,1051.557525
58.170348,6,1051.7328
51.421012,8,1052.032015
57.735914,6,1052.248068
58.277492,6,1052.416882
51.370308,8,1052.657614
55.621619,7,1052.866927
-8.176018,5,1053.234855
58.038697,6,1053.585726
56.032165,7,1053.858907
57.874781,5,1054.126627
57.514938,5,1054.359468
58.855744,6,1054.689143
57.135757,5,1054.937035
-7.452833,5,1055.330238
58.147225,6,1055.708416
57.129769,5,1055.96391
55.3014,7,1056.163768
58.200054,6,1056.329822
58.768951,6,1056.545724
56.910317,5,1056.722983
55.106629,7,1056.91532
57.857347,6,1057.097485
56.577896,7,1057.377817
56.895456,5,1057.634407
56.908549,5,1057.975266
57.936499,6,1058.168192
51.41425,8,1058.38746
56.46711,7,1058.678625
57.032875,5,1058.902187
57.561152,6,1059.063098
56.440863,7,1059.266013
58.00682,6,1059.599845
56.594741,7,1059.859555
56.725665,7,1060.228475
57.051054,5,1060.460688
56.176176,5,1060.819978
56.448901,7,1061.092445
57.179003,5,1061.442275
57.051758,5,1061.676416
57.203378,5,1062.019955
57.981967,6,1062.217448
57.611129,6,1062.416992
57.543392,5,1062.731578
57.611425,6,1063.074055
58.270359,6,1063.25831
51.389981,8,1063.554276
50.759647,8,1063.799703
58.042579,6,1063.915953
56.204385,7,1064.082894
57.24822,6,1064.244666
58.31529,6,1064.419779
56.029089,7,1064.633371
58.256037,6,1064.788583
52.428423,8,1065.075481
51.894808,8,1065.441883
56.569733,5,1065.758283
55.930251,7,1066.026809
57.331458,5,1066.208718
57.287531,6,1066.532787
55.364274,7,1066.744238
56.929572,5,1067.142762
56.720755,7,1067.366132
57.584843,5,1067.711486
57.188714,5,1067.959558
58.126736,6,1068.142347
56.996744,5,1068.405611
-14.412008,3,1068.51146
58.228321,6,1068.704813
58.009799,6,1068.885551
56.941083,5,1069.262484
56.942411,5,1069.538897
55.892927,7,1069.901417
57.164962,5,1070.202662
57.941946,5,1070.557461
-6.920311,6,1070.967939
56.99262,5,1071.289364
58.262288,6,1071.470706
56.669354,5,1071.701175
58.237779,6,1071.827355
58.812874,6,1072.019146
56.540426,5,1072.427514
58.764237,6,1072.558847
56.665978,7,1072.812382
57.605092,6,1073.271069
54.646479,7,1073.547966
56.390236,7,1073.73942
57.781332,6,1073.937113
55.097036,7,1074.152292
58.275975,6,1074.317715
56.805515,5,1074.496006
57.913667,6,1074.840136
58.444125,6,1075.124197
-8.339366,5,1075.51939
57.626266,6,1075.661634
58.188064,6,1075.837587
58.912132,6,1076.087766
57.185361,5,1076.241961
56.821496,7,1076.561781
58.280422,6,1076.932178
51.858687,8,1077.209053
59.051434,6,1077.378948
57.029264,5,1077.525672
59.027144,6,1077.720455
58.220193,6,1077.891024
-6.904107,6,1078.416688
51.599257,8,1078.652569
58.8828,6,1078.847922
57.126659,5,1079.038697
57.93805,5,1079.21899
58.938659,6,1079.346171
57.839548,6,1079.550016
57.913565,5,1079.810539
58.941569,6,1080.044468
58.895348,6,1080.242486
51.282174,8,1080.50495
57.252531,6,1080.928776
57.145979,6,1081.208061
-8.069301,6,1081.547457
56.944542,7,1081.842927
56.156115,7,1082.039043
57.984032,6,1082.241619
-8.210216,6,1082.411753
57.684446,5,1082.691468
52.861171,8,1083.131935
56.890377,5,1083.259634
56.79183,7,1083.550272
51.31368,8,1083.90231
52.946667,8,1084.12759
57.655234,5,1084.437141
57.935567,6,1084.562676
58.325931,6,1084.823256
56.261238,7,1085.055337
57.828328,5,1085.332125
56.13335,7,1085.551442
51.457102,8,1085.782144
58.267924,6,1085.971919
57.320865,5,1086.228443
-10.113239,7,1086.65938
58.16397,6,1086.819328
57.207251,5,1087.096605
56.450115,5,1087.292089
50.624337,8,1087.534747
57.144734,5,1087.80254
57.117141,5,1088.044718
57.707418,5,1088.435862
58.95835,6,1088.651863
58.131655,6,1088.763045
50.809918,8,1089.063465
56.0416,7,1089.365617
59.055456,6,1089.531932
56.771735,6,1089.877938
57.91512,5,1090.123122
56.063618,7,1090.361124
-6.2583,6,1090.843153
57.710596,6,1091.064557
55.71627,7,1091.267093
59.051827,6,1091.434482
57.435059,6,1091.599176
59.045362,6,1091.796741
57.773455,6,1092.123006
58.064134,6,1092.321271
59.03292,6,1092.466427
58.100554,6,1092.588294
59.075196,6,1092.760083
57.051331,5,1093.139448
56.854923,5,1093.360561
56.167224,7,1093.55953
56.512709,7,1093.912163
57.766676,5,1094.183556
58.226598,6,1094.569169
57.122313,5,1094.748159
57.949345,5,1095.151654
57.600847,5,1095.522137
56.167684,7,1095.798803
56.472398,7,1096.148529
56.934556,5,1096.335375
56.666558,5,1096.672492
-10.808284,7,1096.851238
58.348131,6,1097.057876
58.307199,6,1097.213548
58.268689,6,1097.392316
58.166411,6,1097.690277
56.715671,5,1097.967539
50.615831,8,1098.308675
56.926968,5,1098.576295
50.303485,8,1098.851314
50.588246,8,1099.248692
57.436384,6,1099.621248
55.246672,7,1099.762682
57.921277,6,1099.922749
56.835015,5,1100.212784
59.001942,6,1100.371175
57.944659,6,1100.58362
57.910982,5,1100.817059
57.86171,5,1101.223008
57.047665,5,1101.413763
58.421134,6,1101.564546
57.799366,5,1101.804963
58.043275,6,1101.962844
56.991255,5,1102.28993
56.973342,5,1102.658843
58.092163,6,1103.039717
58.217053,6,1103.214555
51.68235,8,1103.452608
58.124047,6,1103.752754
52.380451,8,1103.969276
58.04462,6,1104.222129
58.072219,6,1104.402669
57.557964,6,1104.788418
50.711415,8,1105.035313
51.394321,8,1105.25063
52.178461,8,1105.613689
57.059756,5,1105.959925
50.438403,8,1106.292261
56.0346,7,1106.578093
56.780947,5,1106.853303
57.865167,6,1107.059454
57.647736,6,1107.202383
-8.039326,5,1107.644826
-7.796786,5,1107.789567
57.579513,5,1108.008432
58.239071,6,1108.192719
57.887118,5,1108.390402
58.423606,6,1108.561027
58.845732,6,1108.720773
56.248228,7,1108.931617
58.532739,6,1109.143148
59.028375,6,1109.292859
59.062798,6,1109.55962
57.362648,6,1109.768525
51.310888,8,1110.016414
56.17808,7,1110.288857
57.725453,5,1110.625883
50.61858,8,1110.901322
51.737662,8,1111.149172
57.858293,5,1111.31928
57.858254,5,1111.561746
57.593285,5,1111.742838
56.958474,5,1112.113685
56.944067,5,1112.259269
55.640551,7,1112.528246
58.237816,6,1112.683884
-12.288171,8,1113.18172
57.537765,6,1113.391591
-7.827772,6,1113.771546
56.653713,7,1114.06936
57.685126,6,1114.440778
56.442975,7,1114.662724
-12.343597,8,1115.186781
58.254833,6,1115.343963
59.06029,6,1115.517981
-8.766725,6,1115.667241
-7.807883,5,1115.813385
57.629814,5,1115.961082
56.973007,7,1116.250935
51.532249,8,1116.484193
55.199806,7,1116.840065
58.062032,6,1117.024323
58.169543,6,1117.185591
56.232388,7,1117.392771
58.231678,6,1117.545948
50.658851,8,1117.83574
58.297343,6,1118.033075
58.088438,6,1118.222989
57.839011,5,1118.629491
57.58874,6,1118.950799
57.29707,6,1119.230976
-8.031749,5,1119.348452
55.966573,7,1119.572252
56.974105,5,1119.835123
57.936798,5,1120.230839
57.929871,5,1120.560452
58.406517,6,1120.740935
57.280976,5,1121.063053
58.039056,6,1121.274865
57.745151,6,1121.443794
56.803106,7,1121.825304
58.185284,6,1122.027433
-8.23931,5,1122.168914
56.181584,7,1122.445595
56.188562,7,1122.772155
58.805243,6,1122.977888
50.782389,8,1123.321038
56.060837,7,1123.474239
56.892287,5,1123.811286
55.952902,7,1124.031991
57.20802,5,1124.295021
56.540038,7,1124.499394
57.751959,6,1124.759374
57.798443,6,1125.100356
57.921861,5,1125.35077
58.013406,6,1125.533299
52.597855,8,1125.82901
58.407188,6,1126.018519
58.419014,6,1126.204065
56.640363,7,1126.407932
58.966785,6,1126.57797
50.153894,8,1126.909942
57.102786,5,1127.237523
58.225617,6,1127.603059
57.018482,5,1127.838192
57.038069,5,1127.963517
58.119113,6,1128.087526
-7.355133,5,1128.401241
57.867655,5,1128.77604
55.776248,7,1129.029088
56.748347,7,1129.293599
58.394113,6,1129.483629
51.441301,8,1129.713984
56.536349,7,1129.937374
56.989421,5,1130.190986
57.202447,5,1130.510082
50.522759,8,1130.785585
57.977413,6,1130.910386
56.773631,5,1131.04596
57.134988,6,1131.408518
56.915463,5,1131.680498
58.091358,6,1131.852123
57.020567,5,1132.101776
57.008471,5,1132.435442
-5.911217,6,1133.025186
57.066642,5,1133.313153
51.130085,8,1133.552154
56.172089,7,1133.737737
57.03521,5,1133.999965
57.083023,5,1134.240273
56.967576,5,1134.525894
58.726865,6,1134.835062
57.019957,5,1135.200266
56.0712,5,1135.328387
56.124655,7,1135.536054
57.860982,5,1135.72003
57.957909,6,1135.845774
57.795604,5,1136.12614
56.178739,7,1136.33023
57.356142,6,1136.703596
56.964688,5,1137.050362
56.953573,5,1137.301053
58.207943,6,1137.680755
56.242116,7,1137.896807
57.829058,5,1138.133303
57.214416,5,1138.406396
58.164389,6,1138.589679
58.955326,6,1138.739611
57.457365,6,1139.023988
56.609101,5,1139.321786
57.941239,5,1139.719425
58.984258,6,1139.901236
57.990411,6,1140.090762
57.187314,5,1140.344324
57.147664,5,1140.640446
57.771181,6,1140.788114
57.710229,5,1141.085337
57.693177,6,1141.317267
57.237306,5,1141.564221
57.321065,6,1141.780889
57.1236,5,1141.990056
56.725726,5,1142.179037
50.433344,8,1142.452008
56.425252,7,1142.65598
57.021666,5,1142.799251
59.086835,6,1142.983404
57.7312,6,1143.117533
57.948991,5,1143.353554
57.922614,5,1143.734283
-6.974827,6,1144.051501
58.974784,6,1144.232395
55.965408,7,1144.440037
58.160146,6,1144.620702
57.664025,5,1144.79344
58.323508,6,1145.079527
59.073364,6,1145.230423
56.678563,7,1145.442918
59.037497,6,1145.630629
56.088076,7,1145.889601
57.200685,6,1146.246433
58.135391,6,1146.625918
51.330912,8,1146.862957
57.695732,6,1147.109503
52.869543,8,1147.318192
-7.560122,5,1147.470796
58.168813,6,1147.639568
55.220304,7,1147.864058
58.057035,6,1148.081833
58.138012,6,1148.276335
59.029028,6,1148.457352
56.663267,5,1148.632035
58.891532,6,1148.983306
58.073161,6,1149.172389
50.991375,8,1149.442954
58.746761,6,1149.632688
58.084453,6,1149.760601
57.285785,5,1150.064179
55.69985,7,1150.286316
51.50501,8,1150.525521
57.103814,5,1150.69931
58.057433,6,1150.899316
58.170003,6,1151.055432
56.868409,5,1151.223378
58.030914,6,1151.611406
58.178651,6,1151.82611
58.147733,6,1151.97125
58.972908,6,1152.158916
55.108422,7,1152.578528
56.926771,5,1152.992399
59.008088,6,1153.137639
57.370817,6,1153.324029
56.951638,5,1153.668113
56.986173,5,1154.08284
57.940632,5,1154.481381
58.85472,6,1154.764437
58.200253,6,1154.934312
54.939937,7,1155.315396
50.362338,8,1155.668699
52.987085,8,1155.851038
51.452742,8,1156.132198
57.14918,5,1156.365647
56.912735,5,1156.750917
57.117792,5,1156.982236
58.121145,6,1157.169443
55.810714,7,1157.557618
58.314976,6,1157.719811
58.304974,6,1157.888741
58.264614,6,1158.054067
57.716488,6,1158.21476
56.644496,5,1158.6159
58.261002,6,1158.764375
56.775187,7,1158.983808
50.865892,8,1159.222519
57.087637,5,1159.495492
56.650674,7,1159.853334
59.033138,6,1159.977674
58.053266,6,1160.162183
57.900911,5,1160.547967
57.460033,6,1160.780061
57.323971,6,1160.928126
58.217404,6,1161.128402
58.118108,6,1161.308017
57.885732,6,1161.509003
51.603033,8,1161.752295
58.354011,6,1161.918926
55.831882,7,1162.147369
57.969492,6,1162.347792
56.805869,7,1162.718587
57.099781,5,1162.898987
57.92996,5,1163.133029
58.428118,6,1163.306829
58.324356,6,1163.484091
57.076089,6,1163.633217
51.845232,8,1163.864154
57.607016,5,1164.27474
56.954224,5,1164.492502
57.141532,5,1164.885798
55.744703,7,1165.08378
57.419718,6,1165.241284
56.703492,5,1165.437134
58.288747,6,1165.579141
56.966248,5,1165.826843
56.976232,5,1166.063409
58.876544,6,1166.253508
58.232405,6,1166.457647
50.630344,8,1166.837956
58.983676,6,1167.186923
57.662755,5,1167.41285
57.105932,5,1167.747966
54.816985,7,1168.075784
57.932861,6,1168.196016
57.38171,6,1168.346205
58.663674,6,1168.540548
57.871123,5,1168.925775
57.883202,5,1169.194918
57.246132,6,1169.584589
58.202416,6,1169.79842
50.511585,8,1170.062038
57.894182,6,1170.270605
52.190389,8,1170.703351
57.724319,6,1170.954725
57.887976,6,1171.191061
50.269605,8,1171.441056
57.93447,5,1171.697669
56.676766,5,1172.073293
58.060996,6,1172.262966
56.125847,7,1172.623769
58.061151,6,1172.827037
56.627745,7,1173.059234
56.760836,7,1173.270107
56.746484,5,1173.536
59.057943,6,1173.699696
56.980887,5,1173.955844
50.663504,8,1174.320693
58.942998,6,1174.538518
51.204725,8,1174.92062
57.953739,5,1175.260688
55.806258,7,1175.600472
58.069657,6,1175.798503
57.732014,6,1176.024494
57.564668,5,1176.292869
56.279188,7,1176.475716
50.868737,8,1176.708131
58.196429,6,1176.915951
57.128009,5,1177.329876
57.065317,5,1177.715749
58.019067,6,1178.086204
58.030763,6,1178.290506
57.608309,5,1178.51455
58.960534,6,1178.716215
58.920453,6,1179.031558
55.530138,7,1179.398366
57.205991,5,1179.632226
56.805696,7,1180.037458
57.186796,5,1180.407844
57.562047,6,1180.598065
58.397977,6,1180.770675
56.731978,7,1180.988748
56.930943,5,1181.204002
56.418601,7,1181.422757
57.003652,6,1181.720282
58.934501,6,1181.848216
59.037959,6,1182.03375
56.719821,5,1182.327915
57.682241,6,1182.536825
58.963,6,1182.722381
52.688933,8,1182.952398
55.621159,7,1183.280015
56.988017,5,1183.54042
50.754956,8,1183.768473
56.902899,5,1184.017394
57.033469,5,1184.357981
57.523454,6,1184.553108
56.939566,5,1184.961622
58.207728,6,1185.138086
57.472207,6,1185.298235
58.357264,6,1185.631725
57.863518,6,1185.847214
57.77975,6,1186.041316
57.144831,5,1186.296496
58.443771,6,1186.470474
58.142851,6,1186.598656
51.514622,8,1186.895894
50.309902,8,1187.178807
58.411795,6,1187.358996
58.254575,6,1187.54612
57.914269,6,1187.822169
57.073833,5,1188.22858
57.641999,5,1188.527866
51.199375,8,1188.774531
58.978289,6,1188.966291
57.924294,5,1189.222866
57.503649,6,1189.503991
57.117534,5,1189.673039
57.369213,6,1189.878674
56.871889,5,1190.197498
59.026721,6,1190.329826
57.910613,5,1190.581501
58.229926,6,1190.771116
57.839319,6,1190.987539
50.541226,8,1191.224141
56.09228,7,1191.435204
58.409876,6,1191.58968
57.597823,5,1191.752328
56.563598,7,1191.952967
51.427616,8,1192.2323
57.004147,5,1192.5089
52.291157,8,1192.751884
56.954975,5,1193.088405
-8.964629,6,1193.259652
57.40612,6,1193.408021
55.407799,7,1193.620839
56.483121,6,1193.914872
59.069292,6,1194.093617
57.444827,6,1194.381274
56.318376,7,1194.587755
57.242611,5,1194.856743
58.071122,6,1195.017981
58.056854,6,1195.184828
58.923812,6,1195.400177
58.075765,6,1195.666274
58.267336,6,1195.860604
56.785363,5,1196.034824
57.934715,5,1196.406959
56.89078,5,1196.776045
55.280936,7,1196.991795
51.752684,8,1197.173068
57.266498,5,1197.406282
58.4039,6,1197.576248
58.300228,6,1197.768996
50.486363,8,1198.200468
57.012974,5,1198.410397
58.916823,6,1198.53531
57.955189,6,1198.668657
58.109753,6,1198.809344
58.925958,6,1198.994779
56.049673,7,1199.374135
56.954646,5,1199.746184
56.994687,5,1200.001764
58.311941,6,1200.272514
58.292743,6,1200.561289
57.051378,7,1200.773439
57.842805,6,1201.021854
57.762882,5,1201.410942
58.095488,6,1201.604409
57.632372,5,1201.788511
58.210851,6,1201.959777
55.64906,7,1202.305188
56.742415,5,1202.604241
58.095458,6,1202.780288
51.911017,8,1203.018465
58.967109,6,1203.185213
59.005681,6,1203.373166
57.09426,5,1203.618074
51.779595,8,1203.99993
55.297406,7,1204.219484
57.875176,6,1204.383554
58.859903,6,1204.566851
52.380665,8,1204.924973
58.138244,6,1205.054231
59.04016,6,1205.229124
56.113505,7,1205.484058
56.871106,7,1205.673242
55.424866,7,1205.881979
56.410854,7,1206.088327
57.028139,5,1206.338888
57.259731,6,1206.607396
57.827685,6,1206.804876
57.191086,5,1207.073182
57.918166,5,1207.229962
51.784544,8,1207.560379
57.266868,5,1207.795395
58.080799,6,1207.972574
52.728948,8,1208.193378
57.815138,5,1208.322953
58.367094,6,1208.677898
57.93002,6,1208.98837
57.26281,5,1209.232217
56.72961,5,1209.420692
55.682177,7,1209.697726
56.69855,5,1210.002068
57.182785,5,1210.154875
56.171296,7,1210.331967
58.056227,6,1210.510529
56.58555,5,1210.881374
52.687876,8,1211.188173
56.130831,7,1211.403495
52.349091,8,1211.708933
58.099683,6,1211.89167
58.346627,6,1212.094957
55.476363,7,1212.453096
58.717036,6,1212.581901
57.653913,5,1212.947167
57.091218,5,1213.31995
51.683764,8,1213.627747
52.674382,8,1213.854504
55.860408,7,1214.218043
57.76213,6,1214.57626
57.625105,5,1214.883958
56.970615,5,1215.128075
58.121093,6,1215.521795
-8.318645,5,1215.74079
57.90864,5,1216.080998
57.51353,5,1216.393975
59.080596,6,1216.581155
57.914551,5,1216.842217
51.524979,8,1217.094061
57.901185,5,1217.307883
-7.980486,5,1217.435841
58.855816,6,1217.577934
50.653518,8,1217.941236
55.984292,7,1218.104744
58.516574,6,1218.356537
57.050737,5,1218.581008
57.74452,5,1218.879772
55.491538,7,1219.100101
58.136183,6,1219.295619
58.253075,6,1219.424616
56.621784,5,1219.587556
58.436474,6,1219.759916
59.038039,6,1219.941921
57.933248,5,1220.176474
57.137359,5,1220.514849
55.089571,7,1220.764991
52.733474,8,1220.972026
57.92885,5,1221.209046
58.332109,6,1221.35936
58.208635,6,1221.523584
57.008903,6,1221.890421
57.95146,6,1222.130474
55.22992,7,1222.400766
55.258595,7,1222.698388
52.612491,8,1222.990913
57.006276,5,1223.310157
58.928363,6,1223.515027
58.362277,6,1223.724899
57.921271,5,1224.121214
50.493748,8,1224.31182
57.41155,6,1224.490006
56.631263,7,1224.739588
56.145479,7,1225.038795
51.653226,8,1225.381318
52.306592,8,1225.616531
57.190692,5,1225.886962
57.944886,5,1226.277861
50.503951,8,1226.664925
57.149172,5,1227.083619
58.148471,6,1227.373267
58.26715,6,1227.566299
51.222248,8,1227.801919
58.18786,6,1227.998497
57.947012,5,1228.475503
56.206437,7,1228.70204
57.912308,5,1228.959533
50.93038,8,1229.175141
57.013293,5,1229.407973
57.963393,6,1229.565722
58.105457,6,1229.774911
56.419917,7,1230.171252
55.256085,7,1230.352621
59.037882,6,1230.533752
58.043707,6,1230.713647
57.957752,5,1230.980483
57.911412,5,1231.43768
57.845963,5,1231.713828
57.562918,5,1232.04097
57.691065,5,1232.357086
58.953056,6,1232.599957
-9.001752,5,1232.749488
59.034755,6,1232.980071
57.107067,5,1233.349603
55.259053,7,1233.590106
54.555253,7,1233.928503
57.914062,5,1234.12423
59.036782,6,1234.300407
58.295221,6,1234.467374
57.674918,5,1234.872898
-8.90436,6,1235.015445
57.917504,5,1235.435282
58.714234,6,1235.625311
55.945427,7,1235.81015
56.980702,5,1235.942
57.708291,6,1236.152517
59.048002,6,1236.337925
56.940603,5,1236.727796
51.335397,8,1237.127029
57.927137,6,1237.411249
55.781739,7,1237.663892
56.169281,7,1237.920227
57.929537,5,1238.366963
58.327527,6,1238.764896
55.930996,7,1238.997782
58.096927,6,1239.187823
52.377783,8,1239.583812
-8.340888,5,1239.889003
57.605899,6,1240.196126
56.967632,5,1240.593497
58.153904,6,1240.757163
58.028999,6,1240.894975
55.384305,7,1241.1247
56.837741,5,1241.41033
57.861893,6,1241.645024
56.685121,5,1241.834751
57.383455,6,1242.052575
51.592402,8,1242.311113
56.953121,5,1242.700837
58.969176,6,1242.835052
58.505415,6,1243.017194
58.44743,6,1243.325239
58.077725,6,1243.511304
56.299305,7,1243.791795
52.439315,8,1244.099492
58.146652,6,1244.45355
57.15818,6,1244.660516
59.016534,6,1244.848115
56.98172,5,1245.166859
58.144091,6,1245.551386
57.107978,5,1245.830467
57.020441,5,1246.068236
-7.908487,5,1246.196267
51.324855,8,1246.586971
57.621595,5,1246.745172
56.950986,7,1247.142466
57.51294,6,1247.363238
51.872942,8,1247.612957
50.785517,8,1247.80237
57.944818,5,1248.121489
57.888902,5,1248.392406
57.312217,6,1248.785563
58.180678,6,1248.980834
57.569953,6,1249.247684
57.154782,5,1249.523382
51.328844,8,1249.760021
51.004407,8,1249.952967
55.987202,7,1250.254668
58.183866,6,1250.420419
55.48443,7,1250.85308
56.081166,7,1251.175372
57.619412,5,1251.355041
57.56389,6,1251.673419
56.304403,7,1251.917784
-10.106928,7,1252.382371
56.938821,5,1252.805562
56.000804,7,1253.095256
58.692859,6,1253.311945
57.893949,6,1253.513423
-6.905009,6,1254.140975
51.55839,8,1254.550139
58.921319,6,1254.747077
57.17403,5,1255.175179
57.079724,5,1255.443546
51.718899,8,1255.811401
56.63314,7,1256.110848
58.860195,6,1256.237814
-8.408998,5,1256.494194
57.31423,6,1256.891897
56.703661,5,1257.236362
58.437213,6,1257.408015
55.814027,7,1257.79271
58.382504,6,1257.980641
51.700424,8,1258.211015
51.122474,8,1258.595584
57.852454,5,1258.985354
57.952679,5,1259.233459
50.933754,8,1259.403273
57.770441,5,1259.581907
55.875627,7,1259.80794
56.241745,7,1260.157792
57.208165,5,1260.435467
56.378346,7,1260.811471
58.245173,6,1260.975724
57.227765,5,1261.357921
57.264205,5,1261.746154
57.930474,5,1262.157115
50.593678,8,1262.411032
58.952082,6,1262.69872
58.116914,6,1262.902635
57.881792,5,1263.40116
59.021984,6,1263.592316
-7.912313,5,1263.785818
57.635104,5,1264.107705
58.793998,6,1264.332672
58.328369,6,1264.533877
55.451708,7,1264.763776
57.570408,5,1265.156309
56.867504,5,1265.509096
58.977763,6,1265.70233
56.806278,5,1266.028504
58.051863,6,1266.221671
56.092268,7,1266.438732
58.390837,6,1266.610592
58.663497,6,1266.780635
57.570968,6,1266.997565
56.670471,5,1267.169738
58.061255,6,1267.502474
56.950978,5,1267.774147
58.127346,6,1267.921526
56.711604,7,1268.327816
57.967237,6,1268.457185
54.417472,7,1268.779753
56.606012,7,1269.015212
-7.361155,5,1269.396162
57.012464,5,1269.682283
57.157694,5,1269.869251
58.072758,6,1270.012113
58.990691,6,1270.150121
57.020134,5,1270.314683
58.073361,6,1270.449478
59.058386,6,1270.595421
-8.740717,5,1270.745919
55.887721,7,1270.874179
56.683514,5,1271.066015
57.471524,6,1271.314492
57.820063,6,1271.527842
55.573947,7,1271.682215
58.061438,6,1271.824381
56.183903,7,1272.023175
59.04032,6,1272.151611
50.420063,8,1272.409934
52.835402,8,1272.562707
57.112083,5,1272.663927
56.954419,5,1272.917217
57.481246,6,1273.057941
57.942252,5,1273.215493
55.350245,7,1273.415851
52.486539,8,1273.668236
51.59531,8,1273.80261
56.349092,7,1273.954701
59.009037,6,1274.106731
58.259032,6,1274.232137
50.157162,8,1274.387535
56.959675,5,1274.511826
57.802966,6,1274.673746
58.067562,6,1274.808694
57.021132,5,1275.012098
55.51134,7,1275.180821
58.134977,6,1275.366813
58.078946,6,1275.499053
58.131189,6,1275.67478
56.944537,5,1275.861543
57.937787,5,1276.106723
57.147821,5,1276.223769
57.01207,5,1276.40173
58.251857,6,1276.512929
57.608908,6,1276.729336
51.452575,8,1276.89003
58.042317,6,1277.142504
51.703281,8,1277.341839
58.418076,6,1277.470627
58.304864,6,1277.573952
50.475073,8,1277.830303
58.165805,6,1278.077865
56.027772,7,1278.270312
55.014638,7,1278.386739
50.165156,8,1278.617822
57.688434,5,1278.813765
58.436265,6,1278.935848
58.037056,6,1279.066854
58.403499,6,1279.189092
57.030032,5,1279.366904
55.826695,7,1279.578038
56.899321,7,1279.741774
56.716905,7,1279.900634
58.104894,6,1280.015172
-7.66619,5,1280.171013
55.834372,7,1280.330297
57.492876,5,1280.543365
58.210339,6,1280.632015
55.931571,7,1280.794528
58.136657,6,1280.92416
57.041323,5,1281.099163
55.34648,7,1281.290606
56.14791,7,1281.409696
57.942438,5,1281.674341
58.877212,6,1281.790067
57.654352,6,1281.923819
51.116779,8,1282.13689
58.066336,6,1282.261672
56.14111,7,1282.383691
57.947439,5,1282.542119
59.088689,6,1282.674055
50.452833,8,1282.833872
55.502157,7,1282.982302
55.508648,7,1283.184614
-7.2815,5,1283.38325
57.707979,6,1283.640146
57.226582,5,1283.806641
56.824509,5,1284.024388
58.291073,6,1284.139565
57.081771,7,1284.32987
57.950919,6,1284.439491
57.028282,5,1284.676824
57.17482,6,1284.897649
55.210721,7,1285.054571
52.140813,8,1285.342669
58.012967,6,1285.441486
57.117436,6,1285.657036
57.09497,6,1285.904959
50.333839,8,1286.06795
57.898018,6,1286.199707
58.108457,6,1286.329387
59.027628,6,1286.470169
56.844893,7,1286.617829
56.866566,6,1286.755325
58.089796,6,1286.886706
52.385647,8,1287.042377
57.780564,5,1287.183925
51.547537,8,1287.429184
56.627274,5,1287.519387
56.890205,5,1287.690871
55.477192,7,1287.830964
50.61481,8,1288.063371
57.036674,5,1288.209094
58.206908,6,1288.347199
58.160558,6,1288.48285
56.979264,5,1288.71484
55.138855,7,1288.970913
58.849839,6,1289.10449
52.443082,8,1289.361243
57.695922,5,1289.499632
57.296181,5,1289.65541
58.366623,6,1289.779463
57.222218,5,1289.989396
56.329917,7,1290.138393
57.944672,5,1290.398436
51.332263,8,1290.558882
58.800021,6,1290.666533
54.789533,7,1290.820194
57.72854,6,1290.969197
58.974565,6,1291.092321
57.015066,5,1291.260341
57.02549,5,1291.428642
57.500968,6,1291.549869
57.861476,5,1291.762703
50.891505,8,1291.933322
57.962956,6,1292.080161
57.723186,6,1292.21694
55.674384,7,1292.405643
-6.791007,6,1292.765007
-6.860493,6,1293.183928
56.372927,7,1293.334669
58.558486,6,1293.449706
52.393741,8,1293.607663
58.016034,6,1293.736864
57.014145,5,1294.007178
58.0345,6,1294.258601
57.912972,5,1294.429895
57.050911,6,1294.560561
58.388084,6,1294.686753
56.848125,5,1294.931546
58.972587,6,1295.105343
58.048427,6,1295.204669
58.778835,6,1295.339687
58.21608,6,1295.453892
57.938888,6,1295.635496
58.035139,6,1295.767864
56.788341,5,1295.981033
51.656746,8,1296.150021
56.876176,5,1296.356405
57.19523,6,1296.553777
58.225688,6,1296.650844
57.909394,6,1296.806882
56.766079,7,1297.061258
52.174501,8,1297.224919
58.272969,6,1297.357686
57.0268,5,1297.514031
57.211748,6,1297.641183
51.808276,8,1297.850919
50.707359,8,1298.096835
58.193978,6,1298.187886
57.656007,6,1298.332643
56.518087,7,1298.486659
58.973144,6,1298.620351
50.738086,8,1298.778018
58.247998,6,1298.883252
58.091157,6,1299.018935
57.942457,6,1299.164196
55.312725,7,1299.395948
55.413161,7,1299.591053
55.141254,7,1299.742095
57.482161,6,1299.890006
58.132025,6,1300.023906
57.879838,6,1300.168009
57.933297,5,1300.334319
57.834603,6,1300.448998
56.772847,7,1300.641702
55.707101,7,1300.781084
56.640143,7,1301.047897
58.136682,6,1301.165649
57.26119,6,1301.416561
57.76313,6,1301.614923
58.886258,6,1301.740866
57.922084,5,1301.917877
57.895455,6,1302.058514
56.965475,5,1302.351991
58.14372,6,1302.471122
59.016892,6,1302.600978
55.6951,7,1302.751618
50.412267,8,1302.927593
58.143802,6,1303.068439
59.006646,6,1303.1968
57.025498,5,1303.346735
58.113701,6,1303.534292
57.142356,5,1303.761508
58.423428,6,1303.886705
58.57726,6,1304.015077
57.946215,6,1304.28769
57.166237,5,1304.449701
59.086085,6,1304.584056
59.0734,6,1304.715112
58.864795,6,1304.850456
56.129236,7,1304.98011
55.367793,7,1305.095671
57.895708,5,1305.222922
57.844625,6,1305.364352
57.075616,5,1305.602725
59.084147,6,1305.732344
57.598597,5,1305.934082
56.487109,7,1306.173981
57.123894,5,1306.334865
-7.85445,5,1306.426559
57.142493,5,1306.71438
57.543465,5,1306.927774
57.713674,5,1307.157988
58.216182,6,1307.391561
57.147622,5,1307.633644
56.140717,7,1307.850967
57.912691,5,1308.023572
57.941279,5,1308.198262
57.990067,6,1308.304757
52.541923,8,1308.568542
57.941734,5,1308.750256
57.090078,5,1308.993356
56.749984,5,1309.122731
57.589869,6,1309.390633
-8.071512,5,1309.484399
58.563331,6,1309.669771
57.094029,5,1309.836507
59.037902,6,1309.953298
57.076903,5,1310.123939
57.890558,6,1310.333217
52.24972,8,1310.470177
55.469161,7,1310.746845
57.666807,5,1310.948238
56.6809,5,1311.151697
50.373511,8,1311.367364
51.330031,8,1311.584339
58.925822,6,1311.715876
57.881954,6,1311.8286
55.860026,7,1312.076764
58.974561,6,1312.209901
58.07538,6,1312.360222
55.658333,7,1312.518255
57.751821,5,1312.622903
57.045791,5,1312.851133
52.113096,8,1313.019994
56.740693,5,1313.132719
57.197513,5,1313.277497
58.152537,6,1313.386312
56.925274,5,1313.598723
51.345116,8,1313.822701
56.465022,7,1313.976565
51.639798,8,1314.151492
58.213526,6,1314.299078
58.223771,6,1314.431328
57.136341,5,1314.651431
57.847585,5,1314.771616
57.086765,5,1314.937161
57.388698,6,1315.056195
58.182038,6,1315.175492
51.631646,8,1315.479146
-13.682239,8,1315.778027
56.96004,5,1315.934277
57.975354,6,1316.027969
57.624816,5,1316.192712
58.392678,6,1316.323365
58.2864,6,1316.436645
57.983224,6,1316.666153
58.043027,6,1316.792603
55.800247,7,1316.947969
57.770776,6,1317.074291
58.257931,6,1317.212083
56.203042,5,1317.449898
57.890941,6,1317.539318
55.461841,7,1317.677576
56.750009,5,1317.890985
57.875182,5,1318.053818
58.00275,6,1318.164014
57.949357,5,1318.401863
57.814888,5,1318.57065
58.333794,6,1318.674383
58.727523,6,1318.848276
56.668239,5,1319.024425
58.915652,6,1319.167526
55.247328,7,1319.443073
57.558601,6,1319.587157
52.261374,8,1319.750178
55.01144,7,1319.99179
58.913735,6,1320.084619
55.828103,7,1320.247471
57.943953,5,1320.408456
59.071447,6,1320.525157
56.86013,5,1320.646473
58.868801,6,1320.76781
58.496621,6,1320.985501
57.051291,5,1321.240971
58.159717,6,1321.354765
56.884705,5,1321.547236
57.934177,5,1321.725521
51.528652,8,1321.894563
50.143751,8,1322.05802
56.997015,5,1322.227068
57.118416,5,1322.408606
56.985829,5,1322.714317
57.92439,6,1322.836767
56.107299,7,1322.962283
51.421207,8,1323.166975
58.428583,6,1323.294747
55.864202,7,1323.574517
59.059302,6,1323.697277
51.815101,8,1323.851486
57.092047,6,1324.074029
56.208655,7,1324.276707
58.044228,6,1324.394613
58.081603,6,1324.534565
50.493352,8,1324.77785
56.780048,5,1324.947882
56.522327,5,1325.054577
52.73711,8,1325.263204
59.077996,6,1325.398066
58.963747,6,1325.52724
57.931355,5,1325.755969
57.995571,6,1325.997262
50.82847,8,1326.164861
52.570778,8,1326.323927
51.513777,8,1326.563885
58.190887,6,1326.709548
59.070887,6,1326.826367
58.088359,6,1326.966872
58.93733,6,1327.104595
58.241209,6,1327.232378
-8.010149,6,1327.41686
55.600854,7,1327.567671
57.917501,5,1327.729429
58.904282,6,1327.860116
58.264483,6,1327.976804
57.717909,5,1328.166179
55.673128,7,1328.374949
57.743161,5,1328.612308
56.956102,5,1328.787535
58.968301,6,1328.904956
56.949078,5,1329.142325
56.953896,5,1329.384492
51.339487,8,1329.579339
58.237343,6,1329.68889
58.284779,6,1329.86157
51.280609,8,1330.03077
56.931296,5,1330.193572
51.512764,8,1330.352472
57.866469,6,1330.48944
57.93442,5,1330.776418
57.951927,5,1330.960078
58.085055,6,1331.14793
56.487406,7,1331.298194
-8.883927,6,1331.505896
56.308631,7,1331.662143
51.639763,8,1331.871391
51.861682,8,1331.987215
55.137864,7,1332.193291
56.392295,7,1332.340412
58.137513,6,1332.539211
55.137901,7,1332.819748
57.383823,6,1333.072731
57.007496,5,1333.232981
57.812238,6,1333.360465
57.156561,5,1333.616724
56.804029,7,1333.816031
52.803686,8,1333.97163
57.296494,6,1334.184461
59.06941,6,1334.302458
57.886255,5,1334.467285
57.13729,5,1334.624751
50.299671,8,1334.833393
59.062296,6,1334.95079
55.34238,7,1335.100926
52.250523,8,1335.397316
57.67827,6,1335.582159
57.285708,5,1335.706858
50.893435,8,1335.946883
58.36902,6,1336.088096
58.91716,6,1336.222612
57.412124,6,1336.441759
58.599766,6,1336.665092
56.601177,7,1336.82425
55.250113,7,1336.970857
59.078873,6,1337.100587
59.001395,6,1337.320402
58.166767,6,1337.449735
55.262387,7,1337.660561
51.317773,8,1337.854188
58.849083,6,1337.943318
57.053051,5,1338.185115
50.686568,8,1338.351372
55.121638,7,1338.544573
51.426154,8,1338.738364
55.853432,7,1338.87758
57.3191,5,1339.131462
58.095567,6,1339.247649
-5.920175,6,1339.502
57.940382,5,1339.752938
59.078465,6,1339.880491
57.935666,5,1340.032231
57.918091,5,1340.284368
59.080669,6,1340.423441
51.62776,8,1340.588818
57.419541,6,1340.732906
55.708062,7,1340.884505
59.020267,6,1341.014276
51.519134,8,1341.272908
57.411498,6,1341.392123
57.096465,6,1341.593309
57.744085,5,1341.829946
56.818895,5,1342.023415
57.340275,6,1342.245768
56.831892,5,1342.395829
58.438034,6,1342.538038
58.093839,6,1342.768107
55.438935,7,1342.923883
55.244189,7,1343.07229
57.183932,6,1343.186026
57.93838,5,1343.359076
57.937932,5,1343.602133
59.053293,6,1343.737347
-8.298146,5,1343.924132
57.938128,5,1344.133834
55.990534,7,1344.284109
58.731358,6,1344.416312
59.039254,6,1344.504959
57.906213,5,1344.626652
57.075748,5,1344.798662
57.673104,6,1344.94692
57.269407,6,1345.082708
58.279061,6,1345.211003
55.947491,7,1345.410498
57.753051,6,1345.521554
58.297464,6,1345.648001
51.269406,8,1345.805808
50.894143,8,1346.000784
59.079925,6,1346.13048
57.896711,5,1346.388179
57.043218,5,1346.653144
51.82176,8,1346.855946
57.200442,5,1346.982075
59.043349,6,1347.09801
56.757476,5,1347.337427
57.349355,6,1347.595863
57.240485,5,1347.8466
57.263822,5,1348.074431
56.980842,5,1348.292996
59.066838,6,1348.423867
57.680876,6,1348.534523
51.589081,8,1348.786447
56.798892,5,1349.008673
50.370161,8,1349.257023
58.082501,6,1349.375786
56.870127,5,1349.58955
57.790443,6,1349.700929
58.902351,6,1349.824708
56.306574,7,1350.013453
59.067669,6,1350.137634
56.067679,7,1350.342394
58.023638,6,1350.568965
50.469106,8,1350.764825
56.229563,5,1350.894517
59.016346,6,1350.986715
50.388885,8,1351.166261
56.271889,7,1351.400067
55.884249,7,1351.543764
58.009916,6,1351.7426
57.302424,5,1351.90472
58.176351,6,1352.031451
58.104453,6,1352.149114
58.085852,6,1352.285699
59.088971,6,1352.416153
57.702461,6,1352.553362
57.156651,7,1352.676536
58.158643,6,1352.786877
50.749521,8,1352.953881
57.979494,6,1353.04652
59.062004,6,1353.177854
57.515544,6,1353.379062
51.173899,8,1353.628845
55.719422,7,1353.846739
59.047614,6,1353.975707
57.051954,5,1354.213108
51.186151,8,1354.456539
55.136541,7,1354.754811
55.897359,7,1355.013902
56.79679,5,1355.111305
-13.814467,8,1355.357263
57.648393,6,1355.567297
59.061922,6,1355.680482
56.79387,5,1355.92597
57.762306,5,1356.15469
57.266177,6,1356.409965
58.092083,6,1356.538886
58.017815,6,1356.62716
57.006631,5,1356.788028
57.217498,5,1356.95818
57.709047,5,1357.1245
57.941699,5,1357.360736
58.877309,6,1357.535515
57.827262,6,1357.671098
50.653984,8,1357.864981
58.166727,6,1357.987926
59.074387,6,1358.114935
57.873268,6,1358.25759
57.048299,5,1358.427247
57.039135,6,1358.581148
57.353617,6,1358.695715
58.08426,6,1358.881741
50.912374,8,1359.046148
56.089284,7,1359.295847
57.927214,5,1359.548848
59.043665,6,1359.678211
57.153138,5,1359.932134
57.653121,5,1360.122501
51.510796,8,1360.284891
56.982687,5,1360.449617
58.78293,6,1360.591657
55.478424,7,1360.788716
57.691046,6,1360.906832
58.146573,6,1361.027082
57.919717,5,1361.256593
58.29093,6,1361.382837
56.809708,5,1361.618061
57.94314,5,1361.779043
56.735943,5,1361.992673
51.27148,8,1362.29352
51.329737,8,1362.565811
57.934135,5,1362.796664
-6.541436,6,1363.165838
58.227166,6,1363.281761
59.053348,6,1363.399065
-5.92288,6,1363.651381
57.094715,5,1363.82462
56.819256,5,1364.066016
57.351691,6,1364.317406
57.240005,5,1364.566318
51.305512,8,1364.726442
57.358955,6,1364.948169
51.322288,8,1365.106457
51.520512,8,1365.267801
57.817335,6,1365.470681
55.729015,7,1365.621434
57.835433,6,1365.844622
57.290898,6,1365.969347
57.654511,6,1366.234361
58.986602,6,1366.351035
50.418683,8,1366.518932
56.996755,5,1366.761493
57.153016,5,1366.986878
52.16076,8,1367.255914
50.548517,8,1367.455647
50.402579,8,1367.641168
55.904242,7,1367.803214
57.921769,6,1367.926498
58.473472,6,1368.061304
51.865128,8,1368.241637
56.812433,7,1368.435824
57.680739,5,1368.650817
58.810508,6,1368.78806
58.203085,6,1368.906611
59.04964,6,1369.024366
57.654662,5,1369.256479
51.460002,8,1369.424803
55.324041,7,1369.587807
55.308394,7,1369.739255
52.094887,8,1369.898859
57.227159,6,1370.13396
58.153836,6,1370.258702
51.554951,8,1370.55763
55.897585,7,1370.755348
51.331192,8,1370.925614
56.026836,7,1371.076389
57.806835,6,1371.220802
57.501319,6,1371.330446
58.343088,6,1371.451025
57.272497,6,1371.71597
57.577755,5,1371.846249
59.031884,6,1371.985759
58.106655,6,1372.124286
56.737611,5,1372.341908
56.346259,7,1372.495893
58.158866,6,1372.704069
52.531408,8,1372.862463
57.750408,5,1373.110031
57.836346,6,1373.333768
50.585556,8,1373.591377
58.967994,6,1373.723557
58.229275,6,1373.843312
57.588482,6,1373.985848
51.317479,8,1374.256449
57.786254,6,1374.40455
51.520038,8,1374.62822
55.824496,7,1374.792544
56.114889,7,1374.955674
52.356672,8,1375.123739
58.933719,6,1375.222064
56.623133,7,1375.429393
57.939393,6,1375.576259
55.828361,7,1375.73605
58.115852,6,1375.861645
50.373675,8,1376.062735
57.983005,6,1376.31898
57.95168,6,1376.603354
57.534238,6,1376.749617
57.010968,5,1376.913218
57.307068,6,1377.120047
51.336965,8,1377.359605
58.183627,6,1377.501163
54.916088,7,1377.729513
57.935474,5,1377.89225
58.35419,6,1378.013766
57.563468,6,1378.269675
58.088991,6,1378.484132
58.056297,6,1378.633409
55.999977,7,1378.952992
57.904621,5,1379.230758
59.087329,6,1379.371011
50.247498,8,1379.551469
50.355297,8,1379.749826
58.201299,6,1379.86948
57.79506,6,1380.006176
56.776294,5,1380.263141
56.953457,5,1380.450117
57.953811,6,1380.59052
58.160739,6,1380.729048
59.080049,6,1380.874509
51.150544,8,1381.175258
57.941214,5,1381.421262
57.941727,5,1381.664043
55.808032,7,1381.923677
57.911656,5,1382.090229
58.857452,6,1382.313155
51.239118,8,1382.485258
57.934101,5,1382.645788
59.075009,6,1382.776662
-7.993548,6,1382.880318
56.081985,7,1383.079026
59.04322,6,1383.200478
58.866943,6,1383.332251
56.35131,7,1383.518842
56.767829,5,1383.717201
56.671331,7,1383.980157
57.955895,5,1384.280967
57.696978,5,1384.378865
55.363245,7,1384.575502
-5.913141,6,1384.840789
57.897221,5,1385.003093
55.714328,7,1385.156452
51.284729,8,1385.359349
51.521807,8,1385.567154
55.096941,7,1385.820172
57.299142,5,1385.998249
57.752011,6,1386.192599
-5.936556,6,1386.636883
57.945834,5,1386.895829
50.520656,8,1387.144228
58.042,6,1387.380218
57.216116,6,1387.636674
58.212963,6,1387.758466
56.639458,7,1387.915353
59.082971,6,1388.041523
52.970013,8,1388.183895
56.912816,7,1388.386898
58.889022,6,1388.519656
58.015958,6,1388.655714
56.066537,7,1388.802619
57.647509,6,1388.987016
57.640714,5,1389.187993
57.87878,5,1389.423004
51.127309,8,1389.703987
50.749705,8,1389.905839
55.192682,7,1390.044067
51.409925,8,1390.209614
57.105201,5,1390.388133
59.083512,6,1390.520327
59.077279,6,1390.639019
55.646416,7,1390.801826
56.500722,7,1390.956564
57.617918,6,1391.100875
55.846393,7,1391.301055
51.438909,8,1391.473769
55.737024,7,1391.628674
58.272484,6,1391.853356
58.980986,6,1391.987088
54.864364,7,1392.119708
57.797321,5,1392.27725
57.595923,5,1392.483466
58.243961,6,1392.61618
54.822679,7,1392.883554
57.949219,5,1393.048869
57.245747,6,1393.15729
-6.942471,6,1393.433219
55.567557,7,1393.676832
57.648672,6,1393.820942
56.942797,5,1393.995273
56.515367,7,1394.14976
57.14909,5,1394.409378
58.973798,6,1394.509807
58.694177,6,1394.740639
57.548495,6,1394.960418
52.387516,8,1395.218519
-7.294862,5,1395.498596
50.34973,8,1395.741045
51.519281,8,1395.905102
55.500789,7,1396.043317
58.032425,6,1396.136847
57.667553,5,1396.329312
57.387403,6,1396.476374
56.977963,5,1396.637455
57.963097,6,1396.765542
55.369864,7,1396.911438
58.382569,6,1397.040428
52.48599,8,1397.214288
52.01958,8,1397.347516
57.271526,5,1397.516098
55.217388,7,1397.659332
51.027121,8,1397.792719
58.177809,6,1397.974232
59.070208,6,1398.102928
58.322093,6,1398.235093
56.727183,7,1398.478814
50.71975,8,1398.686472
58.18914,6,1398.811493
-9.248949,7,1398.942079
57.950526,5,1399.174298
51.895717,8,1399.335134
56.390255,7,1399.580896
57.870548,5,1399.706522
59.035827,6,1399.795758
59.05168,6,1399.91772
57.990984,6,1400.054984
56.868322,5,1400.222244
57.917913,5,1400.485451
52.733331,8,1400.700231
51.267425,8,1400.963547
57.258219,5,1401.212484
-8.494096,6,1401.397413
58.187409,6,1401.617844
57.91787,5,1401.779826
50.613716,8,1401.9423
57.966739,6,1402.097469
58.838007,6,1402.226698
57.428437,6,1402.341715
57.218569,5,1402.509157
58.827893,6,1402.649826
57.092123,5,1402.827891
57.00533,5,1402.974912
59.036386,6,1403.065484
51.5334,8,1403.229662
57.434556,6,1403.430146
58.207016,6,1403.627293
58.255495,6,1403.879895
58.174893,6,1404.056941
58.809061,6,1404.287579
58.148432,6,1404.376246
58.142109,6,1404.469902
57.026007,5,1404.633331
57.878102,5,1404.794939
58.259446,6,1405.057227
58.355871,6,1405.182902
55.893533,7,1405.337225
59.081131,6,1405.468085
57.221484,5,1405.723316
58.882375,6,1405.862411
57.895251,5,1405.995602
58.353015,6,1406.123459
56.766583,5,1406.372698
56.928167,5,1406.575838
57.899386,5,1406.823296
-7.874101,6,1406.925589
57.109025,5,1407.12544
56.964074,5,1407.297317
51.199314,8,1407.509047
57.825764,6,1407.600219
51.258155,8,1407.767458
58.136374,6,1407.900483
57.321572,5,1408.10629
56.939584,5,1408.329551
57.689555,5,1408.456823
57.762737,6,1408.632559
57.244714,5,1408.876506
57.809775,6,1409.097742
58.896348,6,1409.192488
57.9328,6,1409.336225
57.919062,5,1409.592835
50.308378,8,1409.833666
51.575743,8,1410.092836
50.576705,8,1410.311824
58.246619,6,1410.400377
51.325141,8,1410.560354
55.524927,7,1410.768659
58.258373,6,1410.858821
56.94117,5,1410.977014
57.925172,6,1411.150479
51.107762,8,1411.325019
56.845072,5,1411.618283
57.828717,6,1411.736606
58.225413,6,1411.945058
58.270959,6,1412.073805
56.941973,5,1412.247164
56.850747,7,1412.395939
57.24108,6,1412.531684
56.280457,5,1412.747344
55.731437,7,1412.899493
59.07617,6,1413.018193
57.959036,6,1413.15995
58.951124,6,1413.287858
58.116531,6,1413.376296
57.011627,5,1413.616516
57.827028,5,1413.869556
58.006955,6,1414.008157
59.075634,6,1414.137894
50.646763,8,1414.390733
57.00436,5,1414.562339
58.064497,6,1414.763876
56.733412,5,1414.952523
55.70134,7,1415.146842
58.247902,6,1415.254912
58.108149,6,1415.36987
57.123668,5,1415.489235
57.157671,5,1415.661775
58.910798,6,1415.80396
57.791346,5,1416.065791
58.07378,6,1416.187468
57.134313,5,1416.363298
58.339462,6,1416.49027
55.876611,7,1416.781872
55.253103,7,1416.929594
58.408482,6,1417.057788
57.942013,5,1417.22893
57.318812,6,1417.450496
55.856463,7,1417.687041
56.95119,5,1417.923597
52.528536,8,1418.079869
57.489623,6,1418.278091
57.91624,5,1418.526098
57.951438,5,1418.77318
58.484792,6,1418.888388
57.944775,5,1419.132367
57.942192,5,1419.375876
57.134317,5,1419.621279
56.940148,5,1419.866614
55.249471,7,1420.078015
-8.127953,5,1420.317625
58.374079,6,1420.548426
50.345639,8,1420.793751
58.197596,6,1420.921612
56.918962,5,1421.085019
57.945016,5,1421.350579
59.084022,6,1421.485238
56.925899,5,1421.640864
56.92029,5,1421.827954
-7.343341,5,1422.098723
57.959954,6,1422.188152
57.966504,6,1422.405608
55.705585,7,1422.557033
57.049977,5,1422.717254
57.717642,6,1422.848148
56.823086,5,1422.936805
51.163194,8,1423.205357
57.689002,6,1423.335599
57.187622,5,1423.600817
57.950193,6,1423.776266
58.998207,6,1423.9037
57.703949,5,1424.113135
57.349772,6,1424.258164
58.26134,6,1424.374775
57.982446,6,1424.51058
57.894744,5,1424.696493
-8.068002,5,1424.820709
57.027842,5,1424.940087
50.502623,8,1425.102746
59.073248,6,1425.226786
55.547448,7,1425.473102
57.234299,5,1425.636342
57.937716,5,1425.795649
56.4588,7,1426.026915
57.888884,6,1426.166916
57.567378,6,1426.308665
58.11956,6,1426.432978
59.067712,6,1426.559283
56.74051,5,1426.755808
57.915635,5,1426.884546
57.06276,5,1427.144728
58.924236,6,1427.269392
57.824039,6,1427.496391
58.007855,6,1427.682135
56.91795,5,1427.922181
59.038754,6,1428.049942
56.634532,7,1428.301484
57.946073,5,1428.462421
57.954794,6,1428.58995
57.378759,6,1428.783794
51.080715,8,1428.978006
51.386898,8,1429.14135
58.297212,6,1429.291558
56.366114,7,1429.517523
56.961169,5,1429.636103
55.718818,7,1429.793436
57.825333,6,1429.935488
57.87703,5,1430.195404
57.947126,5,1430.461582
59.079753,6,1430.590578
55.843935,7,1430.830146
56.26821,7,1431.018911
58.326217,6,1431.149273
57.780344,6,1431.268542
57.969441,6,1431.367257
57.260339,5,1431.541556
55.491989,7,1431.73335
57.957007,6,1431.8815
57.91159,5,1432.123689
57.576897,6,1432.268754
56.965599,7,1432.420678
59.054586,6,1432.553434
55.798691,7,1432.703218
58.282674,6,1432.845463
59.027195,6,1432.961732
58.110594,6,1433.093659
59.075009,6,1433.217372
58.262173,6,1433.31987
50.472846,8,1433.530319
57.941082,5,1433.753318
57.517683,5,1433.911383
57.842855,6,1434.08551
55.452692,7,1434.27565
55.373364,7,1434.527274
57.915395,5,1434.689308
56.708147,5,1434.782666
57.292611,5,1435.074851
57.869218,6,1435.211757
57.946267,5,1435.370546
55.992032,7,1435.530537
57.803709,5,1435.658447
56.556163,7,1435.811687
58.674519,6,1436.027349
59.048304,6,1436.143053
57.922126,6,1436.282344
57.893238,5,1436.529967
57.718803,6,1436.635267
51.401127,8,1436.7991
57.924805,5,1436.974528
56.845784,6,1437.17612
56.097164,7,1437.330944
51.764837,8,1437.486906
58.961437,6,1437.575081
57.918866,5,1437.746924
-9.266955,5,1437.84513
57.190546,5,1438.078913
51.707717,8,1438.239754
56.636624,5,1438.437287
57.8929,5,1438.611686
-5.924431,6,1438.8798
50.200229,8,1439.126301
59.069939,6,1439.260103
54.96781,7,1439.405469
58.17632,6,1439.630477
57.888371,5,1439.885177
51.400922,8,1440.042122
57.598249,5,1440.311773
56.896274,5,1440.615371
56.728319,7,1440.785652
59.08283,6,1440.928308
56.904462,5,1441.120743
57.735481,6,1441.24479
58.158439,6,1441.334951
58.938176,6,1441.495978
58.100806,6,1441.626742
57.709423,6,1441.871946
57.700179,5,1441.979869
55.35326,7,1442.180409
56.071398,7,1442.338242
58.140196,6,1442.587218
56.848612,5,1442.910413
57.266067,6,1443.042343
59.019319,6,1443.279062
51.690965,8,1443.4886
51.207363,8,1443.690628
51.544521,8,1443.974552
57.891694,5,1444.234492
57.239538,6,1444.344276
58.394882,6,1444.490903
57.998882,6,1444.643183
58.412166,6,1444.779806
57.13259,5,1445.025186
56.199082,7,1445.274211
54.881114,7,1445.414978
59.081232,6,1445.554518
51.907889,8,1445.710394
52.006616,8,1445.869345
58.010925,6,1445.981723
58.076749,6,1446.116157
56.22587,7,1446.234656
50.229794,8,1446.442234
56.740146,5,1446.630706
57.055685,5,1446.794351
56.902764,5,1447.004566
58.062937,6,1447.127881
58.319919,6,1447.354332
59.018303,6,1447.475567
57.046289,5,1447.654254
56.832662,5,1447.805202
55.496319,7,1447.945521
57.941857,5,1448.107323
58.01455,6,1448.212572
57.241866,6,1448.345809
56.460826,6,1448.560322
51.020143,8,1448.831321
57.161312,5,1449.069493
50.537387,8,1449.269496
58.303768,6,1449.477122
51.292111,8,1449.642857
59.016963,6,1449.734673
57.143698,5,1449.854645
57.338751,5,1450.08268
55.935467,7,1450.246774
57.89296,5,1450.509667
59.054542,6,1450.747941
56.872582,5,1450.926637
-6.903696,6,1451.297741
52.798439,8,1451.509022
56.808449,7,1451.709554
55.20355,7,1451.832219
58.085323,6,1451.975565
57.64904,5,1452.223524
55.787585,7,1452.352239
55.552548,7,1452.593418
57.949467,5,1452.923556
59.070716,6,1453.044468
50.680915,8,1453.219408
51.135006,8,1453.494768
58.907776,6,1453.644951
59.086066,6,1453.782423
57.089114,5,1453.889771
51.769724,8,1454.124331
59.070526,6,1454.244174
57.864824,5,1454.414567
57.575088,6,1454.644249
57.899557,6,1454.746977
50.756758,8,1454.952633
57.126574,5,1455.085617
56.667291,5,1455.242709
50.934452,8,1455.449617
51.337547,8,1455.666834
55.070439,7,1455.79672
56.836173,5,1456.055013
52.5483,8,1456.269879
58.176523,6,1456.398461
58.160587,6,1456.587069
55.533083,7,1456.841063
57.814694,5,1457.016968
55.143227,7,1457.142851
57.921485,5,1457.367111
58.769188,6,1457.516759
55.530758,7,1457.656988
57.490847,6,1457.876165
57.650116,5,1458.066818
57.00359,5,1458.248249
57.863705,5,1458.378031
57.785226,5,1458.539292
57.139919,5,1458.79237
56.940077,5,1459.036809
55.674947,7,1459.189
58.960739,6,1459.322887
55.77341,7,1459.580125
57.896654,6,1459.713035
50.983562,8,1459.908729
58.835849,6,1460.05046
50.840231,8,1460.257092
59.075128,6,1460.388933
57.146724,5,1460.694801
58.327046,6,1460.96613
57.939617,5,1461.091821
50.935067,8,1461.26526
51.37269,8,1461.518832
58.183756,6,1461.656692
51.080441,8,1461.821079
57.907331,5,1462.001879
55.404539,7,1462.273095
57.913358,5,1462.440389
58.837884,6,1462.579505
52.372173,8,1462.830498
56.661879,7,1462.985851
58.294141,6,1463.109756
59.064918,6,1463.202771
57.881756,5,1463.464173
59.022847,6,1463.596427
57.93665,5,1463.8401
59.073269,6,1463.956716
57.010387,5,1464.158057
52.279672,8,1464.379533
56.462881,7,1464.624394
57.805718,6,1464.753031
54.60788,7,1464.964688
55.432676,7,1465.089375
58.007264,6,1465.188392
56.787708,6,1465.322963
56.173236,7,1465.466453
58.097005,6,1465.597606
57.722423,6,1465.727532
59.055603,6,1465.85603
57.823558,6,1465.964526
57.938722,5,1466.190931
57.982596,6,1466.328882
59.077035,6,1466.446197
57.950188,5,1466.565482
58.123546,6,1466.694241
59.063917,6,1466.824421
56.440955,7,1467.087374
57.906483,5,1467.34393
58.613043,6,1467.481177
57.721052,5,1467.674258
58.000657,6,1467.776376
51.603317,8,1467.965275
57.556372,6,1468.101357
57.210884,5,1468.261634
57.978252,6,1468.39625
55.855089,7,1468.549161
59.04987,6,1468.671071
58.084575,6,1468.800083
56.984039,5,1468.979956
57.205114,5,1469.281444
56.97307,5,1469.533364
57.949884,6,1469.675963
57.252788,6,1469.874295
58.32473,6,1469.9903
51.491701,8,1470.155596
56.730384,5,1470.262787
55.535856,7,1470.415463
58.012005,6,1470.590915
56.840842,5,1470.852348
57.898696,6,1470.994277
59.031416,6,1471.123118
58.148086,6,1471.252476
57.855508,5,1471.424303
57.433634,6,1471.567492
51.135762,8,1471.742799
57.264846,5,1471.924041
56.976339,5,1472.168395
59.032843,6,1472.302128
57.108736,5,1472.472266
51.083109,8,1472.636203
57.841569,5,1472.800435
52.026447,8,1472.957747
-6.830318,6,1473.343789
59.044353,6,1473.499132
58.205332,6,1473.608539
59.041613,6,1473.732671
56.089559,7,1473.992124
57.233261,5,1474.17015
57.911913,5,1474.420849
57.951312,5,1474.612673
57.177062,5,1474.775619
57.908607,5,1474.902503
57.305569,6,1475.03049
57.689227,5,1475.165589
57.018214,5,1475.324235
55.51621,7,1475.558239
58.25177,6,1475.645887
58.120895,6,1475.820474
56.131018,7,1475.9779
59.022273,6,1476.100096
56.066424,7,1476.245146
57.945219,5,1476.412582
58.261667,6,1476.66727
57.540521,6,1476.770468
57.54452,6,1476.886956
58.105685,6,1477.01382
58.068248,6,1477.18792
57.923544,5,1477.44618
51.425188,8,1477.679745
56.3742,7,1477.871678
58.350807,6,1478.001498
51.30997,8,1478.248931
57.912509,5,1478.504927
51.228754,8,1478.666754
-9.551711,7,1478.957422
57.608592,5,1479.176112
56.818698,7,1479.325991
57.713603,6,1479.504528
55.925887,7,1479.698825
58.037734,6,1479.832643
57.964479,6,1479.966093
55.823481,7,1480.222609
56.778349,5,1480.419359
56.860908,5,1480.546761
57.951496,5,1480.766885
56.704785,7,1480.917671
55.091634,7,1481.094054
56.710703,7,1481.246057
58.078496,6,1481.36272
59.045835,6,1481.482811
56.369278,7,1481.631063
56.620149,5,1481.745931
59.065635,6,1481.859879
57.198129,5,1482.031765
57.075467,5,1482.201036
-7.487592,5,1482.347839
57.101241,5,1482.523934
56.980966,5,1482.780688
55.455887,7,1482.968572
58.173475,6,1483.106239
58.231348,6,1483.211048
56.038132,7,1483.362846
57.865935,5,1483.526018
57.746648,5,1483.795968
51.748329,8,1484.043783
55.639194,7,1484.233119
56.946758,5,1484.431268
55.992146,7,1484.579386
56.445263,7,1484.766408
57.202973,6,1484.88759
57.911822,6,1485.01546
57.818129,6,1485.146138
50.425884,8,1485.40097
58.091525,6,1485.528333
-9.36073,7,1485.811562
56.558412,7,1485.960224
57.911005,5,1486.117373
56.91545,5,1486.29579
58.964969,6,1486.40624
57.006563,5,1486.637851
58.284172,6,1486.863846
58.163299,6,1487.11631
51.707741,8,1487.376485
57.735013,5,1487.563766
57.928497,5,1487.785508
58.297316,6,1487.925075
-7.470034,6,1488.444054
57.619189,6,1488.580494
57.943886,5,1488.737448
57.539767,6,1488.862359
58.158735,6,1489.081322
-14.833659,8,1489.368954
57.290638,6,1489.618403
50.405529,8,1489.7904
56.216385,7,1489.984563
58.150676,6,1490.121034
58.264399,6,1490.261981
56.282238,7,1490.412256
56.600702,7,1490.559036
58.273268,6,1490.650728
50.833376,8,1490.895622
59.071253,6,1491.010814
58.38859,6,1491.126105
58.16822,6,1491.276637
56.925969,5,1491.586624
56.617512,5,1491.702126
56.946298,7,1491.863946
57.162243,5,1492.032565
56.557346,7,1492.186223
57.938374,5,1492.345046
56.622553,7,1492.496793
56.823209,5,1492.614401
57.239431,5,1492.786462
57.14982,5,1492.964628
57.906693,5,1493.214057
58.172683,6,1493.35221
57.059977,5,1493.596858
56.92924,5,1493.755108
57.011066,5,1493.999855
57.120126,5,1494.248038
59.068849,6,1494.36822
58.10148,6,1494.460105
56.153303,7,1494.606925
56.635542,5,1494.795655
56.70583,7,1494.946687
57.117261,5,1495.188779
55.708878,7,1495.439533
57.95624,6,1495.558722
57.462986,6,1495.670544
57.808461,6,1495.768727
55.616101,7,1495.910455
57.329886,5,1496.069845
56.535898,7,1496.209714
57.971425,6,1496.33622
57.677578,5,1496.459931
55.29565,7,1496.658896
57.824918,5,1496.833692
51.399151,8,1496.991611
59.070501,6,1497.116526
51.532447,8,1497.363499
55.340156,7,1497.586375
51.540328,8,1497.835855
57.872729,5,1498.009598
59.069893,6,1498.131709
56.221266,7,1498.279544
57.416539,6,1498.543945
50.661137,8,1498.707246
58.978593,6,1498.830925
57.125356,6,1498.935048
56.926522,5,1499.104835
56.8278,5,1499.225571
57.465017,6,1499.359962
57.310215,5,1499.503616
57.922231,6,1499.723956
51.881899,8,1499.861874
57.323818,6,1499.963861
57.91641,5,1500.222352
58.550884,6,1500.43742
56.927105,5,1500.673934
56.489343,7,1500.904823
51.526005,8,1501.060641
57.921442,6,1501.151475
56.533891,6,1501.35204
56.639616,5,1501.56223
51.713739,8,1501.72437
56.988919,5,1501.973468
57.887187,6,1502.136627
55.629807,7,1502.280264
56.673728,7,1502.430134
50.22793,8,1502.67581
56.931784,5,1502.839367
55.919475,7,1503.106285
55.987224,7,1503.352947
59.067987,6,1503.476661
57.007578,6,1503.628752
54.918406,7,1503.904421
-14.531052,3,1503.977113
-7.324635,5,1504.214319
-7.810171,6,1504.31481
59.03899,6,1504.43376
58.247535,6,1504.557998
58.580699,6,1504.738021
57.167357,5,1504.989472
56.753615,5,1505.235782
57.086588,5,1505.404312
55.317327,7,1505.54373
56.802761,5,1505.738049
57.925507,5,1506.008337
58.285228,6,1506.157278
57.319393,6,1506.304408
52.170129,8,1506.474399
56.472648,7,1506.723823
50.876388,8,1506.890094
51.419334,8,1507.057421
58.941917,6,1507.189555
58.045781,6,1507.278893
58.393039,6,1507.531968
57.905515,6,1507.785659
57.221163,5,1508.040299
55.654794,7,1508.266837
57.951009,5,1508.524476
56.81626,7,1508.776986
57.017176,6,1508.881982
57.535614,6,1509.106336
51.363582,8,1509.337799
59.061624,6,1509.461977
57.251609,6,1509.698961
58.035796,6,1509.805518
56.912077,5,1509.968802
56.515637,7,1510.2122
56.758226,7,1510.360197
56.69228,5,1510.578354
57.906705,6,1510.743319
58.204792,6,1510.871526
-8.441498,5,1510.994332
58.25326,6,1511.117528
56.997178,5,1511.363998
52.832519,8,1511.654774
-7.346643,5,1511.940997
57.307332,6,1512.200556
57.549685,6,1512.331971
51.087579,8,1512.490415
57.071887,5,1512.740524
58.12549,6,1512.832205
56.314786,7,1513.082063
57.919951,5,1513.246561
57.817535,6,1513.359429
57.021082,5,1513.587461
59.038553,6,1513.718755
51.801959,8,1513.874971
57.704259,5,1513.998278
51.361266,8,1514.163229
57.546295,6,1514.269471
56.39241,7,1514.428235
59.065812,6,1514.559693
57.909848,5,1514.683929
51.551714,8,1514.853299
57.295404,5,1515.026665
57.097045,5,1515.191063
55.626628,7,1515.366578
57.685914,5,1515.603797
57.676925,6,1515.728204
51.389549,8,1515.972439
-9.425537,5,1516.093282
54.988342,7,1516.24656
55.59396,7,1516.399584
51.952088,8,1516.568158
57.060836,5,1516.736446
59.019207,6,1516.857459
58.262173,6,1517.03883
57.956882,5,1517.292544
51.806498,8,1517.494213
49.942359,8,1517.667039
57.957246,6,1517.818224
58.015566,6,1517.996638
57.091769,5,1518.177478
55.985146,7,1518.406769
58.097498,6,1518.519441
57.686099,6,1518.758163
58.95527,6,1518.891605
58.17693,6,1519.023424
56.907106,5,1519.258372
58.262389,6,1519.399613
58.188328,6,1519.529925
58.038484,6,1519.664865
55.400093,7,1519.924981
59.079889,6,1520.066783
58.199775,6,1520.214295
55.432664,7,1520.463603
57.616832,6,1520.603361
56.745592,7,1520.760154
57.234394,5,1521.033183
57.897537,6,1521.246302
56.543231,7,1521.50221
56.954112,5,1521.765502
57.910018,5,1521.941721
56.918499,5,1522.113485
57.001237,5,1522.284802
58.93204,6,1522.512422
57.0976,5,1522.690413
59.092182,6,1522.825486
51.477783,8,1522.98871
56.999592,5,1523.253312
59.018638,6,1523.378484
51.138683,8,1523.644813
58.410389,6,1523.76361
59.062372,6,1523.899464
57.729114,5,1524.082427
57.713971,5,1524.215355
56.700754,5,1524.371108
57.861174,6,1524.515334
57.324774,6,1524.739001
56.807773,5,1524.834066
57.684998,6,1525.010062
51.424296,8,1525.177082
55.325692,7,1525.330162
57.89978,5,1525.440062
57.669715,6,1525.554845
57.883766,5,1525.719584
57.189653,5,1525.890617
57.926966,5,1526.075327
57.951014,5,1526.240108
56.682026,5,1526.438308
56.373779,7,1526.589182
57.105934,5,1526.764756
57.914285,5,1526.906084
59.079558,6,1527.051368
58.306037,6,1527.190669
59.045565,6,1527.311518
56.440463,7,1527.558341
56.82045,5,1527.728211
57.754071,5,1527.829897
57.618967,5,1527.986839
57.300098,6,1528.188765
57.565524,6,1528.317284
57.628682,5,1528.517098
56.895253,5,1528.68346
56.82167,7,1528.838351
58.664839,6,1528.988269
55.857759,7,1529.152059
56.157442,7,1529.301121
57.507118,6,1529.47927
51.758277,8,1529.661238
58.22134,6,1529.894546
57.935274,6,1530.122108
55.516565,7,1530.281496
55.812931,7,1530.546221
50.800732,8,1530.713955
56.114007,7,1530.865438
57.988772,6,1530.978076
58.878378,6,1531.115791
55.231513,7,1531.232314
57.921455,5,1531.441547
56.749109,7,1531.597937
56.022349,7,1531.768878
58.043516,6,1531.883241
58.143651,6,1532.011011
57.864796,6,1532.207108
56.233037,7,1532.401053
56.309295,7,1532.55161
58.616016,6,1532.699577
-7.831741,6,1532.837902
55.791513,7,1533.000872
57.851108,6,1533.198425
57.113279,5,1533.360466
57.892197,6,1533.460686
58.41782,6,1533.60703
58.74329,6,1533.729813
58.371786,6,1533.851553
51.285463,8,1534.018071
56.680518,5,1534.252116
57.116809,5,1534.358302
55.822529,7,1534.51411
57.734253,6,1534.647008
58.127931,6,1534.763573
56.941669,5,1534.918007
58.153492,6,1535.061714
57.753725,5,1535.150408
57.915541,5,1535.413863
57.908782,5,1535.663667
58.945181,6,1535.791923
51.54258,8,1535.988141
57.940932,5,1536.128153
58.271888,6,1536.265033
58.871204,6,1536.489306
59.048812,6,1536.610983
-6.913845,6,1536.973954
58.87033,6,1537.07038
51.416443,8,1537.236752
51.33385,8,1537.486949
50.588594,8,1537.65749
51.500174,8,1537.930424
57.935836,5,1538.166239
57.068978,5,1538.346271
57.968836,6,1538.480457
-8.644155,5,1538.634597
58.173164,6,1538.773352
57.935739,5,1539.027635
58.955737,6,1539.158277
58.865896,6,1539.278877
50.445615,8,1539.529447
58.386733,6,1539.6593
51.368519,8,1539.855728
57.946859,5,1540.113963
57.001358,5,1540.278702
56.43127,6,1540.40842
59.072952,6,1540.53783
58.049006,6,1540.736167
56.32277,7,1540.968388
56.278121,7,1541.119052
57.346741,6,1541.329654
-8.162948,5,1541.432919
50.574996,8,1541.604896
58.007577,6,1541.707577
58.012934,6,1541.841517
57.847971,5,1542.090645
57.613051,5,1542.295069
56.912374,5,1542.457423
58.217493,6,1542.561736
50.405483,8,1542.814793
55.364815,7,1542.966657
56.796876,5,1543.206274
58.162238,6,1543.338046
56.959043,5,1543.597585
58.099524,6,1543.73068
52.882641,8,1543.889087
58.343441,6,1544.007828
50.658346,8,1544.268745
57.246634,6,1544.384143
56.704855,5,1544.627736
56.939732,5,1544.933089
55.807252,7,1545.071719
56.41764,7,1545.225481
55.988725,7,1545.470233
-8.916562,7,1545.799941
50.687951,8,1545.968091
56.761002,5,1546.215662
57.056284,5,1546.47026
56.965549,5,1546.633722
56.956354,5,1546.797607
52.492577,8,1546.957322
55.591295,7,1547.165735
54.73536,7,1547.413151
59.054449,6,1547.533564
58.154286,6,1547.634799
55.791245,7,1547.89292
56.967815,5,1548.110362
57.171871,5,1548.238911
59.020946,6,1548.421453
56.319429,6,1548.671225
58.045489,6,1548.765915
57.200625,5,1548.931885
57.798594,5,1549.188224
59.063208,6,1549.313668
57.76431,5,1549.441487
55.091849,7,1549.679209
57.026482,5,1549.960963
56.712437,5,1550.165426
57.164394,6,1550.411468
58.785021,6,1550.553078
57.948142,6,1550.776047
56.658772,5,1550.985816
59.076608,6,1551.107218
56.930428,7,1551.263155
51.894555,8,1551.534633
57.270289,6,1551.649927
51.904452,8,1551.858938
56.989298,5,1552.02634
55.991855,7,1552.281432
58.388109,6,1552.409245
56.931945,5,1552.574685
51.099684,8,1552.84428
55.556254,7,1553.000114
58.144126,6,1553.117877
58.060883,6,1553.251605
56.95204,5,1553.378572
58.856573,6,1553.515132
57.565473,5,1553.690159
58.331522,6,1553.815412
58.774464,6,1553.943663
55.753967,7,1554.181086
56.946333,5,1554.306575
55.265111,7,1554.455585
58.078138,6,1554.590051
58.16233,6,1554.711327
57.165912,5,1554.874403
55.47949,7,1555.074642
55.918683,7,1555.230995
50.844093,8,1555.399701
55.155532,7,1555.634456
56.793455,5,1555.837844
54.991054,7,1556.078955
58.451161,6,1556.213945
51.51884,8,1556.479054
57.941299,6,1556.619438
58.898821,6,1556.756821
-6.840786,6,1556.870767
56.933117,5,1557.128903
56.08555,7,1557.249618
57.954004,5,1557.524047
59.053958,6,1557.615612
57.113863,5,1557.827946
52.372044,8,1558.123372
57.531484,6,1558.229706
57.003898,5,1558.422996
50.639447,8,1558.559676
56.272417,7,1558.709404
57.065993,5,1558.889302
50.561487,8,1559.044655
56.730696,5,1559.167875
-8.159328,5,1559.437162
58.922715,6,1559.549625
55.528252,7,1559.793896
56.749506,5,1560.025471
57.120655,6,1560.148453
58.892237,6,1560.281208
51.420595,8,1560.521657
56.956383,5,1560.629276
58.820195,6,1560.771993
58.186214,6,1560.899085
57.872383,6,1561.030301
56.74975,7,1561.183014
57.895886,5,1561.343605
52.010672,8,1561.476991
56.182105,7,1561.628944
56.76084,5,1561.840433
57.03092,5,1561.995267
58.443478,6,1562.1149
55.216974,7,1562.312102
56.858099,6,1562.443591
57.393399,6,1562.581901
55.660247,7,1562.733276
57.288318,6,1562.990841
57.946843,5,1563.144603
56.87857,5,1563.351185
56.207668,7,1563.501073
56.685436,5,1563.80599
59.084015,6,1563.934365
-6.923889,6,1564.210639
57.202755,5,1564.371625
57.92164,5,1564.492626
56.626367,7,1564.687863
-10.6806,7,1564.954224
56.465112,7,1565.1911
58.969086,6,1565.407299
57.970601,6,1565.524878
56.995898,7,1565.726314
57.887222,5,1565.875854
58.741354,6,1566.010466
59.069421,6,1566.124876
50.63555,8,1566.280441
56.984292,5,1566.516862
57.632625,6,1566.637665
58.839012,6,1566.753241
55.698023,7,1566.904456
57.749293,5,1567.130961
57.535257,6,1567.325565
57.541425,6,1567.419268
56.938998,5,1567.533828
56.635365,5,1567.740138
58.048942,6,1567.848178
57.188669,6,1567.958987
57.905044,5,1568.119278
58.976814,6,1568.343496
57.09337,5,1568.593321
59.076786,6,1568.707671
55.298335,7,1568.825832
-8.214197,6,1568.941515
-7.685128,6,1569.053214
55.962127,7,1569.294202
59.031548,6,1569.410466
55.287174,7,1569.55458
57.017867,5,1569.712714
59.012033,6,1569.8426
56.99363,5,1570.001188
58.582247,6,1570.218036
58.784336,6,1570.439818
57.034784,5,1570.608311
56.882959,5,1570.695954
58.833139,6,1570.821175
52.718625,8,1570.977353
58.679411,6,1571.103568
57.296935,6,1571.346149
57.939152,5,1571.554486
57.024578,5,1571.715791
56.751457,7,1571.967419
56.986779,6,1572.166488
57.116547,5,1572.337271
57.531827,6,1572.546784
52.645814,8,1572.758144
58.182269,6,1572.887277
57.021605,5,1573.041387
51.496957,8,1573.19988
55.47459,7,1573.467983
57.015031,5,1573.627002
50.656804,8,1573.795342
58.28032,6,1573.910833
56.350157,7,1574.056831
57.634654,5,1574.177129
52.341547,8,1574.356733
56.779633,7,1574.6101
57.246074,5,1574.78837
57.895643,5,1574.966764
57.958655,6,1575.195786
58.023239,6,1575.329777
56.256582,7,1575.490746
57.802908,6,1575.630581
59.048175,6,1575.747883
57.951148,5,1575.907684
57.00083,5,1576.131732
50.659262,8,1576.298678
59.000937,6,1576.402682
57.867201,5,1576.715011
57.947868,5,1576.91507
55.551478,7,1577.165157
57.045408,5,1577.254293
58.741979,6,1577.427865
51.430192,8,1577.628865
57.950782,5,1577.869751
59.058101,6,1577.999752
58.165926,6,1578.137789
50.467807,8,1578.300657
57.950037,6,1578.549166
57.581566,6,1578.798853
57.640521,6,1578.908888
57.427066,6,1579.043677
59.090747,6,1579.160584
58.902287,6,1579.29865
59.067549,6,1579.424974
51.570681,8,1579.581285
50.858748,8,1579.839464
59.055,6,1579.952726
55.065361,7,1580.073833
51.594781,8,1580.280195
52.343399,8,1580.575969
56.215252,7,1580.723184
57.943444,5,1580.935108
58.393244,6,1581.049311
57.005129,5,1581.26038
57.866228,5,1581.377265
56.278231,7,1581.575482
51.571568,8,1581.77738
57.19861,5,1582.03502
55.2016,7,1582.186838
57.657866,5,1582.424937
56.849865,7,1582.575326
57.084199,5,1582.774593
57.295374,6,1583.021006
54.688532,7,1583.157358
57.702735,6,1583.414655
57.049443,5,1583.583259
56.446815,5,1583.74077
59.060631,6,1583.870196
51.341196,8,1584.065856
57.937941,5,1584.302828
55.961992,7,1584.451355
57.864896,6,1584.581064
55.43962,7,1584.812469
56.744795,5,1585.049435
59.013698,6,1585.166938
57.341682,6,1585.339278
56.176157,5,1585.471068
56.954261,5,1585.628344
56.868535,7,1585.860817
57.062107,5,1586.029362
58.308626,6,1586.15634
58.065244,6,1586.332257
51.459286,8,1586.530758
51.480514,8,1586.78779
57.095599,5,1586.952745
55.641415,7,1587.18663
59.087958,6,1587.304333
58.282361,6,1587.432517
57.211535,5,1587.593395
-6.130184,6,1587.930955
58.887064,6,1588.06819
57.679549,5,1588.280653
51.422598,8,1588.536243
56.795004,5,1588.655183
58.99864,6,1588.779841
56.196824,7,1589.046868
58.952725,6,1589.183426
57.753589,6,1589.296988
50.903839,8,1589.503166
57.028382,5,1589.676669
58.103861,6,1589.825336
51.4584,8,1590.037892
59.06989,6,1590.162405
57.747929,6,1590.319763
58.177801,6,1590.429438
57.481989,6,1590.762557
57.144331,6,1590.902984
58.033891,6,1591.05483
56.573554,7,1591.215487
57.011192,5,1591.407887
59.002918,6,1591.540597
57.866049,5,1591.72248
59.038278,6,1591.845148
55.490335,7,1592.093897
55.763025,7,1592.362173
56.98909,5,1592.600944
57.873409,6,1592.711106
57.776121,5,1593.000379
57.365221,6,1593.198276
59.059594,6,1593.327569
59.074701,6,1593.447013
52.619301,8,1593.710875
58.974798,6,1593.874293
56.884607,7,1594.074036
56.902402,7,1594.218376
57.685986,5,1594.416597
55.54572,7,1594.622864
56.998082,6,1594.767132
51.437666,8,1594.982985
56.045938,7,1595.238354
58.937586,6,1595.343608
55.739032,7,1595.543932
57.898857,5,1595.716583
56.67002,7,1595.866256
58.004561,6,1596.0025
57.949428,6,1596.140336
57.568631,6,1596.337166
56.784243,5,1596.545943
56.517414,7,1596.69258
56.948294,5,1596.936939
59.064965,6,1597.06202
57.071264,5,1597.311022
57.933576,5,1597.481388
59.048884,6,1597.667459
55.526289,7,1597.827093
52.525248,8,1597.98709
56.187578,7,1598.228566
59.021929,6,1598.344371
57.940387,5,1598.513865
58.83075,6,1598.605991
59.064672,6,1598.734699
57.184685,5,1598.995732
56.68116,7,1599.148399
56.996914,5,1599.294755
57.224445,6,1599.539299
56.218442,7,1599.790612
56.922272,5,1599.942449
58.262159,6,1600.046177
59.003442,6,1600.187486
56.81068,5,1600.39074
57.982985,6,1600.538271
56.90829,5,1600.738419
58.885938,6,1600.832124
57.157861,6,1600.94576
57.932508,5,1601.139334
57.723222,5,1601.340643
58.253215,6,1601.467428
56.97728,5,1601.670788
58.562065,6,1601.816113
57.730728,5,1601.919294
58.416184,6,1602.049567
58.878098,6,1602.173484
57.943482,5,1602.469652
58.945169,6,1602.690455
58.049763,6,1602.822638
56.0163,7,1602.951076
58.97238,6,1603.088809
56.627347,7,1603.287488
51.357374,8,1603.44418
57.752472,5,1603.544825
58.098266,6,1603.672165
58.914018,6,1603.893232
57.937044,6,1604.033117
58.051852,6,1604.123029
57.103661,5,1604.316961
55.779215,7,1604.465393
-7.332061,5,1604.766389
57.941392,6,1604.855894
51.735725,8,1605.044901
52.846628,8,1605.202487
51.408086,8,1605.38663
57.404856,6,1605.492294
51.342473,8,1605.659308
57.952586,5,1605.819849
57.948299,6,1605.932229
56.928631,5,1606.102468
50.626393,8,1606.270367
57.550053,6,1606.491246
59.082765,6,1606.622458
55.714441,7,1606.772259
56.794544,7,1606.919914
-5.910043,6,1607.285101
58.065744,6,1607.402163
51.702738,8,1607.558041
59.039535,6,1607.67755
58.200908,6,1607.827239
57.929124,5,1607.989922
58.585884,6,1608.130327
57.57334,6,1608.275141
57.14596,5,1608.431273
55.868598,7,1608.579772
55.408218,7,1608.731857
58.050463,6,1608.85903
58.360245,6,1609.00219
58.58464,6,1609.142645
56.228879,7,1609.250974
58.989229,6,1609.357664
56.244167,7,1609.509684
-7.166049,6,1609.855174
57.914547,6,1609.998039
57.609259,6,1610.219064
51.593098,8,1610.431132
57.925275,6,1610.559818
54.958153,7,1610.749225
57.854173,5,1611.000983
58.303409,6,1611.140983
57.930291,5,1611.373493
51.107874,8,1611.53389
52.261318,8,1611.823447
55.664061,7,1612.018234
57.601812,6,1612.279707
58.636587,6,1612.408546
55.908748,7,1612.596356
57.013126,5,1612.775608
57.400421,6,1612.885101
58.157539,6,1613.024522
51.789147,8,1613.226757
55.883004,7,1613.374417
57.919909,5,1613.623947
58.239309,6,1613.756198
56.275138,7,1613.903054
54.998986,7,1614.149142
56.757677,5,1614.243359
59.06091,6,1614.364552
57.720908,5,1614.553684
58.971916,6,1614.691011
50.231246,8,1614.936409
58.198475,6,1615.038658
52.76666,8,1615.192424
56.706244,7,1615.341895
-8.040876,6,1615.443706
58.180084,6,1615.559913
55.272037,7,1615.706039
57.594388,6,1615.846207
57.234346,5,1616.05971
56.844787,5,1616.322113
57.941693,5,1616.489876
55.752936,7,1616.75673
57.614773,6,1616.895427
52.229686,8,1617.184048
55.568383,7,1617.373904
57.016891,6,1617.530769
55.585099,7,1617.679196
57.951346,6,1617.813917
58.96468,6,1617.907603
57.671841,5,1618.023497
57.571509,5,1618.231175
50.950337,8,1618.396645
59.081134,6,1618.510607
51.343857,8,1618.663
57.919199,5,1618.910329
56.607847,5,1619.079646
57.951973,5,1619.238037
58.150813,6,1619.455949
57.11409,5,1619.69875
57.081305,5,1619.860064
58.116474,6,1620.002483
58.898585,6,1620.142672
54.929032,7,1620.288579
56.971974,5,1620.447857
51.653893,8,1620.608135
56.425483,7,1620.852817
56.689291,5,1620.940866
59.057666,6,1621.077209
56.029054,7,1621.325326
56.778713,7,1621.57081
59.084924,6,1621.689512
56.254322,7,1621.881958
57.979153,6,1622.016579
57.742515,5,1622.120184
55.388061,7,1622.31357
56.041241,7,1622.437537
57.078332,5,1622.590498
-7.634168,6,1622.863554
59.019552,6,1622.985899
-11.559641,4,1623.068226
58.231694,6,1623.186086
58.390723,6,1623.300287
56.757424,7,1623.446268
55.090778,7,1623.61969
56.93318,5,1623.77172
57.433015,6,1623.909462
58.784022,6,1624.079443
55.596428,7,1624.355485
57.942754,5,1624.603385
55.984869,7,1624.748017
55.659527,7,1624.89791
58.580777,6,1625.117926
58.365987,6,1625.232746
58.990267,6,1625.40927
58.399487,6,1625.535184
57.928985,5,1625.789136
58.02728,6,1625.885885
56.724286,5,1626.109201
56.550761,7,1626.300096
57.368387,6,1626.503904
55.2478,7,1626.647941
55.742046,7,1626.88197
51.236164,8,1627.038481
57.832073,5,1627.286076
-5.914857,6,1627.637464
59.039648,6,1627.757328
56.275966,7,1627.942314
57.93486,5,1628.162913
57.266793,6,1628.285223
56.941919,5,1628.443435
50.418243,8,1628.63529
59.078215,6,1628.763582
56.911202,5,1628.921973
56.501174,7,1629.109786
57.433357,6,1629.252185
57.97301,6,1629.400358
58.220706,6,1629.530589
56.700585,5,1629.721725
58.54962,6,1629.850997
57.926869,5,1630.0904
51.471274,8,1630.259456
56.264452,7,1630.398855
58.131373,6,1630.584779
57.014738,5,1630.840683
59.074,6,1630.964809
57.913821,5,1631.092972
58.998248,6,1631.240464
50.920421,8,1631.482701
54.756771,7,1631.728639
57.280643,6,1631.989185
58.419451,6,1632.172253
57.15872,5,1632.430133
57.907407,5,1632.551554
-6.087237,6,1632.876674
50.406514,8,1633.037532
59.029702,6,1633.16782
57.863855,6,1633.303387
56.942857,5,1633.537445
57.341207,6,1633.802488
50.521547,8,1634.066765
57.749983,5,1634.267161
55.655384,7,1634.485312
59.078955,6,1634.607555
59.061441,6,1634.724628
57.91332,6,1634.901994
59.031758,6,1635.031643
59.065965,6,1635.156936
-6.92188,6,1635.507594
59.087015,6,1635.623043
57.868702,5,1635.721706
58.999024,6,1635.85463
58.223287,6,1636.068334
56.631285,7,1636.319152
56.237521,7,1636.464104
57.99769,6,1636.601488
58.29587,6,1636.717745
52.537974,8,1636.873245
57.615875,6,1637.013713
51.643593,8,1637.168114
50.666419,8,1637.361689
57.279717,5,1637.568689
58.285724,6,1637.693693
56.641968,5,1637.813344
51.467659,8,1637.972054
-8.357441,5,1638.235278
58.160442,6,1638.380851
56.679375,5,1638.488178
52.632357,8,1638.745424
50.48924,8,1639.021759
56.552723,7,1639.173512
57.912648,5,1639.470843
57.95733,6,1639.574691
57.091939,5,1639.812485
59.072861,6,1639.940669
58.309367,6,1640.220483
58.652542,6,1640.366049
56.348229,7,1640.514123
50.450495,8,1640.68028
56.867561,5,1640.89753
55.206653,7,1641.055708
58.280082,6,1641.274641
51.598996,8,1641.444532
57.033931,6,1641.719027
51.41155,8,1641.9888
57.694099,5,1642.191535
56.973404,7,1642.457015
-10.539448,7,1642.660139
-6.611348,6,1642.899459
57.575962,5,1643.123032
59.029699,6,1643.254225
57.034595,5,1643.416796
59.034344,6,1643.554553
58.881337,6,1643.647175
56.952719,5,1643.816653
57.683821,5,1644.004326
56.865049,5,1644.201486
57.042696,5,1644.429323
58.872147,6,1644.517432
58.111412,6,1644.652511
57.239819,5,1644.811731
56.31111,7,1644.957262
57.043,5,1645.12756
56.096693,7,1645.367201
51.372575,8,1645.614731
55.394619,7,1645.757503
51.128046,8,1646.017162
56.919688,5,1646.136335
57.113693,5,1646.365776
58.160842,6,1646.552537
57.818965,5,1646.725682
-8.255842,5,1646.826932
-9.013998,6,1646.938244
57.541856,6,1647.081576
56.930803,7,1647.268323
51.264342,8,1647.419819
57.748729,6,1647.560073
57.803828,5,1647.731791
58.144873,6,1647.986886
55.376649,7,1648.146344
58.87276,6,1648.330091
56.709471,6,1648.578787
52.472378,8,1648.731381
56.720403,5,1648.861609
56.033473,7,1649.089192
58.19528,6,1649.195427
57.293821,5,1649.341837
51.243393,8,1649.599236
52.370366,8,1649.762876
59.078948,6,1649.891696
58.106388,6,1650.148316
57.188241,6,1650.395079
57.046087,5,1650.515512
56.821071,5,1650.679865
55.035082,7,1650.915586
56.929674,5,1651.077958
58.891701,6,1651.217242
57.777783,6,1651.337836
56.938158,5,1651.501261
57.365635,6,1651.693976
58.18357,6,1651.836142
59.039285,6,1651.961549
56.743006,5,1652.19174
57.766474,5,1652.281458
56.32867,7,1652.521228
56.973385,5,1652.720358
57.126312,5,1652.954965
57.72065,5,1653.144373
50.284223,8,1653.406581
58.319827,6,1653.531295
-9.028803,7,1653.865104
57.759112,6,1654.037446
58.175361,6,1654.211846
56.700787,5,1654.415226
58.192649,6,1654.531723
58.987641,6,1654.651472
57.968495,6,1654.904314
59.02834,6,1655.03001
56.959736,5,1655.252611
57.1159,5,1655.422776
58.185539,6,1655.540059
58.107461,6,1655.667644
56.96341,6,1655.913623
52.535348,8,1656.18718
58.780867,6,1656.318543
58.114572,6,1656.43792
58.898963,6,1656.566182
58.164328,6,1656.671152
50.480871,8,1656.899242
57.749963,5,1657.1012
57.738919,5,1657.295113
57.891914,5,1657.412006
57.026129,5,1657.631836
58.600107,6,1657.84847
57.908367,6,1657.968961
56.236991,7,1658.118658
58.990096,6,1658.242317
58.011605,6,1658.355718
57.842867,5,1658.520528
51.589343,8,1658.734352
59.059449,6,1658.863523
58.718222,6,1659.088425
57.143878,5,1659.270564
52.474099,8,1659.542751
58.338332,6,1659.669332
57.936974,5,1659.933934
57.711366,5,1660.129194
56.185259,7,1660.279718
58.85773,6,1660.504693
57.099302,5,1660.764482
58.296946,6,1660.869707
58.062887,6,1660.999928
59.031033,6,1661.113865
50.68796,8,1661.281227
55.990923,7,1661.426561
59.067714,6,1661.549803
57.695814,5,1661.739993
57.659161,5,1661.978576
-8.668713,6,1662.078971
56.414237,7,1662.327017
57.94865,5,1662.491428
57.928873,5,1662.732185
58.385373,6,1662.86446
57.659682,5,1662.982628
59.018752,6,1663.20576
58.394685,6,1663.341474
51.897345,8,1663.506561
57.949921,6,1663.794528
58.907684,6,1663.914414
58.949882,6,1664.061431
50.713804,8,1664.371718
56.898113,5,1664.635766
57.26968,6,1664.859032
57.60704,6,1665.004658
51.618709,8,1665.17117
57.649839,5,1665.379867
57.93651,5,1665.550166
55.793295,7,1665.702362
58.911473,6,1665.796859
57.130968,5,1666.054975
56.273285,7,1666.20405
51.547592,8,1666.404009
58.968879,6,1666.532378
58.369111,6,1666.66
56.936264,5,1666.820354
57.056557,5,1667.081135
57.950681,5,1667.25196
58.247454,6,1667.401109
51.453717,8,1667.536697
55.804403,7,1667.681362
57.919176,5,1667.852759
55.838047,7,1668.065431
58.954336,6,1668.210773
57.699499,6,1668.335879
58.804685,6,1668.484268
56.12665,7,1668.758955
58.251351,6,1668.87423
58.329055,6,1668.999456
57.768238,5,1669.17828
56.980466,5,1669.409241
57.882831,6,1669.497951
58.971576,6,1669.641176
58.326524,6,1669.782077
57.929827,5,1669.945832
57.070636,5,1670.109797
51.375134,8,1670.276225
51.879376,8,1670.442527
57.310419,5,1670.602409
56.673405,5,1670.805749
51.484153,8,1671.030171
54.0585,7,1671.204067
56.351706,7,1671.357332
58.243711,6,1671.5024
59.08405,6,1671.623774
57.946265,5,1671.790969
57.717702,6,1672.0166
57.758025,5,1672.264438
50.361599,8,1672.513376
55.891595,7,1672.71739
56.828104,5,1672.843119
57.947043,5,1673.098652
57.838223,5,1673.276546
56.943186,5,1673.535222
58.943364,6,1673.65108
57.852901,6,1673.877615
51.304089,8,1674.07755
58.022174,6,1674.215114
56.344925,7,1674.417943
55.848444,7,1674.57416
57.03749,5,1674.691995
57.345519,6,1674.899761
57.903505,5,1675.117034
57.873444,6,1675.260273
58.183672,6,1675.385523
51.612667,8,1675.583468
58.291147,6,1675.71361
51.287331,8,1675.956838
57.705068,5,1676.160921
58.041057,6,1676.269573
57.182814,6,1676.533631
51.488613,8,1676.735414
58.765193,6,1676.86322
55.306303,7,1677.141784
56.868068,7,1677.388383
58.256227,6,1677.504931
57.325466,6,1677.760049
51.826999,8,1677.960161
57.921109,5,1678.194968
57.71303,5,1678.367892
57.030476,5,1678.626544
57.052472,5,1678.898681
55.336083,7,1679.019346
56.658067,7,1679.215803
57.782015,5,1679.41014
57.786799,5,1679.593785
57.949692,5,1679.847476
56.506651,7,1679.997363
57.935374,5,1680.159199
56.898455,5,1680.349316
57.558863,6,1680.567256
58.700738,6,1680.706495
51.589944,8,1680.876232
58.996941,6,1681.11661
59.049751,6,1681.249592
57.864614,5,1681.375641
58.382476,6,1681.504735
56.135241,7,1681.64788
52.228043,8,1681.914652
57.294817,5,1682.172395
57.418138,6,1682.387987
59.080793,6,1682.506971
57.700928,5,1682.656437
52.472237,8,1682.813768
56.966026,5,1682.972567
57.276509,6,1683.231933
55.131683,7,1683.511562
59.079322,6,1683.641269
52.529543,8,1683.799766
57.080561,5,1683.969895
57.015283,5,1684.137005
56.758402,7,1684.398301
58.326009,6,1684.659379
58.292324,6,1684.785756
50.978374,8,1685.066776
57.328908,6,1685.333459
58.747823,6,1685.567619
59.003863,6,1685.708027
57.914967,5,1685.881154
50.736526,8,1686.09502
58.964157,6,1686.248695
51.616936,8,1686.447159
57.604842,5,1686.664978
50.353495,8,1686.915208
-8.232285,5,1687.185641
57.934191,5,1687.378677
58.382268,6,1687.498844
59.0933,6,1687.62754
58.967252,6,1687.758033
55.309297,7,1687.969034
55.464501,7,1688.15952
59.064242,6,1688.28957
57.160406,5,1688.542611
57.910009,5,1688.705833
59.081759,6,1688.833563
51.352089,8,1689.035239
51.262927,8,1689.188207
57.148285,5,1689.366824
56.725144,5,1689.478996
59.031732,6,1689.596525
57.773828,5,1689.845851
58.182577,6,1689.967537
57.940164,5,1690.210841
59.086686,6,1690.333565
55.429895,7,1690.475238
58.91917,6,1690.638758
50.382212,8,1690.838594
56.980995,5,1690.996623
57.109076,5,1691.097971
57.789821,5,1691.271961
57.314086,5,1691.38956
51.45556,8,1691.548784
57.074712,5,1691.667354
57.646334,5,1691.804651
56.681986,5,1692.054022
57.936293,5,1692.212769
57.089673,5,1692.392655
56.941999,7,1692.58282
51.595735,8,1692.830087
58.156827,6,1693.028887
-8.880026,5,1693.119864
58.187792,6,1693.2493
56.01279,7,1693.401381
50.333827,8,1693.606828
59.071797,6,1693.738242
58.874439,6,1693.881811
57.346925,6,1693.997162
51.589277,8,1694.195123
55.509267,7,1694.389512
56.752416,5,1694.494031
57.082725,5,1694.731356
57.707509,5,1694.822562
51.03065,8,1695.094597
52.459447,8,1695.343166
58.048514,6,1695.456857
56.849593,7,1695.645101
56.304633,7,1695.796109
50.607058,8,1695.995117
58.149785,6,1696.185055
57.644338,5,1696.356349
56.795733,5,1696.52589
58.946326,6,1696.674672
57.209201,5,1696.910781
57.94227,5,1697.087413
57.317958,5,1697.258113
56.686829,5,1697.469706
58.20494,6,1697.596806
58.909183,6,1697.711488
57.730807,6,1697.854316
58.43607,6,1697.986713
55.17355,7,1698.178367
59.077286,6,1698.307181
57.945825,5,1698.511839
59.06265,6,1698.636559
55.386077,7,1698.880648
56.294908,7,1699.032152
56.391031,7,1699.181962
51.245966,8,1699.349948
59.076296,6,1699.474587
56.822607,5,1699.606335
55.217472,7,1699.74762
57.145632,6,1699.934056
58.367246,6,1700.050524
57.184841,5,1700.222026
57.595236,6,1700.405467
51.468583,8,1700.579199
51.37842,8,1700.744717
58.337349,6,1700.888836
59.077898,6,1701.015175
52.268895,8,1701.285393
59.050158,6,1701.414618
56.789458,7,1701.569205
57.246171,5,1701.785278
59.054774,6,1701.914444
59.060532,6,1702.050472
57.249302,5,1702.219481
56.065678,7,1702.371436
57.881008,5,1702.632305
57.214344,5,1702.871139
56.670932,5,1703.027406
58.276746,6,1703.159113
59.073182,6,1703.294272
51.67536,8,1703.507762
58.235279,6,1703.703809
57.948575,5,1703.912072
58.159214,6,1704.001727
57.583899,6,1704.199865
56.338232,7,1704.349398
58.831886,6,1704.48056
58.845541,6,1704.607705
59.06648,6,1704.731818
51.424281,8,1704.904667
56.803289,5,1705.10216
58.37199,6,1705.38413
55.582031,7,1705.588964
59.055882,6,1705.716197
57.275583,6,1705.842621
56.486845,7,1706.055415
55.938943,7,1706.21308
55.725831,7,1706.463507
58.8291,6,1706.6093
56.725958,7,1706.861177
57.235462,5,1707.031466
58.153016,6,1707.229452
55.015709,7,1707.354422
52.209234,8,1707.515804
59.074765,6,1707.630519
56.629531,5,1707.748711
57.141553,5,1708.002223
57.508177,6,1708.195437
51.292017,8,1708.464597
56.861697,6,1708.592651
51.437255,8,1708.750525
55.612213,7,1708.898102
57.92376,6,1709.04053
55.514345,7,1709.277254
57.099615,5,1709.450413
57.890571,6,1709.600558
50.697697,8,1709.768585
55.997521,7,1709.913832
56.747606,5,1710.050711
58.130083,6,1710.194554
57.034905,5,1710.438893
58.993239,6,1710.58857
55.75857,7,1710.741714
51.516527,8,1710.85818
-6.933992,6,1711.085284
56.958599,5,1711.332119
52.318958,8,1711.539612
58.362303,6,1711.667836
57.57511,6,1711.789044
58.096113,6,1711.934813
51.731662,8,1712.19187
58.33083,6,1712.296156
57.873891,6,1712.42847
58.119261,6,1712.519624
56.801683,7,1712.750682
59.064896,6,1712.875138
55.615134,7,1713.108526
57.60403,5,1713.247421
56.056279,7,1713.397473
56.967562,5,1713.647127
57.29633,5,1713.809727
56.767525,7,1714.060355
51.325856,8,1714.226763
56.133245,7,1714.449718
57.668815,6,1714.62332
58.263997,6,1714.740519
59.065019,6,1714.857156
57.641557,6,1715.122463
57.205117,5,1715.359637
57.908302,5,1715.600608
51.26515,8,1715.761329
57.828884,5,1715.882001
57.04296,5,1716.129617
52.426868,8,1716.30113
59.06345,6,1716.41767
58.391419,6,1716.522386
51.315955,8,1716.688627
58.853654,6,1716.831129
58.227278,6,1717.082151
58.010375,6,1717.260384
58.142188,6,1717.513406
55.682903,7,1717.798977
55.586419,7,1717.951771
58.101378,6,1718.173365
51.336936,8,1718.423943
57.122019,5,1718.594293
57.294498,5,1718.753426
51.284414,8,1718.943697
58.13483,6,1719.061273
57.951608,5,1719.272053
55.833186,7,1719.422524
57.258837,6,1719.669611
57.833151,5,1719.835212
57.506452,6,1720.059199
56.269416,7,1720.208596
57.792072,5,1720.448409
-6.584627,6,1720.718804
58.085593,6,1720.86523
56.044075,7,1721.101845
-8.5157,5,1721.226107
51.101144,8,1721.400198
58.315446,6,1721.523114
52.773441,8,1721.678916
59.013272,6,1721.81061
59.06734,6,1721.942054
57.785728,5,1722.180625
56.360748,7,1722.414213
58.086231,6,1722.542732
51.419183,8,1722.702779
57.028597,5,1722.87796
58.38337,6,1722.993494
58.374702,6,1723.119013
58.056672,6,1723.315297
57.287985,6,1723.538219
57.749125,5,1723.712866
55.992532,7,1723.859379
59.028441,6,1723.949072
56.394334,7,1724.098681
57.946534,5,1724.271288
57.394351,6,1724.393819
51.664916,8,1724.651165
57.332708,6,1724.793607
57.121745,5,1725.055546
57.467621,6,1725.163858
50.949429,8,1725.332417
59.060191,6,1725.447578
51.619735,8,1725.614017
57.176968,5,1725.787386
56.343541,7,1725.940284
57.947839,5,1726.100745
55.961495,7,1726.352868
57.066889,5,1726.610747
56.754515,5,1726.78898
58.061533,6,1727.039206
56.071404,7,1727.194542
58.229331,6,1727.325762
58.321203,6,1727.465374
56.158452,7,1727.617321
-8.88146,6,1727.745975
56.503976,7,1727.936507
55.995016,7,1728.186977
55.325272,7,1728.328644
56.981328,5,1728.495323
59.065549,6,1728.622506
59.05812,6,1728.747488
59.053337,6,1728.870149
57.150675,5,1729.035121
57.92416,6,1729.171494
57.35073,6,1729.32924
58.008145,6,1729.475403
57.855031,6,1729.592397
56.36952,7,1729.824422
57.983461,6,1729.962317
56.200032,7,1730.105371
58.222764,6,1730.229075
51.338195,8,1730.475473
57.428731,6,1730.686153
57.522443,6,1730.828766
56.765397,7,1731.021497
59.05227,6,1731.147483
58.471956,6,1731.282193
58.918655,6,1731.420053
57.715487,5,1731.544265
58.349831,6,1731.671839
57.235926,6,1731.885102
56.820832,5,1732.037455
58.254027,6,1732.180326
56.012453,7,1732.374756
55.683531,7,1732.5004
57.879859,6,1732.611404
59.027081,6,1732.715385
58.105982,6,1732.844099
51.352293,8,1733.011297
56.719958,7,1733.166726
58.340578,6,1733.368879
57.900739,6,1733.460861
59.027847,6,1733.596292
58.540892,6,1733.744417
50.594944,8,1733.991209
58.851874,6,1734.125964
58.207789,6,1734.217473
55.847858,7,1734.490422
58.269299,6,1734.621171
57.606027,5,1734.838697
57.927819,5,1735.087799
57.896416,5,1735.3375
58.856351,6,1735.481538
57.165715,5,1735.729266
58.932735,6,1735.927634
51.484393,8,1736.134836
58.313776,6,1736.322599
59.082332,6,1736.451562
52.331104,8,1736.77914
57.595896,6,1736.966081
58.883859,6,1737.081084
57.099997,5,1737.324761
59.052173,6,1737.453439
58.834845,6,1737.637614
56.6855,5,1737.766096
57.767057,5,1737.957648
56.973265,5,1738.122801
57.94681,5,1738.292629
56.520253,7,1738.535605
52.353098,8,1738.71551
58.244757,6,1738.840294
59.009452,6,1739.02315
58.529158,6,1739.168065
59.023458,6,1739.303023
58.245366,6,1739.526588
57.939286,5,1739.689177
59.064285,6,1739.812522
57.267567,5,1740.042875
58.199613,6,1740.151163
56.616939,5,1740.354161
59.056259,6,1740.485464
59.04266,6,1740.61637
56.022973,7,1740.881315
57.767418,5,1741.120607
58.055016,6,1741.273173
58.452266,6,1741.448061
58.067074,6,1741.676345
56.565699,7,1741.87874
57.757742,5,1742.141364
59.057541,6,1742.273798
51.414002,8,1742.465718
57.566477,6,1742.678014
57.136709,5,1742.850197
51.33296,8,1743.016228
57.927369,5,1743.269874
57.069185,5,1743.486874
56.899125,5,1743.668121
58.208396,6,1743.937988
57.216283,6,1744.087322
50.825883,8,1744.276481
56.972805,5,1744.436629
55.729307,7,1744.719848
59.0698,6,1744.839308
59.068128,6,1744.956262
56.236771,7,1745.103333
51.405604,8,1745.270916
51.245494,8,1745.448004
51.545787,8,1745.719178
57.507386,6,1745.90302
57.060432,5,1746.072746
56.837349,5,1746.173446
56.775105,7,1746.324776
58.291709,6,1746.449961
57.803414,5,1746.634235
59.065617,6,1746.762452
57.93807,5,1747.005395
56.079658,7,1747.156151
52.439751,8,1747.319224
58.111004,6,1747.523457
57.641633,6,1747.737753
51.185435,8,1748.013771
56.82114,5,1748.256213
57.880199,5,1748.495254
56.924035,5,1748.647231
56.833911,5,1748.828224
57.231138,5,1748.990149
57.273083,5,1749.254121
59.000254,6,1749.348215
50.535911,8,1749.604133
50.341359,8,1749.763641
51.697158,8,1750.021246
56.383201,7,1750.28142
-7.258357,5,1750.503575
59.076266,6,1750.624035
56.74129,5,1750.745871
57.05306,5,1750.983404
57.163592,5,1751.228546
57.929967,5,1751.392959
51.361017,8,1751.595073
56.773334,5,1751.721924
58.277789,6,1751.843844
55.998882,7,1752.08706
57.009347,5,1752.344294
58.334737,6,1752.604299
55.55135,7,1752.721681
51.358573,8,1752.894847
-8.32952,5,1753.143484
57.790755,5,1753.324836
57.08112,5,1753.499829
50.636823,8,1753.673256
56.870398,5,1753.92675
57.684392,6,1754.155322
57.5937,6,1754.437477
58.90149,6,1754.538687
57.841274,5,1754.785708
51.388819,8,1754.950268
57.471292,6,1755.1758
59.051065,6,1755.305639
57.943247,6,1755.550025
58.323335,6,1755.660866
57.858661,6,1755.927156
57.952664,5,1756.053567
57.934967,5,1756.174288
56.194853,7,1756.363908
58.812194,6,1756.505951
57.428766,6,1756.623031
58.241481,6,1756.745909
57.0195,5,1756.979931
52.024427,8,1757.13607
59.06297,6,1757.26456
51.67068,8,1757.381918
56.105934,7,1757.571377
56.929545,5,1757.804909
59.065642,6,1757.921624
51.578637,8,1758.091049
-8.293519,5,1758.349783
51.572646,8,1758.511762
56.16725,7,1758.704946
57.945178,5,1758.956036
-6.300448,6,1759.30334
57.942842,5,1759.464522
57.67525,5,1759.589978
58.821903,6,1759.811456
55.759637,7,1760.047635
55.545555,7,1760.321636
54.975446,7,1760.570241
57.554667,6,1760.746773
57.187774,5,1760.910683
55.982308,7,1761.144587
56.603065,7,1761.311366
56.196841,7,1761.467193
58.363544,6,1761.596935
56.967425,5,1761.705293
57.933694,5,1761.949044
57.632561,6,1762.155609
56.616779,7,1762.399793
56.317572,7,1762.545042
58.07133,6,1762.673876
56.705254,5,1762.87863
58.859652,6,1762.974191
56.988243,5,1763.191739
55.312035,7,1763.347608
58.904887,6,1763.437739
55.555708,7,1763.636564
-10.639192,7,1763.752785
57.042647,5,1763.992028
59.02031,6,1764.112468
57.690508,5,1764.275946
57.186128,5,1764.525877
57.041946,5,1764.622668
57.754548,5,1764.86121
50.584697,8,1765.037625
56.205076,7,1765.186088
57.869569,6,1765.312088
51.593764,8,1765.443813
57.529525,5,1765.609013
56.170765,7,1765.803489
57.26421,5,1765.960764
51.180275,8,1766.101255
50.457496,8,1766.266957
57.552593,6,1766.44843
56.68956,7,1766.602183
57.024549,5,1766.902154
58.885205,6,1767.032417
58.124573,6,1767.207893
58.146942,6,1767.29877
58.149166,6,1767.551702
57.808686,6,1767.741978
58.798808,6,1767.872288
59.021227,6,1768.001169
57.689564,6,1768.146127
52.226968,8,1768.424345
51.568628,8,1768.696482
56.029786,7,1768.849962
57.663153,5,1769.081236
57.209011,5,1769.30011
51.241402,8,1769.46345
55.59265,7,1769.615347
51.403506,8,1769.810936
51.659953,8,1770.064437
57.763145,6,1770.168247
58.909514,6,1770.348336
56.757378,5,1770.562104
58.234755,6,1770.680618
52.54824,8,1770.931318
57.087741,7,1771.098047
56.528422,7,1771.352604
-7.362108,6,1771.696631
56.993216,5,1771.842774
58.793064,6,1771.958533
56.237015,7,1772.200009
57.932441,5,1772.417435
59.076087,6,1772.53414
55.676122,7,1772.796135
57.952587,5,1772.968038
59.004908,6,1773.058674
58.415631,6,1773.198904
59.070369,6,1773.316597
58.927341,6,1773.457943
-7.274141,5,1773.715996
56.005138,7,1773.968671
57.901786,5,1774.136195
57.579087,6,1774.372275
51.590675,8,1774.533297
55.572232,7,1774.728506
51.548876,8,1774.894561
57.154439,5,1775.016757
58.125426,6,1775.181094
57.6933,5,1775.39143
58.332287,6,1775.591646
58.802387,6,1775.713307
56.980956,5,1775.954849
56.977609,7,1776.109751
59.017171,6,1776.231112
52.731963,8,1776.488022
56.52473,7,1776.641174
56.747204,5,1776.890444
57.931353,5,1777.051209
56.070926,7,1777.343947
57.110895,5,1777.519404
56.054338,7,1777.668305
58.858485,6,1777.787171
57.062361,7,1777.936913
56.361653,7,1778.137597
57.494982,6,1778.280087
51.486817,8,1778.448049
57.491518,6,1778.553293
59.015607,6,1778.642199
57.495494,6,1778.849693
56.995659,5,1779.067397
51.422903,8,1779.338324
58.256651,6,1779.442144
50.705777,8,1779.612411
58.448744,6,1779.731085
57.598768,6,1779.994217
57.168242,5,1780.16964
56.850113,7,1780.318396
57.604224,6,1780.51631
56.861298,5,1780.719623
57.935935,5,1780.95328
56.093669,7,1781.101556
57.346088,5,1781.357383
59.015102,6,1781.473337
58.057279,6,1781.567631
59.030081,6,1781.80101
57.936744,5,1782.053062
58.534051,6,1782.17822
58.356619,6,1782.294389
58.720606,6,1782.43956
58.792685,6,1782.66696
57.913936,5,1782.791206
51.577607,8,1782.974132
57.832206,6,1783.170547
58.012411,6,1783.366576
58.020567,6,1783.581186
57.132117,5,1783.872985
57.935476,5,1784.06192
58.854855,6,1784.151558
59.06008,6,1784.274992
58.062688,6,1784.449673
57.963793,6,1784.556344
51.183576,8,1784.801255
58.968941,6,1784.926327
58.963441,6,1785.050886
58.910767,6,1785.16531
58.997022,6,1785.285231
59.074641,6,1785.411506
51.548263,8,1785.67287
58.952183,6,1785.807581
57.301803,5,1786.019309
56.964655,5,1786.193064
58.359666,6,1786.430909
57.758476,6,1786.695317
57.03243,5,1786.961334
57.317545,5,1787.12129
59.087949,6,1787.24586
58.279391,6,1787.378084
58.062546,6,1787.641899
58.274483,6,1787.762704
59.002796,6,1787.891843
51.601443,8,1788.102711
56.506611,7,1788.26118
57.022616,5,1788.450694
55.771314,7,1788.596795
57.81957,6,1788.694587
55.524734,7,1788.844375
51.488102,8,1789.104801
51.644146,8,1789.264619
56.179595,7,1789.481974
58.292273,6,1789.744128
57.012063,5,1789.906271
56.3306,7,1790.095311
59.050425,6,1790.212069
58.127235,6,1790.343808
56.064407,7,1790.630952
51.722929,8,1790.837888
57.776676,5,1790.932068
58.191231,6,1791.065557
58.292549,6,1791.194972
59.026709,6,1791.430127
51.647318,8,1791.648067
58.911082,6,1791.82699
59.007796,6,1791.916102
59.053804,6,1792.045856
51.353553,8,1792.211019
57.940312,5,1792.379635
57.062811,5,1792.616346
51.535368,8,1792.862374
58.840119,6,1792.957113
57.730592,6,1793.155757
58.015649,6,1793.284181
57.183273,5,1793.460206
58.673167,6,1793.634633
56.697105,7,1793.869957
50.898246,8,1794.033792
59.074076,6,1794.159649
57.675271,6,1794.297859
58.968128,6,1794.387128
57.760684,6,1794.530448
56.850632,5,1794.696672
51.444039,8,1794.863333
59.056857,6,1794.986461
57.977061,6,1795.224816
57.998584,6,1795.490957
57.140802,5,1795.65535
57.269436,5,1795.839375
55.535374,7,1796.004362
56.617409,7,1796.156592
57.121912,5,1796.317327
50.75826,8,1796.526901
55.482371,7,1796.804059
58.050286,6,1797.039213
56.822394,5,1797.23264
57.928397,5,1797.393025
56.949016,5,1797.600724
56.097326,7,1797.857584
57.920613,5,1798.003886
57.730299,6,1798.145179
56.938471,5,1798.307951
57.878624,6,1798.442081
57.125377,5,1798.693771
58.236525,6,1798.902362
58.200691,6,1799.03441
57.898314,6,1799.281144
58.294653,6,1799.407666
57.908941,6,1799.503735
56.749801,5,1799.685296
57.160189,5,1799.930366
58.934061,6,1800.061076
59.067139,6,1800.177672
56.906866,5,1800.362008
57.575003,6,1800.501105
57.156277,6,1800.767735
51.38993,8,1800.939116
-8.196633,5,1801.054937
57.853558,6,1801.252775
56.218316,7,1801.500879
56.983341,5,1801.66938
55.828781,7,1801.943637
52.589155,8,1802.101934
51.558314,8,1802.267459
57.884154,5,1802.436974
59.075548,6,1802.564669
58.284674,6,1802.672025
57.417113,6,1802.775686
57.874809,6,1802.978331
56.959147,5,1803.097938
-8.154421,5,1803.336279
57.866544,5,1803.587797
58.099147,6,1803.692785
56.350346,7,1803.893118
58.885139,6,1804.014313
59.079335,6,1804.146706
57.730703,5,1804.357489
56.869938,5,1804.556171
51.571208,8,1804.722205
51.607554,8,1804.97826
59.06404,6,1805.102953
59.018196,6,1805.325831
58.916328,6,1805.419485
58.265905,6,1805.541671
58.325571,6,1805.640389
56.889715,7,1805.894874
57.082927,5,1806.13353
57.459951,6,1806.30761
58.110186,6,1806.437326
50.577262,8,1806.635041
57.944703,5,1806.810444
-7.879488,6,1806.999708
57.855476,6,1807.103363
57.924964,5,1807.288302
57.367905,6,1807.504426
57.684221,6,1807.636878
51.24693,8,1807.79951
57.673961,5,1808.001017
56.823014,5,1808.18004
57.862038,6,1808.295196
57.935982,5,1808.453028
51.619502,8,1808.620852
57.071713,5,1808.876007
56.085939,7,1809.108361
57.113285,5,1809.231989
58.761313,6,1809.38263
57.328087,5,1809.580862
57.864868,6,1809.797037
57.157197,5,1810.096482
56.784024,7,1810.39408
57.882706,5,1810.575336
50.721183,8,1810.751473
59.072695,6,1810.870232
56.981636,5,1811.0536
57.079063,5,1811.302396
58.286644,6,1811.443843
58.087276,6,1811.591105
58.048076,6,1811.87261
57.621528,6,1812.019005
57.561296,6,1812.161506
56.683938,7,1812.315073
57.843007,6,1812.433821
-9.714852,7,1812.6632
57.666338,5,1812.89448
55.81013,7,1813.086677
50.572078,8,1813.253947
58.905687,6,1813.351828
57.340606,5,1813.544379
51.686569,8,1813.74676
56.70687,5,1813.94332
58.034245,6,1814.10243
58.938658,6,1814.236658
50.673028,8,1814.492152
59.077823,6,1814.611365
59.034378,6,1814.753053
57.323971,5,1814.97161
51.307051,8,1815.139183
57.281739,6,1815.249565
55.240578,7,1815.396487
58.006013,6,1815.592406
57.17713,5,1815.771293
51.746542,8,1815.985678
57.926097,6,1816.161251
56.933077,5,1816.408013
57.718659,6,1816.513713
51.564187,8,1816.685657
51.50323,8,1816.95203
57.883513,6,1817.126807
57.100139,5,1817.375135
59.078738,6,1817.512526
57.874955,6,1817.643929
56.881776,5,1817.799182
58.004266,6,1817.931285
57.567614,5,1818.149112
58.940722,6,1818.239349
59.08176,6,1818.361313
56.950956,5,1818.570761
56.708182,7,1818.813255
56.825747,7,1819.014196
58.321978,6,1819.142088
57.954896,6,1819.245595
58.125749,6,1819.368819
58.350657,6,1819.516114
58.76714,6,1819.693687
56.895677,5,1819.879092
57.950649,5,1820.141087
58.929707,6,1820.269013
59.081562,6,1820.396805
57.221105,5,1820.643066
51.784766,8,1820.813948
58.099911,6,1821.030668
58.275652,6,1821.131437
58.172482,6,1821.275004
51.660863,8,1821.568086
58.636387,6,1821.696861
56.117285,7,1821.903951
57.82341,6,1822.043127
57.946081,5,1822.213893
57.562478,6,1822.48643
58.419978,6,1822.622886
56.800259,5,1822.76892
58.231629,6,1822.855669
52.203004,8,1823.115137
56.914904,5,1823.275806
57.921917,6,1823.484269
57.108217,5,1823.740586
57.933073,5,1823.97277
56.847412,5,1824.095216
58.048408,6,1824.24779
58.611067,6,1824.391266
57.323208,6,1824.575695
50.490081,8,1824.737914
57.121485,5,1824.85766
52.682143,8,1825.021195
50.551706,8,1825.219509
-6.816557,6,1825.579143
57.904708,5,1825.742474
57.923411,5,1825.999099
-7.304912,5,1826.246972
57.920004,6,1826.425781
57.542603,6,1826.647403
58.977802,6,1826.787178
57.85172,5,1826.963187
58.821894,6,1827.105727
51.385995,8,1827.257439
57.092921,5,1827.424559
58.042155,6,1827.54079
57.195852,5,1827.821629
57.170119,5,1828.066904
59.069432,6,1828.19886
57.943885,5,1828.449561
58.277043,6,1828.714896
58.760753,6,1828.889661
51.539381,8,1829.156573
51.585112,8,1829.314732
59.08217,6,1829.458606
-7.262943,6,1829.690445
59.061706,6,1829.821116
58.274086,6,1829.937739
57.276444,5,1830.107695
52.297083,8,1830.270838
51.40087,8,1830.430892
58.062052,6,1830.555761
58.905389,6,1830.686573
57.871652,5,1830.848605
57.603255,6,1830.99699
58.080153,6,1831.090244
58.700883,6,1831.199622
59.087453,6,1831.317286
57.17915,7,1831.482211
57.483973,6,1831.625614
57.944148,5,1831.876244
58.914803,6,1832.009002
58.638678,6,1832.143891
58.901609,6,1832.320166
59.016464,6,1832.548635
58.021732,6,1832.757936
57.904756,5,1833.002166
58.684597,6,1833.177425
58.55151,6,1833.299279
57.179872,5,1833.547183
57.889896,5,1833.719009
57.807527,6,1833.859332
56.943482,5,1834.091802
58.959745,6,1834.286616
51.76621,8,1834.544493
56.922802,7,1834.69923
57.24746,5,1834.866542
58.34479,6,1834.996724
58.913186,6,1835.137941
51.475903,8,1835.305449
58.695046,6,1835.426214
56.02002,7,1835.611898
57.567675,6,1835.804825
57.325194,5,1836.025683
55.519783,7,1836.192485
55.668278,7,1836.435758
59.068092,6,1836.550727
59.071228,6,1836.692825
57.007354,5,1836.926882
58.761973,6,1837.159229
58.768406,6,1837.250123
51.270183,8,1837.515896
57.848874,6,1837.651639
57.921317,5,1837.813605
56.833852,5,1838.003772
58.207354,6,1838.250195
57.754838,5,1838.507278
51.438772,8,1838.669977
59.080485,6,1838.814054
51.367057,8,1839.059531
55.526658,7,1839.204715
56.8495,5,1839.326406
56.508274,5,1839.532858
59.081768,6,1839.669755
58.246161,6,1839.7867
57.862427,6,1839.877388
58.190874,6,1840.00865
57.767516,6,1840.139487
56.906355,5,1840.245236
56.018278,7,1840.392566
57.929905,5,1840.650758
50.5031,8,1840.825571
51.821804,8,1841.006701
58.087839,6,1841.137486
57.187538,6,1841.390468
59.050265,6,1841.566332
57.061056,5,1841.724069
56.994819,5,1841.825433
59.000654,6,1841.920985
57.93308,5,1842.081783
59.059327,6,1842.212529
51.608546,8,1842.480504
57.913898,5,1842.74524
58.323452,6,1842.873969
57.97642,6,1843.010772
58.447197,6,1843.139387
57.876406,5,1843.386641
58.901919,6,1843.508759
57.05582,5,1843.718678
57.99881,6,1843.847018
57.667984,5,1843.962911
55.042377,7,1844.154128
50.773974,8,1844.365463
57.099934,6,1844.581057
56.914015,5,1844.735817
51.136801,8,1844.930712
58.06329,6,1845.061097
54.834285,7,1845.307329
57.982035,6,1845.440557
58.810547,6,1845.562081
57.519816,6,1845.753083
58.330988,6,1845.896216
57.03046,5,1846.054716
58.262463,6,1846.170193
56.729942,5,1846.382807
58.182418,6,1846.487035
57.072275,5,1846.661474
56.61872,7,1846.77957
50.854526,8,1847.026093
57.9233,5,1847.281716
-6.900037,6,1847.633635
58.989967,6,1847.883967
52.545306,8,1848.126938
58.148322,6,1848.34883
57.713641,5,1848.446123
56.995781,5,1848.639194
56.217588,7,1848.887564
57.210053,5,1849.058958
57.831689,6,1849.304764
-8.165669,5,1849.409495
51.53246,8,1849.543163
58.216873,6,1849.687492
57.885411,5,1849.939
57.078464,6,1850.161777
58.960466,6,1850.291577
57.871264,6,1850.395608
51.315356,8,1850.641102
51.357665,8,1850.835716
57.188366,5,1851.005167
51.41302,8,1851.179767
57.791654,6,1851.369158
56.845997,7,1851.533372
56.715961,5,1851.776658
56.837309,7,1851.974613
56.41444,7,1852.190744
58.259076,6,1852.441473
51.528952,8,1852.607734
51.430398,8,1852.769055
57.927611,5,1852.944564
58.859365,6,1853.072199
56.45832,7,1853.193712
58.739036,6,1853.339922
51.731817,8,1853.596125
50.597222,8,1853.864525
56.42743,7,1854.018798
57.219211,6,1854.230339
58.938683,6,1854.361942
57.765483,6,1854.481268
56.792913,5,1854.681313
51.294939,8,1854.846732
55.788972,7,1855.001194
57.886563,6,1855.21453
57.733715,6,1855.411027
58.089471,6,1855.544391
58.574322,6,1855.688254
58.10694,6,1855.817191
57.909313,5,1855.97955
58.868441,6,1856.115604
58.001594,6,1856.304103
56.983786,5,1856.54402
51.622734,8,1856.701397
55.921195,7,1856.937276
51.516988,8,1857.100855
57.87704,5,1857.359478
56.881457,5,1857.526446
57.932359,6,1857.667594
51.461015,8,1857.91599
56.462274,7,1858.155011
51.64687,8,1858.289812
58.559905,6,1858.507337
56.658187,7,1858.702018
59.023673,6,1858.924478
57.824376,5,1859.045985
59.054843,6,1859.271409
56.177878,7,1859.518634
58.996289,6,1859.613755
56.524069,7,1859.767377
55.965452,7,1859.956945
58.343318,6,1860.129218
55.980397,7,1860.320859
56.68442,7,1860.573484
59.068872,6,1860.706483
58.919001,6,1860.837509
50.541798,8,1861.035475
57.011748,7,1861.235395
57.829432,6,1861.371291
57.389137,6,1861.62243
57.856404,5,1861.881428
59.078943,6,1862.004782
58.50015,6,1862.148195
57.723073,6,1862.330992
56.197847,7,1862.480314
58.163314,6,1862.67001
56.820564,5,1862.871657
56.749881,5,1862.981757
56.157869,7,1863.17612
56.233197,7,1863.326398
59.060573,6,1863.449537
57.261162,7,1863.596776
58.851587,6,1863.740449
51.439748,8,1863.94848
59.061789,6,1864.03934
-5.921905,6,1864.305311
57.807974,6,1864.558993
56.047142,7,1864.792678
57.906299,5,1864.892868
58.319056,6,1865.011256
56.045556,7,1865.16115
57.124314,5,1865.319324
57.094505,5,1865.481901
55.93428,7,1865.673196
57.3653,6,1865.779966
56.571436,7,1865.925674
57.929504,6,1866.057512
59.081809,6,1866.173252
58.703512,6,1866.32373
56.262458,7,1866.470371
58.874777,6,1866.697015
58.352295,6,1866.787183
56.163244,7,1866.943227
57.981961,6,1867.136816
51.482736,8,1867.30322
52.446481,8,1867.558506
58.945595,6,1867.699391
58.79982,6,1867.83159
57.945402,5,1868.086488
58.525276,6,1868.299684
57.987381,6,1868.501073
-7.881694,6,1868.76807
56.104404,7,1868.91457
59.048401,6,1869.036011
57.713076,5,1869.191726
56.729722,7,1869.346879
55.890985,7,1869.500597
58.074953,6,1869.636359
56.941986,5,1869.875434
56.913502,5,1870.164807
58.096725,6,1870.299531
58.906695,6,1870.419453
51.605671,8,1870.658074
57.941961,5,1870.871252
57.10218,5,1871.030607
57.747398,6,1871.174419
50.727411,8,1871.343922
56.993241,5,1871.515599
57.250969,5,1871.677297
56.694186,7,1871.828509
58.757761,6,1871.942136
57.95107,5,1872.197393
57.742689,5,1872.355814
56.558876,7,1872.506083
56.740836,7,1872.664263
57.943909,6,1872.911302
57.744661,6,1873.179064
57.072444,5,1873.347153
57.287189,7,1873.489941
59.079715,6,1873.621607
50.699647,8,1873.78324
56.983397,5,1873.957976
57.734727,6,1874.210618
56.879961,5,1874.455495
59.032164,6,1874.574514
56.309296,7,1874.770285
57.932927,5,1874.948654
57.930024,5,1875.107327
51.712368,8,1875.266086
52.491778,8,1875.433453
56.365482,7,1875.632665
56.099501,7,1875.861057
58.608726,6,1876.00233
-9.806444,7,1876.174326
59.016821,6,1876.408063
56.539534,7,1876.660599
59.069594,6,1876.786703
59.054129,6,1876.918262
58.919672,6,1877.061474
56.856773,5,1877.258437
57.98928,6,1877.518067
57.88304,5,1877.768592
57.893624,5,1877.930513
58.89762,6,1878.02524
59.072772,6,1878.142659
58.405932,6,1878.269221
59.029426,6,1878.4042
58.334898,6,1878.655061
57.938888,5,1878.828126
58.253637,6,1879.091418
57.093623,5,1879.255308
57.929618,5,1879.415567
58.212983,6,1879.555051
57.922691,6,1879.7784
59.0734,6,1879.904606
58.319967,6,1880.017316
57.944437,5,1880.179963
58.831133,6,1880.26913
57.227846,6,1880.498295
59.055349,6,1880.632871
59.06821,6,1880.749136
51.486734,8,1880.916016
57.938725,5,1881.144567
56.854359,7,1881.353918
59.046985,6,1881.474149
56.198553,7,1881.624233
58.177026,6,1881.71547
51.582829,8,1881.848428
56.280394,7,1881.999766
58.049037,6,1882.108695
57.706878,5,1882.339909
56.953888,5,1882.576802
56.952792,5,1882.780185
58.75212,6,1882.911129
51.580648,8,1883.105417
57.861062,5,1883.359317
58.387735,6,1883.496211
57.93007,5,1883.731228
58.908941,6,1883.85043
57.083537,5,1884.07306
58.870293,6,1884.1993
58.866102,6,1884.332046
58.390851,6,1884.461294
56.221205,7,1884.610482
56.057321,7,1884.763824
59.077543,6,1884.919559
58.590026,6,1885.146679
56.368461,7,1885.307235
58.052655,6,1885.542211
56.129712,7,1885.755517
57.940764,5,1885.92788
58.133905,6,1886.04737
55.63184,7,1886.197087
57.214904,5,1886.450833
59.021118,6,1886.550344
55.787172,7,1886.700224
58.136871,6,1886.844377
57.154956,6,1887.041942
56.381659,7,1887.201643
57.821334,6,1887.404566
56.913875,5,1887.660846
56.741092,7,1887.913999
58.080399,6,1888.008928
56.364929,7,1888.242039
59.057533,6,1888.361753
57.888379,5,1888.61181
58.995842,6,1888.76869
57.89775,5,1889.029843
57.945129,5,1889.249131
59.069602,6,1889.387933
57.883435,5,1889.522308
55.980175,7,1889.676531
56.120089,7,1889.82422
59.045929,6,1889.954957
57.99431,6,1890.196308
56.812744,5,1890.354311
55.958976,7,1890.505225
58.317585,6,1890.679944
-6.583885,6,1891.040619
58.170309,6,1891.18585
55.897045,7,1891.437087
57.947069,5,1891.595471
58.957802,6,1891.689611
57.203614,5,1891.81245
58.741528,6,1891.956387
56.886751,5,1892.221797
52.361509,8,1892.380172
56.095256,7,1892.692412
58.366108,6,1892.836296
59.066447,6,1892.953012
57.864931,6,1893.085799
57.14997,5,1893.338044
57.447092,6,1893.454072
51.655276,8,1893.622499
58.599325,6,1893.854476
58.203424,6,1894.055286
59.067764,6,1894.185957
56.919614,5,1894.363854
58.412634,6,1894.479143
57.794308,5,1894.651441
57.932716,5,1894.831241
56.957685,5,1895.076047
58.98591,6,1895.166121
56.386996,5,1895.383985
55.81069,7,1895.5838
59.060912,6,1895.675498
55.774611,7,1895.834263
51.615067,8,1896.032939
59.052978,6,1896.148556
56.160064,7,1896.299933
51.579381,8,1896.554866
51.379107,8,1896.786951
58.248535,6,1896.911435
57.395255,6,1897.051994
58.084443,6,1897.190747
58.734679,6,1897.328972
51.381113,8,1897.49096
56.822739,5,1897.758567
57.319728,5,1897.99001
58.28759,6,1898.118872
56.673482,5,1898.297711
58.374331,6,1898.413067
57.76957,6,1898.664825
57.007534,6,1898.863946
52.488028,8,1899.122694
58.045061,6,1899.226229
57.890159,5,1899.399223
56.831256,5,1899.518549
59.092135,6,1899.649568
56.770134,5,1899.900951
55.690588,7,1900.093003
58.755629,6,1900.237714
57.227048,5,1900.356448
57.328184,6,1900.466101
59.077747,6,1900.580338
52.226489,8,1900.736876
57.871222,6,1900.841007
56.935913,7,1901.082142
56.935979,6,1901.21991
51.676398,8,1901.375323
56.911179,6,1901.508686
58.995559,6,1901.597652
-8.930187,6,1901.803472
56.63198,5,1901.973007
57.876406,5,1902.143402
57.037711,6,1902.291492
56.876502,6,1902.449968
56.081333,7,1902.611295
58.190618,6,1902.72954
57.753614,5,1902.992368
59.084945,6,1903.109866
57.970223,6,1903.224134
59.067088,6,1903.348397
57.94059,5,1903.509943
58.038561,6,1903.628632
57.416086,6,1903.774168
57.010882,5,1904.024301
58.313266,6,1904.154428
56.941909,5,1904.386829
57.067512,6,1904.518346
58.371683,6,1904.658638
56.517538,7,1904.818864
56.820157,5,1905.070338
57.992845,6,1905.191378
57.049952,5,1905.437723
57.930357,5,1905.598985
50.549353,8,1905.787487
58.345777,6,1905.909878
57.962713,6,1906.032305
51.544022,8,1906.189977
52.366177,8,1906.4399
58.978034,6,1906.559349
58.222527,6,1906.698348
58.989873,6,1906.848374
57.029805,5,1907.026797
57.073153,5,1907.282883
56.041525,7,1907.516327
55.645264,7,1907.665563
58.043273,6,1907.794314
57.189306,5,1908.015161
57.162675,5,1908.187737
56.833369,7,1908.423898
57.916344,5,1908.55765
56.962962,5,1908.719203
56.87186,6,1908.822958
50.498252,8,1908.982411
57.891811,6,1909.11964
57.3293,5,1909.352087
57.945626,5,1909.587971
57.070542,5,1909.758216
56.184209,7,1909.910572
58.349258,6,1910.000726
57.28323,6,1910.105442
58.185019,6,1910.227692
52.05414,8,1910.487662
57.738608,6,1910.595851
59.089365,6,1910.716567
59.072224,6,1910.840465
57.416269,6,1910.94509
57.941413,5,1911.065363
59.067726,6,1911.178448
51.649587,8,1911.43471
56.74131,5,1911.582938
56.741231,5,1911.712216
59.088937,6,1911.835423
57.930815,5,1911.99966
57.925746,5,1912.265224
57.688569,6,1912.529102
56.926178,5,1912.787509
56.33048,7,1912.974671
56.967116,7,1913.12181
56.951904,5,1913.285126
58.872641,6,1913.464627
52.429184,8,1913.620441
57.796901,6,1913.76452
58.295388,6,1914.012278
51.464367,8,1914.208977
55.315448,7,1914.40562
50.728693,8,1914.574584
-9.13434,5,1914.685096
57.134719,5,1914.913745
56.476629,7,1915.110875
-7.320674,5,1915.280797
52.457237,8,1915.528607
57.663539,6,1915.657952
56.764159,7,1915.848785
57.822163,6,1916.021861
58.391405,6,1916.150567
58.029067,6,1916.282785
57.847153,6,1916.41586
57.190145,6,1916.661518
59.02937,6,1916.789478
58.283122,6,1916.915282
58.514532,6,1917.042892
57.336542,6,1917.172115
55.51599,7,1917.417482
56.398436,7,1917.615999
-6.881535,6,1917.888584
58.248758,6,1918.019995
56.916147,6,1918.278736
58.884998,6,1918.408959
58.305199,6,1918.542747
58.127863,6,1918.667385
51.553889,8,1918.916277
51.529189,8,1919.122538
57.93387,5,1919.344923
57.939369,5,1919.611592
55.579487,7,1919.756157
57.171674,6,1920.007376
59.071114,6,1920.138633
58.29422,6,1920.328024
57.643452,6,1920.45849
57.921243,5,1920.713904
57.092549,5,1920.909316
55.87955,7,1921.051309
57.039456,5,1921.290188
57.8836,5,1921.447382
58.914915,6,1921.58849
51.428957,8,1921.805443
58.346956,6,1921.898122
52.147023,8,1922.163177
-9.302594,5,1922.279712
58.891859,6,1922.370378
51.491849,8,1922.560337
52.737621,8,1922.733185
52.414682,8,1922.887781
59.051975,6,1923.009971
56.534859,7,1923.149379
57.213687,5,1923.405912
59.029239,6,1923.519251
57.169048,5,1923.694452
57.061162,5,1923.9333
57.873303,6,1924.162591
57.500827,6,1924.395441
58.930756,6,1924.515481
57.673058,5,1924.620307
51.483683,8,1924.857689
58.16433,6,1924.996724
57.09131,7,1925.183532
-7.823171,7,1925.525933
59.042917,6,1925.653957
57.908799,5,1925.822261
59.087935,6,1925.94822
56.5722,7,1926.097472
58.76067,6,1926.216144
55.13338,7,1926.364625
57.273809,5,1926.522414
58.027409,6,1926.625892
55.643323,7,1926.874175
57.81898,5,1927.093748
57.930978,5,1927.255663
58.905326,6,1927.371107
55.55202,7,1927.515865
51.395693,8,1927.753296
57.925042,6,1927.941557
58.970501,6,1928.078613
59.053951,6,1928.201202
57.262703,6,1928.41986
56.72428,7,1928.575129
56.634277,7,1928.723361
-12.221631,8,1929.086495
57.929723,5,1929.262912
56.275112,7,1929.452752
58.832159,6,1929.591022
51.392907,8,1929.754616
57.738565,5,1929.952683
55.551177,7,1930.199595
52.569785,8,1930.402458
56.486728,7,1930.554709
57.647168,6,1930.803668
57.930138,6,1930.975314
57.908702,5,1931.218172
-8.290112,5,1931.35969
58.202401,6,1931.62555
57.216952,5,1931.857926
50.433671,8,1932.019554
-9.393412,7,1932.268462
58.136739,6,1932.384727
57.204613,5,1932.628386
57.997556,6,1932.76515
57.951807,5,1932.929413
57.050272,5,1933.087417
57.082397,5,1933.268166
50.780514,8,1933.431951
57.594045,5,1933.669282
50.684388,8,1933.860618
57.922175,5,1933.977799
58.270147,6,1934.231205
57.881764,5,1934.366113
56.415392,7,1934.513937
57.461345,6,1934.72385
59.04257,6,1934.852218
57.790416,5,1935.097788
56.918472,7,1935.244685
50.883984,8,1935.404192
59.057338,6,1935.518392
50.728406,8,1935.68084
55.980937,7,1935.914789
51.610842,8,1936.078322
57.02171,5,1936.248747
59.068435,6,1936.383352
52.086197,8,1936.55189
58.040471,6,1936.676583
58.108173,6,1936.817293
57.17655,5,1937.049011
56.951685,5,1937.284131
57.933348,6,1937.408354
58.289245,6,1937.537094
57.799386,6,1937.675177
56.844502,6,1937.777328
50.54219,8,1937.939951
57.23355,5,1938.185599
57.941425,5,1938.424407
58.320473,6,1938.524561
55.482705,7,1938.678847
57.910817,5,1938.964427
58.8202,6,1939.180544
57.564164,6,1939.294729
59.071316,6,1939.408229
58.641334,6,1939.574517
57.798288,6,1939.683704
51.469844,8,1939.887779
51.685774,8,1940.043879
57.9445,6,1940.145538
57.006396,5,1940.259074
56.894087,5,1940.426153
57.668603,5,1940.657789
58.323165,6,1940.935419
58.835304,6,1941.073107
59.039045,6,1941.209421
58.920624,6,1941.30216
59.078783,6,1941.421201
56.80729,5,1941.589671
56.419458,7,1941.776188
58.011929,6,1941.917304
57.057421,5,1942.080152
57.939132,5,1942.253608
57.114278,5,1942.471821
57.9344,5,1942.632952
59.072605,6,1942.758154
57.088685,5,1942.913302
57.616553,5,1943.157471
58.231007,6,1943.390462
58.009259,6,1943.531175
57.268949,6,1943.652761
56.781614,5,1943.890249
59.015316,6,1944.017563
55.980681,7,1944.290856
59.073356,6,1944.405703
57.252882,5,1944.556934
58.200367,6,1944.687635
51.756631,8,1944.885558
51.217336,8,1945.04162
57.60783,5,1945.25719
58.709616,6,1945.447424
59.085114,6,1945.575854
58.933674,6,1945.664655
57.774823,5,1945.909475
52.653722,8,1946.114995
57.931389,5,1946.365814
58.783529,6,1946.480501
55.904418,7,1946.671321
58.627339,6,1946.810502
56.169813,7,1946.960447
57.690914,5,1947.144522
58.057792,6,1947.254189
55.552025,7,1947.399967
56.657218,7,1947.549114
57.876594,5,1947.793022
57.925851,5,1947.953256
51.336051,8,1948.115096
57.982988,6,1948.362689
58.819204,6,1948.484639
57.946785,6,1948.67567
51.30678,8,1948.924634
57.298448,5,1949.092901
57.098295,5,1949.272315
58.028534,6,1949.460029
55.637604,7,1949.65733
50.636898,8,1949.893853
-5.911819,6,1950.119935
52.289143,8,1950.377657
58.623497,6,1950.513038
51.3078,8,1950.674757
56.81416,5,1950.910428
56.997591,5,1951.129272
58.323276,6,1951.249975
58.906591,6,1951.392197
58.319525,6,1951.537941
58.308665,6,1951.745728
57.097204,5,1951.945588
57.796101,6,1952.193615
57.221241,5,1952.353514
56.951933,5,1952.510322
58.186191,6,1952.630506
57.830708,5,1952.894096
51.452747,8,1953.055626
57.190712,5,1953.214031
-13.088096,8,1953.578558
50.647137,8,1953.824472
56.770668,5,1954.050875
56.991016,6,1954.227712
59.069973,6,1954.356923
59.064563,6,1954.471463
57.905423,5,1954.737123
52.452904,8,1954.996032
58.947531,6,1955.13423
58.006168,6,1955.266934
58.554474,6,1955.385131
59.079625,6,1955.518897
56.908267,5,1955.6355
59.063384,6,1955.752168
50.420996,8,1956.010088
55.263204,7,1956.246227
57.146511,7,1956.390434
52.711044,8,1956.551243
52.085594,8,1956.803846
56.9332,7,1956.999282
57.908979,5,1957.220858
57.951216,5,1957.445392
58.285329,6,1957.557093
58.025835,6,1957.771653
58.840847,6,1957.867556
51.634063,8,1958.031519
57.940206,5,1958.202639
51.541623,8,1958.378193
56.289187,7,1958.537143
58.305391,6,1958.821749
58.847834,6,1958.991724
58.086371,6,1959.262663
57.27951,7,1959.378376
-14.345879,8,1959.732215
59.062375,6,1959.85884
58.653915,6,1960.001859
57.031041,5,1960.198605
51.166713,8,1960.449213
57.930202,5,1960.611166
58.222111,6,1960.820801
57.946678,5,1960.955199
56.524925,7,1961.146807
57.875397,5,1961.309426
57.901431,5,1961.480189
57.694017,6,1961.675915
58.187156,6,1961.925635
56.969569,5,1962.103423
56.956579,6,1962.238843
55.739979,7,1962.3751
51.763347,8,1962.574514
52.364386,8,1962.852385
58.965627,6,1962.982941
56.965024,5,1963.202348
57.948225,6,1963.452093
57.887013,5,1963.620267
56.2531,7,1963.867697
50.708322,8,1964.030147
58.105129,6,1964.248162
52.603543,8,1964.411195
58.262234,6,1964.538421
59.030485,6,1964.667115
51.224531,8,1964.908431
57.428407,6,1965.040774
58.868468,6,1965.186967
50.378153,8,1965.387833
57.315245,5,1965.619984
51.491292,8,1965.78467
59.048328,6,1965.901393
58.614666,6,1966.027993
51.718695,8,1966.236922
56.896332,5,1966.398551
58.238809,6,1966.530619
58.002577,6,1966.65764
57.099402,5,1966.910631
57.013817,5,1967.143683
57.7076,5,1967.379488
59.020071,6,1967.492037
57.050372,5,1967.751763
59.035499,6,1967.874093
57.919601,5,1967.992656
57.904177,6,1968.107836
-8.430895,5,1968.26669
-7.722233,5,1968.40888
58.685806,6,1968.611719
56.916885,5,1968.774112
58.878893,6,1968.909009
57.951176,5,1969.185144
58.007034,6,1969.431356
56.729207,5,1969.671461
57.917872,5,1969.858227
57.042502,5,1970.029122
57.713618,6,1970.18202
57.857341,6,1970.328034
56.492189,7,1970.494036
59.054649,6,1970.623252
52.752409,8,1970.784287
57.02055,5,1970.96559
56.644233,7,1971.13517
51.314325,8,1971.335547
58.1,6,1971.56801
56.956362,5,1971.801175
58.961603,6,1971.944965
57.777946,5,1972.119112
57.931965,5,1972.344859
51.639733,8,1972.504882
57.504216,6,1972.644934
56.911588,5,1972.766552
56.62834,7,1973.028681
50.698962,8,1973.225112
58.051341,6,1973.455763
57.738603,5,1973.660614
58.296236,6,1973.763249
51.279173,8,1973.93101
57.32235,5,1974.088824
58.882517,6,1974.199872
58.388737,6,1974.309213
50.637766,8,1974.482646
56.945059,5,1974.666494
58.186265,6,1974.76713
58.115196,6,1974.987102
56.310595,7,1975.178265
57.840875,5,1975.349682
58.843601,6,1975.495214
57.018329,6,1975.772959
56.809189,7,1976.034035
58.933888,6,1976.169316
58.900815,6,1976.299479
57.172743,5,1976.481642
59.016612,6,1976.707042
57.667826,5,1976.853292
58.434659,6,1977.045116
58.154516,6,1977.141319
56.211916,7,1977.337825
58.323248,6,1977.463315
56.776406,7,1977.701285
58.123775,6,1977.833506
52.550191,8,1978.077272
51.426239,8,1978.239909
51.454492,8,1978.496928
57.86935,5,1978.663665
58.007007,6,1978.799914
58.081998,6,1978.938614
57.833596,6,1979.079364
56.557008,7,1979.219095
57.098643,5,1979.381032
59.074518,6,1979.494679
57.669522,6,1979.708797
58.135575,6,1979.836548
58.208636,6,1979.949784
56.906955,7,1980.109184
51.294821,8,1980.276441
57.466655,6,1980.511245
59.039389,6,1980.635984
-11.608435,4,1980.727003
58.312357,6,1980.852688
57.159577,5,1981.095194
52.219665,8,1981.351764
56.884236,5,1981.459515
51.457679,8,1981.696495
51.595146,8,1981.953685
51.387641,8,1982.22875
56.935914,5,1982.39076
56.930364,5,1982.660895
51.414436,8,1982.867721
57.94671,5,1983.109534
57.292215,7,1983.227861
58.158688,6,1983.371233
57.797581,5,1983.564805
57.794827,5,1983.809311
55.515136,7,1983.958004
56.060324,7,1984.104651
57.864723,6,1984.251358
51.713514,8,1984.437639
57.908452,6,1984.631178
57.269962,5,1984.890265
57.918236,5,1985.141321
58.200031,6,1985.288536
58.21679,6,1985.416348
57.164957,5,1985.661407
50.815396,8,1985.826647
56.94173,5,1986.07693
57.856559,6,1986.198925
57.601857,6,1986.375506
58.462909,6,1986.498255
59.018208,6,1986.637529
57.029721,5,1986.809917
56.940031,5,1987.048407
56.768658,5,1987.302006
58.789188,6,1987.443821
56.335009,7,1987.597814
57.162834,6,1987.732797
57.083695,7,1987.878172
54.813618,7,1988.116993
58.110794,6,1988.210624
55.206292,7,1988.398484
57.923708,5,1988.63772
50.587603,8,1988.904129
50.566528,8,1989.14376
58.069428,6,1989.288715
58.139636,6,1989.419115
56.658969,7,1989.569284
56.546391,7,1989.719777
57.358817,6,1989.963688
59.07082,6,1990.084765
57.764741,5,1990.291789
58.413524,6,1990.420887
57.176151,5,1990.619194
56.299264,7,1990.7648
57.128227,6,1991.021526
59.090815,6,1991.149983
57.661008,5,1991.340479
58.839161,6,1991.491082
58.965815,6,1991.627782
50.579203,8,1991.800349
56.777937,7,1991.949256
59.051573,6,1992.06306
58.95688,6,1992.197343
59.03991,6,1992.328927
57.768283,5,1992.56326
58.032533,6,1992.785549
57.066761,5,1992.955628
58.726125,6,1993.098847
58.135588,6,1993.214263
51.280332,8,1993.374623
-7.221657,6,1993.518302
-8.036158,5,1993.760334
57.948739,5,1993.930386
57.945003,5,1994.099171
55.957973,7,1994.252915
57.662437,5,1994.462745
58.795266,6,1994.560405
51.225735,8,1994.705455
58.320765,6,1994.840204
52.586876,8,1994.995361
57.139776,5,1995.244862
56.909021,5,1995.429481
57.915096,5,1995.586726
59.050459,6,1995.704554
56.038654,7,1995.849429
51.323293,8,1996.007774
56.785238,5,1996.185651
51.675103,8,1996.383523
58.162362,6,1996.628818
58.42991,6,1996.74801
58.882179,6,1996.892208
55.716721,7,1997.132502
55.620637,7,1997.283847
57.290361,5,1997.509751
58.694684,6,1997.650593
57.673815,6,1997.868484
57.272907,5,1998.039759
57.211575,5,1998.210673
59.068055,6,1998.341934
59.072717,6,1998.467255
56.839527,5,1998.705351
58.248968,6,1998.806494
58.812861,6,1999.026354
57.276369,5,1999.251068
56.911619,5,1999.412895
57.903672,5,1999.71336
56.915391,5,1999.867165
56.318548,7,2000.086528
57.892283,5,2000.221181
-14.576856,3,2000.30342
58.975246,6,2000.428643
54.802943,7,2000.567623
59.089694,6,2000.683143
57.948613,6,2000.809256
51.500962,8,2000.974895
57.933802,6,2001.158019
59.077335,6,2001.277321
57.934643,5,2001.451664
51.237848,8,2001.750809
57.948881,5,2001.922834
50.631398,8,2002.090006
-8.207725,5,2002.359802
56.928746,5,2002.519567
58.068701,6,2002.644773
55.696915,7,2002.796253
52.814568,8,2003.014383
57.676846,5,2003.192196
57.001657,5,2003.406205
56.859498,5,2003.651737
51.554548,8,2003.8178
56.926835,5,2003.973748
56.727657,7,2004.124593
57.719492,6,2004.26063
58.113811,6,2004.482116
56.938468,5,2004.654739
55.648853,7,2004.802963
55.588442,7,2004.997327
57.386889,6,2005.120944
59.074001,6,2005.236146
56.728252,5,2005.445218
50.712683,8,2005.641804
51.794218,8,2005.82109
56.825519,5,2005.91627
57.887732,6,2006.135448
57.829756,6,2006.276503
56.794148,5,2006.467578
57.904006,5,2006.637454
59.067971,6,2006.76013
51.340017,8,2006.91692
59.009909,6,2007.047593
57.699189,5,2007.171552
56.785088,7,2007.371822
55.093375,7,2007.589854
51.401909,8,2007.790193
57.246599,6,2007.993773
57.948507,5,2008.222322
50.696245,8,2008.47434
56.460495,7,2008.716539
50.485132,8,2008.87667
50.417979,8,2009.067211
50.178553,8,2009.236227
58.459934,6,2009.455244
51.877246,8,2009.60902
58.09532,6,2009.705216
56.679684,5,2009.793446
57.727158,5,2009.985997
58.630614,6,2010.126008
51.832436,8,2010.285981
56.604668,7,2010.436821
57.781734,6,2010.574513
59.064843,6,2010.689476
56.946556,5,2010.809143
52.449865,8,2011.09476
56.843731,7,2011.243723
52.301102,8,2011.539709
55.413013,7,2011.787845
52.626206,8,2012.009141
56.998478,5,2012.12906
59.003888,6,2012.245011
58.492145,6,2012.474482
57.628784,6,2012.606473
55.108678,7,2012.797871
57.643224,5,2012.930552
56.916389,5,2013.167892
58.01648,6,2013.371925
50.991952,8,2013.532778
56.605738,7,2013.680474
52.063903,8,2013.943407
57.681494,5,2014.093039
56.920804,5,2014.35078
56.706825,7,2014.50287
57.105873,5,2014.658821
59.019098,6,2014.771632
59.042463,6,2014.898935
57.939019,5,2015.132277
57.957069,5,2015.355278
58.310342,6,2015.57598
58.225878,6,2015.742735
51.599147,8,2015.991915
55.537733,7,2016.143814
58.381582,6,2016.368249
50.319081,8,2016.530122
57.932786,6,2016.652291
58.000774,6,2016.821662
50.601793,8,2016.984858
59.063798,6,2017.108762
-8.697168,5,2017.204659
57.670518,6,2017.469368
57.21764,5,2017.717811
57.046882,5,2018.003366
51.745312,8,2018.210638
57.890277,5,2018.319608
56.832359,7,2018.466237
55.587942,7,2018.615169
58.307226,6,2018.740196
56.165048,7,2019.016585
50.586974,8,2019.176955
58.103059,6,2019.352804
55.7596,7,2019.499204
58.899151,6,2019.637134
56.699066,7,2019.870912
56.12975,7,2020.018179
50.637884,8,2020.26276
57.937778,5,2020.42163
56.977794,5,2020.704521
57.948596,5,2020.861092
57.922226,5,2021.110684
57.952831,5,2021.332202
59.077969,6,2021.455913
57.700478,5,2021.65046
51.34591,8,2021.812231
58.419749,6,2021.941746
58.887903,6,2022.080678
56.719933,5,2022.205895
58.130205,6,2022.338477
57.927446,6,2022.478858
58.354114,6,2022.64697
59.06761,6,2022.768023
57.948372,5,2023.02747
56.313107,7,2023.290492
58.312086,6,2023.416382
57.941581,5,2023.558365
56.865736,7,2023.798952
58.303239,6,2024.050434
58.178084,6,2024.176397
56.936202,5,2024.421407
56.119215,7,2024.566634
57.932192,5,2024.721181
57.750295,5,2024.936363
57.917681,6,2025.057456
51.451329,8,2025.289828
-8.943884,5,2025.403007
51.42232,8,2025.5658
57.935138,5,2025.721084
56.509585,7,2025.962307
57.941994,5,2026.132412
51.315206,8,2026.297331
59.01392,6,2026.386146
56.974691,5,2026.54385
58.012589,6,2026.671058
59.060962,6,2026.785746
57.845591,6,2027.001785
58.147867,6,2027.249499
57.906534,5,2027.366701
58.931157,6,2027.492142
51.493691,8,2027.622119
58.326361,6,2027.749304
55.539408,7,2027.887479
58.03623,6,2027.999039
57.685943,6,2028.192338
50.469664,8,2028.436051
51.631531,8,2028.694561
55.886898,7,2028.936138
51.721922,8,2029.130005
57.955764,6,2029.307409
57.661439,5,2029.411177
56.695367,7,2029.562619
57.910347,5,2029.730526
56.707483,5,2029.932427
56.979591,7,2030.219043
56.876169,5,2030.348995
57.878809,5,2030.519206
56.984595,5,2030.697676
58.094825,6,2030.998752
58.211123,6,2031.117677
57.977495,6,2031.258416
57.319856,6,2031.402923
-7.192391,6,2031.527223
58.300586,6,2031.63733
59.055178,6,2031.769134
57.21779,5,2032.01893
50.239375,8,2032.186624
58.163481,6,2032.30183
56.574695,7,2032.567133
51.591691,8,2032.729402
51.308043,8,2032.905817
58.987975,6,2033.041261
58.030681,6,2033.21653
58.245933,6,2033.322389
56.921056,5,2033.631597
52.76454,8,2033.836327
58.665558,6,2033.952144
57.627761,6,2034.081859
57.152176,5,2034.338996
59.061336,6,2034.451907
57.051338,5,2034.686667
51.367785,8,2034.848653
58.109106,6,2035.000008
58.733717,6,2035.132884
57.977705,6,2035.27913
-6.57686,6,2035.540198
56.949644,5,2035.779689
57.943192,5,2035.946975
57.6915,6,2036.214417
56.546657,7,2036.476961
58.16196,6,2036.607152
58.905322,6,2036.721343
57.943311,5,2036.902699
50.917616,8,2037.061473
59.012825,6,2037.178048
59.031359,6,2037.319604
57.910563,6,2037.441325
57.951641,6,2037.527985
57.991054,6,2037.774082
59.031634,6,2037.908072
57.894924,6,2038.106236
57.883766,5,2038.278941
59.059966,6,2038.397649
51.106171,8,2038.618259
58.89007,6,2038.744671
51.474508,8,2039.005745
59.065114,6,2039.122337
57.326934,5,2039.356641
57.93651,5,2039.515625
58.990912,6,2039.664448
57.940208,5,2039.829985
57.947622,5,2039.98945
58.798622,6,2040.122696
57.943541,5,2040.3564
57.934064,5,2040.527108
56.029894,7,2040.725968
58.153209,6,2040.837567
57.816049,6,2041.033874
57.901336,6,2041.139094
56.299063,7,2041.285107
58.282197,6,2041.557248
51.591599,8,2041.749164
59.080942,6,2041.8813
58.188969,6,2042.018012
51.46455,8,2042.183871
58.41417,6,2042.328071
56.68427,7,2042.606366
59.05854,6,2042.73359
56.569821,5,2042.878098
57.760595,6,2042.986454
57.729465,5,2043.223002
56.562374,7,2043.459167
57.940487,5,2043.684721
56.739466,7,2043.920197
57.700477,5,2044.128571
55.766228,7,2044.317036
55.793596,7,2044.46581
57.841119,5,2044.644098
58.998126,6,2044.789894
58.05152,6,2044.916736
58.307969,6,2045.162825
-7.194889,6,2045.280231
50.771476,8,2045.449643
51.434481,8,2045.610625
52.309447,8,2045.768431
57.936202,6,2045.974703
57.221334,5,2046.239141
58.247912,6,2046.365841
58.092385,6,2046.56114
57.874063,6,2046.702919
57.939779,5,2046.931598
57.941759,5,2047.172078
57.884722,5,2047.34684
51.449164,8,2047.596537
56.968363,5,2047.842607
56.918824,5,2047.975904
56.804502,7,2048.222883
57.179346,5,2048.383555
56.807139,5,2048.587601
57.886786,6,2048.711365
57.881984,6,2048.825547
58.92937,6,2048.964144
58.185036,6,2049.213937
57.945703,5,2049.372743
58.455129,6,2049.489071
51.101081,8,2049.651431
51.545713,8,2049.807287
55.82133,7,2049.95163
57.933278,5,2050.110039
56.404064,7,2050.256891
57.001981,7,2050.40427
57.739914,5,2050.504392
57.213152,7,2050.625421
58.070486,6,2050.764478
58.630161,6,2050.87899
56.458534,7,2051.082053
56.687955,7,2051.280602
57.876181,5,2051.460391
59.054509,6,2051.574059
59.017842,6,2051.698915
59.072298,6,2051.81552
58.404308,6,2051.942268
57.919028,5,2052.115617
56.794581,7,2052.265873
57.793559,5,2052.506227
58.34298,6,2052.734023
56.979018,5,2052.823714
58.710219,6,2052.966999
59.045733,6,2053.080874
56.428051,7,2053.359074
-7.257448,5,2053.478288
57.720477,5,2053.586518
57.939456,5,2053.757215
58.28329,6,2053.953506
59.073671,6,2054.079968
58.257783,6,2054.220784
57.932044,5,2054.381356
58.790504,6,2054.472022
57.599549,5,2054.565522
57.8952,5,2054.686604
57.307694,5,2054.823851
56.686223,5,2055.022928
58.020802,6,2055.228371
57.957529,5,2055.475771
52.705466,8,2055.72374
56.567915,7,2055.954423
57.945776,5,2056.110263
59.067869,6,2056.235371
59.064374,6,2056.353212
57.865055,5,2056.523491
58.811343,6,2056.655345
51.786705,8,2056.904718
56.603229,7,2057.05586
56.718067,7,2057.302912
58.460427,6,2057.475325
51.473357,8,2057.636455
59.016974,6,2057.855508
58.354366,6,2058.048869
57.681373,5,2058.135889
59.067649,6,2058.26177
50.49063,8,2058.414122
57.941533,5,2058.662357
59.051356,6,2058.789142
58.736037,6,2059.014388
59.071571,6,2059.147969
57.934372,5,2059.31818
56.823428,7,2059.557328
56.471776,7,2059.707604
57.50099,5,2059.903157
51.434655,8,2060.093873
59.072861,6,2060.221497
52.45175,8,2060.378424
52.320727,8,2060.530671
56.570291,7,2060.721094
58.833437,6,2060.852305
58.020238,6,2061.053567
58.228321,6,2061.171471
58.664805,6,2061.323064
58.090942,6,2061.578269
58.890728,6,2061.71423
56.531656,7,2061.865841
57.937712,5,2062.035543
57.828506,6,2062.175312
56.975888,5,2062.375823
58.821958,6,2062.55055
58.883018,6,2062.763983
57.21945,5,2063.015362
58.311316,6,2063.230655
57.733647,6,2063.366518
58.044938,6,2063.464096
51.84476,8,2063.659145
59.069094,6,2063.779874
56.927901,5,2064.021754
59.069376,6,2064.139103
58.146703,6,2064.264236
59.069312,6,2064.386793
58.012704,6,2064.5316
57.484114,5,2064.655544
58.367836,6,2064.856264
56.964344,5,2065.079824
57.847867,5,2065.252331
57.758272,5,2065.338017
57.80823,6,2065.471221
58.971542,6,2065.557863
58.073968,6,2065.776191
-6.578934,6,2066.089994
57.942439,5,2066.249466
51.644768,8,2066.443534
57.926083,5,2066.557693
58.420625,6,2066.678631
57.70475,5,2066.871192
51.602521,8,2067.043825
57.748778,5,2067.275345
57.941467,5,2067.513561
57.921233,5,2067.727181
51.549097,8,2067.917697
56.241779,7,2068.063784
58.912579,6,2068.165857
59.064339,6,2068.303514
58.751701,6,2068.445718
58.840432,6,2068.593041
58.518112,6,2068.732447
55.478958,7,2068.925525
57.655011,5,2069.138349
52.74795,8,2069.292584
58.094645,6,2069.537965
57.926542,6,2069.671253
55.843861,7,2069.90419
57.937409,5,2070.012111
57.947886,5,2070.175375
51.314775,8,2070.440665
56.717908,5,2070.613119
51.62112,8,2070.810591
57.934042,5,2070.97613
57.914058,6,2071.205387
-6.214698,6,2071.546218
59.077061,6,2071.657883
57.942749,5,2071.824337
57.227982,7,2071.944275
57.594497,6,2072.173725
57.804804,6,2072.413226
57.932863,5,2072.573807
57.918839,6,2072.684229
56.55614,7,2072.912296
59.074724,6,2073.026713
56.17488,7,2073.173118
56.241722,7,2073.315055
50.50634,8,2073.498805
56.920294,5,2073.655654
59.060815,6,2073.770994
58.072661,6,2073.884154
55.354606,7,2074.029535
56.687147,7,2074.177414
58.331579,6,2074.310667
51.352868,8,2074.502112
58.22841,6,2074.697866
58.210246,6,2074.813547
58.136693,6,2074.918877
57.908572,6,2075.053904
58.138957,6,2075.141563
56.373902,7,2075.288926
56.73222,7,2075.475379
56.936291,5,2075.675358
56.771965,5,2075.795144
58.623496,6,2075.975021
58.857844,6,2076.201843
57.909107,5,2076.458466
58.777877,6,2076.594402
56.323227,7,2076.827754
58.828947,6,2076.954201
57.137597,5,2077.16245
57.059279,7,2077.308386
55.77694,7,2077.459661
59.093877,6,2077.582508
59.061487,6,2077.70699
57.959911,6,2077.893798
56.09605,7,2078.037699
58.203255,6,2078.283831
57.92574,5,2078.441781
58.426406,6,2078.63739
57.92283,5,2078.770802
56.980427,5,2078.933791
58.494011,6,2079.06269
52.343884,8,2079.218599
59.005895,6,2079.342771
58.614317,6,2079.457937
59.059114,6,2079.584294
59.062889,6,2079.705321
57.143887,5,2079.866365
55.362425,7,2080.108771
56.171372,7,2080.249544
57.265565,5,2080.413743
57.463981,6,2080.598222
59.087013,6,2080.725231
57.298507,5,2080.970358
57.837556,5,2081.198804
51.321059,8,2081.36005
59.05644,6,2081.477449
59.0336,6,2081.608335
55.933775,7,2081.760771
57.722292,5,2081.853367
56.936859,5,2081.945807
58.180699,6,2082.068995
57.653344,6,2082.262971
57.694065,6,2082.510831
56.65265,7,2082.754067
59.054513,6,2082.872593
57.460864,6,2083.125911
55.750653,7,2083.363545
57.932505,5,2083.607025
52.4559,8,2083.763283
57.928389,5,2083.926034
57.633275,6,2084.108329
57.953506,5,2084.24372
58.762318,6,2084.367179
58.71989,6,2084.599377
59.046216,6,2084.723231
56.031684,7,2084.915565
51.279997,8,2085.073793
56.530308,7,2085.223645
58.335389,6,2085.347394
58.685267,6,2085.487671
58.696271,6,2085.627049
57.889932,5,2085.788
52.511711,8,2085.998085
57.901885,5,2086.113531
57.597664,6,2086.314764
59.053383,6,2086.441294
57.896737,6,2086.547992
58.967227,6,2086.63566
57.896589,5,2086.740809
58.056839,6,2086.87986
58.824855,6,2087.018555
58.790201,6,2087.142954
58.874664,6,2087.28043
57.221153,5,2087.454235
58.002325,6,2087.592556
57.928667,5,2087.751404
57.933523,5,2087.906454
51.203111,8,2088.167221
58.851555,6,2088.257497
56.496085,7,2088.471166
-7.855646,6,2088.752053
56.388601,7,2089.009599
57.166958,5,2089.165118
55.802222,7,2089.396055
59.061866,6,2089.516713
56.689432,5,2089.724102
58.849077,6,2089.897437
57.823681,5,2090.069328
51.477969,8,2090.313422
57.921388,6,2090.441142
57.763133,5,2090.644916
57.986126,6,2090.844831
58.985717,6,2090.970497
58.934936,6,2091.0949
58.884177,6,2091.23328
57.016285,7,2091.43039
58.96202,6,2091.566594
57.729567,6,2091.708113
57.495826,5,2091.988127
57.813151,6,2092.13349
57.148824,5,2092.292184
58.922716,6,2092.41273
51.50131,8,2092.568963
57.955994,5,2092.688267
58.620495,6,2092.828808
59.074501,6,2092.952527
57.91248,6,2093.061525
56.598388,5,2093.309325
57.937081,5,2093.46497
57.843993,6,2093.593693
56.328614,7,2093.748936
58.031248,6,2093.885208
58.657703,6,2094.012475
50.870085,8,2094.173232
58.281697,6,2094.317083
58.101101,6,2094.4501
50.734768,8,2094.697795
57.944171,5,2094.931684
57.055188,5,2095.162711
51.390644,8,2095.32253
-5.927901,6,2095.541432
51.543707,8,2095.704013
55.962279,7,2095.854734
58.92101,6,2095.99052
57.189784,5,2096.224753
56.135609,7,2096.375777
56.324244,7,2096.616778
57.052074,5,2096.773355
58.161833,6,2096.958671
57.283421,5,2097.16923
51.203043,8,2097.328877
56.990667,7,2097.484731
57.516839,6,2097.621033
-8.211815,5,2097.803455
59.066181,6,2097.918167
57.747248,5,2098.037292
59.06781,6,2098.157074
57.955482,5,2098.30937
58.679786,6,2098.455651
57.944835,5,2098.702891
57.150699,5,2098.858022
56.307221,7,2099.007721
57.730568,5,2099.199956
57.327311,5,2099.444877
58.628982,6,2099.568218
52.448466,8,2099.721994
52.456729,8,2099.945071
58.004455,6,2100.089455
51.477055,8,2100.253189
52.354081,8,2100.492916
56.962301,5,2100.618649
51.444904,8,2100.779468
59.084745,6,2100.916062
58.537894,6,2101.045917
57.943329,5,2101.303221
59.066727,6,2101.446095
57.938555,5,2101.734145
59.083621,6,2101.867678
59.028571,6,2102.009448
58.153883,6,2102.146487
57.061479,5,2102.319523
59.084514,6,2102.455411
59.055949,6,2102.59205
59.066065,6,2102.719352
56.285037,7,2102.989777
57.051148,5,2103.116527
57.934191,5,2103.275426
50.618089,8,2103.432973
51.603319,8,2103.598431
56.345414,7,2103.81305
55.322036,7,2103.968743
58.638513,6,2104.102073
58.830214,6,2104.205997
58.935301,6,2104.347111
58.236581,6,2104.482707
56.18612,7,2104.695717
57.710548,5,2104.866208
59.083067,6,2105.029402
52.025951,8,2105.304997
52.239031,8,2105.586531
57.897891,5,2105.72133
56.119953,7,2106.03835
56.261551,7,2106.182088
57.879005,5,2106.323997
59.022778,6,2106.447737
58.805759,6,2106.630062
57.817247,5,2106.884896
56.219337,7,2107.123792
58.032661,6,2107.269582
59.064937,6,2107.387276
58.940377,6,2107.533241
51.880088,8,2107.700212
57.93788,5,2107.869038
58.955775,6,2107.99762
57.715787,6,2108.153441
50.691194,8,2108.329737
57.943847,5,2108.562684
51.695615,8,2108.774881
57.920703,5,2108.949367
58.948482,6,2109.042633
56.662257,7,2109.196765
56.79173,5,2109.437183
59.093825,6,2109.571193
51.466169,8,2109.735424
57.937433,5,2109.960375
52.538605,8,2110.121856
56.573313,7,2110.280901
52.302764,8,2110.438635
58.167662,6,2110.575732
57.190982,5,2110.739459
58.20365,6,2110.869913
57.940283,5,2111.099642
59.056887,6,2111.230582
58.933084,6,2111.332636
58.978926,6,2111.561091
-6.841391,6,2111.928179
57.037048,5,2112.142029
51.551058,8,2112.385786
58.844478,6,2112.475451
57.715436,5,2112.693802
57.061889,5,2112.848711
56.115909,7,2112.994963
56.591999,7,2113.250332
56.349856,7,2113.394456
58.931559,6,2113.535196
59.047755,6,2113.660861
51.499672,8,2113.826786
51.370773,8,2114.071437
57.81204,6,2114.295211
57.73683,5,2114.562061
50.67498,8,2114.814837
51.492633,8,2114.981736
57.924799,5,2115.161862
57.843231,6,2115.289357
59.051317,6,2115.415077
57.89052,6,2115.562747
51.405391,8,2115.813893
57.942682,5,2115.990689
57.856177,5,2116.156741
57.729733,5,2116.342319
58.765184,6,2116.478042
57.74894,5,2116.721083
56.517721,7,2116.982517
51.661862,8,2117.204446
57.943533,5,2117.361793
59.045598,6,2117.477454
59.081743,6,2117.61131
56.240765,7,2117.755364
52.306847,8,2118.007088
51.250436,8,2118.201119
57.948829,5,2118.440821
57.724035,5,2118.643026
58.84472,6,2118.781967
59.051174,6,2118.907936
57.889368,5,2119.069852
51.532205,8,2119.245291
58.588357,6,2119.386652
58.500909,6,2119.532873
56.279673,7,2119.676478
57.948739,5,2119.840241
58.215163,6,2119.974942
58.51631,6,2120.142221
59.06526,6,2120.280445
57.922312,5,2120.450484
58.25062,6,2120.697248
56.439258,7,2120.848299
58.661745,6,2120.995699
57.941632,5,2121.243609
58.948765,6,2121.33699
52.602454,8,2121.505468
58.369865,6,2121.780873
57.949215,5,2122.00509
51.523936,8,2122.259292
58.804956,6,2122.384389
56.297836,7,2122.643692
56.242173,7,2122.875919
57.721916,5,2123.076226
51.363794,8,2123.28038
58.27118,6,2123.400657
51.298699,8,2123.649603
51.587241,8,2123.845438
57.58149,6,2124.063269
57.505889,6,2124.280455
50.758701,8,2124.528741
58.973548,6,2124.654885
59.09382,6,2124.786512
51.419611,8,2124.957301
52.547245,8,2125.111413
51.765271,8,2125.26927
57.861914,5,2125.441154
56.087762,7,2125.627511
57.325383,6,2125.748689
57.643301,5,2125.888049
57.586307,6,2126.018623
58.331142,6,2126.147515
58.437425,6,2126.252132
57.788459,5,2126.345253
51.434455,8,2126.505981
57.930139,5,2126.634268
57.750088,5,2126.821063
-7.997618,6,2127.01671
58.535785,6,2127.133517
57.604343,6,2127.336496
50.356388,8,2127.482217
57.905445,5,2127.644966
57.58754,6,2127.746615
58.318551,6,2127.856831
52.713169,8,2128.008496
59.059606,6,2128.129594
57.502205,6,2128.39108
57.935746,5,2128.638771
57.305664,5,2128.818805
58.794199,6,2128.94561
58.22399,6,2129.190637
58.245981,6,2129.296773
58.117391,6,2129.447684
57.885107,5,2129.631687
57.327287,5,2129.841492
56.388551,7,2129.992178
50.572832,8,2130.236704
57.651689,5,2130.355885
57.692757,5,2130.543009
56.313305,7,2130.734937
51.740029,8,2130.939575
57.339288,5,2131.15308
57.958551,5,2131.377171
51.213404,8,2131.605117
57.793867,5,2131.864622
58.969171,6,2132.008853
57.900748,5,2132.136686
57.950723,5,2132.361234
58.661876,6,2132.47939
59.038014,6,2132.606581
58.324233,6,2132.761009
57.941631,5,2132.997117
58.375768,6,2133.127846
58.334103,6,2133.267738
58.1286,6,2133.480842
58.97578,6,2133.603031
58.020781,6,2133.820322
56.663778,7,2134.064394
56.774059,7,2134.325742
59.036457,6,2134.440196
51.985241,8,2134.600847
59.078402,6,2134.715048
58.746452,6,2134.805296
57.934869,5,2135.003437
51.748765,8,2135.156622
51.787962,8,2135.409461
58.486924,6,2135.597258
57.737593,5,2135.784559
57.334398,5,2135.948984
57.768294,6,2136.118983
58.943927,6,2136.249688
50.545327,8,2136.489348
57.045708,5,2136.584502
57.420241,7,2136.719346
57.952658,5,2136.921757
59.077228,6,2137.049586
56.092499,7,2137.195205
58.834286,6,2137.333001
57.888777,5,2137.492314
58.390783,6,2137.634517
58.553602,6,2137.761469
50.713314,8,2137.929648
56.753818,5,2138.088642
57.045589,5,2138.289133
52.441406,8,2138.447171
56.394535,7,2138.594456
57.947628,5,2138.8459
56.554894,7,2138.982491
57.870345,5,2139.154144
57.218011,5,2139.311506
56.673122,7,2139.552802
58.992273,6,2139.684573
58.1922,6,2139.93279
56.660513,7,2140.083024
57.779465,5,2140.324559
58.405185,6,2140.451917
52.212782,8,2140.61062
57.850182,5,2140.772983
57.208464,5,2141.008031
59.054107,6,2141.12107
58.052419,6,2141.223395
57.216855,5,2141.475341
57.676651,5,2141.662672
58.834072,6,2141.76036
57.924945,6,2141.886433
51.681937,8,2142.150938
58.829365,6,2142.290833
56.234201,7,2142.533466
58.702386,6,2142.672903
58.320413,6,2142.929067
57.925737,5,2143.087648
56.21473,7,2143.236717
51.204464,8,2143.394795
57.876595,5,2143.646505
58.199367,6,2143.892399
59.065992,6,2144.00552
58.264399,6,2144.259019
58.947747,6,2144.393425
57.885756,5,2144.57124
58.455217,6,2144.711412
57.956126,6,2144.824252
56.999527,5,2145.073432
57.930304,5,2145.329721
58.255182,6,2145.514144
58.341836,6,2145.63205
58.066908,6,2145.778433
57.766457,5,2145.947647
56.412785,7,2146.105973
51.747259,8,2146.363252
57.17334,5,2146.607452
57.036471,5,2146.764143
57.226191,5,2146.92197
56.691499,5,2147.162377
56.562181,7,2147.354581
57.762776,5,2147.471751
58.051687,6,2147.607876
57.944046,5,2147.78922
58.757777,6,2147.899598
-8.119558,5,2148.156649
58.341065,6,2148.297374
58.132722,6,2148.400542
56.763054,5,2148.641107
54.974665,7,2148.872012
58.857984,6,2149.004805
56.07638,7,2149.190801
57.63767,6,2149.392064
52.285536,8,2149.549335
57.933345,5,2149.706243
57.144225,5,2149.964166
57.132009,5,2150.085943
57.980432,6,2150.224046
57.895959,5,2150.387179
56.994691,5,2150.610061
56.296115,7,2150.791223
59.069561,6,2150.914039
57.680049,5,2151.048439
58.099312,6,2151.16764
59.043467,6,2151.299204
59.06235,6,2151.423971
56.189659,7,2151.632188
58.136221,6,2151.755867
59.088957,6,2151.895489
51.530708,8,2152.061811
55.571382,7,2152.302535
58.954468,6,2152.410404
57.915788,5,2152.668487
58.38075,6,2152.785069
58.351576,6,2153.036385
58.161246,6,2153.167466
58.769019,6,2153.309037
58.592752,6,2153.452801
51.240481,8,2153.698227
59.064569,6,2153.818665
58.403432,6,2153.931859
57.770153,5,2154.053008
58.713101,6,2154.171507
51.482985,8,2154.302818
58.008002,6,2154.413018
57.180777,5,2154.577104
52.402703,8,2154.82176
58.91745,6,2154.950047
-7.764714,5,2155.067781
55.476587,7,2155.212513
57.778745,5,2155.451541
58.815508,6,2155.539732
58.107056,6,2155.656242
52.34589,8,2155.813987
56.998258,5,2156.013325
50.552763,8,2156.205336
57.911833,5,2156.428251
57.136774,5,2156.664705
57.868977,6,2156.807406
57.9369,5,2156.974717
57.842775,5,2157.096915
59.071504,6,2157.2128
57.880966,5,2157.37274
56.674836,7,2157.524194
59.084852,6,2157.644234
58.449427,6,2157.847721
58.068631,6,2157.986361
57.808924,5,2158.157098
56.450959,7,2158.385875
58.924193,6,2158.476149
56.448338,7,2158.664633
58.332335,6,2158.862705
58.584412,6,2158.977489
51.378106,8,2159.137035
55.927142,7,2159.285426
55.35426,7,2159.509277
58.211221,6,2159.679964
57.240483,5,2159.848248
57.154053,6,2160.095691
56.808451,7,2160.247051
57.823134,6,2160.369731
56.712491,7,2160.56048
58.875422,6,2160.654246
58.566465,6,2160.845575
58.976184,6,2160.974014
57.905198,5,2161.149078
56.622854,7,2161.299038
57.836786,5,2161.417743
56.596372,7,2161.56743
55.300536,7,2161.704997
51.423779,8,2161.874016
57.941873,5,2162.111739
56.852924,5,2162.278019
50.935552,8,2162.442317
58.479666,6,2162.559565
56.227682,7,2162.700286
57.250685,5,2162.956965
57.769948,5,2163.048584
57.55539,6,2163.215039
59.076798,6,2163.343828
57.289118,5,2163.50236
58.112122,6,2163.639093
58.210175,6,2163.751054
-6.553828,6,2164.111168
58.893442,6,2164.245049
58.147885,6,2164.434926
58.964734,6,2164.568679
51.396129,8,2164.77269
57.930532,5,2165.01043
55.651798,7,2165.171325
58.309817,6,2165.295024
57.905052,6,2165.519012
57.883359,5,2165.76542
56.68123,5,2165.970432
58.114038,6,2166.159562
59.077342,6,2166.284676
57.054671,5,2166.451536
51.318067,8,2166.615971
56.147262,7,2166.84614
56.243112,7,2167.017435
56.405645,7,2167.207802
58.874783,6,2167.353159
57.788018,5,2167.616548
52.452916,8,2167.822263
58.444288,6,2167.944469
56.344759,7,2168.132262
58.413272,6,2168.28909
51.474019,8,2168.536679
51.270182,8,2168.820246
58.080087,6,2169.072198
58.325246,6,2169.199301
58.363911,6,2169.313718
57.874904,5,2169.489759
56.498494,7,2169.694693
-9.289231,5,2169.838036
57.206073,5,2170.044531
58.018087,6,2170.238386
58.535001,6,2170.381695
58.308166,6,2170.509888
57.943316,5,2170.636582
57.90268,5,2170.791895
52.473191,8,2171.013749
56.830229,7,2171.253876
58.877886,6,2171.392161
56.327634,7,2171.593018
58.79208,6,2171.739284
58.993737,6,2171.868459
56.651305,7,2171.98514
57.26552,5,2172.106333
56.29419,7,2172.254945
57.496946,6,2172.447865
57.755044,6,2172.673666
58.331069,6,2172.867022
-6.052362,6,2173.20307
59.062988,6,2173.335805
57.947008,5,2173.460335
57.990476,6,2173.706354
59.050139,6,2173.819904
58.82732,6,2173.956847
58.70748,6,2174.097071
58.213827,6,2174.208248
56.711745,5,2174.443933
56.1089,7,2174.595732
56.80891,5,2174.826628
56.943316,5,2175.018629
57.947645,5,2175.185904
51.661915,8,2175.349931
57.649485,5,2175.542121
52.515012,8,2175.696376
56.779985,5,2175.787543
56.937281,5,2175.944344
57.945496,5,2176.202281
57.89893,6,2176.339645
58.444112,6,2176.481247
55.51285,7,2176.708107
57.936045,5,2176.876354
56.82958,5,2177.080639
50.352566,8,2177.228006
57.840059,5,2177.390694
58.297104,6,2177.502465
57.184529,5,2177.66463
57.64754,6,2177.912594
52.742283,8,2178.123615
57.588499,6,2178.388419
-6.909314,6,2178.908585
58.086189,6,2179.066683
57.449252,6,2179.202387
59.086536,6,2179.328283
59.073331,6,2179.48398
56.673581,7,2179.740153
57.896846,5,2179.913772
58.175335,6,2180.11221
55.583243,7,2180.289197
51.479563,8,2180.557122
58.178992,6,2180.65376
56.415702,7,2180.912362
51.532129,8,2181.080005
56.725424,7,2181.232163
56.919575,7,2181.385962
57.912418,5,2181.529301
58.062257,6,2181.731581
51.338265,8,2181.89988
58.74157,6,2181.993664
56.471107,7,2182.162801
57.085104,5,2182.354402
58.21334,6,2182.488273
56.871345,5,2182.66955
51.431541,8,2182.86195
56.666508,5,2182.970272
-9.439987,7,2183.234583
57.174871,5,2183.357619
50.711196,8,2183.523473
58.279762,6,2183.60954
58.026806,6,2183.748358
57.802507,6,2183.853475
58.856757,6,2183.974579
51.439553,8,2184.190151
58.308893,6,2184.318393
57.797765,5,2184.439216
57.878138,6,2184.692384
58.258807,6,2184.819566
56.832013,7,2184.968214
58.804261,6,2185.110018
57.940813,5,2185.273632
57.105029,5,2185.440577
59.068811,6,2185.555497
-6.832381,6,2185.893854
56.963838,5,2186.050893
58.992317,6,2186.176558
58.358359,6,2186.302255
56.35348,7,2186.555451
58.344244,6,2186.759041
57.968123,6,2186.955907
57.260545,7,2187.100154
58.014036,6,2187.299715
57.884885,5,2187.549619
56.423146,7,2187.744708
58.279276,6,2187.85345
58.517257,6,2188.036942
57.915182,5,2188.15232
57.190476,5,2188.40468
51.484059,8,2188.564176
57.289917,5,2188.77585
58.155839,6,2188.904625
51.549721,8,2189.085009
59.065813,6,2189.21254
58.054719,6,2189.426067
57.88089,6,2189.562146
57.715678,6,2189.742156
57.163247,5,2189.900767
51.681116,8,2190.114945
58.508394,6,2190.257893
51.402068,8,2190.417135
51.650505,8,2190.570905
57.78317,5,2190.666121
57.725199,6,2190.788966
-8.661642,5,2190.91185
58.421055,6,2191.121996
57.288431,5,2191.293756
57.060151,5,2191.522382
59.072029,6,2191.660835
57.541143,5,2191.79252
57.946137,6,2191.994481
59.076291,6,2192.13339
59.06837,6,2192.271833
57.039136,7,2192.471876
57.675096,6,2192.608264
51.742081,8,2192.821823
59.064872,6,2192.969187
57.918018,5,2193.234502
57.738209,5,2193.441399
57.939822,5,2193.601721
57.908712,5,2193.769156
57.446553,5,2193.885308
56.038789,7,2194.07891
58.858262,6,2194.261946
56.440795,7,2194.458688
57.126789,5,2194.701883
57.929437,5,2194.975441
58.791053,6,2195.150334
56.587004,7,2195.308057
58.174555,6,2195.433525
59.060627,6,2195.54889
58.738893,6,2195.641264
57.331863,5,2195.807197
51.51604,8,2195.941415
57.88045,5,2196.105372
57.801732,5,2196.349529
57.687343,5,2196.551219
57.715075,6,2196.713368
57.319664,5,2196.959414
56.579721,7,2197.209265
59.08379,6,2197.343048
59.00404,6,2197.473693
56.356198,7,2197.621522
57.094632,5,2197.827937
56.810964,5,2197.927552
57.905558,5,2198.120193
59.055219,6,2198.23435
58.617121,6,2198.379981
57.249002,5,2198.610819
57.636084,6,2198.732155
58.42331,6,2198.950092
56.28039,7,2199.146213
57.779444,5,2199.238606
59.068104,6,2199.36802
57.237825,5,2199.589249
57.788337,5,2199.714992
57.079535,5,2199.960251
57.390216,7,2200.100016
58.187817,6,2200.295955
57.74957,5,2200.534662
57.929444,5,2200.693427
56.078337,7,2200.839839
58.548483,6,2200.953669
57.854108,6,2201.06987
55.821359,7,2201.221816
57.197337,5,2201.382306
55.926686,7,2201.631086
59.072613,6,2201.760906
57.148084,5,2201.980011
59.064038,6,2202.113761
57.935933,5,2202.273754
52.282872,8,2202.430683
59.082174,6,2202.558459
51.557822,8,2202.751829
57.807513,6,2202.88003
58.077628,6,2202.991672
-8.148324,5,2203.101381
58.905228,6,2203.252749
58.849303,6,2203.342033
51.314613,8,2203.504238
57.21007,7,2203.653203
56.188717,7,2203.849509
58.31773,6,2204.111093
58.797993,6,2204.250689
50.52798,8,2204.414541
57.132771,5,2204.636694
56.803268,5,2204.827444
59.063052,6,2204.942189
58.020501,6,2205.139257
58.867469,6,2205.238169
58.720104,6,2205.37784
52.432463,8,2205.643482
57.931242,5,2205.881768
59.036199,6,2205.970895
57.932622,5,2206.214549
59.043537,6,2206.302392
57.715592,5,2206.46169
56.421277,7,2206.700913
58.479901,6,2206.89526
56.173809,7,2207.143506
57.750881,5,2207.273445
58.079341,6,2207.414786
52.663863,8,2207.695835
56.26032,7,2207.927555
57.883248,6,2208.069949
50.581134,8,2208.260446
58.344191,6,2208.393191
58.324036,6,2208.521357
57.264413,5,2208.695168
56.672584,5,2208.833341
57.930871,5,2209.056754
59.015674,6,2209.234676
57.130442,5,2209.374421
59.047863,6,2209.50089
51.342883,8,2209.662353
57.832796,6,2209.784096
57.881279,6,2210.039468
57.930567,5,2210.296943
57.887098,6,2210.433164
57.86639,5,2210.563296
58.208475,6,2210.759612
58.213692,6,2211.006874
57.761721,6,2211.246294
55.924786,7,2211.444548
58.282264,6,2211.579676
56.72835,7,2211.815743
57.851168,5,2211.993979
58.433932,6,2212.175854
58.336772,6,2212.319125
58.015084,6,2212.491715
57.291618,7,2212.650087
58.378258,6,2212.782171
-8.121337,5,2212.872128
52.300484,8,2213.145715
56.782426,5,2213.400188
56.813809,7,2213.585498
57.756721,5,2213.68314
57.577231,5,2213.842349
57.862301,6,2214.083288
56.786477,7,2214.334098
57.739627,5,2214.446342
57.320506,5,2214.615751
58.318124,6,2214.718844
57.861705,5,2214.883863
56.456734,7,2215.069585
58.175847,6,2215.283144
58.672194,6,2215.424836
57.738778,6,2215.565845
56.9179,5,2215.793907
51.323584,8,2216.031414
58.043158,6,2216.276625
56.400445,7,2216.424166
50.630887,8,2216.585941
58.752417,6,2216.757195
56.81456,7,2216.90417
59.059969,6,2217.033046
58.520295,6,2217.215308
58.791619,6,2217.446722
57.936051,6,2217.691577
59.056628,6,2217.807597
57.831202,5,2217.975348
57.77612,5,2218.064989
58.185031,6,2218.190874
57.91742,5,2218.351171
57.983458,6,2218.550287
57.561892,5,2218.745068
59.048978,6,2218.871847
56.127551,7,2219.054635
57.944493,5,2219.175541
58.945513,6,2219.301299
57.938174,5,2219.588269
56.143336,7,2219.735486
58.762712,6,2219.90695
57.925114,5,2220.079453
52.290535,8,2220.235006
56.146038,7,2220.420111
57.227175,5,2220.585715
59.088136,6,2220.711923
58.780314,6,2220.849211
57.93539,5,2221.087183
57.916713,5,2221.256539
51.302451,8,2221.451359
57.94389,5,2221.623117
51.459062,8,2221.783661
59.069678,6,2221.910332
57.805073,5,2222.077311
-8.748237,6,2222.197296
58.250233,6,2222.380555
51.408033,8,2222.554282
57.20256,5,2222.824458
58.778763,6,2223.0515
58.155064,6,2223.178666
58.338072,6,2223.348969
57.991599,6,2223.48054
57.654812,5,2223.679981
57.211517,5,2223.843177
58.82376,6,2223.969419
56.977195,5,2224.138614
58.52231,6,2224.27744
59.06998,6,2224.400839
56.599699,7,2224.656408
57.84018,6,2224.903483
59.076361,6,2225.028891
55.449947,7,2225.216407
57.765198,6,2225.358112
59.017923,6,2225.490205
56.508248,7,2225.649107
57.874152,6,2225.849877
56.888517,5,2225.968089
58.916734,6,2226.146336
58.062917,6,2226.287734
58.574384,6,2226.467543
58.134394,6,2226.577335
57.99,6,2226.765405
56.270425,7,2227.013101
58.107071,6,2227.130346
56.056876,7,2227.276043
58.446674,6,2227.498363
59.049798,6,2227.623402
57.93008,5,2227.797168
57.764476,5,2227.890332
58.140434,6,2228.016077
56.549679,7,2228.201631
57.772892,6,2228.393377
55.474515,7,2228.530272
57.784378,5,2228.627546
51.323114,8,2228.818001
57.885584,6,2228.961746
58.179711,6,2229.078275
55.70239,7,2229.225391
51.374234,8,2229.390638
56.359883,7,2229.546627
59.066483,6,2229.680355
58.168982,6,2229.894924
58.845753,6,2230.01891
57.799426,5,2230.208248
57.874782,6,2230.347407
52.219121,8,2230.507157
57.214571,5,2230.729228
57.879257,5,2230.980927
58.18088,6,2231.105001
58.344932,6,2231.370044
57.946766,5,2231.539232
57.925828,5,2231.79863
58.929043,6,2231.925892
58.878594,6,2232.060033
57.934087,5,2232.219059
56.401293,7,2232.364703
58.828829,6,2232.453841
57.92859,5,2232.699777
57.853926,5,2232.862131
57.784061,6,2233.02994
57.706473,5,2233.225421
57.898005,6,2233.466713
56.528465,7,2233.603958
58.779153,6,2233.735169
59.066792,6,2233.866193
-12.122034,8,2234.227615
58.107914,6,2234.353804
51.419477,8,2234.532727
56.088825,7,2234.684202
57.984965,6,2234.772824
-7.44383,6,2234.984722
58.23008,6,2235.200936
-6.925984,6,2235.583073
58.159764,6,2235.768725
57.908327,5,2235.928484
57.720887,5,2236.030053
51.157999,8,2236.191229
57.911477,5,2236.344402
58.196708,6,2236.449077
56.319163,7,2236.593733
59.061884,6,2236.72651
57.937941,5,2236.897974
56.376365,7,2237.016644
59.049767,6,2237.141057
51.795285,8,2237.335152
57.316765,5,2237.580872
57.876883,6,2237.708925
57.876544,6,2237.852012
56.167394,7,2238.093004
52.386094,8,2238.251561
57.943163,6,2238.386517
57.61215,6,2238.554525
59.070108,6,2238.682884
57.940097,5,2238.843403
59.058019,6,2238.956344
56.098808,7,2239.154248
57.836059,6,2239.395976
57.674426,5,2239.554683
58.233714,6,2239.690413
58.850996,6,2239.946904
52.096129,8,2240.114828
56.746554,7,2240.319925
56.056633,7,2240.505898
58.5588,6,2240.646375
51.678188,8,2240.798019
58.534002,6,2240.967651
57.943819,5,2241.129436
57.951699,5,2241.285643
57.914421,5,2241.437393
58.975503,6,2241.579176
51.514345,8,2241.823826
55.952658,7,2241.970076
56.86829,7,2242.18377
58.385021,6,2242.312087
57.944697,5,2242.534936
58.678601,6,2242.662669
58.217951,6,2242.797035
56.500074,7,2242.948649
59.063256,6,2243.076891
59.064092,6,2243.202682
57.137016,5,2243.44874
59.064624,6,2243.570023
59.059401,6,2243.693583
56.843905,7,2243.940055
58.100536,6,2244.13558
58.795919,6,2244.275481
56.763277,7,2244.526203
57.928825,5,2244.646079
56.274079,7,2244.839348
57.900667,5,2245.01074
57.031946,5,2245.132948
59.070366,6,2245.247127
56.704501,5,2245.43701
56.361365,7,2245.688712
59.061905,6,2245.805888
58.880566,6,2245.941028
57.279786,5,2246.200065
57.936011,5,2246.357421
57.693272,5,2246.544568
56.321114,7,2246.727466
56.783737,5,2246.935977
58.331255,6,2247.064073
58.517629,6,2247.195954
57.954088,6,2247.306426
59.078398,6,2247.421166
51.52674,8,2247.56886
59.053774,6,2247.696417
52.209121,8,2247.855232
58.74163,6,2247.993088
56.328344,7,2248.210194
58.495852,6,2248.383487
57.930466,5,2248.622569
56.228268,7,2248.765145
58.43475,6,2248.878786
59.076674,6,2248.991706
56.269982,7,2249.135516
57.90488,5,2249.261939
51.434405,8,2249.449673
58.932387,6,2249.572935
57.83925,6,2249.783909
57.864062,6,2249.917408
-13.792713,3,2249.992527
58.01792,6,2250.125307
57.226877,5,2250.363942
58.204216,6,2250.566071
59.021682,6,2250.697268
57.083987,7,2250.884645
56.364762,7,2251.036032
58.856197,6,2251.166858
-6.917326,6,2251.443119
59.042477,6,2251.565311
58.034721,6,2251.712028
58.010395,6,2251.900337
59.079147,6,2252.030597
50.978917,8,2252.228124
58.716889,6,2252.362806
58.711128,6,2252.589338
59.061004,6,2252.715264
57.739486,6,2252.860295
57.632881,5,2253.057407
58.836207,6,2253.183221
56.73313,7,2253.337552
56.810346,6,2253.483
57.739025,5,2253.577162
58.322361,6,2253.707561
58.157725,6,2253.961313
58.954885,6,2254.050463
57.842478,6,2254.19025
56.490632,7,2254.433931
58.730394,6,2254.573368
58.999812,6,2254.670077
56.224736,7,2254.814321
58.645171,6,2255.023343
57.599362,5,2255.230707
57.777486,6,2255.489314
57.802204,6,2255.706685
58.928346,6,2255.834873
58.667513,6,2255.97679
58.076026,6,2256.227299
56.785672,7,2256.470784
57.939048,5,2256.631371
57.937142,6,2256.737554
57.732216,5,2256.971691
57.927962,5,2257.157646
56.585643,7,2257.311576
57.901837,5,2257.476007
57.93159,5,2257.741127
51.50788,8,2258.010475
58.046527,6,2258.155244
57.661071,5,2258.393988
56.18375,7,2258.628221
58.097247,6,2258.746679
58.193133,6,2258.886653
58.448848,6,2259.012764
56.134854,7,2259.166772
57.912703,5,2259.38482
51.501581,8,2259.67608
56.83037,5,2259.80971
57.251727,5,2259.983289
59.036111,6,2260.101742
56.371982,7,2260.220793
58.129268,6,2260.348886
57.694921,6,2260.476739
58.056022,6,2260.715411
56.547429,5,2260.934782
56.821635,7,2261.082762
58.808239,6,2261.204058
58.032298,6,2261.43632
58.714782,6,2261.527794
51.546817,8,2261.762889
58.522976,6,2261.98038
58.968723,6,2262.112575
58.932954,6,2262.296311
56.822053,5,2262.499413
57.91926,6,2262.717787
57.93181,5,2262.970036
56.673463,7,2263.131519
58.624805,6,2263.274632
57.76725,5,2263.470576
57.94192,5,2263.724432
51.504922,8,2263.882532
58.274802,6,2263.986344
56.281671,7,2264.236489
57.021192,5,2264.478559
57.769597,6,2264.675941
59.054208,6,2264.798128
57.225411,5,2265.042499
56.699328,5,2265.241421
50.633268,8,2265.501267
57.035869,5,2265.666008
57.96875,6,2265.863956
57.078188,5,2266.109366
57.29781,5,2266.279732
59.034175,6,2266.400728
57.844862,5,2266.540236
57.127475,5,2266.775272
57.203912,5,2266.9347
58.606577,6,2267.154088
57.72234,5,2267.359372
57.776261,5,2267.588594
57.734541,5,2267.871274
-7.288087,6,2268.17357
56.956248,5,2268.355486
57.029478,5,2268.480056
59.012544,6,2268.606737
58.440042,6,2268.748801
57.778486,5,2268.992186
59.050938,6,2269.119611
56.364779,7,2269.325144
55.869106,7,2269.478013
57.037772,6,2269.690017
58.311928,6,2269.813576
57.789148,6,2269.931267
59.00497,6,2270.023868
57.062037,5,2270.124846
51.244038,8,2270.322674
58.209856,6,2270.464266
51.509426,8,2270.763241
59.053588,6,2270.878644
51.246595,8,2271.130718
57.048848,5,2271.380661
58.510488,6,2271.529675
52.287078,8,2271.696498
57.911343,5,2271.814344
57.938072,5,2271.982464
57.017308,5,2272.157595
57.21987,5,2272.326956
58.073948,6,2272.447969
57.735353,6,2272.70539
58.264687,6,2272.834506
58.912838,6,2272.963493
57.873743,6,2273.224318
58.155584,6,2273.43782
51.674576,8,2273.68478
56.149616,7,2273.918473
51.577008,8,2274.082287
59.064826,6,2274.20008
59.078836,6,2274.330835
58.083808,6,2274.465875
57.827915,5,2274.592103
58.156349,6,2274.71343
52.588997,8,2274.868361
59.058706,6,2274.997961
57.134779,5,2275.158052
57.640168,6,2275.354951
56.952598,5,2275.492921
51.595427,8,2275.709332
51.433253,8,2275.868066
56.159833,7,2276.06228
58.154236,6,2276.257627
58.818753,6,2276.358001
57.061071,5,2276.59886
58.818444,6,2276.823578
58.331115,6,2276.937563
57.889304,5,2277.098954
58.815504,6,2277.240847
52.494771,8,2277.532159
57.881167,5,2277.665128
56.151905,7,2277.812288
58.226303,6,2277.90242
57.887633,5,2278.061221
58.318337,6,2278.209043
56.848135,7,2278.362368
58.802623,6,2278.452164
57.224625,6,2278.586485
58.854527,6,2278.703654
57.957954,6,2278.916318
58.331382,6,2279.104964
56.031024,7,2279.243543
59.060092,6,2279.374685
58.109505,6,2279.605626
57.029082,5,2279.777271
57.771857,5,2279.976613
57.825896,5,2280.09531
58.095535,6,2280.342998
56.241882,7,2280.468212
51.222422,8,2280.622731
57.932755,5,2280.747813
-5.909849,6,2281.185043
57.941071,5,2281.410568
55.590026,7,2281.652486
59.013523,6,2281.739137
58.804845,6,2281.882761
51.543864,8,2282.080235
51.584259,8,2282.3326
-5.912741,6,2282.737209
58.349634,6,2282.884493
58.707484,6,2283.015018
58.312632,6,2283.148763
52.113721,8,2283.307359
59.019714,6,2283.396482
59.062774,6,2283.50933
57.837678,5,2283.758577
-6.917032,6,2283.983662
56.668247,7,2284.133198
56.656847,5,2284.368068
58.794919,6,2284.499756
59.071225,6,2284.623565
55.910945,7,2284.866256
57.852768,5,2285.119961
58.284084,6,2285.223986
57.263018,5,2285.390688
57.929698,5,2285.551972
57.235887,5,2285.735277
58.265966,6,2285.875017
57.323651,5,2286.128688
56.098723,7,2286.27496
56.480701,7,2286.420187
57.040046,5,2286.554944
56.071158,7,2286.690441
57.82926,5,2286.80389
56.468355,5,2286.977672
57.787318,5,2287.217942
56.232578,7,2287.372927
52.364127,8,2287.534717
57.931362,5,2287.782271
58.882338,6,2287.927461
57.007152,5,2288.080396
56.485388,5,2288.255913
58.644174,6,2288.404672
58.858733,6,2288.580434
58.198476,6,2288.718177
57.911215,6,2288.926083
57.861413,5,2289.07583
57.716314,5,2289.185551
56.098171,7,2289.42666
50.702423,8,2289.618096
58.054481,6,2289.737028
50.38315,8,2289.977715
57.796839,5,2290.095394
58.869589,6,2290.243635
57.928503,5,2290.460033
56.178675,7,2290.609985
58.123813,6,2290.744259
57.825365,5,2290.916868
57.748436,5,2291.106214
57.928214,5,2291.347982
57.90084,5,2291.50608
58.465031,6,2291.62693
59.031852,6,2291.747714
58.215669,6,2292.001274
59.032236,6,2292.175753
51.397199,8,2292.416235
57.751482,5,2292.647708
57.940246,5,2292.830101
58.808052,6,2292.960511
51.245934,8,2293.123468
58.372801,6,2293.327971
-7.29257,5,2293.60206
59.074798,6,2293.74341
59.06564,6,2293.857206
59.059703,6,2293.981272
-8.091871,6,2294.097134
55.404125,7,2294.245168
58.922121,6,2294.336244
57.872935,5,2294.455458
58.789186,6,2294.631033
50.866169,8,2294.799349
57.714683,5,2294.929007
58.90503,6,2295.050113
57.780096,5,2295.14229
58.749381,6,2295.284111
52.207081,8,2295.557495
57.942317,5,2295.7272
57.925426,5,2295.949111
52.502478,8,2296.222833
58.273307,6,2296.416783
57.245156,5,2296.673263
57.904848,5,2296.796124
-8.604901,5,2296.889891
56.800618,7,2297.03815
58.391043,6,2297.298489
58.795494,6,2297.439693
51.645543,8,2297.69982
50.534069,8,2297.862025
57.395828,6,2298.078107
51.437562,8,2298.238189
51.763939,8,2298.520529
58.794193,6,2298.634435
57.688806,5,2298.748356
56.887645,5,2298.907866
56.727034,7,2299.055981
52.28642,8,2299.213145
58.908936,6,2299.338589
57.744604,6,2299.572159
59.06779,6,2299.709445
57.945676,5,2299.952518
52.1575,8,2300.263983
-9.082864,7,2300.552162
58.118481,6,2300.667353
51.834453,8,2300.849729
-8.524188,5,2300.963678
56.281156,7,2301.153142
57.951643,5,2301.440736
57.924916,5,2301.619327
57.787505,5,2301.862757
59.086145,6,2302.006787
58.771392,6,2302.168713
59.059466,6,2302.288593
58.34109,6,2302.406
57.918425,5,2302.56801
58.311058,6,2302.717267
57.114557,7,2302.839148
59.078739,6,2302.957163
58.959307,6,2303.081706
57.10983,5,2303.300622
58.898115,6,2303.538672
58.747071,6,2303.667384
56.820346,7,2303.815594
59.068296,6,2303.940933
59.059084,6,2304.062834
57.291825,5,2304.30111
56.417764,7,2304.467358
52.267971,8,2304.626087
58.196389,6,2304.822121
55.963086,7,2305.0119
59.072438,6,2305.135624
56.453682,7,2305.284524
58.292749,6,2305.503854
-7.750884,7,2305.846358
50.928554,8,2306.031819
56.07496,7,2306.232456
56.336082,7,2306.46498
58.11959,6,2306.714128
59.074787,6,2306.847151
57.471529,7,2306.967736
57.08262,5,2307.133092
57.654563,5,2307.339571
56.570408,7,2307.582934
58.183903,6,2307.706222
57.057088,5,2307.939477
59.03136,6,2308.067935
58.238568,6,2308.314008
57.774704,6,2308.484687
56.812649,7,2308.723487
57.300551,5,2308.947991
56.116754,7,2309.090228
56.550332,7,2309.240461
57.935663,5,2309.404845
51.380514,8,2309.571049
58.62693,6,2309.79369
56.097485,7,2310.070045
52.435282,8,2310.323618
51.018566,8,2310.49196
56.575388,7,2310.736804
51.583461,8,2310.927306
58.803606,6,2311.057023
56.940708,5,2311.23812
56.699092,7,2311.474277
58.235504,6,2311.599318
56.260022,7,2311.744993
56.591671,7,2311.898553
57.93281,6,2312.144616
56.944509,5,2312.359941
51.4914,8,2312.519662
57.17952,5,2312.682935
56.730822,5,2312.772591
57.947886,5,2312.943286
58.086121,6,2313.078493
58.851221,6,2313.185086
56.934952,5,2313.376027
51.431202,8,2313.533359
51.49689,8,2313.696435
57.763638,5,2313.900581
58.785824,6,2314.02176
58.205818,6,2314.144817
57.27613,5,2314.310789
58.324215,6,2314.450013
57.928996,5,2314.607385
58.138556,6,2314.809659
51.50628,8,2315.010456
57.146791,5,2315.210268
58.244397,6,2315.455602
-8.047926,5,2315.667185
57.89326,5,2315.82376
59.068645,6,2315.929107
58.608353,6,2316.054285
58.849114,6,2316.172329
51.35682,8,2316.407347
57.607541,6,2316.623465
56.952746,6,2316.765288
59.078798,6,2316.887809
57.932538,5,2317.12292
57.922533,5,2317.419619
56.970771,5,2317.656488
57.910548,5,2317.780043
56.440532,7,2317.923011
57.931201,5,2318.081906
51.357881,8,2318.27028
56.735973,7,2318.419486
59.07524,6,2318.533912
57.024971,5,2318.764425
52.681403,8,2318.920001
59.011792,6,2319.056268
58.124714,6,2319.273309
59.066824,6,2319.395395
58.214558,6,2319.591542
56.878026,7,2319.788464
58.735279,6,2319.905306
59.072893,6,2320.039109
57.891385,5,2320.158998
58.704846,6,2320.283905
52.413644,8,2320.448937
58.982085,6,2320.594977
57.364355,6,2320.80194
57.059644,5,2320.97322
56.941358,7,2321.121959
56.389382,7,2321.309703
58.08455,6,2321.440506
56.946855,5,2321.598083
58.885012,6,2321.73679
57.9422,5,2321.99181
57.725986,6,2322.228441
59.056215,6,2322.35064
57.88284,5,2322.523541
58.13225,6,2322.638853
58.437789,6,2322.753546
57.043599,5,2323.009488
58.844198,6,2323.134964
57.911946,5,2323.29601
56.684932,5,2323.424977
57.946856,5,2323.598283
56.255514,7,2323.794033
57.931433,5,2323.953259
57.488945,5,2324.236152
59.06016,6,2324.366763
51.425287,8,2324.525757
56.719505,5,2324.775821
58.880038,6,2324.894352
58.561526,6,2325.075986
57.926988,5,2325.245448
59.069377,6,2325.366295
57.936088,5,2325.527329
58.640877,6,2325.641501
57.731256,5,2325.899074
56.28076,7,2326.05167
57.939418,6,2326.261336
55.832126,7,2326.532891
56.481713,7,2326.73607
58.309711,6,2326.966399
59.075144,6,2327.111743
57.660342,5,2327.360496
57.786079,6,2327.542974
58.887694,6,2327.633219
51.439251,8,2327.877642
57.914063,6,2328.021544
51.401547,8,2328.227707
56.259712,7,2328.427595
58.247893,6,2328.647177
52.222266,8,2328.823564
57.920963,5,2328.993763
57.936847,5,2329.221667
58.217511,6,2329.436558
58.663877,6,2329.565716
52.344343,8,2329.781613
57.278108,5,2330.037812
58.822655,6,2330.155957
58.04125,6,2330.300137
57.92153,5,2330.541933
57.056799,5,2330.782858
58.824959,6,2330.916177
57.920445,5,2331.083992
51.524324,8,2331.349973
58.246396,6,2331.486896
51.590217,8,2331.680271
57.929566,5,2331.914611
56.261301,7,2332.062481
58.998228,6,2332.193278
56.646462,7,2332.391618
50.697253,8,2332.556669
59.06711,6,2332.674274
57.899962,6,2332.779015
57.892626,6,2332.977259
-7.225225,6,2333.301286
57.940669,5,2333.460226
59.068966,6,2333.582414
57.184511,5,2333.80143
58.982678,6,2333.890074
52.452193,8,2334.099727
52.389794,8,2334.361505
57.466099,6,2334.489712
57.945907,5,2334.648162
56.121265,7,2334.792849
58.91481,6,2334.9235
58.634928,6,2335.075869
59.061603,6,2335.197618
57.945011,5,2335.437028
52.373443,8,2335.598484
57.687899,5,2335.720285
57.024021,5,2335.966778
58.464449,6,2336.096142
56.66868,7,2336.297003
50.580673,8,2336.507386
52.40932,8,2336.67547
57.892552,6,2336.824846
57.876911,5,2336.99164
59.056924,6,2337.081882
57.858353,5,2337.2475
58.809536,6,2337.42864
57.26295,5,2337.658937
57.905135,5,2337.908341
56.401005,5,2338.118083
59.089739,6,2338.250367
57.888043,6,2338.340174
-13.535051,8,2338.700554
57.893978,5,2338.934382
57.560882,6,2339.07997
58.23913,6,2339.29982
57.854512,6,2339.451515
56.711967,7,2339.622053
57.031191,5,2339.741277
56.30073,7,2339.88381
57.656911,6,2340.047812
58.983564,6,2340.190455
57.901957,5,2340.437065
58.014993,6,2340.689232
56.943631,5,2340.848299
59.03907,6,2340.966992
57.650951,6,2341.214417
57.042747,5,2341.376865
57.56714,6,2341.514253
51.528269,8,2341.763556
58.788735,6,2341.911376
55.766791,7,2342.07574
58.996276,6,2342.171223
58.165821,6,2342.310148
58.739054,6,2342.541541
55.548028,7,2342.769943
57.020225,5,2342.934175
57.88178,6,2343.071186
56.711895,7,2343.223864
57.027468,5,2343.3867
57.454774,6,2343.515194
59.072802,6,2343.648559
57.941507,5,2343.808837
56.100107,7,2344.003476
56.062463,7,2344.207784
55.406333,7,2344.357619
58.780933,6,2344.487851
57.831599,6,2344.673186
55.646676,7,2344.823684
56.796699,7,2344.975559
58.926917,6,2345.104406
57.733512,5,2345.305429
58.985428,6,2345.43111
59.032804,6,2345.523391
57.896359,5,2345.664144
57.91388,5,2345.823231
59.077246,6,2345.947902
58.805758,6,2346.128373
59.06987,6,2346.258733
57.801327,5,2346.502053
59.065052,6,2346.641062
59.053517,6,2346.764789
57.860836,5,2346.93553
57.704009,6,2347.143992
57.215036,5,2347.314242
50.589074,8,2347.480504
58.169105,6,2347.609236
57.317652,5,2347.827759
57.997088,6,2347.956825
58.769464,6,2348.101803
58.557059,6,2348.27324
57.789288,6,2348.530045
57.964378,6,2348.633775
-7.335416,5,2348.925755
58.931504,6,2349.01424
59.0621,6,2349.133997
57.090132,5,2349.290296
59.05903,6,2349.418157
57.795664,5,2349.657732
57.194853,5,2349.866439
57.91896,6,2349.991131
57.782232,5,2350.238674
59.077424,6,2350.374285
57.594235,5,2350.635748
57.930541,5,2350.754928
57.955886,5,2350.869709
57.247813,5,2351.12394
57.943196,5,2351.248456
50.767629,8,2351.413228
57.549256,6,2351.551574
57.958156,5,2351.708726
58.425865,6,2351.87841
57.730558,6,2352.02004
59.066018,6,2352.145901
58.142036,6,2352.285316
58.961171,6,2352.410686
59.062106,6,2352.53367
58.076917,6,2352.741845
51.286085,8,2352.905056
55.348974,7,2353.053439
56.940143,5,2353.284906
56.063311,7,2353.429317
57.645051,5,2353.576622
56.915262,5,2353.821221
57.814945,6,2353.934887
56.701583,7,2354.165973
58.547122,6,2354.306091
57.925274,5,2354.47623
58.473907,6,2354.617447
57.650405,6,2354.774642
56.065139,7,2355.011148
57.263719,5,2355.259466
59.074578,6,2355.38349
59.070827,6,2355.511815
58.831017,6,2355.684594
57.097637,5,2355.840155
57.910743,6,2356.043887
57.917117,5,2356.180354
52.392293,8,2356.337345
55.667938,7,2356.528517
57.262933,7,2356.786791
59.0572,6,2356.912183
59.069392,6,2357.027052
58.291247,6,2357.207434
58.106124,6,2357.460894
57.933319,5,2357.613449
57.943569,5,2357.864198
59.043981,6,2357.988874
56.790979,5,2358.139642
58.779853,6,2358.269073
58.824567,6,2358.405751
59.002012,6,2358.492885
57.654443,5,2358.673627
50.921701,8,2358.885589
52.352276,8,2359.045278
57.274004,7,2359.198075
56.236968,7,2359.45206
56.735963,7,2359.590911
58.777349,6,2359.679646
56.95875,5,2359.924888
58.182341,6,2360.099763
57.918428,5,2360.342073
57.979891,6,2360.482402
59.071815,6,2360.609176
58.161089,6,2360.7119
58.254981,6,2360.851159
58.087925,6,2361.023508
59.064003,6,2361.153168
57.736067,6,2361.386939
58.744035,6,2361.538242
57.965626,6,2361.654823
58.408104,6,2361.787046
57.044401,5,2361.918006
58.408117,6,2362.063027
56.409095,7,2362.217349
59.075592,6,2362.341289
58.061993,6,2362.443539
58.061835,6,2362.576756
57.058815,5,2362.780094
59.063811,6,2362.906077
58.2628,6,2363.033917
56.232186,7,2363.179905
-5.927298,6,2363.598662
57.04636,5,2363.838994
57.942148,5,2364.005483
58.81575,6,2364.142194
56.866361,7,2364.290933
57.940422,5,2364.537214
57.723287,5,2364.743668
56.336935,7,2364.931304
56.197747,7,2365.120348
58.071417,6,2365.251179
51.335887,8,2365.413328
58.624899,6,2365.554065
58.656538,6,2365.669279
59.049252,6,2365.795942
57.195362,7,2366.047155
56.450062,7,2366.257003
-13.438035,8,2366.627393
57.933239,5,2366.923217
51.231566,8,2367.104244
57.94172,5,2367.267601
58.938651,6,2367.41289
58.797848,6,2367.625953
58.81796,6,2367.752258
59.057127,6,2367.872944
58.560816,6,2368.023188
59.014125,6,2368.165132
57.309935,6,2368.369257
-7.321469,5,2368.643764
51.275037,8,2368.807868
57.942471,5,2369.006947
58.586229,6,2369.233297
57.799071,5,2369.47072
57.200906,5,2369.658439
58.347148,6,2369.795871
58.33912,6,2369.938845
59.068439,6,2370.06316
57.894776,5,2370.220944
-8.955654,5,2370.32078
59.024903,6,2370.453241
58.022666,6,2370.581157
56.908563,7,2370.743389
57.194452,5,2371.001453
56.548246,7,2371.151753
59.030976,6,2371.287763
56.996992,7,2371.436901
56.073526,7,2371.587163
55.977651,7,2371.779055
59.071664,6,2371.90877
58.965762,6,2372.027294
57.920679,5,2372.198661
58.47661,6,2372.368227
58.156651,6,2372.497407
57.941391,5,2372.741122
56.584599,7,2372.890876
57.99841,6,2373.112768
56.835597,7,2373.261074
58.761101,6,2373.351603
57.302175,5,2373.577554
-9.265315,7,2373.869018
58.394391,6,2374.064921
-9.359898,5,2374.229217
51.101035,8,2374.389866
57.217329,5,2374.548252
-10.093488,7,2374.673866
58.338503,6,2374.908223
58.212406,6,2375.053643
57.807968,5,2375.314101
56.216816,7,2375.458358
51.745381,8,2375.676943
59.052838,6,2375.802372
56.461196,5,2376.004867
58.971584,6,2376.095027
58.251557,6,2376.215065
56.068765,7,2376.406699
58.200315,6,2376.606464
57.878559,5,2376.768781
57.816641,5,2377.011692
56.95052,5,2377.174172
57.805462,6,2377.317066
51.421921,8,2377.474706
58.840189,6,2377.566583
59.0814,6,2377.692485
59.054499,6,2377.807394
57.917427,6,2378.026924
57.914949,6,2378.150859
56.811062,7,2378.397528
58.409855,6,2378.528325
57.704252,5,2378.617728
57.570874,6,2378.721608
59.075604,6,2378.834924
57.866664,5,2378.95338
58.452368,6,2379.124039
58.368052,6,2379.26617
59.058647,6,2379.390648
59.068338,6,2379.516234
57.021506,5,2379.760616
56.246784,7,2380.006594
57.919076,5,2380.256511
58.729239,6,2380.387751
56.243217,7,2380.581026
55.60521,7,2380.781399
58.979405,6,2380.892186
58.82534,6,2381.015427
57.759924,5,2381.265201
56.869383,7,2381.514017
59.063023,6,2381.628009
55.958388,7,2381.826179
57.941483,5,2382.013111
57.819815,5,2382.178038
57.902421,6,2382.378385
56.791511,7,2382.569771
58.661673,6,2382.708004
58.641954,6,2382.832922
51.37803,8,2382.982171
59.086107,6,2383.10849
57.294727,5,2383.276942
59.060126,6,2383.363607
57.928664,5,2383.535127
51.551255,8,2383.691628
58.521268,6,2383.904566
58.755327,6,2384.038143
57.686533,6,2384.205953
58.924696,6,2384.342933
57.917175,5,2384.503025
57.55874,6,2384.611698
58.956544,6,2384.700815
58.372437,6,2384.830684
52.510601,8,2384.991851
57.279343,6,2385.187242
57.857956,5,2385.306042
56.257254,7,2385.555926
58.226986,6,2385.690803
57.945266,5,2385.832098
56.031025,7,2386.05842
57.913591,5,2386.234033
58.947414,6,2386.372644
57.662642,5,2386.512893
58.230135,6,2386.714251
55.991301,7,2386.865795
58.316974,6,2386.980453
58.800989,6,2387.153743
59.033117,6,2387.263863
59.056141,6,2387.386579
-8.559767,5,2387.509192
59.079007,6,2387.628122
57.5615,6,2387.892809
59.046396,6,2388.01847
58.2563,6,2388.146042
56.955915,6,2388.339466
-9.217755,5,2388.430635
59.054605,6,2388.559632
59.06411,6,2388.68118
51.42155,8,2388.847329
57.107735,7,2388.99351
56.319076,7,2389.153392
56.66501,7,2389.384554
57.936284,5,2389.625988
56.813779,7,2389.874598
57.819696,5,2389.967224
51.377021,8,2390.242752
57.106127,5,2390.476212
58.161218,6,2390.611495
56.048155,7,2390.802396
57.530088,5,2390.999181
57.943603,5,2391.158971
58.960804,6,2391.250871
58.563141,6,2391.399105
58.74967,6,2391.523299
57.936255,5,2391.772041
59.056148,6,2391.897737
57.924918,5,2392.016509
58.873779,6,2392.158028
59.067679,6,2392.287202
58.379732,6,2392.423919
59.040409,6,2392.523603
51.447173,8,2392.685487
57.355505,6,2392.82179
57.945193,5,2393.021257
59.057047,6,2393.14305
58.179078,6,2393.260509
58.327153,6,2393.401745
59.046352,6,2393.527501
57.727575,5,2393.724329
58.079032,6,2393.928981
58.254289,6,2394.064758
57.18744,6,2394.170638
57.412021,6,2394.301013
57.939017,5,2394.551067
56.740151,7,2394.787251
57.148866,6,2395.04947
56.178443,7,2395.282824
51.376919,8,2395.579571
59.063461,6,2395.693732
56.987007,6,2395.802164
58.214674,6,2395.941043
55.239731,7,2396.088402
55.384686,7,2396.248454
59.075859,6,2396.367717
59.0633,6,2396.495468
58.859161,6,2396.619058
58.894922,6,2396.793393
59.07905,6,2396.92875
57.913296,5,2397.174179
58.07167,6,2397.268521
56.215901,7,2397.509061
56.832942,7,2397.670476
57.81116,5,2397.85379
58.083825,6,2397.994117
57.99739,6,2398.206691
58.944847,6,2398.342023
58.763359,6,2398.502406
57.293057,5,2398.678901
59.064466,6,2398.80919
57.92734,5,2399.070294
58.055678,6,2399.203995
57.87051,5,2399.347394
59.051011,6,2399.47142
56.675496,5,2399.7133
58.796371,6,2399.846525
56.487148,7,2400.001806
58.806294,6,2400.117456
58.370829,6,2400.264067
52.173081,8,2400.43137
57.928164,5,2400.659377
51.72214,8,2400.834753
58.653607,6,2401.017393
57.931766,5,2401.270705
57.892482,5,2401.537318
58.852154,6,2401.628659
56.125902,7,2401.82549
58.854612,6,2401.923602
57.645413,6,2402.185353
56.272271,7,2402.436954
57.281786,5,2402.659626
58.280183,6,2402.904482
59.063154,6,2403.021336
58.210703,6,2403.130649
56.982892,5,2403.278181
-7.323769,5,2403.511669
58.222801,6,2403.623554
57.12174,5,2403.798002
57.870518,5,2403.959518
57.931814,5,2404.129083
58.146856,6,2404.347819
59.045727,6,2404.439071
58.333578,6,2404.578494
58.0671,6,2404.717705
56.101415,7,2404.865549
57.720507,5,2405.055386
57.351331,5,2405.268209
58.749773,6,2405.414019
55.570274,7,2405.670439
58.010752,6,2405.868246
56.277648,7,2406.14305
56.71169,7,2406.385293
59.047851,6,2406.474684
57.937693,5,2406.730478
56.406703,7,2406.8939
57.925704,5,2407.118592
57.050443,6,2407.318064
56.022197,7,2407.473506
57.604445,6,2407.610791
58.65111,6,2407.742713
57.011186,5,2408.032834
57.052558,6,2408.228589
58.860293,6,2408.352845
58.262203,6,2408.545245
58.928245,6,2408.645437
56.064392,7,2408.837972
58.708967,6,2408.973069
58.185108,6,2409.111387
57.89937,5,2409.378222
57.929879,5,2409.541061
51.410183,8,2409.792317
55.279368,7,2409.941397
57.894358,5,2410.100531
59.052839,6,2410.237715
57.21051,7,2410.381773
58.388674,6,2410.525149
57.914547,5,2410.677489
55.616777,7,2410.827365
57.933003,6,2411.028873
57.828836,5,2411.15149
56.680884,7,2411.307244
58.428775,6,2411.520268
58.394094,6,2411.622822
56.393244,7,2411.908584
59.071546,6,2412.03444
57.082945,5,2412.311814
56.538936,5,2412.586046
58.65948,6,2412.701241
50.586447,8,2412.953387
57.906052,5,2413.210357
56.971407,5,2413.371632
57.643273,6,2413.569351
57.109595,7,2413.725072
52.287918,8,2413.883925
57.066183,5,2414.047752
56.180114,7,2414.194435
52.276417,8,2414.47026
57.922855,5,2414.647507
56.712548,7,2414.795042
59.058648,6,2414.918841
57.942971,5,2415.140198
52.289555,8,2415.4338
51.644227,8,2415.62546
58.862481,6,2415.752513
56.460263,7,2415.908837
58.63696,6,2416.055097
58.266154,6,2416.161817
58.77056,6,2416.305311
59.038123,6,2416.425442
57.411653,7,2416.530201
51.498958,8,2416.779198
58.845355,6,2417.011493
58.873014,6,2417.159391
59.075314,6,2417.278226
59.069154,6,2417.405975
57.925441,5,2417.65742
57.92889,5,2417.828196
58.252467,6,2417.986603
58.396192,6,2418.117889
56.446918,7,2418.278739
57.061912,5,2418.522873
58.165302,6,2418.647624
57.949694,5,2418.816378
58.065632,6,2419.066728
57.953179,5,2419.225281
57.937659,5,2419.448525
56.649884,7,2419.596922
59.067086,6,2419.730375
57.954601,5,2419.894114
57.200724,5,2420.053436
57.945778,5,2420.28503
57.742826,5,2420.408901
59.06752,6,2420.525188
51.475875,8,2420.710684
56.860202,7,2420.85912
58.833528,6,2420.972765
50.783137,8,2421.127412
57.839419,5,2421.384015
57.927762,5,2421.623996
58.944615,6,2421.720657
58.753644,6,2421.868242
59.063628,6,2421.994591
59.047025,6,2422.119233
57.481095,5,2422.378864
56.335032,7,2422.616666
55.324883,7,2422.762234
57.886011,6,2422.954457
55.208366,7,2423.14133
50.652811,8,2423.336541
57.754611,6,2423.472142
57.938148,5,2423.718692
59.063776,6,2423.848909
58.819036,6,2424.046404
58.448088,6,2424.16197
58.793601,6,2424.290648
57.046701,5,2424.465156
57.040645,7,2424.620024
59.02494,6,2424.750382
56.496263,7,2425.006139
59.016577,6,2425.132482
58.296311,6,2425.37791
56.178854,7,2425.563498
59.081006,6,2425.690509
51.657265,8,2425.920428
56.882127,5,2426.230178
58.72314,6,2426.354574
57.879698,5,2426.605322
57.91056,5,2426.729881
51.46055,8,2426.919342
57.723539,6,2427.05892
57.238983,7,2427.262527
58.173984,6,2427.464136
58.173369,6,2427.60327
58.515184,6,2427.723982
57.082931,7,2427.917077
59.055575,6,2428.038271
57.941248,5,2428.289093
57.311747,5,2428.450077
58.386961,6,2428.702253
51.397894,8,2428.897219
58.935698,6,2429.118876
57.179479,7,2429.264027
57.327913,5,2429.508585
-5.910331,6,2429.727383
57.946799,5,2429.895632
58.360151,6,2430.034849
-9.216411,5,2430.126017
57.941388,5,2430.440201
57.936268,5,2430.669162
56.472016,7,2430.820712
58.815162,6,2430.954396
56.671183,7,2431.148636
58.503944,6,2431.298677
57.908385,6,2431.502625
59.058334,6,2431.617795
57.6262,5,2431.837556
57.909578,6,2432.091301
56.930377,5,2432.370253
58.768948,6,2432.51483
57.264817,7,2432.659034
57.835507,5,2432.830343
57.836298,6,2432.935862
57.578885,5,2433.071436
58.02289,6,2433.187133
56.504712,7,2433.334865
57.97081,6,2433.455487
56.583985,7,2433.617511
-5.917523,6,2433.984001
57.654062,5,2434.212837
58.877739,6,2434.44923
58.663467,6,2434.564794
55.349667,7,2434.784271
57.303416,6,2434.89693
-6.137194,6,2435.254901
52.695388,8,2435.471359
59.068663,6,2435.598073
57.384295,6,2435.860271
56.603729,5,2436.020315
58.308159,6,2436.132212
56.190409,7,2436.318436
-13.899951,8,2436.702631
56.140312,7,2436.859131
58.926268,6,2436.99873
58.99225,6,2437.090869
57.954539,5,2437.250237
59.064574,6,2437.377811
59.074539,6,2437.501274
-9.535685,5,2437.621719
58.952275,6,2437.71044
59.07275,6,2437.837993
58.385669,6,2437.955339
58.139202,6,2438.076738
51.632956,8,2438.236036
58.340235,6,2438.340875
55.250288,7,2438.489948
57.561014,6,2438.752412
57.953052,5,2438.978915
58.938959,6,2439.106268
58.959539,6,2439.230571
59.077346,6,2439.360668
58.690461,6,2439.511313
58.03858,6,2439.637019
58.81714,6,2439.778769
59.068859,6,2439.902397
58.34779,6,2440.167679
58.512607,6,2440.338367
59.001191,6,2440.507816
57.763701,5,2440.742889
59.06019,6,2440.885443
51.131911,8,2441.046296
58.448284,6,2441.167694
58.862391,6,2441.314768
58.714781,6,2441.45402
57.213583,5,2441.701763
54.657955,7,2441.844618
56.85021,5,2442.009877
58.99039,6,2442.139707
50.64695,8,2442.399689
57.927757,5,2442.632275
-5.905469,6,2442.980477
56.880683,7,2443.128499
57.889901,6,2443.232981
55.910343,7,2443.464434
58.787693,6,2443.608771
57.641175,6,2443.738303
52.083967,8,2443.991127
57.977958,6,2444.096057
57.948238,5,2444.305
57.765382,5,2444.506601
59.082277,6,2444.623601
58.888258,6,2444.7603
58.217496,6,2444.898545
57.248152,7,2445.141527
59.023121,6,2445.281318
57.914282,6,2445.533776
57.887409,5,2445.694896
57.767316,5,2445.791743
57.928462,5,2446.034585
59.063475,6,2446.147255
58.139684,6,2446.251676
52.444726,8,2446.50823
56.928529,7,2446.744887
56.725512,7,2446.893894
58.80807,6,2446.983119
51.372965,8,2447.144268
57.887779,5,2447.304246
57.102599,5,2447.548323
57.045662,5,2447.784775
58.013821,6,2447.891994
57.198684,5,2448.148073
57.118234,5,2448.390325
52.515084,8,2448.544565
56.253279,7,2448.776047
57.902304,5,2448.942405
59.07136,6,2449.065561
56.212589,7,2449.252244
57.942962,5,2449.493317
56.301294,7,2449.692791
50.796294,8,2449.886587
57.931231,5,2450.056065
52.252943,8,2450.322817
57.836309,5,2450.48367
57.751387,5,2450.740123
56.21832,7,2450.977861
57.23203,5,2451.170682
57.945676,5,2451.329905
57.847139,5,2451.589811
57.939712,5,2451.752536
59.057331,6,2451.885471
57.686755,5,2452.065926
51.464328,8,2452.314711
57.317763,5,2452.48597
59.086709,6,2452.609508
57.231832,5,2452.855882
57.271402,5,2453.118003
58.404772,6,2453.267404
52.545437,8,2453.421883
57.817156,5,2453.658175
56.74481,7,2453.805847
51.571586,8,2453.96958
58.790063,6,2454.084269
-7.432877,5,2454.386238
51.181089,8,2454.590108
51.495924,8,2454.778924
58.902727,6,2454.952232
58.401412,6,2455.080973
58.252786,6,2455.298638
59.08041,6,2455.424834
58.913192,6,2455.541181
58.773398,6,2455.675396
57.199145,5,2455.831696
58.416153,6,2455.962385
58.904504,6,2456.09583
57.732604,5,2456.218711
57.863694,5,2456.343453
59.069853,6,2456.461608
57.61485,5,2456.662842
56.344941,7,2456.90406
59.062497,6,2457.019727
57.93086,5,2457.166947
58.766019,6,2457.29305
56.622996,7,2457.445442
57.92659,5,2457.671004
59.079405,6,2457.786024
52.384691,8,2457.941151
57.938073,5,2458.063582
57.937737,5,2458.298167
51.414619,8,2458.469544
57.908006,5,2458.62531
57.908166,6,2458.755044
56.72434,7,2458.997348
58.223895,6,2459.225977
56.30314,7,2459.453079
58.285664,6,2459.580271
56.807011,5,2459.697706
58.275712,6,2459.836465
57.784773,6,2459.976178
59.061267,6,2460.10721
58.012142,6,2460.243989
58.42072,6,2460.369667
59.088629,6,2460.500748
58.26102,6,2460.752991
58.193335,6,2460.966547
56.63927,7,2461.115266
58.971422,6,2461.337866
56.200814,7,2461.48509
57.829317,6,2461.689503
57.673586,5,2461.945618
51.597333,8,2462.200484
59.058003,6,2462.326937
59.075718,6,2462.455517
59.068869,6,2462.581801
57.384654,6,2462.811762
59.080974,6,2462.93647
56.671972,7,2463.086672
57.81324,6,2463.228116
57.824128,5,2463.393398
52.590389,8,2463.641219
56.377638,7,2463.831601
56.587704,7,2463.981642
58.531281,6,2464.118061
56.282453,7,2464.268444
57.950767,5,2464.513494
57.581679,5,2464.620305
56.34224,7,2464.772561
56.100377,7,2464.919771
52.495816,8,2465.193782
58.490497,6,2465.371682
57.934215,5,2465.599795
59.090925,6,2465.740549
59.002036,6,2465.844253
59.062258,6,2465.970558
52.573747,8,2466.219294
56.665091,7,2466.370025
56.29768,7,2466.597535
57.927414,5,2466.732163
56.559257,7,2467.018194
57.290005,5,2467.137378
58.836473,6,2467.277472
58.874779,6,2467.374804
-5.927942,6,2467.738188
51.474422,8,2467.908792
57.855103,6,2468.022683
57.945856,5,2468.18048
52.060141,8,2468.330848
58.876657,6,2468.419976
54.86883,7,2468.679594
57.95851,5,2468.835765
58.412844,6,2469.009537
59.085886,6,2469.131046
57.837459,6,2469.268524
59.06725,6,2469.390715
-7.277332,6,2469.681555
56.719032,7,2469.832434
58.768261,6,2469.972842
57.291043,6,2470.228136
51.356858,8,2470.390475
59.053019,6,2470.503868
57.939825,5,2470.621903
58.296133,6,2470.734573
58.11221,6,2470.861992
57.029112,5,2471.057328
58.720646,6,2471.197632
58.56748,6,2471.312531
58.400857,6,2471.42618
58.747917,6,2471.550968
58.644067,6,2471.726648
58.333302,6,2471.859427
51.44205,8,2472.125924
57.790931,6,2472.238276
57.803861,5,2472.357341
57.890711,6,2472.549368
57.132023,5,2472.792751
58.837259,6,2472.91677
59.084117,6,2473.045371
56.806952,7,2473.308492
57.823078,5,2473.555016
58.258156,6,2473.819934
57.093587,7,2474.112226
57.669645,5,2474.342489
57.150527,5,2474.515285
56.080742,7,2474.673004
57.0092,7,2474.865355
58.667534,6,2475.007871
52.311465,8,2475.295614
59.086869,6,2475.430826
59.049017,6,2475.548019
58.218093,6,2475.792915
57.976789,6,2475.989155
58.911186,6,2476.112902
-8.40672,5,2476.234308
50.66505,8,2476.478501
59.071983,6,2476.605599
59.076864,6,2476.73765
58.196327,6,2476.871325
59.076725,6,2476.997512
56.226842,7,2477.145376
58.430339,6,2477.300987
58.031404,6,2477.504366
57.857,5,2477.670249
59.049352,6,2477.800882
58.757503,6,2477.89588
56.404365,7,2478.059272
57.926287,6,2478.33284
56.367498,7,2478.481808
56.526615,7,2478.641203
59.056545,6,2478.769248
56.988401,5,2478.937764
58.821642,6,2479.061854
56.483789,7,2479.216368
58.294738,6,2479.432027
57.948897,5,2479.588246
57.906631,5,2479.837149
57.288188,5,2480.009979
51.417577,8,2480.202355
58.952129,6,2480.327261
57.602803,5,2480.531865
57.619313,5,2480.667746
58.049895,6,2480.760509
51.294298,8,2480.922864
59.067922,6,2481.012276
57.2377,5,2481.169852
56.727731,5,2481.389415
52.530362,8,2481.66465
56.216342,7,2481.821374
58.716975,6,2481.933609
57.944975,5,2482.141972
59.038926,6,2482.234571
58.143935,6,2482.383426
58.158957,6,2482.494091
58.834554,6,2482.683007
59.077359,6,2482.806862
-9.323862,7,2483.121222
58.890675,6,2483.21794
58.783473,6,2483.369639
58.332078,6,2483.500943
56.992953,5,2483.631221
57.510162,6,2483.887915
58.269692,6,2484.116432
51.479601,8,2484.234387
56.283373,7,2484.429205
58.658645,6,2484.560475
59.043633,6,2484.675124
59.058743,6,2484.788313
58.84564,6,2484.880227
57.945964,5,2485.054579
59.086001,6,2485.186412
52.292012,8,2485.362421
56.129909,7,2485.509231
57.305037,6,2485.721841
57.944503,5,2485.892182
56.437439,7,2486.044207
57.767029,5,2486.173452
51.260265,8,2486.427362
57.959011,5,2486.669578
57.761872,5,2486.913855
58.909092,6,2487.087674
58.830422,6,2487.237426
57.716336,6,2487.445328
51.379222,8,2487.609044
58.199724,6,2487.783184
58.931647,6,2487.926233
57.995251,6,2488.0416
58.778935,6,2488.179651
58.119852,6,2488.376364
57.916692,5,2488.639333
58.394477,6,2488.840195
58.311771,6,2488.989363
59.08115,6,2489.107063
58.988309,6,2489.195478
56.657334,7,2489.345612
59.047359,6,2489.47736
59.07324,6,2489.600293
59.008289,6,2489.73043
57.889485,5,2489.89272
56.415314,7,2490.14303
57.887366,5,2490.316857
57.858149,6,2490.587128
57.936176,5,2490.757607
57.208443,5,2491.019011
50.807037,8,2491.275946
59.079796,6,2491.40783
52.472988,8,2491.573059
56.381209,7,2491.83355
59.064561,6,2491.952479
59.044336,6,2492.044489
57.26429,5,2492.165689
52.558728,8,2492.428386
-8.725314,5,2492.527586
52.761185,8,2492.73279
57.157014,5,2492.983689
56.105981,7,2493.130697
57.303987,5,2493.297306
57.929171,5,2493.518928
56.91819,5,2493.757264
57.927759,5,2493.915553
56.350542,7,2494.062382
56.551677,7,2494.317194
58.925341,6,2494.406318
58.291806,6,2494.656735
57.633702,6,2494.799245
51.585173,8,2495.040203
57.284209,5,2495.285684
58.114569,6,2495.458006
56.410259,7,2495.608071
58.747267,6,2495.75058
57.952651,5,2496.052861
57.871068,5,2496.328943
58.273116,6,2496.572908
59.067748,6,2496.69476
56.692183,5,2496.9007
56.375236,7,2497.051897
58.907366,6,2497.184495
57.321999,5,2497.346607
57.736705,5,2497.526203
58.238903,6,2497.665864
57.431888,6,2497.773834
59.047312,6,2497.88923
57.889996,5,2498.163283
56.786314,7,2498.359305
52.56287,8,2498.623209
59.077116,6,2498.772276
57.828408,6,2498.994569
58.292996,6,2499.127699
57.939551,5,2499.287457
57.870462,5,2499.449828
56.281543,7,2499.59725
57.91311,6,2499.83803
57.714739,5,2500.034519
59.067984,6,2500.163841
58.040007,6,2500.285298
58.987541,6,2500.411149
57.959483,5,2500.640097
58.90259,6,2500.870751
57.572051,6,2501.00226
58.199386,6,2501.152035
56.868531,7,2501.415214
57.947821,5,2501.692393
57.144219,6,2501.801088
59.069486,6,2501.922821
57.930982,5,2502.092792
58.196342,6,2502.365261
57.825879,5,2502.602194
57.748352,5,2502.697238
58.632002,6,2502.843262
57.930958,5,2502.962217
57.877671,5,2503.133524
57.894997,5,2503.292165
-8.780396,5,2503.384814
59.077928,6,2503.518959
59.020405,6,2503.64366
57.797854,5,2503.877997
-5.926716,6,2504.287245
58.69504,6,2504.519852
57.854399,5,2504.64268
56.433518,5,2504.871781
58.87771,6,2505.104352
57.927149,5,2505.256598
57.934939,5,2505.556529
57.940621,5,2505.712778
59.06675,6,2505.826649
59.064347,6,2505.953341
56.974226,7,2506.188173
51.310706,8,2506.352671
58.407037,6,2506.523387
58.573713,6,2506.62362
57.94578,5,2506.89531
59.06871,6,2507.017751
51.322651,8,2507.191274
57.24767,6,2507.299566
58.357491,6,2507.423704
58.877674,6,2507.518848
57.622122,6,2507.655232
58.963131,6,2507.789875
57.76454,5,2507.887149
-8.35406,5,2507.985857
58.250425,6,2508.114679
59.068015,6,2508.207124
58.184314,6,2508.397482
57.936957,5,2508.525207
57.782324,5,2508.651022
56.667473,7,2508.805346
57.325918,7,2509.002049
56.852807,7,2509.155818
56.80716,7,2509.409725
58.086976,6,2509.639131
57.730319,6,2509.751772
57.943941,5,2509.913908
56.375394,7,2510.062094
57.588568,5,2510.179039
57.889813,5,2510.48384
57.688659,5,2510.653573
57.958107,5,2510.809518
59.063096,6,2510.898636
56.553608,7,2511.139756
56.673205,7,2511.300305
57.884293,5,2511.42404
57.934861,5,2511.663433
58.617832,6,2511.851097
56.361484,7,2512.081997
59.064369,6,2512.201838
58.389219,6,2512.404048
50.445727,8,2512.654151
57.917163,5,2512.814785
56.288127,7,2512.969613
57.932253,5,2513.199088
59.081322,6,2513.329933
57.232397,6,2513.580302
56.121649,7,2513.720078
58.835354,6,2513.895903
57.745077,5,2514.083907
52.570311,8,2514.241356
50.467364,8,2514.440143
56.782875,7,2514.671703
58.350105,6,2514.789912
58.834656,6,2514.923254
58.456474,6,2515.050588
56.526452,7,2515.208928
56.79383,7,2515.401613
56.158064,7,2515.555345
55.706925,7,2515.727601
51.450117,8,2515.931654
58.835456,6,2516.044449
51.213891,8,2516.307714
58.841579,6,2516.529028
58.735888,6,2516.668729
56.213802,7,2516.864175
58.320235,6,2516.997588
-5.906053,6,2517.372555
57.742423,5,2517.625805
58.150166,6,2517.743807
58.463197,6,2517.917208
59.074248,6,2518.032889
58.430681,6,2518.250593
58.199372,6,2518.378862
58.840977,6,2518.512596
59.076518,6,2518.629363
56.757964,7,2518.866352
-6.145128,6,2519.210191
58.695047,6,2519.337377
56.530833,7,2519.487645
57.806564,5,2519.603368
50.806509,8,2519.859072
57.007936,5,2520.123822
56.22211,7,2520.271559
56.870355,7,2520.420589
57.897632,5,2520.566913
57.580924,5,2520.823799
57.942188,5,2520.989556
57.944508,5,2521.147073
57.717314,5,2521.323867
58.279101,6,2521.530896
57.922759,5,2521.781984
58.967114,6,2521.920391
57.179542,6,2522.120326
59.056214,6,2522.241002
-8.248632,6,2522.346287
57.952202,5,2522.504585
57.936815,5,2522.62614
55.383552,7,2522.81178
59.034566,6,2522.947198
57.937633,5,2523.204596
56.301663,7,2523.443027
57.954703,5,2523.601642
56.52637,7,2523.857775
57.847225,5,2524.023553
52.38882,8,2524.189303
58.455346,6,2524.404574
57.910899,5,2524.650384
57.679559,5,2524.873312
57.938624,5,2525.040246
57.629857,5,2525.253576
57.476721,6,2525.391324
52.381951,8,2525.548668
58.813306,6,2525.685907
56.08917,7,2525.83139
57.953696,5,2525.984608
52.488997,8,2526.14235
57.82921,6,2526.38855
56.839796,7,2526.537778
58.696255,6,2526.680901
57.94283,5,2526.903431
50.775052,8,2527.098785
58.357803,6,2527.208479
58.988203,6,2527.298659
59.042961,6,2527.424867
51.091205,8,2527.588787
58.600861,6,2527.816394
58.096106,6,2527.937743
57.095943,7,2528.126581
57.932348,5,2528.286862
58.560009,6,2528.498386
56.312415,7,2528.650271
57.948413,5,2528.808557
57.883635,5,2528.988656
50.869795,8,2529.152937
51.42,8,2529.318433
56.679309,7,2529.50523
57.114961,5,2529.675937
57.705128,5,2529.869633
58.215029,6,2529.997311
57.893979,6,2530.114676
56.147041,7,2530.357113
56.088815,7,2530.504451
58.47834,6,2530.723727
58.727288,6,2530.870608
57.812363,5,2531.036602
58.453019,6,2531.165395
56.43363,7,2531.309909
50.564712,8,2531.474665
58.71337,6,2531.612431
57.829016,5,2531.86477
56.081476,7,2532.00601
58.100147,6,2532.147362
58.631662,6,2532.368387
51.497925,8,2532.601912
57.947721,5,2532.729885
56.540034,7,2532.871465
57.296776,6,2533.073132
57.600827,6,2533.192817
57.920528,5,2533.448754
56.663182,7,2533.633424
58.303982,6,2533.791311
57.633908,6,2533.962092
50.694596,8,2534.198653
57.955294,5,2534.48193
56.51453,7,2534.634149
56.183119,7,2534.86947
57.946443,5,2534.985139
59.078766,6,2535.113653
58.803727,6,2535.256587
58.565046,6,2535.397307
-7.312923,5,2535.668356
52.282745,8,2535.939754
58.410221,6,2536.139347
58.627538,6,2536.282522
58.995272,6,2536.422533
57.770786,5,2536.576848
58.169731,6,2536.774303
56.760339,7,2536.923757
56.690411,7,2537.164439
51.42161,8,2537.327129
56.244192,7,2537.473828
57.946201,5,2537.632817
57.663578,5,2537.890567
57.864453,5,2538.053905
56.207396,7,2538.29337
51.473007,8,2538.49066
57.758917,6,2538.59611
52.415229,8,2538.870852
58.63539,6,2539.090432
51.374237,8,2539.255701
57.810492,5,2539.359478
56.232318,7,2539.550932
57.993173,6,2539.683993
51.229922,8,2539.839849
59.081047,6,2539.955778
57.943187,5,2540.165122
57.576655,6,2540.418764
57.897889,5,2540.588632
57.908155,5,2540.873035
57.959819,5,2541.100089
57.050599,6,2541.209456
56.73826,7,2541.35701
55.536873,7,2541.614955
58.364688,6,2541.82532
52.416672,8,2541.982724
59.089109,6,2542.11446
58.326772,6,2542.307041
56.349292,7,2542.468212
56.218014,7,2542.723534
59.082707,6,2542.851728
56.679899,7,2543.10741
57.80448,5,2543.272539
57.957139,5,2543.4296
51.579282,8,2543.593181
59.090295,6,2543.711327
57.688844,5,2543.844031
56.421264,7,2544.005028
57.611913,5,2544.195259
51.329391,8,2544.377129
57.928052,5,2544.628629
57.862568,5,2544.788293
58.083282,6,2545.034172
57.033682,6,2545.192769
57.434525,6,2545.323209
58.474573,6,2545.474821
56.894092,5,2545.722498
56.172446,7,2545.887007
58.629968,6,2546.030464
57.825853,5,2546.315173
56.657194,7,2546.482652
57.810171,6,2546.744864
51.52555,8,2546.93597
57.828546,6,2547.043764
56.305534,7,2547.292697
52.686144,8,2547.449331
56.565191,7,2547.601233
56.17174,7,2547.756073
57.867288,5,2547.919791
59.078731,6,2548.04623
56.231602,7,2548.189355
58.422652,6,2548.384825
51.548889,8,2548.552145
56.322302,7,2548.794331
58.006359,6,2548.903624
58.164751,6,2549.011942
57.921952,5,2549.270764
57.797449,5,2549.525432
57.948397,5,2549.692781
57.942571,5,2549.861969
58.656404,6,2549.980835
56.545905,7,2550.228126
56.360269,7,2550.380363
56.471849,7,2550.583524
59.062808,6,2550.70526
58.621577,6,2550.825713
59.066957,6,2550.948106
56.301103,7,2551.09518
55.932252,7,2551.329747
57.956223,5,2551.514724
57.199049,5,2551.685395
56.446106,7,2551.833149
56.663067,7,2551.984538
58.966228,6,2552.078078
57.956038,5,2552.249419
57.858205,6,2552.44234
52.338836,8,2552.618024
57.579415,6,2552.736709
57.81881,5,2552.903021
58.42617,6,2553.033373
58.142554,6,2553.163901
56.806672,7,2553.411139
57.934012,5,2553.570495
58.738736,6,2553.721692
58.060919,6,2553.930702
57.818608,5,2554.163099
55.778573,7,2554.318074
58.458048,6,2554.44829
57.516841,5,2554.612542
58.164921,6,2554.74866
57.812043,5,2554.840979
56.937466,5,2554.996813
57.941312,5,2555.15662
57.943767,5,2555.384848
59.073972,6,2555.501132
55.923131,7,2555.654112
57.748146,5,2555.851661
57.126379,5,2556.056189
52.122839,8,2556.217415
56.811994,7,2556.372866
56.8605,7,2556.52544
57.912823,5,2556.696831
59.063943,6,2556.81968
57.923012,5,2557.050081
57.266987,5,2557.298073
57.926543,5,2557.458738
57.104766,5,2557.617999
-6.906734,6,2557.860464
50.611846,8,2558.104941
56.600733,7,2558.318587
57.853338,5,2558.57663
57.269871,5,2558.74341
57.783336,5,2558.831279
55.386408,7,2558.975185
58.705755,6,2559.101786
58.98495,6,2559.276822
58.351205,6,2559.503554
56.181919,7,2559.698998
56.494268,5,2559.871629
51.684531,8,2560.13847
57.941852,5,2560.300925
59.020634,6,2560.44282
58.461608,6,2560.632535
57.711111,6,2560.844312
57.930499,5,2561.004549
57.375665,7,2561.15376
56.160626,7,2561.300863
56.324555,7,2561.451777
57.943771,5,2561.708073
56.225032,7,2561.873594
58.765573,6,2562.000055
56.022114,7,2562.153719
51.24094,8,2562.392938
56.847903,7,2562.650926
56.862068,5,2562.746242
58.205815,6,2562.867977
58.758523,6,2562.988747
58.851997,6,2563.105792
56.3143,7,2563.350593
58.432583,6,2563.550947
57.828619,5,2563.696708
57.936959,5,2563.966829
58.297603,6,2564.098039
52.484072,8,2564.293393
57.940463,5,2564.465327
56.907213,7,2564.619776
58.52667,6,2564.753882
56.575148,7,2564.892388
57.36651,7,2565.062456
57.940113,5,2565.314357
57.945016,5,2565.484182
59.069348,6,2565.601852
59.050266,6,2565.692173
57.085276,5,2565.790726
59.066998,6,2565.90919
51.655677,8,2566.095618
57.941195,5,2566.283763
57.920364,5,2566.45636
58.462637,6,2566.644303
57.942515,5,2566.773903
58.918471,6,2566.912065
57.783376,5,2567.165561
59.075489,6,2567.303648
57.935018,5,2567.466902
57.942607,5,2567.725986
57.33298,6,2567.843184
56.605406,7,2568.104301
58.469223,6,2568.224024
51.46226,8,2568.43523
58.985643,6,2568.577163
59.068648,6,2568.712419
58.291073,6,2568.816608
59.042646,6,2568.913848
57.84871,5,2569.076092
57.946384,5,2569.23786
50.84804,8,2569.496808
58.252136,6,2569.607203
57.919592,5,2569.774159
58.77862,6,2569.86394
58.74183,6,2570.016817
57.410476,6,2570.131079
57.948873,5,2570.385969
51.428575,8,2570.547116
57.865439,5,2570.722043
56.070327,7,2570.872536
57.947878,5,2571.03611
58.816946,6,2571.177964
57.952562,5,2571.33776
56.820193,7,2571.595658
59.068243,6,2571.72905
56.388479,7,2571.979178
51.535389,8,2572.23513
57.957091,5,2572.39799
51.428765,8,2572.592517
57.842602,6,2572.846459
56.36063,7,2573.034183
51.180717,8,2573.195152
58.305643,6,2573.312169
57.939757,5,2573.602611
56.719969,7,2573.74783
57.939942,5,2573.907894
56.396089,7,2574.146021
56.769556,7,2574.396415
58.260779,6,2574.613226
58.720905,6,2574.909936
58.258483,6,2575.023778
56.557253,7,2575.292289
56.281833,7,2575.484352
58.613343,6,2575.619606
57.906731,6,2575.736983
58.990791,6,2575.863957
58.988975,6,2576.049308
56.74448,7,2576.19852
56.803609,7,2576.349241
51.565435,8,2576.557177
57.921671,5,2576.79622
56.302697,7,2577.036654
52.349288,8,2577.197151
57.82451,6,2577.389
56.226637,7,2577.584472
57.948429,5,2577.74319
57.924223,5,2577.91161
57.631027,6,2578.05222
57.941388,5,2578.209273
58.690913,6,2578.388706
52.403452,8,2578.667979
56.100589,7,2578.856312
59.077878,6,2578.991121
51.19144,8,2579.187928
58.712192,6,2579.409924
58.330474,6,2579.60222
58.928747,6,2579.74332
56.291246,7,2579.928701
51.796084,8,2580.17993
51.533196,8,2580.344698
58.139827,6,2580.439903
56.175014,7,2580.703099
57.937081,5,2580.874865
56.293318,7,2581.019573
56.615921,7,2581.263628
58.385439,6,2581.433309
56.612538,7,2581.580308
56.095118,7,2581.728291
58.035906,6,2581.843027
58.217569,6,2582.046388
58.579846,6,2582.176235
57.901084,5,2582.356305
57.754778,5,2582.464353
56.402511,7,2582.61413
58.912689,6,2582.744826
58.777285,6,2582.928753
56.796617,7,2583.184191
57.132714,5,2583.30188
51.29273,8,2583.553986
51.629483,8,2583.806252
57.945291,5,2583.965302
56.871047,5,2584.056928
57.938133,5,2584.301316
59.085747,6,2584.429541
59.074836,6,2584.543098
51.632696,8,2584.716478
57.171223,5,2584.973396
58.906056,6,2585.112642
57.85272,6,2585.366297
59.061229,6,2585.493823
58.506511,6,2585.644866
57.950965,5,2585.874686
58.161207,6,2586.009982
57.792804,5,2586.247726
57.818117,5,2586.369154
56.214731,7,2586.555556
57.608623,6,2586.801915
58.716932,6,2586.894054
57.740155,5,2587.049791
58.706415,6,2587.223548
55.941666,7,2587.372322
58.786864,6,2587.48684
57.860741,5,2587.648316
57.810815,6,2587.89098
59.062496,6,2588.01414
58.850577,6,2588.237565
58.914861,6,2588.464441
57.956064,5,2588.622666
59.078658,6,2588.753255
56.488089,7,2588.904077
57.271526,7,2589.142661
51.208353,8,2589.304892
58.998633,6,2589.406584
59.068523,6,2589.525295
57.927315,5,2589.685627
56.921739,7,2589.877855
57.435559,7,2590.025031
59.082872,6,2590.154979
58.192723,6,2590.291887
52.587716,8,2590.454251
58.691875,6,2590.595174
57.936057,5,2590.757722
57.926541,5,2590.925984
57.94418,5,2591.085176
58.743388,6,2591.227913
51.559694,8,2591.472002
58.645353,6,2591.613054
57.722157,5,2591.805478
52.333258,8,2592.069392
56.813301,7,2592.323865
57.940792,5,2592.484567
58.871367,6,2592.629385
56.38475,7,2592.832569
-6.635661,6,2593.076524
57.935277,5,2593.239764
57.941523,5,2593.419138
56.708504,7,2593.568839
58.298774,6,2593.716233
56.794859,7,2593.906012
58.226952,6,2594.034759
57.159097,5,2594.27058
59.068842,6,2594.392393
59.043268,6,2594.508035
58.730935,6,2594.722985
56.754403,7,2594.951838
52.030656,8,2595.104686
55.555609,7,2595.295131
59.07194,6,2595.424406
56.868333,5,2595.519759
57.913079,5,2595.690322
56.185476,7,2595.92945
59.058267,6,2596.056654
57.880847,5,2596.340502
56.066915,7,2596.598504
51.134872,8,2596.833918
55.61131,7,2596.979518
57.940811,5,2597.232888
59.072031,6,2597.359681
56.845175,7,2597.507926
58.321455,6,2597.63762
51.542573,8,2597.82904
58.847214,6,2597.954181
59.033359,6,2598.066629
57.889473,5,2598.184969
59.057029,6,2598.299844
58.3601,6,2598.433703
51.671112,8,2598.685926
57.907463,5,2598.847651
56.442323,7,2598.985805
57.313227,5,2599.154748
56.920074,5,2599.399593
57.229884,5,2599.519297
57.887426,5,2599.67962
57.291447,6,2599.818019
56.964541,7,2600.084961
58.920371,6,2600.214085
57.322257,5,2600.354792
56.926614,5,2600.628591
57.987535,6,2600.772069
57.724021,5,2600.966352
58.915038,6,2601.099
57.286407,5,2601.325293
58.327439,6,2601.465151
56.245742,7,2601.660285
58.973977,6,2601.803486
58.767508,6,2601.901659
57.938537,6,2602.034371
56.391887,7,2602.192917
57.301338,6,2602.430107
57.903269,5,2602.596032
-7.287146,5,2602.866022
58.267299,6,2602.997229
56.549409,7,2603.252443
56.760108,7,2603.416316
59.056843,6,2603.552605
58.371622,6,2603.826148
51.396014,8,2604.030459
52.007319,8,2604.28991
57.898018,5,2604.422698
57.215758,5,2604.650466
57.916054,5,2604.773646
58.733206,6,2604.91204
59.052745,6,2605.027679
58.634783,6,2605.17287
59.075708,6,2605.262004
59.070155,6,2605.384706
57.933848,5,2605.555432
56.566808,7,2605.70642
57.950999,5,2605.860326
59.053904,6,2605.982485
56.555876,5,2606.150683
-8.946508,5,2606.266094
58.013143,6,2606.413638
59.067269,6,2606.528779
51.59814,8,2606.695519
57.926851,5,2606.860623
58.302591,6,2607.039529
52.484012,8,2607.195967
57.93475,5,2607.36104
57.861206,5,2607.547629
59.073443,6,2607.676346
51.409837,8,2607.849561
58.754956,6,2607.990348
57.992346,6,2608.231336
56.352748,7,2608.482887
57.740865,5,2608.623099
51.574498,8,2608.823077
57.091446,7,2608.969382
57.22957,5,2609.129112
57.217829,5,2609.309019
59.081609,6,2609.441685
57.335011,6,2609.547322
51.253921,8,2609.695593
58.959537,6,2609.859427
58.982411,6,2609.947228
56.719883,7,2610.097268
57.939388,5,2610.268876
58.844295,6,2610.362069
51.347113,8,2610.592542
51.442444,8,2610.753006
57.323412,6,2610.896058
58.298493,6,2611.028253
57.074143,5,2611.180406
57.924545,5,2611.410949
56.812025,5,2611.64483
58.01248,6,2611.840307
59.083796,6,2611.960591
58.377364,6,2612.097423
57.940919,5,2612.303484
-6.750677,6,2612.5584
52.448917,8,2612.807201
58.670104,6,2612.949464
57.897457,5,2613.122206
58.339481,6,2613.265061
56.589834,7,2613.52099
57.213468,5,2613.644282
57.075265,5,2613.804548
59.068273,6,2613.934552
57.131171,7,2614.127431
57.183469,5,2614.293903
57.937494,5,2614.551329
58.106566,6,2614.684533
58.799896,6,2614.828804
57.989569,6,2614.958786
51.185909,8,2615.198388
58.075882,6,2615.392716
56.194899,7,2615.588023
57.978144,6,2615.713626
50.596642,8,2615.873566
58.060226,6,2616.056737
57.749163,5,2616.25354
57.856511,6,2616.449218
58.070498,6,2616.596521
59.076212,6,2616.72323
57.766486,5,2616.868073
57.764052,5,2617.102447
58.297117,6,2617.228815
51.324457,8,2617.429124
59.063621,6,2617.559687
58.484443,6,2617.734912
58.603724,6,2617.910556
59.067667,6,2618.038445
56.668509,7,2618.187497
57.710568,5,2618.283416
56.689853,7,2618.526205
50.559955,8,2618.690899
58.086349,6,2618.779929
-7.248594,5,2619.027464
56.979047,5,2619.165845
50.884453,8,2619.43469
57.845499,5,2619.618013
57.925714,5,2619.806137
59.070691,6,2619.961858
58.435407,6,2620.166404
59.080609,6,2620.294286
57.363659,7,2620.45646
57.87673,5,2620.721885
59.055218,6,2620.841992
57.955701,5,2621.003314
56.297014,7,2621.167735
57.343258,6,2621.444479
59.061328,6,2621.572392
57.935372,5,2621.8223
56.685777,7,2622.021275
57.919724,5,2622.192501
58.792244,6,2622.330671
56.925222,5,2622.495069
58.262576,6,2622.625481
57.353503,6,2622.738238
56.692602,7,2622.888865
57.523653,6,2623.106213
57.813017,5,2623.358178
58.380167,6,2623.474179
56.888492,6,2623.578333
57.932086,5,2623.749333
57.298047,5,2623.999342
58.801654,6,2624.130143
55.410949,7,2624.377127
56.872518,7,2624.533107
58.443589,6,2624.675874
59.060874,6,2624.768516
57.944126,5,2625.016059
56.637166,7,2625.291971
59.073149,6,2625.408759
57.903472,6,2625.541874
57.382236,7,2625.688708
51.858286,8,2625.848992
58.814913,6,2625.944908
57.933935,5,2626.168787
57.502104,7,2626.275515
56.453024,7,2626.426966
59.0656,6,2626.549495
58.331033,6,2626.674062
51.33612,8,2626.848211
58.696607,6,2627.018759
56.492789,7,2627.183103
58.058776,6,2627.382952
57.775979,5,2627.512246
57.749689,5,2627.649989
59.071083,6,2627.766997
51.372511,8,2627.925331
56.295016,7,2628.162402
56.8065,7,2628.42391
58.764742,6,2628.653532
59.056078,6,2628.743311
57.902687,6,2628.940382
59.079951,6,2629.062873
59.070854,6,2629.154317
57.73769,5,2629.344265
57.652272,5,2629.590465
56.435571,7,2629.745085
58.548091,6,2629.923563
57.146906,5,2630.186914
57.940544,5,2630.438852
57.943359,5,2630.707995
57.93689,5,2630.879358
57.466549,5,2631.10239
50.897179,8,2631.3097
52.338564,8,2631.627985
58.237669,6,2631.856251
58.854136,6,2631.955356
57.6893,5,2632.208235
58.707104,6,2632.353386
57.950101,5,2632.587055
58.272733,6,2632.716102
59.05388,6,2632.837714
51.345307,8,2633.114594
57.055208,5,2633.211697
58.830485,6,2633.303437
57.918456,5,2633.546869
56.979016,5,2633.828546
58.880629,6,2634.00561
56.463042,7,2634.16488
58.993151,6,2634.253264
57.493688,5,2634.45866
51.450914,8,2634.663863
56.283812,7,2634.812823
56.940733,5,2635.11692
58.879097,6,2635.209093
51.329252,8,2635.457423
56.714377,7,2635.727022
57.645657,6,2635.869957
57.532632,5,2636.081147
59.065971,6,2636.214104
58.075678,6,2636.315303
51.866508,8,2636.472647
57.948786,5,2636.637187
57.025159,5,2636.8084
57.108159,5,2636.971026
57.213903,5,2637.212593
57.905007,5,2637.37486
59.030661,6,2637.492717
58.986552,6,2637.583802
56.218502,7,2637.736799
58.083483,6,2637.911606
55.291636,7,2638.156201
57.896334,5,2638.317604
51.495336,8,2638.574395
58.595679,6,2638.719833
58.792711,6,2638.810859
57.785009,5,2639.051417
56.289069,7,2639.207861
58.710172,6,2639.3422
56.489895,7,2639.591796
57.910541,5,2639.75522
59.069211,6,2639.880937
59.046191,6,2639.995588
51.486135,8,2640.252846
59.073607,6,2640.369898
57.755027,5,2640.568827
59.031709,6,2640.692034
56.923956,7,2640.8409
57.957471,5,2641.059614
55.817342,7,2641.203694
56.804803,7,2641.340544
56.123538,7,2641.615326
57.690936,5,2641.746111
57.948675,6,2641.860002
58.807919,6,2642.000232
57.922265,5,2642.164957
57.073885,5,2642.341277
56.568554,7,2642.536039
58.936564,6,2642.626889
55.497942,7,2642.781659
58.807259,6,2642.920045
57.58089,5,2643.161394
56.274951,7,2643.36387
57.052083,5,2643.52142
57.333807,5,2643.690742
56.911215,7,2643.848235
59.055564,6,2643.972988
57.159354,5,2644.207362
58.182745,6,2644.356907
50.755724,8,2644.565978
57.795523,5,2644.687835
57.818974,5,2644.868816
59.038303,6,2644.994622
59.019861,6,2645.134739
57.171857,5,2645.37529
59.003922,6,2645.463459
57.929257,5,2645.595614
57.362892,6,2645.770917
56.482466,5,2645.939883
58.453354,6,2646.064887
57.635957,5,2646.192729
57.637201,5,2646.353125
59.020683,6,2646.485236
59.004175,6,2646.664735
-6.020654,6,2646.991655
57.861752,5,2647.165189
58.225024,6,2647.283184
59.054559,6,2647.40592
59.085522,6,2647.534825
57.959017,6,2647.78162
58.268075,6,2647.919884
57.944526,5,2648.084785
57.803652,5,2648.25609
57.928773,5,2648.414006
59.059845,6,2648.537541
56.506017,7,2648.689018
56.319303,7,2648.838318
57.948032,5,2648.99536
57.942341,5,2649.238869
52.321705,8,2649.500708
-5.904547,6,2649.865503
57.916342,5,2650.127605
57.702393,5,2650.259081
58.094534,6,2650.403245
57.913143,5,2650.564654
56.229679,7,2650.700022
57.922091,5,2650.818194
59.058231,6,2650.940582
56.665933,7,2651.234283
50.530505,8,2651.401713
59.072065,6,2651.516935
58.015135,6,2651.642935
52.284335,8,2651.811363
58.784912,6,2651.935216
57.798865,5,2652.04982
59.065323,6,2652.173226
55.613556,7,2652.445083
58.867932,6,2652.586679
51.324208,8,2652.78134
52.23312,8,2652.945097
58.291271,6,2653.045262
59.090424,6,2653.173342
55.72758,7,2653.425985
50.577962,8,2653.675379
57.254192,5,2653.835117
59.075784,6,2653.964585
58.555565,6,2654.186671
58.421298,6,2654.321151
58.838816,6,2654.537713
58.915643,6,2654.680964
59.070037,6,2654.812216
57.93796,5,2654.970151
58.734326,6,2655.098877
52.435994,8,2655.257887
57.88873,5,2655.494225
59.056586,6,2655.620691
57.834251,6,2655.75281
58.043984,6,2655.863542
59.078479,6,2655.978359
59.063957,6,2656.092669
57.896651,5,2656.252426
58.548297,6,2656.390855
58.176557,6,2656.529141
57.168277,5,2656.727089
58.623724,6,2656.940914
57.337566,5,2657.098747
59.075335,6,2657.224572
59.067847,6,2657.34229
58.780254,6,2657.476618
58.464065,6,2657.652238
58.03585,6,2657.776979
57.700228,5,2657.86537
58.609966,6,2657.993759
57.936499,5,2658.224724
51.492137,8,2658.455272
58.462206,6,2658.712734
57.253604,5,2658.95465
56.484819,7,2659.108386
57.280615,5,2659.275745
59.069005,6,2659.389081
57.932426,5,2659.637954
59.080192,6,2659.770886
58.804691,6,2659.90962
57.90742,5,2660.07475
57.905379,5,2660.240543
58.36745,6,2660.411561
56.617295,7,2660.561264
58.684256,6,2660.70198
59.064583,6,2660.818174
57.890165,5,2660.933858
56.253563,7,2661.079141
57.807911,6,2661.203979
57.589452,5,2661.341485
59.021694,6,2661.478339
58.873515,6,2661.594852
58.97841,6,2661.744524
56.145598,7,2661.891695
58.213088,6,2662.017514
57.85082,6,2662.236927
57.906296,5,2662.418145
57.94492,5,2662.66517
57.923063,5,2662.782036
51.522626,8,2662.994828
57.715857,5,2663.179918
57.704077,5,2663.391794
58.340275,6,2663.498456
57.64384,5,2663.695777
51.368418,8,2663.887181
58.820047,6,2664.000667
59.058064,6,2664.089911
56.052941,7,2664.240892
57.146079,5,2664.400853
57.880454,6,2664.575231
59.062205,6,2664.70084
56.893179,7,2664.963187
51.318733,8,2665.125467
57.790326,6,2665.327445
56.878133,7,2665.47915
56.232479,7,2665.705066
58.456084,6,2665.820636
59.057423,6,2665.944356
56.618306,7,2666.098924
56.492305,7,2666.344664
58.802801,6,2666.433177
59.059548,6,2666.564281
56.917802,7,2666.811614
57.264086,5,2666.971615
51.476088,8,2667.136454
57.89034,5,2667.300326
52.677495,8,2667.551877
52.33391,8,2667.710229
58.224257,6,2667.848866
57.932764,5,2668.096751
58.282487,6,2668.199824
57.948026,5,2668.359336
57.954289,5,2668.515771
55.71447,7,2668.705326
57.948644,5,2668.956969
56.7943,7,2669.1912
58.95555,6,2669.317384
56.211139,7,2669.503644
58.897769,6,2669.677901
57.957759,5,2669.83514
56.540769,7,2670.002021
58.995471,6,2670.224948
56.205087,7,2670.442634
58.094931,6,2670.548328
56.454767,7,2670.699653
59.072365,6,2670.827554
59.064711,6,2670.95428
59.076367,6,2671.081162
59.072216,6,2671.211277
56.876807,7,2671.35901
58.959879,6,2671.545058
57.827288,6,2671.655753
58.081165,6,2671.783415
-8.683614,5,2671.874197
57.940828,5,2672.12732
58.804551,6,2672.305353
57.756174,6,2672.556276
58.9501,6,2672.775273
57.951557,5,2672.933755
59.064928,6,2673.047107
57.841358,5,2673.212024
51.479227,8,2673.376559
56.239677,7,2673.604206
59.078019,6,2673.720993
56.80008,7,2673.969575
56.46789,7,2674.116906
58.031957,6,2674.221578
57.950155,5,2674.446938
57.919238,6,2674.656474
56.187507,7,2674.795197
57.72361,5,2674.992609
58.967654,6,2675.08747
59.078656,6,2675.202758
59.038247,6,2675.422105
58.725703,6,2675.565149
56.586022,7,2675.76564
-6.78504,6,2675.982437
57.759088,5,2676.128965
51.185365,8,2676.280978
57.952491,5,2676.567044
57.926369,5,2676.731301
57.945402,5,2676.970252
58.311101,6,2677.169326
57.598264,6,2677.357226
58.860688,6,2677.448083
57.941569,5,2677.585064
58.770593,6,2677.674846
57.133839,7,2677.818803
58.385029,6,2678.010264
57.818849,5,2678.146528
57.94967,5,2678.331908
58.2131,6,2678.44529
58.780142,6,2678.583342
51.456639,8,2678.750512
57.838762,5,2678.841693
59.065859,6,2678.968616
57.862338,6,2679.225067
57.856759,5,2679.399938
59.057962,6,2679.488324
59.041871,6,2679.576635
50.504592,8,2679.724765
58.694753,6,2679.95169
-7.219516,5,2680.071165
57.947521,5,2680.23355
56.94749,7,2680.380904
51.263119,8,2680.542274
57.931249,5,2680.700017
57.93611,5,2680.862948
58.361325,6,2681.008145
58.741897,6,2681.104954
58.327826,6,2681.236599
58.483771,6,2681.351794
58.329711,6,2681.468474
57.658812,5,2681.588159
59.073349,6,2681.704394
59.060656,6,2681.819142
57.169688,5,2682.068257
51.485804,8,2682.23477
57.879851,6,2682.508517
56.8521,7,2682.75277
56.59922,7,2682.891316
56.120561,7,2683.164101
58.016593,6,2683.356241
59.040895,6,2683.481454
51.458997,8,2683.646526
57.914917,5,2683.946497
57.910681,5,2684.111223
52.506755,8,2684.36319
56.397037,7,2684.604617
58.813474,6,2684.739825
58.847805,6,2684.871044
57.953973,5,2685.157293
58.104473,6,2685.293831
56.724966,7,2685.432793
57.749087,5,2685.62213
59.073815,6,2685.743621
57.932506,5,2685.940088
58.204128,6,2686.139589
56.263698,7,2686.380898
58.422925,6,2686.574432
58.907715,6,2686.748078
56.624809,7,2686.898854
59.042694,6,2687.027331
57.082999,5,2687.281108
58.184268,6,2687.413353
57.943723,5,2687.588647
58.725152,6,2687.712806
56.268586,7,2687.898596
56.119618,7,2688.140342
58.891557,6,2688.231416
58.279808,6,2688.448644
58.302038,6,2688.62537
58.37447,6,2688.748797
57.935605,5,2688.917499
58.875595,6,2689.059252
57.910307,5,2689.230186
57.068646,7,2689.473919
56.804083,7,2689.727135
59.069105,6,2689.842621
51.415876,8,2690.032898
59.060334,6,2690.148144
58.04742,6,2690.343421
58.686811,6,2690.482914
56.632794,7,2690.724525
58.91622,6,2690.864507
59.057804,6,2690.98051
59.04562,6,2691.104687
57.714406,6,2691.301528
57.931365,5,2691.472861
56.851627,7,2691.6363
58.829095,6,2691.828797
59.090071,6,2691.970696
57.791213,5,2692.102034
59.064702,6,2692.236465
56.955564,7,2692.409942
56.015974,7,2692.577702
51.398906,8,2692.753518
57.923416,5,2692.942384
56.843802,7,2693.115278
57.920421,5,2693.280306
59.034939,6,2693.41142
59.058616,6,2693.529901
57.774855,5,2693.774283
57.921429,5,2693.937606
58.84281,6,2694.066297
58.32068,6,2694.326667
58.36263,6,2694.58329
57.946636,5,2694.733528
59.061189,6,2694.869149
59.060601,6,2695.003223
58.263861,6,2695.132225
58.02491,6,2695.356807
51.698974,8,2695.514844
56.813927,7,2695.692033
57.709416,5,2695.894359
58.942642,6,2696.137537
57.510326,6,2696.362777
56.206335,7,2696.676122
57.904012,5,2696.84204
-7.373067,5,2697.009338
57.929495,5,2697.243915
58.200808,6,2697.410201
58.173946,6,2697.539436
56.608841,7,2697.675251
59.077072,6,2697.802964
58.997766,6,2697.936397
56.533741,7,2698.129504
51.344244,8,2698.297733
58.020749,6,2698.419874
59.075293,6,2698.563672
56.688924,7,2698.713984
58.977314,6,2698.846017
56.672695,7,2698.998227
57.795295,5,2699.180311
59.058653,6,2699.271565
51.486466,8,2699.482573
58.30461,6,2699.662564
57.905456,5,2699.846482
59.080805,6,2699.963842
57.709809,5,2700.160355
52.270698,8,2700.454593
58.747375,6,2700.631022
58.913207,6,2700.789912
57.826443,5,2701.036358
50.373839,8,2701.203393
55.373433,7,2701.350333
58.151403,6,2701.49002
59.064888,6,2701.610763
57.915351,5,2701.864521
57.948824,6,2702.126219
58.950733,6,2702.252946
57.936247,5,2702.433627
57.910232,5,2702.597949
58.853648,6,2702.687586
58.857088,6,2702.825135
58.371931,6,2702.944576
52.212058,8,2703.106231
56.417701,7,2703.258825
57.351607,6,2703.397954
57.891995,5,2703.568495
59.080735,6,2703.697516
59.07937,6,2703.826193
56.971456,5,2704.068037
58.902453,6,2704.212424
58.149793,6,2704.346297
58.805895,6,2704.586434
59.072103,6,2704.708195
58.371923,6,2704.895062
58.041357,6,2705.154307
58.528002,6,2705.333276
56.239778,7,2705.484209
51.529697,8,2705.742728
58.951688,6,2705.883488
59.064551,6,2706.006187
59.078576,6,2706.133855
58.375193,6,2706.269097
58.238331,6,2706.449603
57.222964,5,2706.69043
57.909377,5,2706.942965
57.93478,6,2707.055858
58.366847,6,2707.165943
56.075482,7,2707.330847
56.408715,7,2707.484185
57.576218,5,2707.670475
56.888838,7,2707.953886
51.402699,8,2708.153286
57.913431,5,2708.41895
56.591495,5,2708.692096
58.225616,6,2708.865062
58.316108,6,2708.983873
50.659724,8,2709.247226
58.406418,6,2709.362696
57.98049,6,2709.472572
58.919118,6,2709.619572
58.835827,6,2709.764879
51.278816,8,2709.929907
51.435987,8,2710.098989
58.897695,6,2710.233998
58.821875,6,2710.447902
56.756692,7,2710.698295
57.584376,6,2710.897243
56.151044,7,2711.092985
57.695628,5,2711.288647
57.936038,5,2711.535908
57.933344,5,2711.778885
57.94106,5,2712.029065
57.681205,5,2712.211394
57.975208,6,2712.314557
59.065597,6,2712.437939
57.738062,6,2712.577667
56.625586,7,2712.727715
57.544824,5,2712.843403
56.720268,7,2712.993425
56.744168,7,2713.143771
56.713087,7,2713.374019
57.930478,6,2713.505968
58.486488,6,2713.637165
57.938103,5,2713.805933
57.892065,6,2714.014428
57.770998,5,2714.14688
59.082993,6,2714.274625
56.76843,7,2714.42596
57.941551,5,2714.587248
57.890264,5,2714.748709
57.123707,5,2714.87304
57.781812,5,2715.1292
57.905791,6,2715.267639
57.088948,5,2715.503301
56.167008,7,2715.697819
57.148123,5,2715.942888
59.057921,6,2716.05812
58.158477,6,2716.198069
56.104503,7,2716.345768
58.261696,6,2716.4645
57.906666,5,2716.634904
51.490659,8,2716.793869
57.661874,5,2717.00435
-7.351289,5,2717.161142
59.07876,6,2717.2773
51.568731,8,2717.532197
58.372135,6,2717.671117
58.617976,6,2717.900027
58.170332,6,2718.030073
57.330367,5,2718.268178
56.464624,7,2718.432472
57.738607,5,2718.578736
58.249231,6,2718.687758
57.873852,5,2718.859686
57.939833,5,2719.146955
57.939844,5,2719.317422
56.380587,7,2719.466371
57.863735,5,2719.627698
56.654148,7,2719.777919
57.246342,5,2720.052743
56.551512,7,2720.287138
57.781295,5,2720.43146
56.643816,7,2720.581621
56.543867,7,2720.733262
57.770302,5,2720.858509
58.560405,6,2720.968522
58.88177,6,2721.092203
51.311603,8,2721.32934
57.334569,7,2721.606877
59.06542,6,2721.742337
58.34629,6,2721.994251
56.696948,7,2722.145893
57.929317,5,2722.310456
57.689336,5,2722.529075
56.461386,7,2722.69785
51.498389,8,2722.944757
57.935055,5,2723.17735
56.35128,7,2723.367605
58.703096,6,2723.500938
58.845703,6,2723.59559
58.264577,6,2723.689778
51.512787,8,2723.8826
57.86825,5,2724.044086
56.178704,7,2724.31262
56.40445,7,2724.45878
59.063468,6,2724.59563
58.315615,6,2724.771564
57.923655,5,2724.932038
58.426629,6,2725.149979
57.930445,5,2725.319069
59.080657,6,2725.420049
51.999394,8,2725.578498
57.286532,5,2725.793183
58.565811,6,2725.912872
58.967445,6,2726.03606
57.636862,5,2726.271998
55.33259,7,2726.462747
57.935227,5,2726.622192
58.476269,6,2726.761087
59.063261,6,2726.889326
58.873378,6,2727.046083
58.52651,6,2727.156753
57.934731,5,2727.322596
57.106126,7,2727.568053
56.049366,7,2727.83033
57.969086,6,2727.951411
58.373988,6,2728.090644
57.272491,5,2728.261952
57.871173,6,2728.365796
58.839018,6,2728.455914
56.45491,7,2728.692941
58.37478,6,2728.946965
57.947851,5,2729.105736
55.597586,7,2729.254081
56.121062,7,2729.412156
56.271848,7,2729.600434
58.543475,6,2729.818934
58.800822,6,2729.959813
50.735581,8,2730.151746
59.078911,6,2730.269529
56.041352,7,2730.464249
59.036697,6,2730.592933
57.766303,5,2730.77294
56.727727,7,2731.017736
58.822674,6,2731.191971
58.038874,6,2731.445536
58.389217,6,2731.547508
59.051229,6,2731.673865
55.981932,7,2731.823097
57.944434,5,2731.98298
57.700122,5,2732.129845
52.668783,8,2732.338183
58.80046,6,2732.479655
56.598082,7,2732.746003
51.704136,8,2732.945689
59.066022,6,2733.078036
58.262423,6,2733.295879
57.954215,5,2733.454198
58.88446,6,2733.563565
58.599326,6,2733.712447
57.943111,5,2733.871066
56.131835,7,2734.024544
58.860339,6,2734.168451
57.72452,5,2734.339666
57.927935,5,2734.499945
59.05927,6,2734.623642
57.917806,5,2734.741812
56.293771,7,2734.899262
56.673019,7,2735.146864
57.916385,5,2735.308413
57.896844,5,2735.571018
56.297032,7,2735.717818
57.132298,5,2735.981754
57.816171,5,2736.215734
57.911416,5,2736.372652
51.536361,8,2736.591751
57.849473,5,2736.727667
57.098397,7,2736.918545
51.179783,8,2737.08861
57.969646,6,2737.242992
56.731338,7,2737.515678
51.380971,8,2737.758752
58.94931,6,2737.890825
56.252924,7,2738.133815
59.056744,6,2738.256647
56.67923,7,2738.401668
56.902132,7,2738.549883
-8.265524,5,2738.648866
57.6765,5,2738.841761
-6.759606,6,2739.081398
57.922022,5,2739.253897
58.197771,6,2739.383254
52.435624,8,2739.671087
58.042827,6,2739.869911
57.92638,5,2740.027732
58.849303,6,2740.124016
59.059742,6,2740.259075
57.754012,5,2740.460108
56.641413,7,2740.606864
50.749471,8,2740.766415
56.018852,7,2740.914152
59.043868,6,2741.005275
56.314737,7,2741.116514
58.849768,6,2741.205746
57.841818,5,2741.460216
58.476484,6,2741.673591
57.914754,6,2741.882392
58.594599,6,2742.053762
57.243186,5,2742.303524
57.313322,5,2742.465266
57.790972,5,2742.659239
58.612361,6,2742.798063
58.891074,6,2742.974452
58.552714,6,2743.18415
58.291381,6,2743.439825
59.061244,6,2743.568888
59.045849,6,2743.709125
58.179402,6,2743.956198
59.070216,6,2744.074257
56.264452,7,2744.218217
58.369751,6,2744.356931
55.933963,7,2744.627466
57.941262,5,2744.781763
51.528075,8,2744.94456
58.275948,6,2745.071244
56.12689,7,2745.315302
57.786035,5,2745.48335
57.937573,5,2745.6498
58.908414,6,2745.783388
57.021287,5,2745.971135
57.906764,5,2746.22306
58.170141,6,2746.476326
58.009892,6,2746.618106
58.779111,6,2746.733786
58.361267,6,2746.851051
57.186153,5,2747.069701
51.544438,8,2747.220198
57.934905,5,2747.441612
57.824153,5,2747.636066
59.054036,6,2747.76143
58.473335,6,2747.882611
58.907126,6,2748.023605
56.213703,7,2748.2494
57.889184,5,2748.414502
57.246316,5,2748.66841
58.304048,6,2748.793751
58.747782,6,2748.932829
57.94167,5,2749.163828
57.842785,5,2749.283063
57.982016,6,2749.42032
57.067304,5,2749.576934
58.286807,6,2749.785438
56.263171,7,2749.932545
51.411194,8,2750.09093
59.063552,6,2750.218223
57.897783,6,2750.466601
56.798312,7,2750.61576
56.794335,7,2750.846793
55.878869,7,2751.035477
56.658177,7,2751.186645
57.875573,5,2751.345232
57.75591,5,2751.472965
56.10227,7,2751.6255
52.610343,8,2751.893384
56.512061,7,2752.052834
56.214485,7,2752.205822
57.934587,5,2752.376215
57.924281,5,2752.553629
58.572165,6,2752.722489
55.878718,7,2752.992246
59.070109,6,2753.11785
58.75871,6,2753.25668
50.530491,8,2753.419448
58.681325,6,2753.546165
59.063906,6,2753.668996
59.061896,6,2753.782664
58.792261,6,2753.929493
58.127935,6,2754.039489
58.122414,6,2754.182431
51.25933,8,2754.431866
56.501685,7,2754.583106
57.935614,5,2754.833027
57.248443,5,2754.995508
57.93998,5,2755.175497
52.17282,8,2755.456725
58.16663,6,2755.571885
56.950034,5,2755.762956
58.259653,6,2755.935723
56.173432,7,2756.080997
56.357647,7,2756.229388
59.067888,6,2756.343535
51.293938,8,2756.544074
57.946179,5,2756.740623
58.98716,6,2756.866315
59.080656,6,2756.98549
59.057074,6,2757.102502
56.371371,7,2757.345464
58.033839,6,2757.495217
58.034027,6,2757.687073
59.064771,6,2757.775235
-5.910005,6,2757.99811
59.001285,6,2758.124291
56.663149,7,2758.374323
58.986247,6,2758.511019
57.926061,5,2758.635362
58.499086,6,2758.791072
59.059938,6,2758.880183
57.864866,5,2759.038583
57.922372,5,2759.19496
56.716111,7,2759.356666
57.912701,5,2759.614396
56.421277,7,2759.806275
58.985008,6,2759.93508
58.781434,6,2760.071781
56.776517,7,2760.268235
57.950825,5,2760.427569
57.932061,5,2760.547768
57.941837,5,2760.771569
57.426728,6,2760.876996
58.875472,6,2761.01509
57.933734,5,2761.245383
56.238423,7,2761.507525
56.549819,7,2761.759159
58.431045,6,2761.895396
-6.961297,6,2762.105551
57.025043,5,2762.359804
58.032817,6,2762.590717
57.203919,5,2762.773517
57.335099,5,2762.937493
58.827263,6,2763.061699
57.926646,5,2763.195074
57.857847,6,2763.387772
57.16181,5,2763.640389
57.933816,5,2763.816911
58.477611,6,2764.050219
58.022045,6,2764.312273
59.070773,6,2764.44292
56.868527,7,2764.755764
57.906749,5,2764.963878
57.711378,5,2765.209031
58.084064,6,2765.36133
58.040383,6,2765.555839
58.845553,6,2765.775615
56.572062,7,2765.929208
58.372011,6,2766.176432
56.503134,7,2766.466205
59.067485,6,2766.588431
58.736098,6,2766.682383
57.74248,6,2766.883681
58.161603,6,2767.026757
58.629122,6,2767.173779
59.056335,6,2767.29523
56.754023,7,2767.581618
57.781912,5,2767.885631
51.51455,8,2768.08585
58.232436,6,2768.332776
58.648034,6,2768.505282
57.055586,7,2768.652709
57.931622,6,2768.766013
57.926713,5,2768.920142
56.133487,7,2769.081706
58.743135,6,2769.225807
58.346334,6,2769.428591
-7.244466,5,2769.649949
57.557659,6,2769.847655
58.673368,6,2769.990804
56.43989,7,2770.13083
56.953811,5,2770.385151
59.090081,6,2770.516834
56.587827,7,2770.758358
56.203306,7,2770.949679
57.91211,6,2771.08691
58.888444,6,2771.178422
57.84378,5,2771.423011
52.214072,8,2771.591563
57.559167,6,2771.706693
58.610053,6,2771.82303
57.814902,5,2771.9557
58.073629,6,2772.057123
57.776434,6,2772.207858
59.066736,6,2772.330005
59.075064,6,2772.459781
58.141809,6,2772.577694
57.911763,6,2772.716542
58.734987,6,2772.854824
59.070298,6,2772.945483
59.06634,6,2773.070645
-5.910576,6,2773.5866
56.393328,7,2773.788173
59.081253,6,2773.915766
59.068006,6,2774.045451
58.812034,6,2774.138115
57.181517,5,2774.373535
58.264166,6,2774.60787
58.539578,6,2774.755667
58.565441,6,2774.877548
59.062131,6,2775.012261
56.895917,5,2775.2026
56.090165,7,2775.357437
58.073521,6,2775.493322
51.640129,8,2775.746101
57.783899,5,2775.909739
57.437063,6,2776.052096
57.408967,6,2776.202575
56.25566,7,2776.351897
57.951706,6,2776.462236
59.06346,6,2776.592878
57.882544,5,2776.716099
59.077747,6,2776.83582
58.24388,6,2776.975558
56.819816,7,2777.127618
58.597682,6,2777.276684
55.885772,7,2777.44119
57.621743,6,2777.692943
59.06594,6,2777.807736
58.2257,6,2778.009471
57.830488,5,2778.185367
57.874842,5,2778.359307
50.749952,8,2778.562855
51.448383,8,2778.731307
56.992644,5,2778.940662
56.105021,7,2779.098934
56.691721,7,2779.346551
56.637063,7,2779.588358
58.237081,6,2779.719843
57.835042,5,2779.834009
58.444289,6,2780.050564
56.248894,7,2780.205545
57.815075,6,2780.324778
58.33414,6,2780.438167
58.385831,6,2780.696363
58.274751,6,2780.798032
56.406402,7,2781.053102
59.087958,6,2781.181883
57.796365,5,2781.420823
59.09463,6,2781.556911
58.751996,6,2781.704768
56.304506,7,2781.861021
56.903643,7,2782.104139
58.324196,6,2782.226001
57.944303,5,2782.465006
58.015911,6,2782.584853
57.724172,5,2782.685013
50.721582,8,2782.877541
56.709394,7,2783.130215
58.221931,6,2783.361981
50.444212,8,2783.537105
58.969489,6,2783.759534
58.0735,6,2784.010947
57.944096,5,2784.171026
57.661193,5,2784.43503
57.707428,5,2784.643669
56.255317,5,2784.886988
57.296332,5,2785.054331
56.104584,7,2785.250215
58.890508,6,2785.400381
58.88932,6,2785.543538
55.542422,7,2785.691274
57.904771,5,2785.931882
58.626699,6,2786.055578
58.994399,6,2786.179814
59.060928,6,2786.303509
58.638998,6,2786.445051
59.062366,6,2786.562269
56.149759,7,2786.710413
57.873842,5,2786.956913
58.763667,6,2787.0896
57.947746,5,2787.332443
55.660427,7,2787.568897
57.974011,6,2787.671575
57.925158,5,2787.931493
57.867151,5,2788.051703
58.910917,6,2788.225811
57.554484,6,2788.424624
57.985787,6,2788.675558
57.924027,5,2788.923972
56.236922,7,2789.168749
56.975143,5,2789.290093
57.94684,5,2789.451108
56.141607,7,2789.644591
57.220652,5,2789.816686
58.829959,6,2789.913728
56.923054,7,2790.163107
56.157967,7,2790.349876
58.180019,6,2790.486531
58.129558,6,2790.629143
56.187567,7,2790.821034
57.228115,7,2790.967873
57.130754,5,2791.160381
57.271172,5,2791.33203
57.839039,6,2791.447717
57.682369,5,2791.648507
58.898953,6,2791.788396
56.506198,7,2792.034588
57.926261,5,2792.311652
58.271449,6,2792.440571
57.788744,5,2792.677362
57.744423,5,2792.938621
58.658883,6,2793.1094
57.903099,5,2793.268335
56.286192,7,2793.418903
57.982543,6,2793.545592
56.70377,7,2793.686894
57.94862,5,2793.905993
57.324841,6,2794.122887
57.632177,5,2794.314793
58.788298,6,2794.407475
58.463594,6,2794.534704
57.061064,7,2794.771044
59.008509,6,2794.889197
58.816432,6,2795.029431
51.624157,8,2795.19135
58.852196,6,2795.365162
57.935216,5,2795.613599
57.940302,5,2795.81921
57.462181,6,2796.032469
58.436934,6,2796.159673
56.731002,7,2796.411117
56.755137,7,2796.658155
59.080747,6,2796.780506
58.995091,6,2796.914769
57.97202,6,2797.016519
58.67346,6,2797.152975
57.944897,5,2797.310161
57.919336,5,2797.470008
57.91129,5,2797.628159
59.062628,6,2797.754805
57.437023,6,2797.972355
56.578997,7,2798.221498
58.130005,6,2798.396146
56.634698,7,2798.54563
58.668475,6,2798.665422
58.135041,6,2798.797887
58.966268,6,2798.92829
57.93212,5,2799.085308
57.780017,5,2799.266704
51.664129,8,2799.461439
58.979421,6,2799.685719
51.489113,8,2799.881033
57.93073,5,2800.030745
57.941777,5,2800.18725
51.204163,8,2800.435863
56.974279,7,2800.631559
51.499651,8,2800.791436
59.057528,6,2800.922967
57.940683,5,2801.172753
57.949953,5,2801.329877
57.955447,5,2801.491123
56.351135,7,2801.638798
59.082244,6,2801.767853
57.946002,5,2802.007243
57.719674,6,2802.203181
57.745968,5,2802.381304
59.076441,6,2802.509525
57.937653,5,2802.672467
57.938644,5,2802.839929
51.547421,8,2803.007954
59.076632,6,2803.121502
58.310677,6,2803.259324
58.534733,6,2803.399895
58.438216,6,2803.539404
58.984115,6,2803.629749
50.849337,8,2803.786227
58.354327,6,2803.917536
58.9554,6,2804.045279
58.637166,6,2804.165519
51.696563,8,2804.328357
57.917215,5,2804.449044
56.187313,7,2804.599784
58.782067,6,2804.829648
59.022545,6,2805.004433
57.924044,5,2805.241582
57.2718,5,2805.404581
57.947014,5,2805.571979
56.803986,7,2805.722975
57.225643,5,2805.887923
57.095207,5,2806.007849
58.428641,6,2806.135156
57.957798,5,2806.390027
58.557309,6,2806.503385
-6.807094,6,2806.812903
57.791465,6,2807.061257
59.087135,6,2807.189663
58.862757,6,2807.302975
57.78162,5,2807.502085
58.544153,6,2807.672348
58.706952,6,2807.807442
58.869111,6,2807.949784
56.275724,7,2808.208691
56.268155,7,2808.360827
57.027759,7,2808.603282
59.085635,6,2808.731271
56.176732,7,2808.88094
50.379115,8,2809.209249
56.845602,7,2809.37292
57.944773,6,2809.474403
58.929772,6,2809.60853
57.516821,7,2809.724566
58.970104,6,2809.813237
56.230872,7,2810.004393
59.005961,6,2810.094652
57.820138,5,2810.21551
56.927692,7,2810.364491
56.184225,7,2810.604305
57.882749,5,2810.782146
57.839715,5,2811.020151
56.272874,7,2811.26281
55.877705,7,2811.45131
57.812449,6,2811.561804
58.740674,6,2811.702875
52.239872,8,2811.987523
58.489334,6,2812.157276
59.073729,6,2812.293668
57.74946,5,2812.464623
56.122915,7,2812.740105
57.945655,5,2812.991161
57.135679,5,2813.171869
59.051403,6,2813.302374
58.797913,6,2813.437502
57.700146,5,2813.637104
57.300337,6,2813.761551
56.775451,7,2814.03555
56.239539,7,2814.230174
57.838123,5,2814.416523
59.080129,6,2814.545146
56.329949,7,2814.686722
56.750478,7,2814.905855
59.019558,6,2815.022523
-8.688171,5,2815.173452
57.920972,5,2815.418555
57.170402,5,2815.518021
58.955394,6,2815.607794
56.848412,7,2815.746465
57.633992,5,2815.980216
58.732606,6,2816.126868
57.942453,5,2816.245148
58.817951,6,2816.356776
58.56855,6,2816.499066
56.955058,7,2816.747623
57.928289,5,2816.914644
57.058746,7,2817.117457
57.660839,6,2817.369864
58.107615,6,2817.485966
59.073396,6,2817.604365
58.129312,6,2817.757123
55.482287,7,2817.903481
59.07112,6,2818.022328
58.047828,6,2818.160934
56.809822,5,2818.405636
58.368651,6,2818.536677
58.549691,6,2818.755931
57.616857,6,2818.893617
57.944233,5,2819.051432
59.065079,6,2819.171589
59.079206,6,2819.293152
51.033159,8,2819.459486
56.443545,7,2819.612397
58.628252,6,2819.835793
57.83955,5,2819.957805
56.677567,7,2820.107996
58.742853,6,2820.335302
58.254619,6,2820.530043
56.657959,7,2820.680474
56.112882,7,2820.867591
58.045928,6,2821.108431
57.947319,5,2821.283099
58.724928,6,2821.417791
-8.82813,7,2821.710486
57.282383,7,2821.85684
56.131249,7,2822.052891
58.571269,6,2822.211431
57.750956,5,2822.389829
56.294066,7,2822.541746
59.079805,6,2822.669938
58.689956,6,2822.775922
57.944018,5,2822.933348
50.701783,8,2823.143218
57.928013,5,2823.306323
57.616491,6,2823.518231
-9.185468,7,2823.838899
57.84092,5,2824.050329
57.863896,5,2824.213183
58.763624,6,2824.303051
56.459212,7,2824.455291
50.340588,8,2824.631328
57.732264,5,2824.744433
57.72293,5,2824.938736
58.648078,6,2825.094101
56.718396,7,2825.347226
-7.99507,5,2825.62543
58.278875,6,2825.824508
59.057021,6,2825.950179
-7.930257,5,2826.102171
56.164235,7,2826.249596
57.910903,5,2826.407623
58.152971,6,2826.536201
56.316965,7,2826.808704
59.04101,6,2826.931406
58.338572,6,2827.045932
58.436653,6,2827.181504
58.193382,6,2827.326527
52.232382,8,2827.484084
51.256565,8,2827.708039
51.542476,8,2827.880429
56.275153,7,2828.107963
58.748202,6,2828.255329
57.568039,5,2828.469566
56.987367,5,2828.720814
57.652519,5,2828.847474
57.897483,5,2829.004375
56.281508,7,2829.271996
58.311944,6,2829.405573
58.925694,6,2829.651889
57.794874,5,2829.815659
58.84692,6,2829.956531
58.673152,6,2830.096157
56.763274,7,2830.371726
57.944256,5,2830.570739
-8.531761,5,2830.708229
58.209891,6,2830.892468
56.829903,7,2831.040246
57.932994,5,2831.20788
58.791865,6,2831.341278
59.08739,6,2831.460769
57.954598,5,2831.619253
56.147346,7,2831.767998
59.069632,6,2831.906325
57.942575,5,2832.069114
52.36196,8,2832.231708
51.614115,8,2832.427375
57.919426,5,2832.530674
57.939294,5,2832.759874
56.257237,7,2832.907122
57.946058,5,2833.158235
57.890729,5,2833.322004
58.113828,6,2833.434774
56.050583,7,2833.581524
56.250609,7,2833.730878
59.043542,6,2833.853086
57.731699,6,2833.987858
57.952843,5,2834.104974
51.336606,8,2834.270318
57.928715,5,2834.426734
52.50489,8,2834.685367
58.213503,6,2834.815054
58.120497,6,2834.931715
57.936205,5,2835.149267
58.218057,6,2835.325195
58.73603,6,2835.457735
57.930788,5,2835.684796
58.771821,6,2835.903837
57.579913,6,2836.1124
58.004566,6,2836.241368
58.309172,6,2836.384318
57.804937,5,2836.619011
57.927842,5,2836.802309
57.271484,5,2837.046552
57.921,5,2837.209852
58.464093,6,2837.338445
57.885849,5,2837.451161
57.922874,5,2837.610684
57.732656,5,2837.699208
57.87355,6,2837.811094
58.048333,6,2837.938315
56.524483,7,2838.094633
59.027125,6,2838.225112
58.154758,6,2838.401229
58.148023,6,2838.495279
56.755634,7,2838.648229
59.090291,6,2838.789312
56.359799,7,2839.045852
51.582113,8,2839.227298
58.439937,6,2839.380166
58.961776,6,2839.56735
57.690956,6,2839.723199
56.254105,7,2839.999122
57.934116,5,2840.156265
56.152964,7,2840.306298
57.938662,5,2840.469719
59.069409,6,2840.608867
52.298982,8,2840.887567
57.947418,5,2841.057029
58.997414,6,2841.150294
57.917291,5,2841.442734
58.514854,6,2841.655363
56.026768,7,2841.862772
56.602549,7,2842.020118
56.564865,7,2842.177641
57.950959,5,2842.341525
57.910383,5,2842.607264
59.062567,6,2842.740885
58.771676,6,2842.920201
52.347455,8,2843.210311
57.704667,5,2843.384065
51.403189,8,2843.633243
58.917855,6,2843.725777
56.952849,7,2843.984716
57.948034,5,2844.146043
58.301901,6,2844.359608
57.912151,5,2844.620693
56.579455,7,2844.863857
56.328073,7,2845.096817
57.944651,5,2845.22115
57.708631,5,2845.410726
57.95193,5,2845.56967
58.903539,6,2845.692602
56.160275,7,2845.915003
57.733115,5,2846.122255
58.361291,6,2846.250811
59.04821,6,2846.376358
57.948472,5,2846.550792
58.036135,6,2846.718793
58.444535,6,2846.841736
57.930935,5,2847.000598
59.081477,6,2847.105766
56.351018,7,2847.390236
56.048842,7,2847.646083
56.707857,7,2847.809691
57.825176,5,2848.056071
57.99568,6,2848.160405
56.757845,7,2848.310009
57.944633,5,2848.603161
57.226413,5,2848.844786
56.553809,7,2848.989563
58.68399,6,2849.128723
58.212274,6,2849.240231
57.91113,5,2849.50087
56.91973,7,2849.751933
57.937433,5,2850.015395
55.967168,7,2850.162813
59.056835,6,2850.267214
57.915181,5,2850.388475
58.751406,6,2850.52972
58.829405,6,2850.625312
56.695119,7,2850.817399
57.969837,6,2850.967374
59.039848,6,2851.108139
58.323696,6,2851.229561
51.255731,8,2851.472277
56.835827,7,2851.62238
57.913841,5,2851.862573
56.559585,7,2852.021015
58.11356,6,2852.229325
57.905645,5,2852.35418
58.995698,6,2852.482635
58.285439,6,2852.689123
58.831613,6,2852.791745
59.039587,6,2852.911082
58.699661,6,2853.029806
58.436103,6,2853.145
51.543706,8,2853.33497
56.223033,7,2853.530094
58.188062,6,2853.622955
58.842704,6,2853.752966
58.608343,6,2853.875673
57.914145,5,2854.038893
57.715485,6,2854.160699
57.028227,5,2854.384616
59.072017,6,2854.508009
56.065041,7,2854.655658
58.934014,6,2854.785851
57.645223,5,2854.98993
59.069179,6,2855.116885
57.802574,5,2855.35518
57.949483,5,2855.515719
58.594867,6,2855.657544
55.983377,7,2855.845763
58.461921,6,2856.025608
57.690252,6,2856.275271
56.327861,7,2856.419557
50.796047,8,2856.565816
57.925294,5,2856.688654
59.07157,6,2856.806443
57.716375,5,2857.031044
57.293868,5,2857.25153
58.461129,6,2857.387636
59.072005,6,2857.517296
58.157642,6,2857.632253
57.953131,5,2857.840108
57.248745,5,2858.004678
58.340816,6,2858.116839
58.322873,6,2858.232946
58.612163,6,2858.342103
57.871783,6,2858.466098
56.660231,7,2858.618545
57.937776,5,2858.856167
58.488022,6,2859.001804
57.678935,5,2859.202887
58.160191,6,2859.318679
57.879327,5,2859.47807
58.306887,6,2859.619148
57.81814,5,2859.871584
56.752179,7,2860.021095
57.702105,5,2860.111411
-5.917461,6,2860.37984
58.806036,6,2860.520624
57.203272,5,2860.642839
58.878246,6,2860.783744
51.294334,8,2860.94411
50.551243,8,2861.109542
58.190354,6,2861.259406
58.165608,6,2861.401816
58.810334,6,2861.546055
50.536162,8,2861.790519
56.580506,7,2862.049003
58.826531,6,2862.145919
51.53718,8,2862.330757
56.099161,7,2862.527658
56.644406,7,2862.780158
57.943523,5,2862.946925
59.077526,6,2863.064119
51.415878,8,2863.2288
58.556816,6,2863.344481
58.340696,6,2863.532445
56.896931,7,2863.680315
59.081161,6,2863.808267
57.260035,5,2863.989745
58.850406,6,2864.080367
58.852832,6,2864.301371
56.579007,7,2864.535326
58.299694,6,2864.673517
57.696361,5,2864.927946
57.185052,5,2865.018502
57.905889,5,2865.18053
58.168089,6,2865.319862
56.262235,7,2865.474397
56.677966,7,2865.615127
57.144659,5,2865.865077
57.927284,5,2866.148973
57.734514,6,2866.314931
57.932926,5,2866.56354
58.713885,6,2866.701905
58.554174,6,2866.881905
57.943459,5,2867.142783
57.921444,5,2867.364369
57.796398,5,2867.545826
57.806364,5,2867.796373
58.287975,6,2868.052702
58.251037,6,2868.149164
59.055538,6,2868.270718
58.150169,6,2868.377523
51.976165,8,2868.630997
57.787444,6,2868.765955
58.93737,6,2868.990571
55.967614,7,2869.179099
58.890807,6,2869.28135
57.855785,5,2869.541024
59.064643,6,2869.66426
56.821077,7,2869.914277
59.071111,6,2870.029511
58.873642,6,2870.245476
57.514768,5,2870.408565
56.649404,7,2870.566528
57.890424,5,2870.734861
57.949533,5,2870.980395
59.076678,6,2871.107124
58.74154,6,2871.240235
52.274399,8,2871.397534
58.759195,6,2871.517806
57.631504,5,2871.717274
57.835707,5,2871.913571
58.435644,6,2872.032198
-5.914575,6,2872.267754
57.930691,5,2872.43753
56.27449,7,2872.598489
58.682482,6,2872.738802
56.782239,7,2872.995756
56.636336,7,2873.247274
57.953877,5,2873.490769
57.927137,5,2873.660141
59.058009,6,2873.782302
58.344736,6,2873.921569
57.818432,5,2874.156609
56.671815,5,2874.335969
57.941282,5,2874.483342
57.315157,5,2874.721994
57.931373,5,2874.881979
-8.050041,5,2875.1634
59.045681,6,2875.286906
51.344656,8,2875.52811
58.256933,6,2875.656923
58.402268,6,2875.761245
58.243541,6,2875.864534
58.155471,6,2876.048815
56.802452,7,2876.25243
57.930425,5,2876.410841
56.644508,7,2876.570353
57.968235,6,2876.789503
58.750778,6,2876.877686
56.703634,7,2877.026428
58.351091,6,2877.12974
59.07181,6,2877.25712
57.702459,5,2877.480369
59.040538,6,2877.607976
57.442168,7,2877.887999
58.939252,6,2878.024719
58.442533,6,2878.15697
57.954053,5,2878.380802
57.94734,6,2878.494194
57.98157,6,2878.691295
58.679745,6,2878.834314
58.452423,6,2878.955099
57.911082,5,2879.2022
59.072022,6,2879.328463
58.244738,6,2879.434409
50.501418,8,2879.596161
51.20982,8,2879.762095
57.21118,5,2880.008958
57.810968,5,2880.172697
59.083013,6,2880.308535
58.352208,6,2880.423708
57.177276,5,2880.590636
58.84234,6,2880.731398
57.511148,6,2880.869652
58.306644,6,2881.046646
56.6617,7,2881.284204
56.053468,7,2881.536058
59.071267,6,2881.652071
57.739908,6,2881.755837
58.358421,6,2881.95265
59.061754,6,2882.077702
59.07353,6,2882.205265
59.058729,6,2882.33348
57.837417,5,2882.58372
-7.396236,5,2882.817789
57.81298,5,2882.983671
56.087213,7,2883.210737
56.073769,7,2883.444804
52.699458,8,2883.651721
57.149848,5,2883.825501
56.699041,7,2883.975881
57.947366,5,2884.159057
58.190428,6,2884.296127
57.969426,6,2884.426477
57.034405,7,2884.580858
58.994608,6,2884.709
56.568543,7,2884.862111
57.935451,5,2885.020422
57.092146,5,2885.14977
57.792619,5,2885.39419
56.06848,7,2885.540002
57.818983,5,2885.663206
56.274965,7,2885.806038
58.258085,6,2885.923878
57.781751,5,2886.15765
58.945062,6,2886.248212
59.067772,6,2886.371918
59.072103,6,2886.493861
59.084528,6,2886.624041
59.054198,6,2886.738337
58.402609,6,2886.906263
57.80141,5,2887.147132
56.08244,7,2887.345066
57.645507,5,2887.59779
50.411143,8,2887.791792
58.365828,6,2888.049165
56.720572,7,2888.291712
57.934299,5,2888.528636
55.337735,7,2888.755147
57.821388,5,2888.945569
58.227271,6,2889.036444
57.911814,5,2889.198389
56.460596,7,2889.456815
58.708292,6,2889.72124
59.067137,6,2889.846483
56.436299,7,2889.996742
57.862749,5,2890.250393
57.756089,5,2890.425165
59.064265,6,2890.540346
56.745684,7,2890.697555
58.233215,6,2890.811237
59.084528,6,2890.941232
56.54612,7,2891.077429
57.668995,5,2891.233999
56.192304,7,2891.383838
57.773307,5,2891.585416
58.263782,6,2891.698169
57.919778,5,2891.848026
55.881158,7,2892.086766
58.239722,6,2892.225581
57.787145,5,2892.455198
58.224848,6,2892.583906
57.893066,6,2892.727012
59.043233,6,2892.853109
-7.283363,5,2893.18843
56.623951,7,2893.321293
59.055618,6,2893.44656
57.929069,5,2893.70926
57.94021,5,2893.869515
59.066835,6,2893.995246
59.014094,6,2894.117421
59.046372,6,2894.25352
59.058819,6,2894.373402
57.937292,5,2894.537563
55.938958,7,2894.769587
58.884754,6,2894.99089
57.907345,5,2895.211779
55.208124,7,2895.513036
58.649008,6,2895.635913
-6.150052,6,2895.974746
55.400336,7,2896.160957
57.80256,6,2896.393478
56.492771,7,2896.564887
56.77736,7,2896.71361
56.62503,7,2896.874077
57.734411,5,2897.137025
58.351462,6,2897.268985
56.328586,7,2897.543849
57.99606,6,2897.673467
58.392105,6,2897.955084
58.193741,6,2898.21323
56.810694,7,2898.466232
58.333752,6,2898.641648
58.703048,6,2898.815361
57.599263,6,2899.043188
56.660061,7,2899.310113
57.943462,5,2899.545413
57.919123,5,2899.665632
59.072154,6,2899.794354
58.351043,6,2900.048399
57.934343,5,2900.209656
59.069659,6,2900.32536
57.932546,5,2900.538812
58.769228,6,2900.635484
56.263897,7,2900.784747
59.072727,6,2900.911949
57.9418,5,2901.145456
59.068017,6,2901.264578
57.754286,5,2901.512357
58.286539,6,2901.742934
58.222471,6,2901.953695
58.850296,6,2902.099762
58.907667,6,2902.321594
56.100083,7,2902.512964
56.226185,7,2902.699262
59.04332,6,2902.828968
57.818104,5,2903.001135
58.45068,6,2903.11682
57.943614,5,2903.282304
57.291825,7,2903.437158
56.097051,7,2903.584635
58.780232,6,2903.731746
57.850246,5,2903.894241
58.880048,6,2904.030559
59.058549,6,2904.158325
59.057252,6,2904.282145
57.781251,5,2904.462029
56.442321,7,2904.613864
56.904059,5,2904.85167
58.949926,6,2904.981519
58.689426,6,2905.200631
58.864297,6,2905.316344
58.793005,6,2905.474074
58.995414,6,2905.568776
57.325752,6,2905.786402
57.816794,5,2905.934704
59.038209,6,2906.068569
58.717401,6,2906.210448
58.217709,6,2906.353499
56.302785,7,2906.543281
58.420656,6,2906.685528
59.093116,6,2906.810475
57.949294,5,2906.979055
58.147997,6,2907.149217
57.953648,5,2907.319906
56.315706,7,2907.549721
58.426684,6,2907.677911
57.854095,5,2907.807724
57.905782,5,2907.971121
58.011162,6,2908.098114
58.150629,6,2908.213049
58.848006,6,2908.434409
57.732497,5,2908.672956
59.060537,6,2908.804285
57.182019,5,2909.043579
58.439436,6,2909.225873
58.33178,6,2909.394693
58.759207,6,2909.587646
58.498536,6,2909.729723
55.936351,7,2910.018629
58.208103,6,2910.25754
57.903795,5,2910.496119
56.223601,7,2910.648611
56.397139,7,2910.885472
59.060402,6,2911.00779
58.140038,6,2911.147573
57.808853,5,2911.266283
58.120212,6,2911.482977
57.268753,6,2911.607502
51.562374,8,2911.783764
58.955004,6,2911.960497
58.073013,6,2912.186709
58.338278,6,2912.403766
58.316244,6,2912.583214
58.367357,6,2912.798955
51.319846,8,2912.993798
59.042262,6,2913.12933
56.758367,7,2913.28848
58.827503,6,2913.415596
58.848131,6,2913.54625
57.92069,5,2913.847066
-6.625834,6,2914.281777
57.275751,5,2914.554548
56.150306,7,2914.804603
57.983668,6,2914.965129
57.8395,5,2915.162739
56.273646,7,2915.340534
57.82387,5,2915.505776
58.890386,6,2915.647078
59.089684,6,2915.769789
57.857929,5,2916.026539
57.942875,5,2916.197969
57.082327,6,2916.471915
57.981542,6,2916.593816
-7.330077,5,2916.815594
57.800367,5,2917.058229
57.773875,5,2917.247246
57.944606,5,2917.450645
57.897764,5,2917.7063
56.334716,7,2917.951356
56.274339,7,2918.198969
59.065957,6,2918.326012
57.918499,5,2918.574411
57.66262,5,2918.787501
55.972697,7,2919.069379
57.774703,5,2919.169251
57.946705,5,2919.407803
59.072549,6,2919.528303
56.718614,7,2919.693118
56.811001,7,2919.951771
57.924212,5,2920.128113
57.936487,5,2920.299598
57.833699,5,2920.539194
59.059009,6,2920.655195
57.316738,5,2920.816297
57.883708,6,2920.942039
58.720913,6,2921.084953
58.894618,6,2921.313299
57.933617,5,2921.520808
59.068133,6,2921.634153
58.030437,6,2921.816757
58.911712,6,2921.998369
57.018818,5,2922.121063
56.343435,7,2922.311306
58.038658,6,2922.53085
58.769095,6,2922.668168
-9.190259,7,2922.979912
58.730354,6,2923.220334
59.085863,6,2923.348655
58.612343,6,2923.504092
59.061713,6,2923.631291
57.807979,5,2923.741974
58.347207,6,2923.835118
57.824032,5,2923.927773
56.546983,7,2924.077561
57.168431,6,2924.190388
57.316408,5,2924.367538
58.397873,6,2924.501491
58.807603,6,2924.601519
57.802275,5,2924.721707
57.937191,5,2924.89112
59.065578,6,2925.041197
57.73326,5,2925.164074
56.142512,7,2925.4138
56.591003,7,2925.556458
59.058276,6,2925.670107
57.914226,5,2925.921548
57.946014,5,2926.172568
59.048177,6,2926.290473
57.953375,5,2926.452615
58.737002,6,2926.583169
58.433424,6,2926.709816
58.707093,6,2926.838619
55.950469,7,2926.994564
58.201904,6,2927.195001
58.859882,6,2927.419212
57.925423,5,2927.6545
57.734603,5,2927.746052
-8.197303,6,2928.002983
57.954351,6,2928.124171
56.176283,7,2928.31605
57.836058,5,2928.41383
58.938352,6,2928.510597
56.542433,7,2928.762038
58.265517,6,2928.937683
58.284082,6,2929.060053
57.95138,6,2929.298408
57.924134,5,2929.543133
59.043629,6,2929.676196
57.221732,5,2929.840461
57.728057,5,2929.961633
56.970675,5,2930.081136
59.060826,6,2930.197023
58.237329,6,2930.394271
58.967863,6,2930.526483
57.917059,5,2930.686704
59.057991,6,2930.80605
58.193358,6,2931.001212
58.371244,6,2931.226041
58.463582,6,2931.369071
56.301679,7,2931.622858
57.928965,5,2931.791066
51.274921,8,2931.968981
55.960978,7,2932.207104
58.963266,6,2932.437984
58.320942,6,2932.563004
58.869964,6,2932.660643
57.753696,5,2932.871422
57.880395,5,2933.139962
57.67763,5,2933.355987
59.075517,6,2933.471764
56.547704,7,2933.6187
58.447156,6,2933.794553
56.642647,7,2933.942716
57.920981,5,2934.103519
58.705438,6,2934.328543
58.8311,6,2934.419127
57.272843,6,2934.557351
59.038509,6,2934.646502
57.955043,6,2934.842933
58.20332,6,2934.946094
50.447943,8,2935.181043
57.942886,5,2935.427591
56.275909,7,2935.654738
58.191434,6,2935.793983
57.927043,5,2935.95145
57.895105,5,2936.119187
58.333623,6,2936.236566
58.966524,6,2936.376475
59.062306,6,2936.502853
58.456253,6,2936.637729
57.972029,6,2936.753278
57.92535,5,2937.005357
58.015329,6,2937.14799
57.808899,5,2937.343787
57.927044,5,2937.492968
57.876253,6,2937.680756
59.071227,6,2937.797486
58.919547,6,2937.934209
58.423133,6,2938.038372
52.644834,8,2938.243707
56.438323,7,2938.388911
58.101152,6,2938.518163
58.720834,6,2938.660363
58.022724,6,2938.860978
56.063418,7,2939.006813
58.500813,6,2939.153604
58.344402,6,2939.406941
59.061967,6,2939.521029
58.028045,6,2939.649876
56.299644,7,2939.79782
57.941411,5,2939.925533
56.314761,7,2940.114939
59.068324,6,2940.245334
58.853625,6,2940.353516
58.709412,6,2940.525175
57.835834,5,2940.785127
58.155722,6,2940.956103
57.762888,5,2941.061006
58.291029,6,2941.310905
59.06462,6,2941.429306
56.295236,7,2941.623112
57.005574,5,2941.780862
56.584761,7,2941.933238
58.158843,6,2942.050944
58.134713,6,2942.185047
58.099392,6,2942.419642
57.938221,5,2942.691065
56.080476,7,2942.838999
58.511359,6,2943.015448
57.648033,5,2943.23608
58.241996,6,2943.410744
58.796475,6,2943.557605
59.010002,6,2943.64881
57.916369,6,2943.778983
58.682966,6,2943.968157
56.58245,7,2944.227653
58.813895,6,2944.355404
59.049385,6,2944.445172
58.648771,6,2944.558495
57.932365,5,2944.727239
56.229835,7,2944.912566
57.820113,5,2945.15465
56.054098,7,2945.305936
58.91874,6,2945.426597
56.651999,7,2945.666229
56.646032,7,2945.808051
58.434319,6,2945.950038
57.205616,7,2946.096019
57.748198,5,2946.274864
55.979212,7,2946.423079
58.048202,6,2946.633844
58.388318,6,2946.857152
57.742946,5,2947.044754
57.072913,5,2947.211051
57.738066,5,2947.39987
58.163394,6,2947.639076
56.290181,7,2947.868969
58.765849,6,2948.007824
56.917077,7,2948.154583
58.806731,6,2948.299835
58.804809,6,2948.42844
59.065614,6,2948.557645
56.458755,7,2948.80779
57.918942,5,2949.067577
57.894398,6,2949.199365
50.794081,8,2949.358614
57.898507,6,2949.480538
51.305412,8,2949.643912
57.834604,5,2949.837196
58.977997,6,2949.929326
-7.223054,5,2950.036518
57.77273,5,2950.173857
59.001761,6,2950.301093
56.755566,7,2950.44135
57.713713,5,2950.628966
58.771327,6,2950.749152
57.555785,6,2950.875291
58.329345,6,2951.06549
57.856777,6,2951.279001
-6.701294,6,2951.544391
58.594068,6,2951.721167
52.528007,8,2951.98122
51.462544,8,2952.146163
56.191139,7,2952.396229
58.829114,6,2952.5346
57.991726,6,2952.677801
59.037858,6,2952.807372
57.967417,6,2953.049158
56.180444,7,2953.298121
58.715377,6,2953.440848
57.814976,5,2953.572341
58.56338,6,2953.725006
57.821803,6,2953.969167
57.770517,5,2954.117922
56.415956,7,2954.265297
56.527723,7,2954.512222
58.84107,6,2954.644532
56.581173,7,2954.898997
57.791783,5,2954.997664
56.652368,7,2955.233134
59.076447,6,2955.363825
55.35937,7,2955.510329
57.85446,5,2955.673718
57.804854,5,2955.908495
58.021625,6,2956.113168
57.929468,5,2956.282247
56.023281,7,2956.438004
58.751844,6,2956.654863
57.79943,5,2956.798556
58.208722,6,2957.040594
56.300233,7,2957.191134
57.92137,5,2957.348887
58.410525,6,2957.473115
58.697607,6,2957.647021
57.885005,6,2957.76931
58.190582,6,2957.894207
58.900625,6,2957.985682
52.229734,8,2958.145301
59.007061,6,2958.236073
58.505224,6,2958.406938
57.836209,5,2958.646386
56.965823,5,2958.90078
58.161628,6,2959.120943
57.178714,5,2959.300232
57.059292,7,2959.469844
57.850371,5,2959.713867
57.785001,5,2959.855048
58.625069,6,2960.098735
57.933462,5,2960.263474
51.370779,8,2960.42574
58.085889,6,2960.555442
57.599565,6,2960.690233
57.888314,5,2960.856187
58.822145,6,2960.980327
57.294808,6,2961.175485
57.80084,5,2961.410796
58.491783,6,2961.664485
57.876667,6,2961.876252
57.820423,5,2961.996913
57.883544,6,2962.206691
57.922443,5,2962.375473
58.892483,6,2962.470851
59.05793,6,2962.605599
58.241276,6,2962.845304
58.519597,6,2962.993513
58.022103,6,2963.210336
57.376866,5,2963.316273
56.842986,7,2963.566672
57.555033,6,2963.760477
58.767658,6,2963.908894
58.414189,6,2964.054101
58.302037,6,2964.270233
59.07213,6,2964.387194
58.981139,6,2964.5281
57.937211,5,2964.702113
57.255236,5,2964.863428
58.825057,6,2965.020702
58.211062,6,2965.243533
56.564079,7,2965.484548
59.07698,6,2965.601256
58.438947,6,2965.742033
57.803462,6,2965.891269
57.925589,5,2966.109923
56.462871,7,2966.276502
56.434572,5,2966.54265
56.341011,7,2966.705224
57.107639,7,2966.948972
57.939786,5,2967.119526
58.977131,6,2967.292234
57.294736,5,2967.463655
59.053512,6,2967.590564
56.639863,7,2967.740299
56.580896,7,2967.984508
58.866498,6,2968.11416
57.029863,5,2968.362037
58.100221,6,2968.467688
58.715054,6,2968.693977
56.230638,7,2968.880239
56.609369,7,2969.129214
57.936913,5,2969.290403
55.999404,7,2969.516203
58.968422,6,2969.653524
56.536891,7,2969.816311
57.929282,6,2969.9454
56.938479,5,2970.191947
57.292724,5,2970.41645
59.038705,6,2970.542642
58.245905,6,2970.686951
57.674848,5,2970.8847
57.832307,5,2971.003437
58.511151,6,2971.134287
59.087009,6,2971.263547
57.005479,5,2971.484366
57.924039,5,2971.605066
58.287707,6,2971.736148
56.23603,7,2971.883454
58.963053,6,2971.973713
-6.625607,6,2972.188198
51.24608,8,2972.435223
56.64858,7,2972.593623
56.123936,7,2972.783742
56.162129,7,2972.9376
57.851632,5,2973.061111
57.059196,5,2973.227508
57.820685,5,2973.388808
55.882709,7,2973.634278
57.944315,5,2973.938209
59.035032,6,2974.066301
57.997414,6,2974.193201
58.654442,6,2974.380582
57.733253,5,2974.575664
59.084193,6,2974.692938
56.713153,7,2974.841251
51.362427,8,2975.04434
57.169317,5,2975.215451
57.660627,5,2975.390915
56.793393,7,2975.645569
56.735418,7,2975.896777
57.913446,5,2976.067246
57.818254,5,2976.173272
58.226632,6,2976.303976
58.283071,6,2976.499884
58.810378,6,2976.603013
57.909343,6,2976.746715
57.814745,5,2976.910484
58.213658,6,2977.037295
58.420082,6,2977.298923
58.304821,6,2977.406472
58.600949,6,2977.628709
57.983464,6,2977.851957
58.995026,6,2977.942812
58.852076,6,2978.073536
57.889507,5,2978.247323
59.083724,6,2978.383291
57.923164,5,2978.500855
58.133931,6,2978.640285
58.972551,6,2978.785541
57.93924,5,2978.942565
57.772373,5,2979.187423
58.94506,6,2979.332447
51.496846,8,2979.492649
58.86931,6,2979.63308
56.751908,7,2979.776844
59.065546,6,2979.901014
57.927303,5,2980.134857
56.877714,7,2980.388142
58.097154,6,2980.509496
57.837817,5,2980.746978
56.760873,7,2980.88306
58.904388,6,2981.08187
56.782365,7,2981.335814
59.0762,6,2981.455019
57.909249,5,2981.708663
-8.578842,5,2981.805529
58.922983,6,2981.942549
57.937602,5,2982.110307
57.122511,5,2982.284075
57.074515,5,2982.458637
58.208802,6,2982.676446
59.081297,6,2982.806775
56.303,7,2982.995616
57.409527,7,2983.137763
57.930148,5,2983.367746
57.91205,5,2983.539541
56.099353,7,2983.782868
59.057191,6,2983.898056
52.607262,8,2984.054211
57.656394,5,2984.217969
58.325683,6,2984.324042
58.75696,6,2984.442252
58.700705,6,2984.616537
57.295729,5,2984.866386
58.856351,6,2984.994633
58.737079,6,2985.136045
58.532906,6,2985.348305
59.083829,6,2985.482843
57.715317,5,2985.601582
59.000313,6,2985.7054
58.630092,6,2985.848954
58.274339,6,2985.994069
51.34498,8,2986.203177
58.52838,6,2986.328378
56.672729,7,2986.612079
58.221636,6,2986.705493
57.73019,5,2986.912908
57.946688,5,2987.20676
57.97961,6,2987.459036
56.536726,7,2987.710336
58.837208,6,2987.804198
56.731354,7,2987.96604
58.502543,6,2988.179685
59.072224,6,2988.307513
57.941719,5,2988.560493
58.019574,6,2988.802423
51.504884,8,2989.023762
56.644888,7,2989.304968
57.294744,5,2989.508533
57.223891,5,2989.703511
59.075558,6,2989.846275
58.817383,6,2989.986356
57.956412,5,2990.14673
59.068281,6,2990.271683
57.230112,5,2990.570394
57.789744,5,2990.666208
57.821511,6,2990.897726
57.861633,5,2991.06231
57.943801,6,2991.283701
56.662734,7,2991.487895
58.325675,6,2991.639541
-5.944544,6,2992.165859
57.567768,5,2992.301555
56.919301,7,2992.565462
58.7155,6,2992.763287
58.877323,6,2992.988605
59.035024,6,2993.078827
58.570796,6,2993.304654
58.742748,6,2993.447879
58.427587,6,2993.657887
57.934947,6,2993.904711
57.826882,5,2994.025594
59.063577,6,2994.142354
57.79165,6,2994.342534
56.64081,7,2994.494213
57.808783,5,2994.634061
57.899955,5,2994.7873
59.058587,6,2994.912642
59.028368,6,2995.004199
58.792982,6,2995.146028
58.332326,6,2995.336956
58.352759,6,2995.51765
57.929299,5,2995.634352
57.922804,5,2995.794087
57.924425,5,2995.959142
57.738013,5,2996.150172
56.14006,7,2996.319982
59.075782,6,2996.454388
57.910302,5,2996.628397
57.934444,5,2996.883883
59.070174,6,2997.0131
58.164502,6,2997.137332
58.406503,6,2997.393142
57.913977,5,2997.648348
58.173029,6,2997.861709
56.45256,7,2998.022816
57.836073,5,2998.2649
56.310498,7,2998.417852
58.26728,6,2998.540389
56.214434,7,2998.696489
58.749859,6,2998.822721
56.542122,7,2998.963499
59.059991,6,2999.088233
57.952201,6,2999.294322
59.072463,6,2999.418367
59.053368,6,2999.53617
58.163265,6,2999.643603
-5.911455,6,2999.881194
58.706828,6,3000.032737
58.193416,6,3000.254966
-9.714354,7,3000.410798
57.755773,5,3000.524959
59.074363,6,3000.653663
-8.683083,5,3000.772278
56.855707,7,3001.021738
58.890265,6,3001.111882
58.336023,6,3001.251537
57.938647,5,3001.413579
56.579861,7,3001.670181
56.649602,7,3001.822479
57.939595,5,3002.052641
57.2875,5,3002.294846
57.250486,6,3002.482955
58.802141,6,3002.608072
58.287671,6,3002.763815
58.183169,6,3002.900382
56.673217,7,3003.056766
58.001111,6,3003.275695
57.288095,5,3003.514085
58.700621,6,3003.657035
57.706766,5,3003.844649
58.858356,6,3003.992844
58.101331,6,3004.243172
58.34681,6,3004.351903
56.569804,7,3004.504861
56.582898,7,3004.748548
58.596977,6,3004.966378
57.970128,6,3005.202713
57.008961,7,3005.354203
58.072073,6,3005.577675
51.459281,8,3005.742344
59.019283,6,3005.864158
57.288845,5,3006.027717
57.910533,5,3006.283915
58.813714,6,3006.404761
56.622127,7,3006.682945
57.933434,5,3006.853065
57.809467,5,3007.034796
59.065227,6,3007.151726
58.889332,6,3007.29801
57.175553,5,3007.45878
57.937714,5,3007.617918
59.048496,6,3007.753332
58.70908,6,3007.894215
58.235448,6,3008.125245
59.065643,6,3008.244805
58.936979,6,3008.394235
57.64624,5,3008.636257
59.058481,6,3008.764466
56.678817,7,3008.914041
59.031832,6,3009.03354
56.691393,7,3009.185046
57.890768,5,3009.286696
59.069747,6,3009.414488
58.631675,6,3009.535599
57.878274,5,3009.653969
57.922634,6,3009.884454
59.044195,6,3009.990325
57.794833,5,3010.188809
56.635388,7,3010.333476
58.746005,6,3010.423597
56.583781,7,3010.662512
-6.892542,6,3011.018682
58.734117,6,3011.137739
57.004032,5,3011.293325
57.9281,6,3011.404505
58.200182,6,3011.49465
58.578047,6,3011.6395
58.827959,6,3011.730681
56.610865,7,3011.87753
59.076932,6,3011.999039
57.258581,5,3012.221532
56.220787,7,3012.383591
57.832303,5,3012.628613
57.388023,5,3012.881038
57.890876,5,3013.126564
58.12211,6,3013.347947
57.952642,5,3013.57882
58.746801,6,3013.797632
56.527068,7,3014.03744
56.622701,7,3014.275532
56.588572,7,3014.423254
58.322104,6,3014.67248
56.499134,7,3014.832823
58.413129,6,3014.942287
59.066071,6,3015.066517
58.821195,6,3015.192391
58.347571,6,3015.334477
51.594748,8,3015.49972
57.941499,5,3015.667218
58.189231,6,3015.794438
58.05731,6,3015.909702
57.923597,5,3016.075384
58.248467,6,3016.275912
58.604776,6,3016.452495
58.734771,6,3016.578794
58.669172,6,3016.709645
57.76803,6,3016.956429
58.178937,6,3017.201544
56.687805,7,3017.449098
58.504221,6,3017.589542
57.936518,5,3017.753299
58.069368,6,3017.883733
58.591114,6,3018.029993
57.825066,6,3018.249045
55.988221,7,3018.499333
57.908587,5,3018.661287
59.062515,6,3018.783404
58.672252,6,3018.899063
57.900089,5,3019.05902
57.907611,5,3019.354816
56.156135,7,3019.502561
58.009784,6,3019.615746
56.663494,7,3019.762947
57.931429,5,3020.010374
58.419066,6,3020.153251
57.934774,5,3020.318573
57.920885,5,3020.605428
57.654726,5,3020.795727
56.507241,7,3020.947222
57.929663,6,3021.080099
58.785234,6,3021.224451
57.946127,5,3021.383732
58.75524,6,3021.510109
51.356534,8,3021.709301
59.026647,6,3021.939401
59.057337,6,3022.053838
56.537209,7,3022.304446
56.069901,7,3022.456256
58.615917,6,3022.601378
56.643229,7,3022.851644
57.682089,5,3023.040478
58.195709,6,3023.297179
58.654049,6,3023.514553
56.257854,7,3023.748278
57.940713,5,3024.001294
58.07972,6,3024.22019
57.944468,5,3024.381596
57.968271,6,3024.628003
57.198464,5,3024.829574
59.065445,6,3024.945331
58.291199,6,3025.128548
58.689828,6,3025.268016
57.899582,5,3025.432411
57.837021,5,3025.567234
-5.92391,6,3025.948494
59.068558,6,3026.092839
56.42198,7,3026.383148
57.860513,5,3026.501715
56.168991,7,3026.647779
57.735629,6,3026.787511
58.136025,6,3026.931256
57.702607,5,3027.106855
57.588305,6,3027.380037
56.603859,7,3027.615836
57.845549,5,3027.818129
57.214183,5,3028.020048
57.921883,5,3028.27775
58.41903,6,3028.497929
58.765532,6,3028.63811
57.938023,5,3028.883026
57.78558,5,3028.988196
57.938403,6,3029.108714
58.692646,6,3029.248451
59.061808,6,3029.365957
56.522202,7,3029.518198
57.832904,6,3029.791505
56.546808,7,3029.94458
56.253964,7,3030.082247
57.094488,5,3030.360394
58.849715,6,3030.53332
58.3057,6,3030.730168
59.057453,6,3030.854777
56.804059,7,3031.007832
-9.281028,5,3031.099769
58.110554,6,3031.35713
58.191475,6,3031.593344
58.716038,6,3031.718624
59.047585,6,3031.838546
58.236296,6,3032.035674
59.061935,6,3032.157905
57.683361,5,3032.39178
58.739243,6,3032.571546
58.035713,6,3032.709436
57.702068,5,3032.841464
57.643448,6,3032.981117
51.06446,8,3033.22802
59.080408,6,3033.346387
59.068193,6,3033.47513
57.258118,5,3033.604351
57.943587,5,3033.761455
58.802291,6,3033.872137
57.848632,6,3034.065963
57.236034,5,3034.184855
59.076621,6,3034.299951
58.008675,6,3034.542227
56.688906,5,3034.71533
56.591885,7,3034.906283
59.073558,6,3035.034046
56.998586,7,3035.276096
57.933542,6,3035.411628
57.891352,5,3035.577469
55.809768,7,3035.765462
57.119597,5,3035.932116
58.843548,6,3036.083131
56.543993,7,3036.219894
57.252338,5,3036.481083
57.253389,5,3036.651321
58.297907,6,3036.783194
58.442259,6,3036.897192
58.403708,6,3037.151313
56.463515,7,3037.395437
57.323696,5,3037.565542
56.209731,7,3037.716694
58.817639,6,3037.892167
57.661145,5,3038.080187
59.048533,6,3038.218261
58.264548,6,3038.395117
58.363882,6,3038.526317
58.40288,6,3038.661213
59.046388,6,3038.793397
58.790558,6,3038.922189
58.393052,6,3039.049793
56.565875,7,3039.304068
58.460616,6,3039.430401
59.058196,6,3039.552511
58.337849,6,3039.741186
58.806645,6,3039.883544
58.319344,6,3040.006315
58.317839,6,3040.229197
57.923788,5,3040.407096
58.446073,6,3040.59824
58.28491,6,3040.8449
56.422376,7,3041.089103
56.252234,7,3041.338379
58.790885,6,3041.46973
58.18339,6,3041.57152
57.911759,6,3041.7017
58.311534,6,3041.973047
57.812013,5,3042.136896
59.086092,6,3042.272867
58.839434,6,3042.402988
56.274181,7,3042.600908
57.938451,5,3042.848563
57.937503,5,3043.019569
57.849484,5,3043.258838
56.691079,7,3043.499829
59.068628,6,3043.630338
56.147666,7,3043.783321
-5.924606,6,3044.023313
55.576587,7,3044.260055
57.861653,5,3044.485273
59.071528,6,3044.61101
57.923997,5,3044.77759
57.91722,5,3044.941114
57.90246,5,3045.10189
57.737315,5,3045.294464
57.851754,5,3045.549217
59.075134,6,3045.664572
57.639797,5,3045.785896
56.002741,7,3045.924348
57.750274,5,3046.149805
58.912744,6,3046.292011
58.284475,6,3046.431322
56.530211,7,3046.687943
58.971141,6,3046.823217
58.86622,6,3046.937988
57.938925,5,3047.121839
58.360489,6,3047.266174
57.84831,5,3047.39541
57.920412,5,3047.57183
56.197044,7,3047.718316
57.825534,5,3047.950953
59.074021,6,3048.08771
57.838927,5,3048.33149
58.737214,6,3048.46308
58.960524,6,3048.612551
57.949481,5,3048.764347
58.037341,6,3048.895092
59.088428,6,3049.024704
58.848104,6,3049.115386
56.720848,7,3049.369624
58.114341,6,3049.585113
57.817784,6,3049.716495
56.54838,7,3049.864742
57.917821,5,3050.022798
57.861232,5,3050.185903
59.030906,6,3050.320899
59.073485,6,3050.450134
57.859294,5,3050.543809
57.78151,5,3050.709243
58.77313,6,3050.836308
56.041077,7,3051.023831
57.260001,5,3051.206249
57.781276,6,3051.458295
57.939703,6,3051.72734
57.878687,5,3051.918136
59.033528,6,3052.008576
57.940433,5,3052.254115
58.71893,6,3052.396156
57.945018,5,3052.563378
57.942706,5,3052.731688
56.489586,7,3052.982565
58.415703,6,3053.186227
58.948695,6,3053.277063
56.639542,7,3053.425795
58.685363,6,3053.624817
56.311689,7,3053.778664
59.08232,6,3053.908119
58.031238,6,3054.07661
57.868408,5,3054.325861
56.159255,7,3054.52545
57.935825,5,3054.690909
57.284056,5,3054.935827
57.123554,7,3055.084976
57.586098,5,3055.394899
57.927541,5,3055.507394
57.215634,5,3055.63082
57.93344,5,3055.80478
57.774092,6,3055.974102
58.21824,6,3056.19285
58.076118,6,3056.389191
57.949877,5,3056.551437
58.544206,6,3056.694257
58.857544,6,3056.810095
56.208281,7,3057.098594
56.749491,7,3057.235599
-5.914022,6,3057.471028
56.637775,7,3057.705643
58.237019,6,3057.843273
58.266769,6,3057.959447
56.590307,7,3058.161812
58.320084,6,3058.299709
57.853085,5,3058.396503
56.604297,7,3058.655427
57.779406,5,3058.870926
57.949733,5,3059.07759
57.811421,5,3059.351738
56.254159,7,3059.615089
56.921229,5,3059.899157
58.128175,6,3060.025752
58.040028,6,3060.322252
56.684346,7,3060.476228
58.335248,6,3060.593512
57.279143,5,3060.766109
57.781037,5,3060.884379
59.067777,6,3061.019278
58.98859,6,3061.110891
58.61624,6,3061.262999
56.062057,7,3061.515318
59.074863,6,3061.635114
58.829708,6,3061.858585
57.801466,5,3062.121072
58.505282,6,3062.306592
-13.844545,8,3062.593467
59.089404,6,3062.724087
58.722395,6,3062.869894
58.26319,6,3063.018045
58.737993,6,3063.154383
57.928805,5,3063.318153
57.950083,5,3063.555113
58.103101,6,3063.76919
58.047238,6,3063.893274
58.824401,6,3064.028349
57.951797,5,3064.198224
58.780821,6,3064.379057
51.495334,8,3064.549772
56.931152,7,3064.697726
57.079238,7,3064.849751
56.981876,7,3064.997959
58.94654,6,3065.133897
57.765314,5,3065.259406
58.173931,6,3065.47983
57.833513,6,3065.68538
57.828913,5,3065.926668
58.918954,6,3066.108139
57.93525,5,3066.347086
56.361591,7,3066.612325
58.845363,6,3066.705596
57.876906,5,3066.959811
58.122459,6,3067.190773
56.246033,7,3067.34902
57.814302,5,3067.589272
56.440701,7,3067.829718
56.589956,7,3067.983337
58.855954,6,3068.207619
58.784987,6,3068.354411
58.798661,6,3068.499135
56.141615,7,3068.645162
57.650789,5,3068.82991
58.915682,6,3068.919789
59.062317,6,3069.036639
58.805022,6,3069.134962
59.067524,6,3069.253546
59.032747,6,3069.385012
57.871845,5,3069.481635
58.2836,6,3069.722286
56.078071,7,3069.922602
58.366011,6,3070.055835
57.762168,5,3070.176347
57.843204,5,3070.349391
59.052879,6,3070.470457
58.638796,6,3070.694032
59.07759,6,3070.824443
57.93886,5,3070.994994
-7.478998,5,3071.234256
58.81625,6,3071.363591
59.043655,6,3071.455665
58.726608,6,3071.567843
57.621706,5,3071.768912
58.284425,6,3072.040592
58.287781,6,3072.183497
58.64369,6,3072.334042
59.069294,6,3072.455295
59.059225,6,3072.589856
58.697387,6,3072.719369
59.059803,6,3072.866652
58.697366,6,3073.100509
58.235337,6,3073.336558
58.963889,6,3073.467786
57.836129,5,3073.638075
57.837763,6,3073.776422
57.95034,5,3073.947377
59.023207,6,3074.096702
57.80167,5,3074.236556
57.934964,5,3074.419557
58.422288,6,3074.526985
59.077288,6,3074.658971
58.428886,6,3074.801861
56.789426,7,3075.078555
57.941337,5,3075.339214
57.989563,6,3075.477775
58.869445,6,3075.608522
57.998847,6,3075.805478
57.935813,6,3076.000647
58.382274,6,3076.194319
58.056789,6,3076.322649
58.690033,6,3076.540509
56.651268,7,3076.699021
56.754629,7,3076.95315
57.942607,5,3077.114299
59.072719,6,3077.248638
51.544241,8,3077.423255
57.28957,5,3077.58773
58.405731,6,3077.698622
-8.292108,5,3077.804833
58.428523,6,3078.001374
59.014685,6,3078.094064
59.058879,6,3078.215572
57.696362,5,3078.42766
57.650539,5,3078.633185
51.410236,8,3078.803492
58.149324,6,3078.959403
58.139478,6,3079.09313
57.769105,6,3079.231792
59.084216,6,3079.362667
58.888337,6,3079.505855
59.072134,6,3079.631614
59.067343,6,3079.768624
59.052858,6,3079.881036
58.557088,6,3080.034794
58.777715,6,3080.157659
59.071219,6,3080.275476
56.68661,7,3080.529296
57.915142,5,3080.795956
57.516519,5,3081.018892
58.446071,6,3081.152822
58.346063,6,3081.30116
57.939847,5,3081.548647
56.303374,7,3081.706746
58.318204,6,3081.840488
57.931921,5,3082.020858
58.681293,6,3082.194399
56.060074,7,3082.349253
56.712665,7,3082.605637
58.421066,6,3082.783352
57.288658,7,3082.928929
59.08409,6,3083.059441
57.942947,5,3083.238419
58.370986,6,3083.420663
59.06617,6,3083.555992
58.6897,6,3083.780704
58.815979,6,3083.871185
59.067551,6,3083.993761
58.186708,6,3084.237128
58.814218,6,3084.381412
59.018932,6,3084.514812
55.796919,7,3084.782519
57.824476,5,3084.945657
58.241588,6,3085.090443
59.060596,6,3085.210846
58.006608,6,3085.450795
57.969083,6,3085.560819
57.913696,5,3085.680587
57.573813,6,3085.85464
57.967682,6,3085.990342
58.085118,6,3086.217776
57.945528,5,3086.490345
58.265028,6,3086.629379
58.410224,6,3086.883067
57.949573,6,3087.138134
56.278136,7,3087.286953
58.903492,6,3087.378614
58.753213,6,3087.510385
58.755896,6,3087.685779
59.029603,6,3087.80215
56.155492,7,3087.963771
57.937488,5,3088.134735
59.030131,6,3088.268006
58.130628,6,3088.384864
58.846099,6,3088.525786
59.074497,6,3088.654803
56.747951,7,3088.86526
57.787794,5,3089.062345
58.360993,6,3089.320209
58.129494,6,3089.552217
58.997393,6,3089.74901
58.067425,6,3089.90327
58.64287,6,3090.14455
57.791049,5,3090.427588
56.600985,7,3090.722638
51.348174,8,3090.991136
57.665179,5,3091.305434
58.783779,6,3091.53306
58.560113,6,3091.754967
58.826475,6,3091.948978
59.066699,6,3092.169523
56.128858,7,3092.472135
58.028765,6,3092.646406
59.069657,6,3092.851012
59.079174,6,3093.052582
57.931209,5,3093.308152
58.405395,6,3093.615614
57.285059,5,3093.875663
56.431289,7,3094.224788
58.007015,6,3094.377196
57.940142,5,3094.560134
58.443927,6,3094.784573
56.34985,7,3095.010579
58.585803,6,3095.342693
56.290136,7,3095.578918
57.840111,5,3095.755242
56.338704,7,3096.123935
59.026328,6,3096.274795
57.946888,5,3096.524602
57.276805,5,3096.900569
-5.923235,6,3097.603175
56.459891,7,3097.970106
57.939803,5,3098.320056
57.267391,5,3098.728272
56.236983,7,3099.092091
57.864706,5,3099.36516
57.943732,5,3099.753505
57.912641,5,3099.938931
59.056101,6,3100.109263
57.644036,5,3100.328652
57.87763,5,3100.46216
57.872468,5,3100.842203
59.068042,6,3101.011363
58.908394,6,3101.280417
59.073118,6,3101.45227
57.180635,5,3101.710176
56.33868,7,3101.915021
57.797044,5,3102.222373
57.891028,5,3102.472159
56.664006,7,3102.685449
57.893262,5,3102.942081
51.542182,8,3103.178527
58.327213,6,3103.389187
57.813566,6,3103.684944
57.789066,5,3103.987689
57.83139,5,3104.368658
58.953056,6,3104.564419
51.489222,8,3104.848182
57.777246,5,3105.150234
51.378206,8,3105.38864
59.023521,6,3105.583978
58.787297,6,3105.80147
56.348703,5,3106.052881
57.170928,5,3106.308105
57.964277,6,3106.472531
57.946077,5,3106.72674
57.882183,6,3107.005181
58.445058,6,3107.151975
57.918359,5,3107.408905
57.934329,5,3107.655892
58.572368,6,3107.834245
58.660048,6,3108.048477
57.262855,5,3108.255325
58.376248,6,3108.597239
57.769759,5,3108.878367
57.896988,6,3109.073358
57.932464,5,3109.323888
59.07253,6,3109.500519
57.036929,7,3109.897485
57.887869,5,3110.24928
58.859479,6,3110.580179
56.693564,7,3110.805607
58.047604,6,3111.016012
57.831984,5,3111.190191
58.152275,6,3111.380098
58.079987,6,3111.546136
58.795825,6,3111.743549
57.311202,5,3112.021671
58.755399,6,3112.236481
59.07298,6,3112.434275
58.714512,6,3112.774801
57.951797,5,3113.171703
55.771945,7,3113.592001
56.514417,7,3113.994293
57.819158,5,3114.252232
56.106172,7,3114.479824
57.945697,5,3114.881885
57.944829,5,3115.37137
58.419899,6,3115.634027
58.884132,6,3115.834932
57.64402,6,3116.163903
58.025838,6,3116.544734
57.233582,5,3116.903063
57.994964,6,3117.055911
57.88661,6,3117.333878
58.607702,6,3117.549036
59.055434,6,3117.726061
57.925576,5,3118.100422
58.11443,6,3118.275011
56.756396,7,3118.67121
57.092142,5,3118.954095
57.874901,5,3119.322128
57.837025,5,3119.475846
59.068567,6,3119.650368
59.061133,6,3119.828827
58.861295,6,3120.045155
58.680674,6,3120.247201
58.344244,6,3120.565426
57.917195,5,3120.753731
57.892655,5,3121.163498
56.203893,7,3121.448078
57.950956,5,3121.702238
57.25032,5,3121.951089
57.728643,5,3122.223886
57.82282,5,3122.468486
58.904639,6,3122.601335
57.683151,5,3122.808329
57.855551,5,3123.007168
59.061284,6,3123.198292
58.19415,6,3123.584011
58.077824,6,3123.874302
56.021296,7,3124.101247
56.635088,7,3124.482101
57.875595,5,3124.623044
56.678215,7,3124.840099
57.931883,5,3125.238584
59.066457,6,3125.368977
56.852096,7,3125.601768
58.605004,6,3125.819927
58.419071,6,3126.158939
56.775512,7,3126.544144
58.740991,6,3126.673277
59.072709,6,3126.86578
57.944206,5,3127.037248
56.081232,7,3127.257311
58.25717,6,3127.414577
59.063326,6,3127.61107
59.051736,6,3127.783966
58.956766,6,3127.993541
58.43514,6,3128.205101
56.70033,7,3128.436106
56.596738,7,3128.805879
56.376764,7,3129.091686
59.030712,6,3129.221432
57.925262,5,3129.634795
58.897549,6,3129.973059
57.863281,5,3130.142483
57.928352,5,3130.500517
57.920527,5,3130.686387
58.314633,6,3130.880578
59.079007,6,3131.055501
56.320632,7,3131.279623
58.089203,6,3131.498205
56.349643,7,3131.719822
57.254339,5,3132.108643
58.241868,6,3132.431516
58.269974,6,3132.68241
58.979959,6,3132.865754
58.557547,6,3133.244676
56.163114,7,3133.702034
55.896738,7,3133.955716
58.988365,6,3134.338701
58.375664,6,3134.622597
56.828227,7,3135.093994
58.749299,6,3135.462934
58.017891,6,3135.695404
56.314708,7,3135.928313
57.983509,6,3136.110232
57.868281,5,3136.251749
57.881411,5,3136.422595
59.005561,6,3136.544543
58.939441,6,3136.71084
57.877872,5,3136.996177
56.698852,7,3137.221011
59.075352,6,3137.390824
56.384413,7,3137.621211
58.292553,6,3138.008916
58.172896,6,3138.417838
56.845803,7,3138.636542
57.920609,6,3138.93122
57.943155,5,3139.243455
58.099245,6,3139.574958
-7.199616,5,3139.922478
58.7849,6,3140.112261
59.059882,6,3140.299734
56.828204,7,3140.527217
57.929043,5,3140.706779
58.286205,6,3141.025805
59.060767,6,3141.203471
56.582282,7,3141.423356
57.945509,5,3141.838031
58.410782,6,3141.998742
58.902706,6,3142.196424
57.319472,5,3142.590989
58.108504,6,3142.78344
58.519026,6,3143.029708
56.03921,7,3143.251669
58.377662,6,3143.543669
57.849813,6,3143.838435
58.164867,6,3144.200022
58.12207,6,3144.423943
57.941815,5,3144.815497
59.087102,6,3145.032174
51.383602,8,3145.316181
58.794316,6,3145.523554
59.076202,6,3145.70374
58.755028,6,3145.834527
57.654656,6,3146.218835
57.603195,5,3146.461023
56.706583,7,3146.852978
58.213805,6,3147.163451
56.378445,7,3147.515411
57.241242,5,3147.678381
59.070557,6,3147.861682
59.0774,6,3148.04171
58.586868,6,3148.211504
56.638249,7,3148.613344
58.227292,6,3148.94739
55.458377,7,3149.181073
57.945993,5,3149.587745
58.163018,6,3149.886242
57.272853,5,3150.057963
57.79779,6,3150.441275
58.222897,6,3150.658289
58.580531,6,3150.988412
57.237408,7,3151.215595
59.083265,6,3151.413153
57.925163,5,3151.688226
57.261238,5,3152.098389
56.214834,7,3152.479363
50.757585,8,3152.845436
58.729217,6,3153.059634
57.911116,5,3153.330673
57.867784,5,3153.619671
58.037463,6,3153.806954
56.084147,7,3154.077908
58.84936,6,3154.358235
57.884243,5,3154.706795
57.921211,5,3155.105978
58.688243,6,3155.372689
57.753934,5,3155.693403
56.537452,7,3155.919933
57.944416,5,3156.172806
57.949041,5,3156.423188
57.933651,6,3156.576247
58.384984,6,3156.835534
57.938439,5,3157.088062
56.350128,7,3157.457927
57.87374,5,3157.839426
59.072978,6,3158.032599
57.832282,6,3158.358631
58.095207,6,3158.74465
57.698399,5,3159.119509
57.916494,5,3159.37555
59.063816,6,3159.561639
58.991662,6,3159.688311
57.934629,5,3160.077013
59.024027,6,3160.277814
58.862035,6,3160.47544
50.821618,8,3160.759972
56.165934,7,3161.045964
57.873673,5,3161.186212
56.276754,7,3161.409519
56.517953,7,3161.623405
58.439855,6,3161.775326
57.136945,7,3161.995723
57.140649,5,3162.246015
59.038822,6,3162.446628
56.755672,7,3162.853779
58.073539,6,3163.009663
57.111492,7,3163.22823
57.966164,6,3163.392525
58.941596,6,3163.599357
57.83721,5,3163.767615
57.228951,5,3164.037749
56.819315,7,3164.273039
57.716629,5,3164.556962
57.809841,5,3164.859711
-6.357472,6,3165.387881
58.425009,6,3165.557858
56.717392,7,3165.781721
59.030459,6,3165.906751
58.855898,6,3166.093829
56.661994,7,3166.315768
57.94242,5,3166.565652
-7.637607,6,3166.93449
58.176278,6,3167.096812
59.070735,6,3167.266858
56.264426,7,3167.489996
58.153052,6,3167.683355
58.522575,6,3167.898069
59.07389,6,3168.098163
59.082873,6,3168.29465
58.299088,6,3168.68466
57.936745,5,3168.932705
57.931353,5,3169.30802
58.17028,6,3169.599445
58.785618,6,3169.812487
57.945619,5,3170.06346
58.699148,6,3170.236495
57.983901,6,3170.563597
57.182404,5,3170.822514
-6.246228,6,3171.316509
57.812811,5,3171.577323
57.846338,5,3171.876067
59.065384,6,3172.047982
57.821947,5,3172.446065
58.570054,6,3172.650015
58.315604,6,3172.860502
57.716237,5,3173.266174
58.973826,6,3173.604864
57.808703,5,3173.882682
57.70435,5,3174.083988
58.454743,6,3174.282488
56.713136,7,3174.652142
58.332666,6,3174.863586
57.878883,5,3175.115728
57.893785,5,3175.387789
59.071505,6,3175.575909
55.991456,7,3175.855639
57.837081,5,3175.987846
58.786449,6,3176.200733
56.443828,7,3176.584301
57.705573,5,3176.955812
56.62442,7,3177.311671
56.361995,7,3177.534338
57.935313,5,3177.785578
57.861587,5,3178.17354
58.014834,6,3178.546505
57.69068,5,3178.766657
57.283924,5,3179.145804
58.263486,6,3179.371818
57.864648,5,3179.649116
57.188011,5,3180.036517
57.282112,7,3180.334411
58.709823,6,3180.47114
58.388589,6,3180.666931
58.907182,6,3180.800569
56.463187,7,3181.036468
57.920457,5,3181.297087
51.314393,8,3181.545886
58.742521,6,3181.889183
57.929799,6,3182.035958
57.937396,5,3182.289953
58.107139,6,3182.629137
57.921235,5,3182.883186
57.564254,5,3183.155281
56.058759,7,3183.508898
57.933648,5,3183.757457
58.349356,6,3184.154435
58.741581,6,3184.32094
51.508767,8,3184.624367
58.36367,6,3184.774385
58.392081,6,3185.041655
57.938682,5,3185.446447
56.864599,7,3185.829303
57.838174,5,3185.980756
59.076294,6,3186.141469
58.781877,6,3186.301497
59.041381,6,3186.499792
59.062164,6,3186.690569
56.166585,7,3186.912413
57.946398,5,3187.163388
57.776928,5,3187.372127
55.902844,7,3187.58081
-5.916694,6,3188.170476
51.457712,8,3188.455088
57.937001,5,3188.8625
57.94834,5,3189.120566
57.865649,5,3189.263282
56.659846,7,3189.496172
57.885081,5,3189.748735
58.432121,6,3190.003041
56.6571,7,3190.22797
57.872817,5,3190.489134
57.814975,5,3190.95478
57.941094,5,3191.277839
56.68351,7,3191.658833
58.713604,6,3191.88654
57.91777,5,3192.15205
58.739409,6,3192.371893
57.260375,5,3192.634721
58.730029,6,3192.896636
58.436933,6,3193.179599
51.319506,8,3193.457557
57.787176,5,3193.722826
59.072106,6,3193.895719
58.291852,6,3194.270523
59.071365,6,3194.448963
58.389919,6,3194.596246
58.972239,6,3194.781284
57.002031,5,3195.066254
58.656267,6,3195.279506
58.780831,6,3195.485295
58.710528,6,3195.685036
58.380962,6,3195.955253
56.51312,7,3196.334803
57.936993,5,3196.579895
58.937735,6,3196.851762
57.752139,5,3197.09374
56.473213,7,3197.326708
57.14178,5,3197.562221
58.923135,6,3197.820258
55.98389,7,3198.039059
56.578984,7,3198.257442
58.82792,6,3198.45079
58.968878,6,3198.657639
59.074076,6,3198.845959
57.617985,6,3199.14753
57.61505,6,3199.353683
57.80987,5,3199.612221
56.702378,7,3199.892048
57.87903,6,3200.077844
57.817171,5,3200.333971
58.340412,6,3200.658647
56.724309,7,3200.940124
56.065162,7,3201.153055
58.785501,6,3201.337394
57.919124,5,3201.59152
58.370743,6,3201.969305
57.928922,5,3202.221275
58.034452,6,3202.381518
58.457968,6,3202.671083
58.783712,6,3202.856494
59.066457,6,3203.033327
56.114846,7,3203.31038
58.200821,6,3203.513772
56.508896,7,3203.721343
51.438419,8,3203.96558
56.528183,7,3204.312886
56.340914,7,3204.670794
57.926028,5,3205.06231
56.824723,7,3205.436953
57.928474,5,3205.786833
58.76768,6,3205.992364
57.820896,5,3206.355554
57.925217,5,3206.623501
57.829678,5,3207.046544
57.9726,6,3207.210636
57.663544,5,3207.534066
58.390747,6,3207.893938
58.991711,6,3208.123158
56.216536,7,3208.338721
59.068909,6,3208.535841
58.766604,6,3208.749447
58.716894,6,3208.999387
59.086704,6,3209.20483
57.915802,5,3209.417378
57.706473,5,3209.729687
57.745134,5,3210.042345
57.186071,7,3210.419003
59.076266,6,3210.611822
56.643183,7,3210.988415
58.027148,6,3211.183448
56.328702,7,3211.600686
-5.921953,6,3212.01323
58.837936,6,3212.251725
57.189084,5,3212.642741
56.241511,7,3212.858849
56.596005,7,3213.242027
57.931051,5,3213.59065
57.83275,5,3214.000762
56.067583,7,3214.34664
57.941281,5,3214.613117
56.79426,7,3214.841135
56.231758,7,3215.212536
59.066398,6,3215.40497
56.052062,7,3215.676582
56.538374,7,3216.001028
58.156193,6,3216.16258
59.066512,6,3216.355654
58.263331,6,3216.733589
59.084472,6,3216.91751
57.93736,5,3217.326339
58.736984,6,3217.673167
56.182293,7,3217.912424
57.879163,5,3218.153903
58.869249,6,3218.349367
59.077397,6,3218.539442
58.927467,6,3218.879313
57.935135,5,3219.296771
58.287604,6,3219.487254
56.382033,7,3219.719717
57.930336,5,3219.899584
59.074521,6,3220.08395
58.66,6,3220.411494
57.692265,5,3220.543192
57.905619,5,3220.800549
59.067585,6,3220.981719
56.369712,7,3221.283943
57.053781,5,3221.496768
57.939397,5,3221.746746
58.908317,6,3221.966861
58.194965,6,3222.129698
59.060065,6,3222.317333
58.800329,6,3222.497203
58.824305,6,3222.696283
59.074104,6,3222.867304
56.710874,7,3223.235187
56.630442,7,3223.612399
56.431875,7,3223.850393
58.051234,6,3224.039325
57.234932,5,3224.438592
57.937298,5,3224.697215
58.015975,6,3225.029419
59.004617,6,3225.151402
57.923953,5,3225.516089
58.943395,6,3225.656335
56.563946,7,3226.021621
57.757051,6,3226.212118
57.948138,5,3226.680864
56.536521,7,3226.898537
59.086516,6,3227.070307
56.879357,7,3227.304634
-5.910903,6,3227.887043
56.497091,7,3228.115242
57.20593,5,3228.375112
56.794181,7,3228.656454
58.140865,6,3228.971397
58.804364,6,3229.18111
57.869334,5,3229.43306
57.942935,5,3229.69975
56.807173,7,3229.975319
58.31853,6,3230.168393
57.472231,5,3230.548592
57.814932,5,3230.942446
57.988343,6,3231.32822
57.946463,5,3231.575932
51.268492,8,3232.004319
56.50877,7,3232.354166
58.560171,6,3232.740648
56.301371,7,3232.959329
57.845603,5,3233.135572
56.421171,7,3233.36061
58.278846,6,3233.649747
59.074526,6,3233.830132
56.309947,7,3234.116819
51.454547,8,3234.45938
58.796434,6,3234.64721
58.130365,6,3234.962873
58.855408,6,3235.148233
57.854366,5,3235.277522
56.197189,7,3235.4783
57.818037,6,3235.627111
58.984316,6,3235.820124
56.540116,7,3236.044081
58.415734,6,3236.239916
59.059306,6,3236.433708
58.966065,6,3236.768267
58.284506,6,3236.977386
57.294909,7,3237.329199
59.070337,6,3237.51573
56.642385,7,3237.73829
57.759346,5,3238.018914
56.67611,7,3238.241469
57.852222,5,3238.603876
57.856651,5,3238.863569
57.799319,5,3239.144885
57.839995,5,3239.289905
57.943794,5,3239.677419
56.158191,7,3240.018956
57.210856,5,3240.189775
59.076869,6,3240.35815
57.889554,5,3240.72429
59.028769,6,3240.921078
57.31415,6,3241.219296
51.647064,8,3241.458729
56.654406,7,3241.67522
59.052229,6,3241.861755
57.952906,5,3242.112529
58.827008,6,3242.309376
58.687717,6,3242.478672
56.623185,7,3242.686548
57.761763,6,3243.081753
57.817929,5,3243.466982
56.085559,7,3243.683424
58.843613,6,3243.863326
57.817695,5,3244.164275
58.059272,6,3244.463603
58.984369,6,3244.652914
57.88827,5,3245.023025
56.645999,7,3245.250536
57.873739,5,3245.510753
57.946233,5,3245.776685
58.351916,6,3246.155797
58.640942,6,3246.403305
56.297103,7,3246.679049
59.063009,6,3246.872175
56.50826,7,3247.263935
57.246283,5,3247.524708
57.254769,5,3247.780584
57.939718,5,3248.047289
57.071055,7,3248.260832
58.387442,6,3248.510453
57.929698,5,3248.742383
58.843208,6,3248.86796
58.527051,6,3249.078766
57.927396,5,3249.417934
57.873392,5,3249.549059
58.310206,6,3249.714458
59.06623,6,3249.881711
58.411628,6,3250.02165
58.375472,6,3250.186816
57.088051,5,3250.36785
59.046022,6,3250.558722
57.881232,5,3250.829947
57.624104,5,3250.997963
58.17082,6,3251.160857
58.07916,6,3251.348575
57.899782,5,3251.719569
56.235227,7,3251.92983
57.331618,5,3252.188157
59.077109,6,3252.377936
58.215239,6,3252.67443
56.876811,7,3252.885946
59.066255,6,3253.057871
56.975966,7,3253.438535
57.937453,5,3253.694827
58.329258,6,3254.002078
57.94072,5,3254.288725
57.160883,5,3254.579743
57.768177,5,3254.731001
58.154559,6,3255.056841
59.02948,6,3255.396243
58.80595,6,3255.593234
57.821616,5,3255.99305
57.825781,5,3256.159972
58.734037,6,3256.372599
56.668836,7,3256.568977
-7.194563,5,3256.718072
58.748849,6,3256.923702
57.953723,5,3257.171188
58.732461,6,3257.374008
57.89306,6,3257.539598
58.741733,6,3257.723682
58.395964,6,3257.916137
57.905897,6,3258.306613
57.868374,5,3258.489711
58.732436,6,3258.70264
59.083772,6,3258.898564
58.69262,6,3259.096348
57.94222,5,3259.478048
57.575107,5,3259.72959
57.91837,5,3260.110018
56.616402,7,3260.470138
56.416884,7,3260.676485
58.899937,6,3261.003762
57.709364,5,3261.282497
57.06175,5,3261.459363
57.919422,5,3261.63415
56.441165,7,3262.001632
59.01721,6,3262.139785
57.316341,5,3262.401468
57.932108,5,3262.742692
57.896426,5,3263.008084
57.936273,5,3263.391408
57.907003,6,3263.766606
56.562284,7,3264.118434
58.195484,6,3264.453614
57.619399,5,3264.772167
56.222561,7,3264.984873
56.399628,7,3265.210207
58.15484,6,3265.581499
57.921457,5,3265.830678
56.63472,7,3266.182606
57.933791,5,3266.423824
58.891806,6,3266.611606
56.087612,7,3266.813095
58.675526,6,3266.96911
59.072528,6,3267.136525
57.742617,5,3267.301004
57.173895,5,3267.473179
59.079094,6,3267.660533
57.892318,5,3267.950132
57.800997,6,3268.199245
59.07562,6,3268.371094
57.942854,5,3268.619859
58.925442,6,3268.944983
59.07947,6,3269.110478
56.795306,7,3269.516763
56.173807,7,3269.730937
57.919737,5,3269.90921
56.310174,7,3270.310416
58.481406,6,3270.560749
57.203223,5,3270.83483
59.077822,6,3271.024594
58.904357,6,3271.232266
57.943379,5,3271.498732
59.079638,6,3271.68942
58.062603,6,3271.869907
56.727764,7,3272.079823
57.276111,5,3272.330439
57.792653,5,3272.631906
55.941586,7,3272.990768
51.373679,8,3273.228856
57.945286,5,3273.586005
58.025171,6,3273.936457
59.077839,6,3274.104472
57.903464,5,3274.346673
57.947656,5,3274.660459
50.614033,8,3274.899042
57.823451,5,3275.156693
58.333979,6,3275.345217
59.070519,6,3275.535342
57.9963,6,3275.699126
57.929303,5,3275.94494
57.936305,5,3276.288906
51.398249,8,3276.526801
57.944669,5,3276.886625
58.861282,6,3277.214363
57.746388,5,3277.491951
57.109719,7,3277.708266
58.853568,6,3277.911449
58.038598,6,3278.076289
59.039819,6,3278.200772
57.842131,5,3278.451408
57.998912,6,3278.600972
57.908201,6,3278.751655
58.16631,6,3279.066893
56.61022,7,3279.266304
59.06974,6,3279.444383
-5.91593,6,3279.84046
57.825472,5,3280.019237
59.000149,6,3280.145167
56.605309,7,3280.512406
59.058133,6,3280.68267
58.348142,6,3280.967456
51.318311,8,3281.308408
56.717529,7,3281.69552
58.597079,6,3281.868091
57.829587,5,3282.008981
58.366017,6,3282.187545
56.61239,7,3282.425998
57.766706,5,3282.625739
56.484985,7,3282.914323
57.937303,5,3283.179914
58.117437,6,3283.33348
57.923864,5,3283.625711
57.842489,5,3283.801449
57.909539,5,3284.016019
58.174629,6,3284.236509
51.264578,8,3284.521913
57.893376,6,3284.799354
57.9283,5,3285.189504
56.470683,7,3285.410331
56.609896,7,3285.630635
56.783287,7,3286.043395
57.927735,6,3286.432795
56.042824,7,3286.782743
57.365698,6,3287.137332
57.902016,5,3287.382481
57.902516,5,3287.78065
57.900606,5,3288.16558
57.941917,5,3288.41053
56.488437,7,3288.637394
56.135246,7,3288.879637
57.547148,6,3289.052455
59.076006,6,3289.24569
57.931377,5,3289.506114
59.066479,6,3289.693307
57.937791,5,3290.059342
58.104536,6,3290.394992
58.057402,6,3290.731806
51.561188,8,3290.932405
59.060737,6,3291.097486
57.761709,5,3291.451351
-5.925863,6,3291.816406
58.136082,6,3291.987288
56.699086,7,3292.198679
58.685453,6,3292.446002
56.775295,7,3292.753484
57.807676,5,3293.008541
57.921561,5,3293.187508
57.078238,5,3293.555869
56.334992,7,3293.922206
57.884681,6,3294.109539
58.386214,6,3294.442115
57.021682,7,3294.838888
57.597583,6,3295.089984
57.941785,5,3295.334486
59.063924,6,3295.519046
57.596343,5,3295.865921
58.782808,6,3296.268775
58.3025,6,3296.446392
58.017406,6,3296.588192
58.791817,6,3296.726071
56.628332,7,3296.951826
58.510813,6,3297.170936
59.080596,6,3297.363138
56.306047,7,3297.577567
51.260203,8,3297.8187
57.766965,5,3298.108299
59.068591,6,3298.279289
51.3445,8,3298.648343
57.900223,5,3298.911984
57.854044,5,3299.088557
58.921199,6,3299.304554
58.283695,6,3299.654047
56.74224,7,3300.025795
58.431429,6,3300.411183
56.592402,7,3300.803513
59.079841,6,3300.998011
58.855235,6,3301.20584
57.818427,5,3301.495174
51.413846,8,3301.790377
57.878305,5,3301.964657
56.651281,7,3302.33492
58.563536,6,3302.520343
56.703402,7,3302.897283
51.241217,8,3303.123683
58.819394,6,3303.440491
58.541538,6,3303.654123
58.22694,6,3303.780291
57.938939,5,3303.956514
57.817374,5,3304.088618
51.470421,8,3304.331206
57.305715,5,3304.542513
57.939372,5,3304.912101
57.944829,5,3305.307383
57.303618,5,3305.646106
57.942773,5,3305.895977
57.592728,5,3306.065804
57.929623,5,3306.468087
51.579393,8,3306.707495
59.006613,6,3306.879676
58.565566,6,3307.092642
59.07188,6,3307.279701
58.772024,6,3307.485305
57.90431,6,3307.85357
57.324522,5,3308.037125
58.809072,6,3308.362963
57.804721,5,3308.517527
58.10318,6,3308.882618
58.244113,6,3309.045975
57.998666,6,3309.323214
57.781639,5,3309.462518
57.935746,5,3309.911195
56.614593,7,3310.317657
58.080079,6,3310.503233
58.932974,6,3310.714226
59.029814,6,3310.88958
56.208745,7,3311.161631
57.949208,5,3311.404043
57.950054,5,3311.647757
57.657027,5,3311.832675
57.947535,6,3311.996049
58.604657,6,3312.208503
58.919459,6,3312.39611
58.949427,6,3312.585634
56.324232,7,3312.808596
57.655121,5,3313.091864
58.723883,6,3313.27414
58.439864,6,3313.677295
57.949395,5,3313.922727
58.634604,6,3314.133279
57.889087,5,3314.358631
59.07583,6,3314.551136
57.247157,5,3314.795908
56.531939,7,3315.173719
56.462221,7,3315.536376
58.385753,6,3315.750758
58.870357,6,3315.885653
58.310073,6,3316.095117
56.451574,7,3316.451854
57.197864,6,3316.628978
57.88044,5,3316.801514
57.94059,5,3317.112352
56.050102,7,3317.382648
56.663791,7,3317.760093
59.06975,6,3317.951511
50.733079,8,3318.235068
58.767438,6,3318.424059
57.94175,5,3318.821858
57.929135,5,3319.197758
58.98282,6,3319.37742
56.175086,7,3319.593574
58.92311,6,3319.852724
57.083807,5,3320.212987
58.40852,6,3320.380836
59.053651,6,3320.546278
56.115547,7,3320.759318
56.182291,7,3321.041379
58.68162,6,3321.383081
57.267827,6,3321.528319
58.166509,6,3321.736073
58.023957,6,3322.060082
57.724241,5,3322.388733
57.860059,5,3322.523936
57.936169,5,3322.781415
51.414625,8,3323.1433
57.989322,6,3323.304122
57.826067,5,3323.66813
58.185895,6,3323.873096
56.226882,7,3324.088962
56.479902,7,3324.448801
56.692244,7,3324.810401
58.864013,6,3324.934585
56.263376,7,3325.139911
57.925655,5,3325.395788
58.308826,6,3325.606421
58.925758,6,3325.811954
56.171167,7,3326.082529
58.79083,6,3326.295444
59.078806,6,3326.485824
58.553459,6,3326.659235
58.887129,6,3326.869782
57.768593,5,3327.020649
58.216117,6,3327.224986
58.327233,6,3327.423839
51.457973,8,3327.661751
57.913995,5,3327.909905
58.13095,6,3328.29743
57.893935,5,3328.58753
58.106581,6,3328.969917
59.054304,6,3329.091654
56.567158,7,3329.48755
56.715791,7,3329.687472
57.926079,5,3329.932949
58.839671,6,3330.124946
57.847012,5,3330.507354
56.311692,7,3330.707189
57.95356,5,3331.089277
57.950969,5,3331.510348
58.225316,6,3331.829528
57.94676,5,3332.207272
58.788546,6,3332.399557
56.169736,7,3332.682333
57.930075,5,3332.86188
59.061358,6,3333.027695
58.396212,6,3333.192621
57.923923,5,3333.442026
57.947781,6,3333.584354
58.322844,6,3333.830399
58.232078,6,3334.091552
56.309072,7,3334.313114
57.935752,5,3334.48945
56.813731,7,3334.890965
58.621746,6,3335.220454
58.826719,6,3335.399257
57.97092,6,3335.586058
57.939204,5,3335.829011
57.937198,5,3336.220637
57.940384,5,3336.470746
57.507699,5,3336.75926
58.856324,6,3336.885561
58.830768,6,3337.225998
57.933724,5,3337.471476
57.906721,6,3337.840666
58.169984,6,3338.064342
59.069048,6,3338.272535
57.921376,5,3338.531361
58.319612,6,3338.816427
58.468442,6,3339.038091
59.081294,6,3339.213238
56.758745,7,3339.581614
59.056033,6,3339.782881
59.058723,6,3339.972009
58.011859,6,3340.287644
58.311602,6,3340.58566
56.681494,5,3340.835807
58.079338,6,3341.024992
56.844947,7,3341.400787
57.734708,5,3341.691206
57.930906,5,3342.028145
57.899799,6,3342.406479
58.191341,6,3342.613277
57.809573,5,3342.815049
57.896649,5,3343.202091
57.948022,5,3343.521819
56.109763,7,3343.737146
58.394976,6,3344.028702
58.265302,6,3344.180942
56.846232,7,3344.585161
57.927916,5,3344.851098
56.270591,7,3345.068483
-7.997149,5,3345.237268
56.110055,7,3345.60115
56.72592,7,3345.803846
58.890151,6,3346.005704
57.929829,5,3346.403388
56.359357,7,3346.756405
57.853255,5,3347.022966
57.221387,7,3347.230297
59.059389,6,3347.422064
59.058753,6,3347.608532
58.349032,6,3347.857447
57.822047,5,3348.228338
59.062458,6,3348.413138
56.342927,7,3348.761542
58.720328,6,3348.968615
57.734757,5,3349.244947
56.485172,7,3349.443328
51.409163,8,3349.72596
59.026886,6,3349.898674
58.314765,6,3350.104896
58.088998,6,3350.28621
59.049258,6,3350.467606
57.941206,6,3350.647463
58.991202,6,3350.912155
57.635812,6,3351.115699
58.637217,6,3351.326193
57.159292,7,3351.685966
59.083459,6,3351.855216
57.914872,5,3352.026592
57.025722,7,3352.441374
56.434525,7,3352.796142
57.077666,7,3353.01225
56.481241,7,3353.237225
58.006316,6,3353.39897
57.943992,5,3353.665428
56.375746,7,3354.015758
58.134504,6,3354.218821
57.905209,5,3354.505898
59.064036,6,3354.708759
59.077473,6,3354.928379
57.942703,6,3355.26978
58.423974,6,3355.64547
57.932126,5,3356.070597
58.485116,6,3356.31723
59.05765,6,3356.505307
59.064717,6,3356.689743
56.175309,7,3356.994694
59.074511,6,3357.188545
56.467726,7,3357.466063
58.402389,6,3357.700923
56.086558,7,3357.92944
59.008495,6,3358.096334
56.691728,7,3358.322746
59.068652,6,3358.505489
56.895046,5,3358.649774
57.83381,5,3358.785071
57.942104,5,3359.04731
58.972002,6,3359.244881
58.163199,6,3359.588637
59.057692,6,3359.760154
56.592131,7,3360.146106
59.010759,6,3360.470481
56.691191,7,3360.884122
57.924201,5,3361.138533
58.161018,6,3361.300652
57.238159,5,3361.570562
57.892983,6,3361.915412
57.832458,5,3362.176459
56.403086,7,3362.428219
57.916256,5,3362.778784
59.070371,6,3362.96861
58.115303,6,3363.171494
56.8292,7,3363.544347
57.924178,5,3363.930785
57.29464,5,3364.194831
58.725143,6,3364.366145
58.755383,6,3364.534887
59.075749,6,3364.71501
58.803561,6,3364.860182
58.373372,6,3365.124153
57.266981,5,3365.432746
56.31412,7,3365.672681
58.756755,6,3366.005518
58.565845,6,3366.189469
59.076288,6,3366.381337
56.609352,7,3366.612262
59.070566,6,3366.811514
57.160528,5,3367.091986
58.16072,6,3367.432678
56.212535,7,3367.660555
57.928451,5,3367.908473
57.868721,5,3368.15752
56.756573,7,3368.353942
57.88541,5,3368.625872
57.703666,6,3368.913346
58.035701,6,3369.221315
57.099193,7,3369.437834
57.308126,5,3369.689026
58.658515,6,3369.885119
51.340933,8,3370.123342
57.946445,5,3370.365072
56.605173,7,3370.572298
51.388687,8,3370.822419
56.312219,7,3371.036224
-5.92162,6,3371.622467
57.761528,5,3371.784141
57.644585,5,3372.072588
59.074268,6,3372.250365
58.717917,6,3372.455543
57.941153,5,3372.70053
51.347542,8,3372.985226
57.867884,5,3373.237542
58.453077,6,3373.547275
57.777955,5,3373.710382
58.95131,6,3373.913661
59.08399,6,3374.108608
57.952669,5,3374.355973
59.079989,6,3374.53188
59.070477,6,3374.708663
57.051185,5,3374.880945
59.080902,6,3375.052947
57.901215,5,3375.407893
56.066408,7,3375.622273
57.940092,5,3375.872025
57.929395,5,3376.115764
57.94337,5,3376.491798
58.644513,6,3376.745083
57.791971,5,3377.13745
56.150997,7,3377.423221
58.903478,6,3377.550463
57.773378,6,3377.749426
57.717289,5,3378.14673
57.931187,5,3378.395643
56.701004,7,3378.625092
57.706531,5,3378.999811
58.991971,6,3379.187695
57.837722,5,3379.36503
58.622155,6,3379.612626
59.058936,6,3379.800977
56.05473,7,3380.175195
57.717206,5,3380.331173
57.22283,5,3380.683384
58.245607,6,3380.8487
58.20983,6,3381.153426
57.860597,5,3381.515495
57.937331,5,3381.769926
58.040317,6,3381.91513
56.275218,7,3382.277428
57.826198,5,3382.741126
56.564523,7,3383.022363
58.557757,6,3383.261978
57.1325,5,3383.631939
57.926733,5,3383.885583
56.135473,7,3384.154433
58.59189,6,3384.363692
57.818442,5,3384.669735
58.92747,6,3384.930799
59.078522,6,3385.11548
58.749727,6,3385.371979
55.915476,7,3385.587396
58.285639,6,3385.733325
51.359462,8,3386.006254
58.668816,6,3386.328655
57.818212,5,3386.581207
58.656126,6,3386.793004
55.963924,7,3387.148087
57.984596,6,3387.293452
57.810409,5,3387.653338
57.902353,5,3388.038539
56.322418,7,3388.254398
56.877253,7,3388.667288
58.621646,6,3388.925934
55.347898,7,3389.288708
56.718937,7,3389.509181
58.792268,6,3389.702021
58.089325,6,3390.031143
57.876731,5,3390.234989
56.67045,7,3390.455642
58.230856,6,3390.657444
58.010561,6,3390.821699
59.067985,6,3390.990498
58.788946,6,3391.326648
56.170121,7,3391.597846
58.996012,6,3391.790328
56.28059,7,3392.00492
50.564246,8,3392.251049
58.885376,6,3392.462427
58.683039,6,3392.673635
58.739227,6,3392.884376
59.055963,6,3393.051112
58.770771,6,3393.238556
56.377816,7,3393.455698
58.867388,6,3393.622486
59.069422,6,3393.807999
58.717231,6,3393.942709
59.006003,6,3394.290202
56.187797,7,3394.562077
58.591351,6,3394.888225
58.858519,6,3395.053469
57.877852,5,3395.292452
56.551366,7,3395.515216
57.948334,5,3395.762623
57.681798,5,3396.037576
58.266556,6,3396.361222
58.437866,6,3396.5728
58.339592,6,3396.776772
57.951676,5,3397.020496
51.356099,8,3397.392775
59.073834,6,3397.580986
51.607908,8,3397.769265
51.420918,8,3398.004624
58.89069,6,3398.340582
59.085098,6,3398.532971
58.708282,6,3398.688823
57.930474,5,3398.934221
57.737122,5,3399.223775
57.948474,5,3399.47538
57.93227,5,3399.864651
57.852939,5,3400.119819
57.940318,5,3400.363073
58.137198,6,3400.60916
58.271436,6,3400.913903
58.547767,6,3401.081703
56.337992,7,3401.302797
56.748573,7,3401.666157
58.202252,6,3401.996382
58.648938,6,3402.180444
57.739452,5,3402.372959
57.846058,5,3402.740888
55.905131,7,3403.075346
58.756458,6,3403.326127
57.945516,5,3403.700873
57.894428,5,3403.885312
57.859042,5,3404.168655
56.62933,7,3404.539944
56.605418,7,3404.892428
59.08254,6,3405.059367
56.605181,7,3405.43089
57.938647,5,3405.696169
57.943943,5,3405.938531
57.946664,5,3406.144346
58.596254,6,3406.354232
58.955612,6,3406.560358
57.924953,5,3406.803164
57.948439,5,3407.046793
58.231977,6,3407.193591
58.137903,6,3407.404036
57.93655,5,3407.776807
58.924928,6,3408.108938
59.023997,6,3408.314766
58.275546,6,3408.619275
58.804805,6,3408.798958
57.882837,5,3408.951162
56.551657,7,3409.31733
55.712309,7,3409.538427
57.729217,5,3409.668349
58.885878,6,3409.849738
57.177781,5,3410.214294
58.823446,6,3410.395052
57.894832,5,3410.643528
58.373173,6,3410.967617
57.931135,6,3411.254043
59.067887,6,3411.426291
56.546024,7,3411.773571
57.311522,6,3412.102438
57.385302,7,3412.392093
57.739161,5,3412.6747
58.874672,6,3412.873643
58.821792,6,3413.066551
58.40594,6,3413.385333
57.823503,5,3413.660873
56.197332,7,3413.87841
59.054662,6,3414.068186
57.841721,5,3414.302247
58.345803,6,3414.492037
57.214068,5,3414.855895
56.346236,7,3415.198935
57.948836,5,3415.460431
56.665491,7,3415.670275
59.08106,6,3415.860183
59.059351,6,3416.028582
51.428442,8,3416.301424
57.766761,5,3416.662561
58.775691,6,3416.830837
56.450786,7,3417.037539
58.772661,6,3417.199492
57.927159,5,3417.381683
57.413518,6,3417.529252
56.231248,7,3417.7474
56.256216,7,3417.96623
58.228125,6,3418.111674
56.721211,7,3418.316083
57.830674,5,3418.68925
58.989583,6,3418.890392
57.92385,5,3419.072802
56.740451,7,3419.274612
57.943717,5,3419.454911
59.060819,6,3419.619516
58.503071,6,3419.829633
57.60504,5,3420.125914
57.948049,5,3420.37585
57.787195,5,3420.676277
58.89554,6,3420.869974
56.151358,7,3421.068636
57.912352,5,3421.313546
57.936317,5,3421.561573
56.17395,7,3421.831349
59.04989,6,3422.015647
57.960956,5,3422.181161
59.082183,6,3422.359677
58.298783,6,3422.556835
58.254034,6,3422.957434
57.858861,5,3423.225935
56.75144,7,3423.609592
58.791565,6,3423.736775
56.748582,7,3423.955842
58.764684,6,3424.146704
56.084668,7,3424.358529
56.632831,7,3424.722795
58.757486,6,3424.844019
59.064701,6,3425.027919
57.899337,5,3425.391373
56.255459,7,3425.675168
57.881067,5,3426.032846
56.918959,7,3426.414695
56.248433,7,3426.691096
51.239238,8,3426.941036
57.732356,6,3427.14294
58.402934,6,3427.360269
58.374034,6,3427.507514
58.796551,6,3427.675728
57.880194,5,3427.941227
59.070887,6,3428.13151
57.97215,6,3428.319769
56.736057,7,3428.521531
56.169125,7,3428.745623
58.11003,6,3428.891877
56.196261,7,3429.113171
58.159196,6,3429.273558
57.942358,5,3429.51018
58.675049,6,3429.727443
57.923301,5,3429.969739
57.801222,5,3430.210806
56.136359,7,3430.423845
58.370785,6,3430.737494
57.782264,5,3431.004927
57.972666,6,3431.162437
57.943043,5,3431.411301
57.867588,6,3431.584655
59.080926,6,3431.802535
58.905257,6,3432.004966
56.711276,7,3432.437906
57.935024,5,3432.723821
58.325267,6,3432.932983
56.185388,7,3433.366241
57.931366,5,3433.550581
57.311073,5,3433.939472
56.453815,7,3434.378382
59.061611,6,3434.57864
57.815638,5,3434.920948
57.936148,5,3435.322981
56.381345,7,3435.54123
58.61774,6,3435.748783
58.686762,6,3436.053723
58.105142,6,3436.243426
58.644083,6,3436.505311
56.491361,7,3436.741549
55.979199,7,3436.979096
58.05007,6,3437.380606
56.655733,7,3437.578571
57.856908,5,3437.788954
57.866222,5,3438.156035
58.923092,6,3438.510692
57.048461,5,3438.638906
58.587813,6,3438.859029
59.067083,6,3439.033515
59.060719,6,3439.201771
58.947389,6,3439.332206
57.92095,5,3439.744148
58.778004,6,3439.942293
57.87115,5,3440.202602
57.775867,6,3440.58142
58.337367,6,3440.792853
58.097436,6,3441.125555
57.801078,5,3441.302993
56.534207,7,3441.531182
57.858595,5,3441.761398
57.914101,5,3442.188393
58.867262,6,3442.539751
56.548559,7,3442.831567
58.405984,6,3443.04649
56.428806,7,3443.325144
56.245627,7,3443.530032
59.081969,6,3443.695425
58.169097,6,3443.891601
56.08545,7,3444.115484
58.800715,6,3444.242324
58.115581,6,3444.587975
57.917841,5,3444.853452
59.068388,6,3445.039014
57.944791,5,3445.422909
57.870664,5,3445.6861
56.458143,7,3445.894705
58.612794,6,3446.090942
57.944736,5,3446.493907
56.233229,7,3446.733616
57.659024,5,3446.992593
56.546993,7,3447.360408
59.047586,6,3447.554526
57.870713,5,3447.840152
58.795662,6,3448.05269
57.845906,6,3448.377798
57.312544,6,3448.555659
57.288769,5,3448.911042
-7.173943,5,3449.060641
58.695548,6,3449.240906
57.869042,5,3449.613307
57.899393,5,3449.863215
58.068274,6,3450.285898
57.883577,5,3450.707472
59.067893,6,3450.88041
51.391437,8,3451.113459
58.131135,6,3451.376287
59.02304,6,3451.502341
56.421574,7,3451.722639
56.117933,7,3451.995036
57.869492,5,3452.268836
58.611916,6,3452.484711
59.073331,6,3452.686171
57.871518,5,3453.05533
57.931593,5,3453.297865
58.357535,6,3453.687889
57.129099,5,3454.084713
59.071643,6,3454.209404
56.342221,7,3454.423314
57.935854,5,3454.606122
59.059883,6,3454.800103
57.778612,6,3455.109271
58.764072,6,3455.441979
58.371191,6,3455.638814
56.555392,7,3455.840757
59.047108,6,3456.012164
57.932002,5,3456.366483
59.074438,6,3456.536848
58.113277,6,3456.74964
58.894576,6,3456.959009
57.872813,5,3457.333365
56.379633,7,3457.676686
57.727817,5,3457.961706
57.746388,5,3458.322088
56.377871,7,3458.532214
56.64927,7,3458.729584
57.936813,5,3458.970593
56.819509,7,3459.190966
58.199276,6,3459.476717
57.782485,5,3459.763674
56.600327,7,3460.142315
56.588876,7,3460.525115
58.386602,6,3460.813102
59.059501,6,3460.982348
58.360944,6,3461.210384
56.618581,7,3461.431832
58.201634,6,3461.580849
59.07289,6,3461.776165
58.494378,6,3461.992303
57.669916,6,3462.294297
56.400122,7,3462.518764
58.284449,6,3462.904115
58.805354,6,3463.033286
58.798941,6,3463.291904
56.640615,7,3463.643735
58.916619,6,3463.852206
58.722834,6,3464.031997
55.497277,7,3464.264378
58.295583,6,3464.47296
57.205855,7,3464.855572
58.260751,6,3465.102298
57.937052,5,3465.353549
57.871719,6,3465.652113
58.476215,6,3465.823067
57.777487,5,3465.945986
58.171461,6,3466.316383
58.350934,6,3466.46422
56.285404,7,3466.753485
58.131393,6,3467.082715
57.749818,5,3467.454565
58.921583,6,3467.795209
59.059534,6,3467.988323
58.271896,6,3468.180174
58.801739,6,3468.382934
51.210025,8,3468.74433
59.068991,6,3468.909219
56.359918,7,3469.133827
56.683413,7,3469.331359
57.280898,6,3469.504647
56.282912,7,3469.869986
58.253177,6,3470.077992
55.424707,7,3470.286863
58.906036,6,3470.414409
57.946084,5,3470.661855
59.069965,6,3470.832372
58.768296,6,3471.164576
58.041987,6,3471.37175
58.217031,6,3471.58035
57.94044,5,3471.969092
58.283375,6,3472.15645
58.51677,6,3472.425377
58.030388,6,3472.620671
58.210192,6,3472.914484
51.59277,8,3473.096244
57.904805,5,3473.487591
57.794646,5,3473.831182
57.927506,5,3474.195533
59.069608,6,3474.377821
57.863643,5,3474.55664
51.36999,8,3474.826867
57.944184,5,3475.074341
51.268984,8,3475.451143
58.696611,6,3475.669769
57.313723,5,3475.932197
57.870576,5,3476.185295
59.080782,6,3476.375585
57.942198,5,3476.764067
58.502576,6,3476.93005
55.894668,7,3477.266135
59.090937,6,3477.458502
58.812938,6,3477.787915
59.072689,6,3477.959584
57.756914,5,3478.248613
57.865538,5,3478.655086
59.070756,6,3478.842999
59.076477,6,3479.034062
58.978216,6,3479.241433
56.05074,7,3479.459275
56.148886,7,3479.675484
59.078439,6,3479.870661
58.768518,6,3480.021862
56.762463,7,3480.435807
59.069412,6,3480.560544
58.216061,6,3480.961864
58.887631,6,3481.174356
56.133954,7,3481.394282
56.085352,7,3481.616491
59.062126,6,3481.786495
56.143988,7,3482.060913
57.847153,5,3482.4697
59.061537,6,3482.670129
58.765927,6,3482.874476
56.34251,7,3483.156191
51.351374,8,3483.397504
57.843855,5,3483.761766
57.861599,5,3484.015337
58.619974,6,3484.191871
58.110212,6,3484.404953
57.8843,5,3484.695968
57.35885,7,3485.019967
58.695242,6,3485.339002
58.084106,6,3485.542282
58.644667,6,3485.706357
57.943089,5,3485.943059
58.841308,6,3486.115822
58.08275,6,3486.475773
58.58175,6,3486.71411
51.276511,8,3486.985877
56.153299,7,3487.207801
57.866897,5,3487.381084
59.043727,6,3487.504339
55.985469,7,3487.774917
57.85143,5,3488.031346
58.287176,6,3488.335348
58.007566,6,3488.531679
56.663942,7,3488.900942
57.817405,5,3489.025136
58.458368,6,3489.182367
57.917749,6,3489.532438
58.075349,6,3489.877797
57.65419,6,3490.136851
56.647317,7,3490.515074
57.833491,5,3490.784344
58.295142,6,3491.028437
55.772828,7,3491.2393
58.33868,6,3491.430351
58.929475,6,3491.635747
56.712718,7,3492.004069
55.469164,7,3492.221524
56.539698,7,3492.448762
58.367044,6,3492.739172
58.896648,6,3492.859015
57.945644,6,3493.027918
57.859855,5,3493.162749
58.682861,6,3493.319691
56.585627,7,3493.599047
51.43851,8,3493.934419
58.399932,6,3494.131789
57.815541,5,3494.260248
57.842278,5,3494.398001
-8.551836,5,3494.678832
56.096018,7,3494.883491
58.422644,6,3495.050352
56.68222,7,3495.412532
-8.333114,5,3495.538552
57.873523,5,3495.760814
57.294046,5,3496.106575
58.95469,6,3496.349267
57.909404,5,3496.598284
57.918452,5,3496.933951
-6.271751,6,3497.447889
57.937612,5,3497.684781
56.761451,7,3498.067753
57.925313,5,3498.383366
57.76814,5,3498.686259
59.01876,6,3498.859604
56.870871,7,3499.238082
56.664848,7,3499.594604
56.083987,7,3499.786098
57.708157,5,3500.079229
57.874894,6,3500.396548
58.136428,6,3500.558585
57.925888,5,3500.797988
58.967859,6,3500.994765
56.775524,7,3501.213606
57.172799,5,3501.321525
57.895572,5,3501.612792
58.230566,6,3501.816122
57.841405,5,3502.072427
56.057678,7,3502.432156
58.591535,6,3502.609177
57.00402,7,3502.946738
57.947757,5,3503.191002
59.063495,6,3503.371684
57.931166,5,3503.735477
57.837749,5,3503.964159
56.749674,7,3504.183742
59.072674,6,3504.36087
56.551421,7,3504.569123
51.379215,8,3504.79959
56.503992,7,3505.083186
58.638692,6,3505.414349
58.43148,6,3505.679717
58.298926,6,3505.863495
59.079713,6,3506.017744
59.072795,6,3506.231395
58.987439,6,3506.430762
57.936862,6,3506.804192
59.009573,6,3507.116274
56.005579,7,3507.439852
57.256671,5,3507.801052
57.880116,5,3508.060326
57.08953,7,3508.453399
58.61355,6,3508.673985
57.926295,5,3509.046226
59.071143,6,3509.241773
58.064061,6,3509.574202
56.988115,7,3509.797767
57.848939,5,3510.263419
57.82194,5,3510.60022
58.231668,6,3510.76662
58.997889,6,3510.963532
58.770104,6,3511.184147
57.002838,7,3511.531568
59.061047,6,3511.735708
59.073733,6,3511.943379
55.970605,7,3512.223169
58.367929,6,3512.378016
59.051078,6,3512.513381
57.87472,5,3512.884057
57.842709,5,3513.137703
51.517834,8,3513.371786
57.664959,5,3513.64456
57.71778,6,3513.979417
57.820265,5,3514.375245
59.056973,6,3514.513769
58.870418,6,3514.703954
56.295695,7,3514.992902
57.83886,5,3515.131241
58.351954,6,3515.51617
58.901932,6,3515.80193
59.077805,6,3515.985202
58.845196,6,3516.174555
51.320108,8,3516.459301
57.93864,5,3516.705324
58.720122,6,3517.038236
57.921395,5,3517.477883
58.346626,6,3517.628794
58.908743,6,3517.980835
58.747044,6,3518.164485
58.424855,6,3518.308303
56.039096,7,3518.52793
58.046284,6,3518.767607
56.109322,7,3518.991558
56.99873,7,3519.21877
59.078081,6,3519.401954
56.242745,7,3519.665272
59.063106,6,3519.8752
57.584091,6,3520.106849
57.754046,5,3520.3707
59.04078,6,3520.543682
57.661582,6,3520.761099
57.398662,6,3521.090243
56.094352,7,3521.310071
59.044587,6,3521.489552
58.125792,6,3521.690466
57.945489,6,3521.838832
57.86937,5,3522.018598
58.867509,6,3522.22363
57.905162,5,3522.472048
57.844393,5,3522.853835
58.990171,6,3523.066298
57.27377,5,3523.313292
58.150165,6,3523.652249
57.76577,5,3523.932155
57.81059,5,3524.079243
58.548746,6,3524.416381
57.937284,5,3524.689799
58.211613,6,3524.897957
58.327678,6,3525.270351
58.376804,6,3525.595756
58.30462,6,3525.99393
58.132655,6,3526.196775
56.674661,7,3526.415199
58.423937,6,3526.570027
56.289011,7,3526.782573
58.480581,6,3527.039379
58.639388,6,3527.251054
57.933943,5,3527.621064
58.18035,6,3527.908019
58.414589,6,3528.081301
56.826205,7,3528.301883
56.007794,7,3528.581472
56.457692,7,3528.937907
57.847796,5,3529.118698
57.263094,6,3529.392451
58.677413,6,3529.608147
56.446687,7,3529.946643
55.903178,7,3530.25342
57.71136,5,3530.506718
59.035905,6,3530.69327
58.064331,6,3530.898075
57.950572,5,3531.12125
58.270249,6,3531.276103
57.858587,5,3531.52477
57.840538,5,3531.83181
57.787543,5,3532.131563
-8.109996,6,3532.292672
57.805298,5,3532.62491
58.797054,6,3532.755067
57.311291,5,3533.109217
58.106802,6,3533.279059
57.530932,5,3533.582212
58.394862,6,3533.798377
56.681959,7,3534.177781
57.776187,6,3534.365186
56.424169,7,3534.721782
58.364558,6,3534.916558
56.650265,7,3535.312689
58.953552,6,3535.640687
59.061674,6,3535.804627
57.928939,5,3536.138846
56.744145,7,3536.463906
57.051801,7,3536.68229
57.925287,5,3537.0815
58.899762,6,3537.184938
56.694111,7,3537.394459
58.350757,6,3537.606475
58.431194,6,3537.784742
56.60922,7,3537.991055
57.953905,5,3538.225115
56.662689,7,3538.595503
57.810525,5,3538.94684
57.950093,5,3539.200337
57.628611,6,3539.374197
58.385466,6,3539.751797
57.942938,5,3539.959914
56.735968,7,3540.308573
58.752914,6,3540.506346
59.073111,6,3540.678595
56.569724,7,3541.03974
58.970325,6,3541.162483
56.112473,7,3541.448531
58.067313,6,3541.657908
57.246601,5,3541.906953
58.960901,6,3542.091131
59.071928,6,3542.265607
58.892673,6,3542.404226
58.9234,6,3542.61281
58.303252,6,3542.817929
57.919252,5,3543.171068
56.000124,7,3543.43473
56.457689,7,3543.636726
56.22104,7,3543.979354
58.355983,6,3544.216456
57.87347,5,3544.402349
57.81281,5,3544.701957
58.234226,6,3544.866605
56.71883,7,3545.2312
57.941685,5,3545.592564
-5.913905,6,3546.249733
-7.894605,5,3546.650183
58.248164,6,3546.821084
58.355695,6,3547.088516
59.058616,6,3547.280426
57.129503,5,3547.539726
56.611202,7,3547.738008
59.074554,6,3547.912371
57.075592,7,3548.114089
57.784896,5,3548.40151
57.941715,5,3548.633008
57.233029,5,3548.967192
56.564381,7,3549.189246
58.140534,6,3549.452271
58.872271,6,3549.657868
57.931256,5,3549.901117
56.795789,7,3550.250936
58.026318,6,3550.466525
57.867209,5,3550.840935
58.091523,6,3551.036487
58.924925,6,3551.290446
56.432476,7,3551.494375
-8.547134,5,3551.602109
57.828369,5,3551.946995
58.778707,6,3552.156269
57.928611,5,3552.399646
58.473352,6,3552.771909
59.075814,6,3552.922455
56.036476,7,3553.225456
58.389897,6,3553.516389
57.070901,5,3553.87632
56.857809,7,3554.097791
59.079462,6,3554.270934
58.513795,6,3554.489555
58.064961,6,3554.706004
57.914976,5,3554.930902
58.037545,6,3555.125213
57.306533,5,3555.48981
59.002048,6,3555.72016
56.26598,7,3556.048329
56.552381,7,3556.246851
58.981998,6,3556.374019
56.487762,7,3556.603307
57.933065,5,3556.982882
58.215233,6,3557.164168
55.968302,7,3557.443346
56.806722,7,3557.714822
57.229737,6,3558.018811
57.930633,5,3558.237785
59.072883,6,3558.423897
58.963801,6,3558.645576
56.512274,7,3558.987116
59.076841,6,3559.181662
58.935292,6,3559.40005
58.445387,6,3559.71933
59.063244,6,3559.897104
58.362798,6,3560.073647
51.336919,8,3560.307766
57.242675,5,3560.687944
57.908931,5,3561.000783
58.241095,6,3561.25061
56.23519,7,3561.616043
58.583187,6,3561.86657
58.38815,6,3562.263284
57.95894,6,3562.455358
56.645957,7,3562.818798
57.944018,5,3563.078737
58.432089,6,3563.451586
57.921524,5,3563.696152
58.89435,6,3564.028325
58.351196,6,3564.371986
58.396538,6,3564.580989
57.91314,5,3564.93336
58.698013,6,3565.142677
59.068094,6,3565.313232
56.736099,7,3565.538174
56.312895,7,3565.75549
59.080171,6,3565.952433
56.764938,7,3566.334286
56.680863,7,3566.56635
57.750537,5,3566.718
57.839925,5,3566.841897
56.461131,7,3567.076454
58.661904,6,3567.324905
59.065285,6,3567.513386
58.626558,6,3567.736887
56.162022,7,3567.956536
58.017732,6,3568.146567
56.614919,7,3568.356263
58.882477,6,3568.485504
57.82092,5,3568.788139
57.928397,5,3569.133014
59.080345,6,3569.308043
58.411935,6,3569.55465
58.248543,6,3569.717924
59.071458,6,3569.897202
58.448651,6,3570.082834
57.30273,5,3570.341851
-5.921382,6,3570.871316
57.963751,6,3571.259917
59.08032,6,3571.449892
59.038083,6,3571.608365
56.731035,7,3571.973799
58.514497,6,3572.212417
55.604207,7,3572.451969
57.695001,6,3572.814885
58.635204,6,3573.024295
59.054325,6,3573.201004
57.936354,5,3573.515714
57.924933,5,3573.771008
59.075249,6,3573.92932
59.060601,6,3574.105299
57.950508,5,3574.485566
56.978637,7,3574.84968
57.872427,6,3575.066702
58.180296,6,3575.370459
56.915422,7,3575.591784
58.115903,6,3575.88886
58.226284,6,3576.110787
50.518786,8,3576.360781
56.898951,7,3576.710368
57.923959,5,3576.95465
56.194191,7,3577.167049
56.215633,7,3577.453226
57.931424,5,3577.836605
58.964758,6,3577.967756
58.938396,6,3578.226084
58.28054,6,3578.394382
59.077348,6,3578.591051
56.577246,7,3578.977209
59.062077,6,3579.180393
57.894582,5,3579.467893
58.290541,6,3579.916577
57.828777,5,3580.126111
57.845966,5,3580.359921
59.072731,6,3580.546777
59.07763,6,3580.74575
57.945468,5,3581.124216
56.700627,7,3581.521534
58.972527,6,3581.657778
57.867211,5,3581.803716
57.903364,5,3582.050257
59.082836,6,3582.269173
58.185234,6,3582.482269
-6.631714,6,3582.98822
56.714823,7,3583.210565
57.827323,5,3583.504973
59.082668,6,3583.689033
57.894486,5,3584.072832
56.65755,7,3584.445657
57.855401,5,3584.854168
56.500739,7,3585.211735
58.110991,6,3585.539564
58.847329,6,3585.657973
59.004389,6,3585.86885
56.209442,7,3586.085622
57.921743,5,3586.344227
57.909484,5,3586.622531
57.794418,5,3586.888711
56.326812,7,3587.271708
57.858888,5,3587.558105
58.24292,6,3587.770194
57.944805,5,3587.95371
59.059667,6,3588.078902
57.910948,5,3588.269947
56.065802,7,3588.489583
56.383489,7,3588.725319
58.656644,6,3588.981233
57.861251,5,3589.104918
57.719191,6,3589.29938
59.08421,6,3589.500041
57.698613,5,3589.828866
56.02664,7,3590.048105
58.475339,6,3590.42347
57.947897,5,3590.813704
57.75345,5,3590.958962
57.987196,6,3591.126627
57.894629,6,3591.312287
57.804751,6,3591.619064
59.065264,6,3591.796554
57.883425,5,3592.057834
55.936542,7,3592.254185
58.015749,6,3592.400864
58.264152,6,3592.581281
57.902783,5,3592.968303
57.9303,5,3593.248196
56.689177,7,3593.435055
58.293109,6,3593.613039
58.850926,6,3593.888031
59.035029,6,3594.04423
57.919962,5,3594.31624
59.073443,6,3594.505283
57.776994,5,3594.636195
59.079741,6,3594.82155
57.860457,5,3595.077937
56.408796,7,3595.309246
56.781472,7,3595.71298
58.734603,6,3596.062387
57.935146,5,3596.338592
58.238753,6,3596.699193
56.780536,7,3597.096128
57.954239,6,3597.361717
56.234122,7,3597.756681
57.922891,5,3597.97517
59.050201,6,3598.130034
57.897849,5,3598.376692
57.947621,5,3598.737243
55.638486,7,3599.105518
56.218583,7,3599.335752
59.081404,6,3599.518971
57.884521,5,3599.895946
56.051106,7,3600.268082
56.069115,7,3600.491481
58.388109,6,3600.649228
58.616656,6,3600.865842
57.338987,6,3601.162488
57.805251,6,3601.35417
57.881509,5,3601.591875
58.837198,6,3601.861626
59.007356,6,3602.036171
59.068232,6,3602.198956
57.759473,5,3602.491862
-8.572031,5,3602.628079
57.807399,5,3602.933794
57.861009,5,3603.315097
-6.4101,6,3603.798516
57.323763,5,3604.055684
57.924953,6,3604.233315
58.515048,6,3604.45003
57.952546,6,3604.655699
57.943082,5,3604.906034
57.943272,5,3605.310224
58.93003,6,3605.489757
57.868642,5,3605.824402
58.859271,6,3606.039962
56.273546,7,3606.30858
57.941332,5,3606.711665
56.749173,7,3607.073616
56.110472,7,3607.42316
56.559106,7,3607.78391
58.296801,6,3608.071399
57.802831,5,3608.316344
56.462791,7,3608.702954
56.974762,6,3608.883224
58.855636,6,3609.212999
59.068876,6,3609.378378
58.351523,6,3609.559737
58.067717,6,3609.752617
57.945693,5,3610.112632
58.728617,6,3610.321791
58.590599,6,3610.566755
57.912203,5,3610.718365
58.829087,6,3610.914184
57.938739,5,3611.323161
57.94348,5,3611.669228
59.050386,6,3611.853559
57.852035,5,3611.989465
56.301389,7,3612.21093
57.903032,5,3612.334363
56.244515,7,3612.531468
57.929169,5,3612.701374
58.022386,6,3612.897889
58.192323,6,3613.109278
56.006772,7,3613.296688
58.757962,6,3613.574399
59.063626,6,3613.739766
56.670615,7,3613.956319
57.636855,5,3614.24081
59.080114,6,3614.400142
57.84933,5,3614.65182
58.78136,6,3614.914322
57.939066,5,3615.145363
57.890824,5,3615.335283
56.53339,7,3615.543049
58.828489,6,3615.717086
56.199138,7,3616.109731
56.807652,7,3616.313673
55.99541,7,3616.603969
58.561372,6,3616.814362
56.194386,7,3617.156082
58.122571,6,3617.408033
59.084825,6,3617.556373
57.894386,5,3617.695448
56.876204,7,3618.075296
59.08175,6,3618.23437
59.060588,6,3618.360635
56.172944,7,3618.7348
57.925089,5,3619.113983
58.806268,6,3619.285224
58.405831,6,3619.558208
58.115925,6,3619.717986
57.950635,5,3619.965866
57.93876,5,3620.186297
58.088416,6,3620.330605
59.088611,6,3620.5281
57.843865,5,3620.868268
58.308179,6,3621.02828
59.080071,6,3621.210186
56.575885,7,3621.49114
58.404818,6,3621.642344
59.088062,6,3621.806166
56.553357,7,3622.154712
58.011401,6,3622.481532
58.652008,6,3622.732029
57.918662,5,3622.964103
58.904014,6,3623.312956
56.021941,7,3623.508306
-5.931279,6,3623.862586
56.61838,7,3624.231822
57.912269,5,3624.410663
59.082526,6,3624.586178
57.910077,5,3624.823609
59.07503,6,3624.982085
58.416866,6,3625.229576
58.541854,6,3625.422721
57.95869,6,3625.571542
59.082664,6,3625.738179
58.915135,6,3625.91822
56.337336,7,3626.243484
59.065526,6,3626.432503
57.810311,6,3626.579772
57.886991,5,3626.872811
57.914871,5,3627.086252
57.936629,6,3627.437253
58.765354,6,3627.626166
57.893105,5,3627.753977
57.347169,6,3627.988737
57.876083,5,3628.3507
58.616293,6,3628.594651
58.460863,6,3628.798006
57.953948,5,3629.162446
58.780224,6,3629.340926
58.657856,6,3629.562329
58.389907,6,3629.760373
57.675972,6,3630.078475
58.436656,6,3630.223048
57.940251,5,3630.476486
58.785144,6,3630.68851
59.070353,6,3630.878172
56.659585,7,3631.249693
58.419306,6,3631.435545
57.77656,6,3631.624775
56.939841,7,3632.004933
58.338505,6,3632.207001
58.356617,6,3632.366887
56.837983,7,3632.580663
58.079188,6,3632.77554
58.379774,6,3632.973686
58.091006,6,3633.255965
59.082816,6,3633.423762
58.768878,6,3633.607146
56.783608,7,3633.832085
57.899279,5,3634.178898
58.986262,6,3634.301088
59.082503,6,3634.477057
57.9421,5,3634.818139
58.427072,6,3635.137335
58.771599,6,3635.327307
59.056526,6,3635.512707
59.070455,6,3635.691029
58.990752,6,3635.890493
57.920689,5,3636.248322
56.077585,7,3636.525492
56.471646,7,3636.902329
57.874684,6,3637.054064
56.081478,7,3637.277992
58.068832,6,3637.484063
58.283713,6,3637.633501
58.754313,6,3637.850845
59.072264,6,3638.023645
59.077043,6,3638.18605
59.072669,6,3638.338655
56.774256,7,3638.709164
56.421478,7,3638.925627
57.924807,5,3639.177195
57.861988,6,3639.406982
59.075453,6,3639.595527
57.878207,5,3639.749427
57.929771,5,3640.140652
57.853856,5,3640.396583
59.086422,6,3640.590343
57.885984,5,3640.951572
57.960309,6,3641.198113
57.837031,5,3641.452159
58.518236,6,3641.771149
57.907793,5,3641.999681
57.679602,5,3642.294003
56.30917,7,3642.623099
58.52914,6,3642.835713
57.937367,5,3643.208724
-7.802559,5,3643.606203
57.866916,5,3643.941835
57.879823,6,3644.150264
58.193072,6,3644.344145
56.185016,7,3644.553666
57.852592,5,3644.815366
56.397417,7,3645.035567
56.566359,7,3645.403226
56.172001,7,3645.790819
58.836649,6,3645.974679
58.520326,6,3646.162291
57.928168,5,3646.542516
56.513745,7,3646.900403
58.455642,6,3647.098203
59.042567,6,3647.24291
58.187243,6,3647.556581
57.809538,5,3647.854031
57.918811,5,3648.232291
57.333793,5,3648.47876
56.636442,7,3648.884733
57.895912,6,3649.209865
59.079148,6,3649.377648
57.135773,5,3649.513385
57.935182,5,3649.758167
58.362949,6,3649.981561
58.996569,6,3650.108671
57.812141,5,3650.499782
57.952962,5,3650.733619
56.564723,7,3651.021212
58.171545,6,3651.483858
57.733693,5,3651.673474
58.412204,6,3651.994843
58.413668,6,3652.445328
57.881109,5,3652.629393
58.789666,6,3652.984436
55.950892,7,3653.205775
57.945927,5,3653.468531
57.932558,5,3653.646148
56.567001,7,3654.027192
56.178218,7,3654.282534
58.79713,6,3654.487369
57.847062,5,3654.642767
57.355987,6,3654.896048
58.840049,6,3655.10661
58.557758,6,3655.3318
57.38851,6,3655.475206
58.733137,6,3655.651098
57.906301,5,3656.010141
57.831542,5,3656.403696
59.075142,6,3656.593219
57.940318,5,3656.930824
58.413689,6,3657.135493
58.777163,6,3657.279338
57.828235,5,3657.569789
56.749452,7,3657.960844
58.017001,6,3658.183178
56.559357,7,3658.414104
59.075724,6,3658.631023
57.97582,6,3658.989126
57.980662,6,3659.186848
59.0717,6,3659.350254
57.303358,5,3659.586883
59.051564,6,3659.719361
57.942091,5,3660.073502
59.085974,6,3660.273089
57.834683,5,3660.462094
56.691466,7,3660.664244
57.872388,5,3661.027045
56.32906,7,3661.29651
57.886572,5,3661.673769
57.94845,5,3661.935374
56.179724,7,3662.219303
59.074512,6,3662.41563
56.534779,7,3662.818038
58.909166,6,3663.038785
56.498401,7,3663.258212
57.857278,6,3663.459945
58.000358,6,3663.652344
56.66889,7,3664.033859
58.180936,6,3664.352999
58.885704,6,3664.57623
56.618965,7,3664.952213
58.617964,6,3665.164797
58.150843,6,3665.379391
57.933782,5,3665.56091
58.318836,6,3665.854741
57.866179,5,3666.140867
58.06062,6,3666.349202
56.912728,7,3666.780227
56.636517,7,3667.158253
57.319292,5,3667.426836
57.183597,5,3667.68525
56.649972,7,3667.880499
57.923712,5,3668.276687
57.939593,5,3668.505656
58.994558,6,3668.626952
58.510386,6,3668.888077
57.941702,5,3669.174216
59.08137,6,3669.374311
59.062761,6,3669.585131
58.422922,6,3669.97233
58.608244,6,3670.171323
58.733706,6,3670.358637
58.304526,6,3670.5059
56.417416,7,3670.726069
58.194685,6,3670.916659
56.17183,7,3671.168129
59.010434,6,3671.375839
58.793406,6,3671.701877
57.905742,6,3671.863707
58.158725,6,3672.155993
57.855983,5,3672.50451
58.525801,6,3672.745072
56.565369,7,3673.093239
56.897618,7,3673.441827
58.183395,6,3673.645285
57.827415,5,3673.904873
58.779817,6,3674.07682
58.926407,6,3674.202069
59.061553,6,3674.369865
58.475828,6,3674.583696
57.738587,5,3674.811462
59.000039,6,3674.937258
56.066704,7,3675.347249
58.201318,6,3675.564656
57.839376,5,3675.870965
58.300128,6,3676.141585
59.067428,6,3676.308383
56.628614,7,3676.53852
59.060711,6,3676.721803
57.760481,6,3677.09895
57.903064,5,3677.286286
57.888734,5,3677.466847
59.064301,6,3677.656835
58.235301,6,3677.84592
57.859221,5,3678.222086
57.835578,6,3678.425901
58.45426,6,3678.647321
56.618297,7,3678.993197
58.256371,6,3679.233236
58.327068,6,3679.36908
58.980611,6,3679.473281
58.261264,6,3679.65668
58.88751,6,3679.851696
57.977974,6,3680.122348
59.031858,6,3680.234201
56.261853,7,3680.422355
57.891578,5,3680.551072
57.798921,6,3680.94086
58.863152,6,3681.120507
57.930187,5,3681.435203
58.803058,6,3681.641176
58.385092,6,3681.960639
58.744756,6,3682.309652
57.994255,6,3682.512986
57.938357,5,3682.766055
58.176652,6,3683.07493
58.701436,6,3683.320341
59.086323,6,3683.479997
56.490811,7,3683.816532
57.844858,5,3683.969801
57.867935,5,3684.149401
58.381283,6,3684.305454
57.120578,5,3684.541502
58.249831,6,3684.666928
56.590653,7,3684.888922
56.20856,7,3685.08104
57.927048,5,3685.385089
57.264093,5,3685.729906
59.064331,6,3685.908205
57.890191,5,3686.019854
58.883064,6,3686.203808
56.62925,7,3686.424457
59.070029,6,3686.59323
58.705173,6,3686.764304
58.971294,6,3686.935058
58.67116,6,3687.149423
59.070924,6,3687.314717
57.997449,6,3687.65039
57.945121,5,3687.945191
57.768493,5,3688.123457
58.25959,6,3688.488257
56.325391,7,3688.70429
56.712771,7,3688.90693
56.253069,7,3689.190463
57.918405,5,3689.445945
56.402099,7,3689.786635
57.865198,5,3689.946738
56.316557,7,3690.221413
57.689889,6,3690.435467
56.753929,7,3690.825697
59.082565,6,3691.005381
56.404036,7,3691.423518
58.878723,6,3691.609836
58.769144,6,3691.819264
58.638763,6,3692.016565
58.204906,6,3692.282845
58.495958,6,3692.463349
56.775661,7,3692.658123
56.652686,7,3693.045355
57.300261,5,3693.416141
57.931926,5,3693.815647
58.728668,6,3694.079829
57.879365,5,3694.436456
58.838019,6,3694.631819
57.944071,5,3694.852832
55.870378,7,3695.192053
56.218647,7,3695.479706
57.899669,5,3695.637193
57.931431,5,3695.868373
57.835355,5,3696.165602
57.846771,5,3696.323226
57.913742,5,3696.598587
58.216791,6,3696.786397
57.177822,5,3697.04205
58.436472,6,3697.205553
56.676578,7,3697.389536
59.055216,6,3697.542315
57.816242,5,3697.849196
58.191193,6,3698.098722
-8.772781,5,3698.245858
57.801752,6,3698.440918
58.206305,6,3698.608643
57.272934,7,3698.951611
58.659956,6,3699.164009
56.286534,7,3699.500001
58.125804,6,3699.708642
58.646404,6,3699.881601
58.685162,6,3700.058998
57.934279,5,3700.365643
57.928408,5,3700.698786
56.662507,7,3700.918614
56.751229,7,3701.13179
58.90984,6,3701.323489
58.805904,6,3701.508785
56.746701,7,3701.893812
57.979845,6,3702.059712
59.076007,6,3702.243248
57.914676,5,3702.514585
58.733255,6,3702.730648
57.942949,5,3703.119122
55.945511,7,3703.328078
57.789673,5,3703.602522
57.730758,6,3703.764266
58.2349,6,3703.883953
58.590816,6,3704.121347
57.91126,5,3704.434036
57.58275,6,3704.576798
57.946785,6,3704.786884
59.035147,6,3704.925314
57.88009,5,3705.055517
57.816116,6,3705.33704
59.078762,6,3705.521706
58.196912,6,3705.656927
59.001538,6,3705.828975
57.869375,5,3706.079381
57.932939,5,3706.300242
-7.282776,6,3706.746892
56.853891,7,3707.119369
58.243975,6,3707.46849
58.936231,6,3707.656599
58.302837,6,3707.822896
58.829996,6,3707.996043
59.065363,6,3708.128722
59.022578,6,3708.307227
58.405757,6,3708.50352
56.594946,7,3708.859839
58.787199,6,3709.052843
57.930188,5,3709.434666
58.755523,6,3709.63098
57.921108,5,3710.109757
57.881672,6,3710.391928
57.875795,5,3710.638299
57.782137,6,3710.813158
57.968052,6,3711.152824
58.725157,6,3711.474712
56.237992,7,3711.689719
59.053815,6,3711.883564
56.44096,7,3712.236083
58.346765,6,3712.400355
57.945394,5,3712.610764
57.825549,5,3712.890316
58.887905,6,3713.080565
58.050234,6,3713.360796
56.727523,7,3713.609568
56.601377,7,3713.997548
57.890735,5,3714.170884
56.796566,7,3714.386723
57.860981,6,3714.635832
58.721778,6,3714.836871
58.654827,6,3715.150378
59.08635,6,3715.338753
56.361796,7,3715.556569
56.132819,7,3715.771549
58.383176,6,3716.028452
57.93906,5,3716.253139
57.86823,5,3716.389564
58.2457,6,3716.549874
57.850686,5,3716.890965
58.464051,6,3717.187018
58.839496,6,3717.318834
57.941904,5,3717.537274
58.706085,6,3717.692483
58.650981,6,3717.911495
57.729422,5,3718.143907
58.798628,6,3718.305629
57.879717,5,3718.579967
58.111844,6,3718.713292
57.953113,6,3718.899019
58.328453,6,3719.250328
58.965045,6,3719.449754
57.79163,5,3719.714902
58.708571,6,3720.017387
57.914676,5,3720.390153
58.237466,6,3720.634053
57.91332,5,3720.854015
57.863379,6,3721.056323
57.952371,5,3721.46277
-5.909575,6,3722.014352
59.083146,6,3722.206962
59.083964,6,3722.410456
57.955795,5,3722.683317
59.071082,6,3722.844681
57.888177,6,3723.200045
56.524286,7,3723.422916
56.691543,7,3723.630557
58.740234,6,3723.754718
58.408005,6,3723.916392
58.19042,6,3724.061798
57.280826,5,3724.433011
58.07085,6,3724.591269
57.894736,5,3724.964015
59.088313,6,3725.156765
57.786217,5,3725.473505
58.906244,6,3725.789317
56.713286,7,3726.016766
58.164896,6,3726.265112
57.328822,5,3726.639677
58.73594,6,3726.818499
58.932279,6,3726.940949
57.871732,5,3727.183792
58.973719,6,3727.384082
56.752842,7,3727.762491
59.073332,6,3727.969823
57.907951,6,3728.134963
58.164638,6,3728.311407
57.882197,5,3728.573425
56.055527,7,3728.991774
56.718786,7,3729.254739
57.954316,6,3729.535925
56.552711,7,3729.914617
57.944714,5,3730.169411
58.937794,6,3730.397433
56.255966,7,3730.766705
57.94807,5,3731.016815
58.877323,6,3731.221954
58.304638,6,3731.388111
56.578603,7,3731.743582
57.941674,5,3732.027272
58.758056,6,3732.246751
57.863968,5,3732.367453
57.176723,5,3732.628535
57.94792,5,3733.004388
58.430102,6,3733.176813
58.268138,6,3733.398332
57.955265,6,3733.784496
58.24115,6,3734.156471
58.365032,6,3734.320834
57.903494,5,3734.639867
58.336742,6,3734.797412
56.812917,7,3735.149424
56.736234,7,3735.363898
57.950369,5,3735.631255
56.113413,7,3735.846014
59.084373,6,3736.044318
57.935171,6,3736.178284
57.928323,5,3736.581925
58.698,6,3736.758131
58.830601,6,3737.096646
58.211183,6,3737.303754
58.71408,6,3737.46746
55.828735,7,3737.710623
57.986747,6,3738.041776
58.662104,6,3738.263639
57.912606,5,3738.442822
58.888293,6,3738.568171
57.175509,7,3738.781071
57.909805,6,3739.151735
59.0054,6,3739.328973
58.032026,6,3739.63611
57.840057,5,3739.894885
59.052728,6,3740.034016
56.851543,7,3740.415516
58.805465,6,3740.680388
57.859777,5,3740.9275
58.486636,6,3741.134431
57.946531,5,3741.374977
57.357002,6,3741.731139
57.765011,5,3742.076899
58.400844,6,3742.313317
57.913766,5,3742.679578
58.953174,6,3742.820817
57.923454,6,3742.993602
57.915892,5,3743.233576
58.176535,6,3743.473265
56.16723,7,3743.747596
58.121567,6,3743.999853
57.757144,5,3744.345562
58.643608,6,3744.524822
56.526433,7,3744.761537
56.098246,7,3744.986732
56.300802,7,3745.271907
57.732638,6,3745.576682
58.304581,6,3745.832628
58.20644,6,3746.200773
57.674377,5,3746.490927
57.83558,5,3746.744479
57.266333,5,3747.140006
58.127591,6,3747.421592
57.894975,5,3747.641463
57.932812,5,3747.814427
58.510524,6,3748.019759
59.060453,6,3748.127553
58.547423,6,3748.327218
57.864354,5,3748.573505
59.049166,6,3748.765354
56.681354,7,3749.120596
58.575868,6,3749.447618
57.500967,6,3749.606457
59.070598,6,3749.793832
56.56311,7,3750.012549
56.610577,7,3750.337556
58.204438,6,3750.628167
56.12853,7,3750.840565
58.82055,6,3751.021036
57.309868,5,3751.398622
56.361815,7,3751.763169
57.169937,5,3751.98698
59.074584,6,3752.156196
58.209941,6,3752.362041
57.946258,6,3752.626703
57.887687,5,3752.998759
57.934096,5,3753.243128
57.940117,5,3753.382225
58.443553,6,3753.708174
57.902738,5,3753.911882
58.892445,6,3754.101007
58.728933,6,3754.269422
58.267631,6,3754.510453
56.675833,7,3754.918849
57.93389,5,3755.142418
57.925066,5,3755.355901
56.551976,7,3755.685669
57.975393,6,3755.887242
57.935916,5,3756.15757
57.913863,5,3756.321894
57.902809,5,3756.455598
56.180459,7,3756.774978
57.91776,5,3756.97959
56.13422,7,3757.289663
58.565451,6,3757.546343
56.862257,7,3757.757958
56.794958,7,3758.11305
57.321741,5,3758.373578
58.407332,6,3758.520886
58.378785,6,3758.770204
56.770188,7,3759.041055
58.88838,6,3759.228417
58.225125,6,3759.405833
57.871824,5,3759.674224
57.880479,5,3760.003652
58.17667,6,3760.174965
56.093212,7,3760.432656
57.809674,6,3760.798832
57.97065,6,3760.946071
59.072257,6,3761.127303
56.093375,7,3761.324807
59.085918,6,3761.518667
59.073331,6,3761.694355
58.964055,6,3761.887023
57.945065,5,3762.260834
57.826584,5,3762.630516
58.318968,6,3762.79716
56.69466,7,3763.134431
56.164789,7,3763.346793
58.860143,6,3763.673605
57.954008,5,3763.89423
56.337217,7,3764.214873
58.692331,6,3764.396407
57.835602,5,3764.613788
58.664964,6,3764.937009
58.03256,6,3765.196629
59.079586,6,3765.369499
56.708705,7,3765.593978
58.845389,6,3765.833767
57.941813,5,3766.066901
57.932916,5,3766.278609
-5.917387,6,3766.788592
55.97705,7,3767.052246
57.937536,6,3767.307085
58.650832,6,3767.480507
57.974608,6,3767.752717
58.907065,6,3767.929036
57.976334,6,3768.088275
57.947911,5,3768.333933
-5.9183,6,3768.682627
58.319156,6,3768.816345
57.77115,5,3769.081851
57.943568,5,3769.331309
59.08017,6,3769.52164
57.858021,5,3769.654509
56.433043,7,3769.879648
56.543847,7,3770.216496
58.633562,6,3770.399224
58.677037,6,3770.65688
57.853888,5,3770.837288
57.928892,5,3771.011687
57.877203,5,3771.181035
58.374407,6,3771.414571
56.456367,7,3771.660162
57.83923,5,3771.914429
59.035942,6,3772.0869
56.463433,7,3772.301067
57.969956,6,3772.472168
56.658163,7,3772.672025
59.066988,6,3772.852659
59.066378,6,3773.01343
57.833357,5,3773.312494
55.969471,7,3773.581052
-11.457598,4,3773.74308
56.348497,7,3773.97055
58.730821,6,3774.239461
56.539415,7,3774.426467
59.086675,6,3774.616788
59.078422,6,3774.809323
59.082814,6,3774.958648
57.887828,6,3775.26138
58.789078,6,3775.456066
57.933498,6,3775.783521
57.887278,5,3776.155244
58.898699,6,3776.277212
58.02767,6,3776.400335
58.873081,6,3776.552241
-5.912818,6,3777.082622
58.83584,6,3777.26604
59.056415,6,3777.421479
58.052831,6,3777.606234
58.480831,6,3778.021155
58.349942,6,3778.363454
57.930482,5,3778.61056
58.377667,6,3778.7648
58.749671,6,3778.892956
58.32683,6,3779.177697
56.776602,7,3779.393044
57.900984,5,3779.732158
58.274705,6,3779.89429
59.011034,6,3780.077102
58.725638,6,3780.26591
58.54774,6,3780.451217
57.925782,5,3780.795287
58.57829,6,3781.109268
58.316227,6,3781.293059
58.316319,6,3781.518326
57.946974,5,3781.743372
58.495488,6,3781.986707
57.87992,5,3782.098356
56.721017,7,3782.492442
56.905448,7,3782.695929
55.871209,7,3783.035193
57.925026,5,3783.271844
59.060951,6,3783.430461
59.048474,6,3783.619168
57.910925,5,3783.865278
58.143752,6,3784.185539
57.784055,6,3784.375437
57.885868,5,3784.71469
56.832099,7,3784.90387
58.829523,6,3785.235899
57.876063,5,3785.625728
56.337639,7,3785.839112
59.071971,6,3786.032618
59.059096,6,3786.190381
57.945575,5,3786.558667
55.391438,7,3786.911204
58.188213,6,3787.055264
57.924822,5,3787.399301
57.845149,5,3787.612569
57.95044,5,3787.960982
59.086537,6,3788.155046
57.829988,5,3788.416965
58.309498,6,3788.696855
58.702118,6,3789.004486
57.937533,5,3789.259392
57.895921,5,3789.511687
59.080318,6,3789.67862
-6.568233,6,3790.224209
58.916514,6,3790.403616
56.589714,7,3790.737033
56.659993,7,3790.955872
57.850195,5,3791.180879
56.005157,7,3791.400817
58.243285,6,3791.652546
58.651082,6,3791.965846
56.310126,7,3792.218331
59.064948,6,3792.366091
58.807194,6,3792.54261
58.458944,6,3792.688574
58.343973,6,3792.903807
58.744363,6,3793.082984
57.721781,5,3793.453645
59.061454,6,3793.629186
57.728749,5,3794.025843
56.076568,7,3794.196334
57.757664,5,3794.469756
59.080215,6,3794.66409
59.083165,6,3794.847471
57.247135,5,3795.196644
56.573222,7,3795.396607
58.292856,6,3795.733183
57.829489,5,3796.09697
57.88699,5,3796.388839
57.235422,5,3796.698512
58.591145,6,3796.90009
57.96859,6,3797.227327
57.868838,5,3797.494696
59.082259,6,3797.638807
58.368232,6,3797.996431
57.161825,5,3798.248296
58.291779,6,3798.502365
58.532916,6,3798.831592
58.46328,6,3799.07348
56.684178,7,3799.419986
57.178386,7,3799.614875
58.424588,6,3799.807703
56.720438,7,3800.030992
56.100591,7,3800.240457
56.659548,7,3800.451023
56.651282,7,3800.821658
56.377195,7,3801.043027
56.559881,7,3801.302633
57.938537,5,3801.618766
59.010274,6,3801.786149
58.730799,6,3802.038316
56.338578,7,3802.400987
57.204693,5,3802.622057
59.049894,6,3802.790406
56.68567,7,3803.169091
58.271999,6,3803.531915
57.890567,5,3803.776202
56.132305,7,3804.08904
57.941925,5,3804.319628
58.88319,6,3804.618985
57.984209,6,3804.939065
56.354929,7,3805.285431
59.083491,6,3805.44441
57.922447,6,3805.77549
57.899355,5,3805.917463
56.633342,7,3806.275898
58.258464,6,3806.509943
57.937369,6,3806.650006
58.174941,6,3806.754416
57.874711,5,3807.101922
58.495716,6,3807.302738
58.289521,6,3807.454651
58.595902,6,3807.789998
58.936279,6,3808.157349
57.977916,6,3808.303992
56.665849,7,3808.539559
58.561025,6,3808.95312
58.393422,6,3809.18579
57.848463,6,3809.401031
56.784497,7,3809.800015
56.646903,7,3810.084988
58.069916,6,3810.22143
58.420272,6,3810.382994
56.658247,7,3810.59297
58.167476,6,3810.810312
57.935136,5,3811.041827
58.637521,6,3811.25315
56.732245,7,3811.480175
57.939341,6,3811.792785
59.045572,6,3811.952518
58.154605,6,3812.216467
57.879749,5,3812.585537
58.606594,6,3812.847673
56.582183,7,3813.208896
57.941853,5,3813.452746
58.058741,6,3813.60523
56.608299,7,3813.813533
56.920649,7,3814.021048
57.863287,5,3814.319625
58.329203,6,3814.640508
58.096745,6,3814.843836
58.161075,6,3815.173315
56.581194,7,3815.561521
57.805631,5,3815.821459
58.191955,6,3815.970242
57.915863,6,3816.107098
57.882671,5,3816.276346
56.56069,7,3816.650684
58.401164,6,3817.010613
59.07905,6,3817.182102
58.213143,6,3817.37397
58.925221,6,3817.581039
57.947741,5,3817.835795
56.647324,7,3818.037785
59.037125,6,3818.187
58.985283,6,3818.412966
57.977264,6,3818.75142
58.362622,6,3819.031823
57.938475,5,3819.385211
57.95245,5,3819.670011
57.941755,5,3820.067541
59.086163,6,3820.254326
58.007899,6,3820.610373
58.254183,6,3820.734723
57.943249,5,3820.915533
57.948409,5,3821.305194
58.261453,6,3821.698996
58.808882,6,3821.898702
59.015463,6,3822.169826
58.485862,6,3822.384796
57.351277,6,3822.598451
56.07044,7,3822.893805
58.413297,6,3823.055856
57.854137,5,3823.445775
56.80177,7,3823.779038
58.401974,6,3823.958982
57.923172,5,3824.191534
58.147183,6,3824.398393
57.924602,5,3824.81714
57.933641,5,3825.186099
58.069035,6,3825.400599
57.510005,6,3825.554908
57.774973,5,3825.70597
57.936598,5,3826.031796
59.074129,6,3826.172992
59.074678,6,3826.351059
59.081359,6,3826.535749
57.844397,5,3826.766069
57.807225,5,3827.027377
57.933644,5,3827.337134
58.027179,6,3827.525395
59.056517,6,3827.673608
56.463201,7,3828.014689
58.307473,6,3828.280278
58.019987,6,3828.557553
59.085231,6,3828.74962
59.020333,6,3828.930074
58.007226,6,3829.12021
57.871358,6,3829.309828
56.283472,7,3829.569296
58.328976,6,3829.759503
58.738231,6,3829.924774
58.959248,6,3830.09251
57.891702,5,3830.205841
57.861769,5,3830.362122
58.262427,6,3830.612734
57.93916,5,3830.852249
56.803068,7,3831.047258
57.839823,6,3831.339269
58.337116,6,3831.551911
57.902774,5,3831.786558
57.931462,6,3831.987517
57.854773,6,3832.23998
57.936177,5,3832.61318
58.893818,6,3832.730555
58.789056,6,3832.846715
58.572752,6,3833.10131
58.278204,6,3833.389279
59.064044,6,3833.562376
58.410847,6,3833.779324
58.180386,6,3834.120121
59.063712,6,3834.303434
56.603623,7,3834.522537
56.538631,7,3834.74877
58.338716,6,3834.913457
57.921465,5,3835.124915
56.745901,7,3835.322775
56.247884,7,3835.535009
59.072419,6,3835.702297
56.211772,7,3836.071946
58.337761,6,3836.365741
56.71251,7,3836.686515
56.589001,7,3837.024614
57.853163,5,3837.320289
58.605406,6,3837.54911
59.012904,6,3837.776679
57.891662,5,3838.031114
57.581204,6,3838.188766
57.334613,6,3838.351124
57.943692,5,3838.587422
59.068623,6,3838.769887
59.066515,6,3838.926639
58.327681,6,3839.131289
59.071592,6,3839.304675
59.080959,6,3839.47443
57.898973,5,3839.606096
57.907519,5,3840.00457
56.675626,7,3840.337235
59.071304,6,3840.499438
56.0556,7,3840.699759
57.933758,5,3840.929142
57.7707,5,3841.206291
57.968016,6,3841.355876
57.86636,5,3841.639643
58.328855,6,3841.777357
58.948234,6,3841.938628
59.06443,6,3842.04132
58.596095,6,3842.218462
57.904158,5,3842.455618
56.260604,7,3842.713076
57.303119,5,3842.964006
57.316286,5,3843.213501
59.04362,6,3843.391664
59.08058,6,3843.577774
58.230387,6,3843.72714
59.038773,6,3843.850827
56.617454,7,3844.035502
57.97541,6,3844.213774
57.212835,5,3844.583072
56.55163,7,3844.802794
58.621035,6,3845.012311
57.859666,5,3845.373834
58.092227,6,3845.549373
57.940171,5,3845.892658
56.640786,7,3846.129067
57.855983,5,3846.322704
57.941738,5,3846.658557
57.993663,6,3846.89303
59.064694,6,3847.049504
57.943545,5,3847.333684
58.314345,6,3847.576397
58.254203,6,3847.78461
55.981846,7,3848.000238
58.399334,6,3848.181538
57.918454,5,3848.545774
56.396299,7,3848.756503
56.535845,7,3848.979959
57.941391,5,3849.323421
57.922005,5,3849.555575
56.196781,7,3849.767226
57.832251,5,3850.077354
57.934579,5,3850.324857
56.718212,7,3850.545221
58.779407,6,3850.673506
56.836385,7,3851.061742
58.204719,6,3851.20647
56.815705,7,3851.584871
58.082656,6,3851.741823
58.170355,6,3852.074116
59.061099,6,3852.266922
56.061623,7,3852.515661
56.886622,7,3852.703024
57.221269,5,3852.925439
56.591003,7,3853.126292
56.041121,7,3853.313024
57.902447,5,3853.566352
58.112456,6,3853.726912
59.059923,6,3853.90167
56.329958,7,3854.262867
58.268395,6,3854.542784
59.078637,6,3854.707444
57.945104,5,3854.972943
57.893196,5,3855.320396
58.622226,6,3855.533695
57.943992,5,3855.900964
57.938817,5,3856.269831
56.577666,7,3856.618431
59.040437,6,3856.797507
57.883846,5,3857.049879
57.891442,5,3857.186826
57.944802,5,3857.644698
57.929384,5,3857.902354
59.014402,6,3858.028603
56.809345,7,3858.223281
59.059718,6,3858.387156
56.791264,7,3858.612084
58.015301,6,3858.864882
59.076823,6,3859.056106
58.16389,6,3859.218503
59.07017,6,3859.375499
58.105007,6,3859.518723
58.283164,6,3859.783697
58.302456,6,3860.015213
58.188957,6,3860.223965
57.759972,5,3860.430959
57.782356,5,3860.750948
57.949889,5,3861.067234
57.939181,5,3861.304799
56.641446,7,3861.465141
57.943596,5,3861.694168
57.924683,5,3861.920159
57.851787,5,3862.109986
57.923542,5,3862.340641
57.826294,5,3862.704851
57.887308,5,3863.058594
58.84977,6,3863.182798
57.900242,5,3863.416506
57.920368,5,3863.635973
59.071074,6,3863.791244
58.907266,6,3863.916851
56.103463,7,3864.172194
56.508356,7,3864.433424
57.864918,5,3864.746725
58.397726,6,3865.025339
57.833642,5,3865.212542
58.387772,6,3865.357701
57.883528,5,3865.676927
57.835005,5,3866.01557
57.866795,6,3866.312422
57.902192,5,3866.484694
57.91761,5,3866.834502
58.326992,6,3866.994218
57.861757,5,3867.225482
59.047564,6,3867.376139
59.056349,6,3867.571614
58.325785,6,3867.76591
58.72111,6,3867.954693
56.759144,7,3868.171267
57.952641,5,3868.420682
58.791665,6,3868.633563
58.982931,6,3868.802011
57.893336,5,3869.188488
58.070319,6,3869.377925
57.941433,5,3869.62137
57.85327,6,3869.798902
56.536262,7,3870.003201
58.247529,6,3870.182227
57.800724,5,3870.562295
57.932192,5,3870.819385
57.945917,5,3871.167014
58.044845,6,3871.535829
59.053989,6,3871.71744
57.022916,7,3871.929099
58.238835,6,3872.126678
59.03425,6,3872.24568
59.0714,6,3872.411364
57.949756,5,3872.790356
57.937669,5,3873.132657
59.010064,6,3873.255499
58.588413,6,3873.447276
56.668368,7,3873.801073
58.63577,6,3874.002512
56.10445,7,3874.306327
59.001229,6,3874.458936
56.616205,7,3874.76085
56.803775,7,3874.97169
58.248567,6,3875.134099
56.83895,7,3875.511398
56.743154,7,3875.705718
59.082263,6,3875.870758
57.943692,5,3876.021032
57.875899,5,3876.183012
58.952183,6,3876.358483
56.036342,7,3876.712576
57.929712,5,3876.962019
58.4526,6,3877.170006
58.773695,6,3877.369583
56.774393,7,3877.564345
57.392327,6,3877.772395
56.696371,7,3877.960264
58.760766,6,3878.146234
59.083019,6,3878.292974
56.35621,7,3878.596871
58.040794,6,3878.829445
57.935407,5,3879.171396
57.256606,5,3879.424285
58.300387,6,3879.618525
59.085869,6,3879.796124
57.928527,5,3880.069574
58.327781,6,3880.286207
57.136317,5,3880.597157
58.603949,6,3880.819058
57.940439,5,3881.109232
58.203655,6,3881.555432
57.950062,5,3881.79461
59.073326,6,3881.998829
58.392708,6,3882.19694
58.46728,6,3882.522514
57.900739,5,3882.760895
59.049197,6,3882.895136
58.51206,6,3883.111755
58.149885,6,3883.284551
58.255308,6,3883.438375
57.810365,5,3883.562116
56.783455,7,3883.948878
56.958983,5,3884.173923
57.884416,5,3884.359229
58.765576,6,3884.567858
58.13092,6,3884.825916
57.882214,5,3885.010792
59.035271,6,3885.126737
59.071376,6,3885.260214
58.620986,6,3885.478543
58.334386,6,3885.618511
58.185157,6,3885.927144
58.770752,6,3886.059196
58.892359,6,3886.257316
57.898793,5,3886.494474
57.830455,5,3886.648778
56.696728,7,3886.872573
-5.918884,6,3887.451147
58.336419,6,3887.648494
56.092788,7,3887.912666
57.885925,5,3888.400258
56.587305,7,3888.772834
56.429646,7,3888.986053
58.840083,6,3889.133296
58.255048,6,3889.449489
57.88466,5,3889.814884
58.844816,6,3890.007413
57.893564,6,3890.345049
57.186303,5,3890.754135
56.632156,7,3890.978634
57.863764,5,3891.159907
58.496021,6,3891.415179
57.975298,6,3891.564655
57.790268,5,3891.81987
56.713676,7,3892.215794
57.963862,6,3892.437808
57.912206,5,3892.703311
57.825314,5,3893.080717
56.349045,7,3893.288685
58.000886,6,3893.466729
59.062061,6,3893.642987
57.886392,5,3893.817399
58.232503,6,3893.985491
58.320209,6,3894.251717
56.676305,7,3894.655618
58.008304,6,3895.045689
59.082326,6,3895.250371
58.020637,6,3895.448806
59.076559,6,3895.634024
58.262286,6,3895.782211
58.270276,6,3896.166692
58.584873,6,3896.448959
57.939673,5,3896.689381
57.313399,5,3897.03943
58.931844,6,3897.306078
-5.914977,6,3897.872776
58.105238,6,3898.241683
58.662339,6,3898.423537
58.8792,6,3898.679046
57.890277,5,3898.830888
57.876183,5,3899.221316
57.898686,5,3899.5953
57.896834,5,3899.965119
58.418094,6,3900.113247
58.644412,6,3900.335229
58.032298,6,3900.556636
57.885264,5,3900.851563
59.068729,6,3901.02268
56.74228,7,3901.220473
58.122622,6,3901.517005
59.027873,6,3901.69081
58.04227,6,3902.011287
56.780685,7,3902.23104
56.68353,7,3902.467405
57.809496,5,3902.694052
-5.918048,6,3903.081222
59.062627,6,3903.274376
57.224963,5,3903.725232
58.439828,6,3904.043625
58.972403,6,3904.1665
56.176645,7,3904.382332
56.612906,7,3904.70514
56.47144,7,3904.931578
59.076315,6,3905.104731
58.78677,6,3905.274477
57.930248,5,3905.534217
58.677417,6,3905.860015
58.243558,6,3906.107946
57.995356,6,3906.283499
58.579501,6,3906.528916
56.251781,7,3906.84193
56.80893,7,3907.228992
57.875408,6,3907.398779
56.173379,7,3907.62077
58.31645,6,3907.921512
59.047702,6,3908.103864
57.345293,6,3908.371073
56.68221,7,3908.731167
56.807404,7,3908.927876
57.88937,5,3909.044058
56.104829,7,3909.26335
56.636092,7,3909.475519
57.796847,5,3909.801186
57.85584,5,3909.928583
57.935819,5,3910.277798
56.818097,7,3910.460842
56.685649,7,3910.822925
56.96354,7,3911.037401
56.060583,7,3911.212722
57.911303,5,3911.573512
56.175825,7,3911.819954
59.040581,6,3911.947129
58.548668,6,3912.155887
57.876141,5,3912.31422
59.070967,6,3912.507171
59.061217,6,3912.635947
58.707647,6,3912.958958
58.447628,6,3913.344943
57.945041,5,3913.638969
58.170065,6,3914.026086
58.759282,6,3914.149799
58.248161,6,3914.445209
57.946455,5,3914.799417
57.865799,5,3915.085052
58.949264,6,3915.202343
56.449894,7,3915.423271
58.297022,6,3915.781815
57.890962,5,3916.027865
57.435483,6,3916.319707
58.849508,6,3916.43675
58.431293,6,3916.757124
56.932872,7,3917.129196
59.068528,6,3917.276927
59.080808,6,3917.446167
57.780707,5,3917.621502
59.059757,6,3917.78487
58.806214,6,3917.909967
57.939422,5,3918.094315
58.92035,6,3918.251102
59.054874,6,3918.397342
58.986659,6,3918.563273
56.798962,7,3918.782777
56.627031,7,3919.143078
56.625508,7,3919.473772
57.935284,5,3919.746069
56.177033,7,3919.960938
56.660066,7,3920.310103
58.576093,6,3920.618819
56.05418,7,3920.96766
58.122692,6,3921.225985
56.427848,7,3921.587379
55.997507,7,3921.952444
57.830262,5,3922.129038
56.588999,7,3922.488818
57.913675,5,3922.86039
57.902467,5,3923.001769
57.914185,5,3923.159173
56.784846,7,3923.515473
57.919712,5,3923.852096
56.693229,7,3924.223643
58.438379,6,3924.420808
57.794152,5,3924.673533
59.063844,6,3924.835309
57.806633,5,3925.074877
58.459513,6,3925.250818
57.944424,5,3925.598611
57.946833,5,3925.946774
56.662392,7,3926.266791
57.990222,6,3926.511823
56.63138,7,3926.793415
57.858664,6,3926.973635
57.935034,6,3927.337059
58.23007,6,3927.504126
58.286102,6,3927.836352
58.970417,6,3928.018939
56.506018,7,3928.197335
59.06116,6,3928.366211
58.091021,6,3928.514707
56.592767,7,3928.727681
56.698886,7,3929.099523
58.248516,6,3929.426181
58.94507,6,3929.619825
57.934513,5,3929.977329
57.887425,5,3930.117553
57.905653,5,3930.286732
57.842812,5,3930.454045
56.233047,7,3930.775505
58.827125,6,3931.11307
57.885904,5,3931.257804
59.066465,6,3931.434586
58.486053,6,3931.680053
57.899087,6,3931.863367
57.324801,5,3932.112857
57.933751,5,3932.290303
56.320335,7,3932.511815
58.980667,6,3932.688934
56.354672,7,3932.89167
58.409932,6,3933.054912
59.060877,6,3933.16396
58.176162,6,3933.331272
57.946019,5,3933.674219
56.563238,7,3934.023496
57.914928,5,3934.403954
57.869351,5,3934.660318
56.537967,7,3934.845315
57.890943,5,3935.093604
59.071677,6,3935.263047
58.758421,6,3935.46511
58.919071,6,3935.769395
58.294942,6,3935.970354
56.621652,7,3936.308866
57.936707,5,3936.541578
56.073142,7,3936.787157
56.718321,7,3937.115856
59.079925,6,3937.274619
58.475276,6,3937.479722
58.165533,6,3937.601876
56.844747,7,3937.821238
58.221667,6,3938.087863
58.04242,6,3938.357327
57.933318,5,3938.581523
58.16536,6,3938.772051
58.867931,6,3939.015059
59.053438,6,3939.201754
57.933494,5,3939.522092
57.932452,5,3939.782334
57.926984,5,3939.9611
56.341827,7,3940.301853
58.356635,6,3940.492556
58.021706,6,3940.694266
59.062581,6,3940.845118
59.069668,6,3940.981019
58.857901,6,3941.235347
56.150496,7,3941.420896
58.929767,6,3941.627124
59.074247,6,3941.785295
57.910505,5,3942.068666
57.952698,5,3942.430223
58.748558,6,3942.618766
58.784848,6,3942.809803
59.03022,6,3943.015369
57.89307,5,3943.421896
58.408199,6,3943.556583
58.036118,6,3943.741636
56.137845,7,3944.022715
57.279038,5,3944.253767
58.919411,6,3944.437611
58.525306,6,3944.732001
57.90918,6,3945.014849
58.525948,6,3945.330155
59.069991,6,3945.506868
56.283711,7,3945.707954
58.077685,6,3946.0429
58.725696,6,3946.250972
59.070754,6,3946.412884
56.652869,7,3946.759879
58.376788,6,3946.927492
58.408478,6,3947.070789
57.871603,5,3947.198734
56.127541,7,3947.457119
58.993883,6,3947.63391
58.525484,6,3947.873562
58.191302,6,3948.000312
58.627198,6,3948.216544
58.649174,6,3948.490705
58.334676,6,3948.634559
58.890184,6,3948.844409
56.604152,7,3949.156802
57.24608,5,3949.529114
58.113367,6,3949.684424
57.941873,5,3949.907737
57.889388,5,3950.060009
57.948094,5,3950.270581
58.462517,6,3950.482431
58.610814,6,3950.799402
56.65894,7,3951.154694
56.262318,7,3951.467174
57.922568,5,3951.628752
57.910912,5,3951.829641
57.218823,6,3952.025625
58.122493,6,3952.27052
57.803008,6,3952.481573
59.021955,6,3952.645819
56.210709,7,3952.837616
58.091613,6,3953.007613
57.880344,5,3953.134322
57.95895,6,3953.281153
56.301875,7,3953.569353
57.903786,5,3953.729986
56.542757,7,3954.098089
57.901063,5,3954.317211
58.412109,6,3954.513512
58.563297,6,3954.75097
59.049813,6,3954.941093
56.238046,7,3955.212085
57.866517,5,3955.435309
57.902669,5,3955.566909
58.342778,6,3955.91982
57.947522,6,3956.104619
58.869959,6,3956.302601
56.289029,7,3956.635046
57.943855,5,3956.863237
59.064519,6,3957.045829
-5.92218,6,3957.416146
57.944062,5,3957.663084
56.300913,7,3957.880152
58.168925,6,3958.02539
57.950773,5,3958.255391
57.866176,5,3958.50088
57.89873,5,3958.847353
57.064734,7,3959.051592
58.086498,6,3959.21593
58.217518,6,3959.507426
57.856247,5,3959.839988
58.902859,6,3960.082937
57.834198,5,3960.218991
57.932585,5,3960.639802
59.058172,6,3960.868988
56.647193,7,3961.257227
59.048528,6,3961.423606
57.932845,5,3961.805478
56.340486,7,3962.181757
57.937312,5,3962.589372
56.1647,7,3962.829034
55.975939,7,3963.053019
57.889666,5,3963.220556
58.628577,6,3963.480266
56.577032,7,3963.692193
58.874282,6,3964.040944
58.143083,6,3964.264914
56.539979,7,3964.614053
58.19946,6,3964.954837
57.891272,5,3965.325929
57.845971,5,3965.541603
58.244131,6,3965.756031
57.981419,6,3965.917989
57.918133,5,3966.28915
56.608538,7,3966.643765
58.418187,6,3966.835535
56.839595,7,3967.253811
57.93411,5,3967.594397
58.93876,6,3967.771195
57.887138,5,3968.123385
57.248241,5,3968.40156
58.683414,6,3968.631024
58.966985,6,3968.755139
56.636508,7,3968.971691
57.936175,5,3969.226126
56.643227,7,3969.577173
59.019361,6,3969.715451
58.702937,6,3969.92171
57.936425,5,3970.198762
58.912298,6,3970.411527
57.865596,5,3970.646918
59.071796,6,3970.768982
56.704063,7,3971.160854
58.046452,6,3971.319039
56.955877,7,3971.532915
59.072293,6,3971.715076
57.934609,5,3971.977414
58.464321,6,3972.13871
59.022837,6,3972.276465
58.504435,6,3972.593825
56.076831,7,3972.79471
58.31308,6,3973.103756
56.790133,7,3973.319106
56.792372,7,3973.517247
56.651141,7,3973.73908
58.5752,6,3973.976555
58.066502,6,3974.167024
57.885124,5,3974.348911
58.042833,6,3974.570677
57.317791,5,3974.933456
59.084092,6,3975.12594
57.89701,5,3975.307367
57.890727,5,3975.685704
59.067948,6,3975.852835
58.115931,6,3976.153947
57.951695,5,3976.543049
58.60177,6,3976.797832
57.947832,5,3977.046324
59.070993,6,3977.193986
58.486665,6,3977.341228
59.067723,6,3977.504584
57.974922,6,3977.70317
57.891634,5,3977.821219
58.370844,6,3978.15341
58.650613,6,3978.337306
56.404864,7,3978.527824
57.949717,5,3978.776537
58.350252,6,3978.959634
58.771922,6,3979.081374
56.5637,7,3979.290987
58.817967,6,3979.467349
58.969378,6,3979.633834
58.193474,6,3979.814892
59.070814,6,3979.990073
58.723164,6,3980.314986
56.335787,7,3980.627751
59.084536,6,3980.820928
56.679528,7,3981.171596
59.038715,6,3981.356388
59.041292,6,3981.519505
57.804217,5,3981.864739
58.955746,6,3982.042261
57.737135,5,3982.214611
58.064339,6,3982.515711
58.682237,6,3982.842525
57.931511,5,3983.074135
57.942249,5,3983.406997
59.082459,6,3983.582561
58.277715,6,3983.879328
58.420035,6,3984.089969
57.945819,6,3984.253265
59.072679,6,3984.425354
56.176106,7,3984.627264
57.933922,6,3984.769638
58.831892,6,3985.094072
58.581702,6,3985.471019
58.86829,6,3985.645226
59.078278,6,3985.81036
56.324972,7,3986.030747
59.013548,6,3986.219114
58.150527,6,3986.478993
58.278864,6,3986.661339
59.054122,6,3986.832734
57.936361,5,3987.154053
57.943466,5,3987.485234
56.381639,7,3987.698045
56.607405,7,3987.915695
56.686382,7,3988.274015
56.33007,7,3988.460599
58.520059,6,3988.67393
58.28784,6,3988.98096
59.01676,6,3989.141725
58.784368,6,3989.36577
59.042742,6,3989.5402
56.58952,7,3989.761112
57.882587,5,3989.921715
59.071143,6,3990.070918
58.208903,6,3990.247776
59.048336,6,3990.372807
56.806077,7,3990.595064
56.240188,7,3990.929206
55.295559,7,3991.294585
56.260651,7,3991.658168
58.001955,6,3991.908839
56.161948,7,3992.119558
58.028599,6,3992.27794
56.281892,7,3992.637256
57.891325,5,3992.801675
56.255611,7,3993.179107
58.846071,6,3993.29812
58.746246,6,3993.634907
55.97945,7,3993.883331
58.507484,6,3994.119732
58.420029,6,3994.371572
58.342206,6,3994.606714
56.589484,7,3994.871258
56.13676,7,3995.207566
58.340179,6,3995.382291
56.256592,7,3995.571816
58.396547,6,3995.892194
56.524973,7,3996.079012
56.459077,7,3996.388989
58.611567,6,3996.564261
58.811991,6,3996.770825
56.745649,7,3996.977892
57.855869,6,3997.290179
57.983054,6,3997.455097
57.883407,5,3997.652785
58.634925,6,3997.92293
59.059016,6,3998.092677
59.070132,6,3998.283984
58.014615,6,3998.489041
56.642004,7,3998.685956
57.949588,5,3999.086581
57.870076,5,3999.312615
58.876315,6,3999.504677
57.903157,5,3999.86623
56.247221,7,4000.083967
57.921092,6,4000.267087
57.112625,7,4000.641798
56.765257,7,4000.823543
58.394333,6,4001.007961
56.824447,7,4001.404358
57.285506,5,4001.652452
56.400467,7,4001.982116
57.908086,5,4002.15347
57.926899,5,4002.382018
56.889683,7,4002.60185
58.764808,6,4002.727672
57.863619,5,4003.08135
59.064193,6,4003.250018
59.079213,6,4003.426757
57.923942,5,4003.673603
58.790443,6,4003.98629
58.667413,6,4004.190935
59.061086,6,4004.369994
58.101881,6,4004.661888
56.956826,7,4005.025115
57.943782,5,4005.385451
59.081196,6,4005.579936
58.401633,6,4005.78555
58.394707,6,4005.993747
58.289638,6,4006.238985
57.943748,5,4006.581429
58.119386,6,4006.889192
59.085365,6,4007.080031
56.254304,7,4007.408855
57.926149,5,4007.659091
56.641933,7,4007.846392
56.974678,7,4008.225937
59.045266,6,4008.345144
56.713078,7,4008.612474
57.931806,5,4008.819237
57.895425,5,4009.156897
56.022447,7,4009.418941
57.938255,5,4009.685663
56.814795,7,4009.883516
58.463078,6,4010.020288
57.935663,5,4010.241838
57.850642,5,4010.418279
57.939098,5,4010.810528
58.99982,6,4010.964819
58.074317,6,4011.173838
57.886922,5,4011.526749
56.788734,7,4011.88081
57.946478,5,4012.113225
58.18738,6,4012.309303
59.021602,6,4012.484058
59.085349,6,4012.683714
58.134505,6,4012.949631
58.800792,6,4013.143936
56.822313,7,4013.317317
57.875352,5,4013.678283
57.923807,5,4013.899882
56.94129,7,4014.220983
56.067185,7,4014.430049
-5.917785,6,4014.987979
57.909117,5,4015.352736
56.538541,7,4015.705594
58.071865,6,4016.010762
57.892728,5,4016.347386
57.889368,5,4016.738257
57.866909,5,4016.973664
56.117279,7,4017.357774
59.083007,6,4017.521993
58.408385,6,4017.756663
57.883866,5,4017.945529
58.612553,6,4018.141507
59.06721,6,4018.320404
59.054954,6,4018.487313
57.92731,5,4018.804575
59.040416,6,4018.986874
56.833371,7,4019.3319
59.060142,6,4019.480371
57.853216,5,4019.717504
58.346559,6,4020.098079
59.073568,6,4020.249678
57.243131,5,4020.474884
56.157605,7,4020.690423
58.893056,6,4020.896914
58.734451,6,4021.079181
56.455085,7,4021.273758
58.296085,6,4021.406466
59.072075,6,4021.562994
57.886986,5,4021.742308
58.693767,6,4022.052794
58.981536,6,4022.3103
59.055847,6,4022.504447
57.930368,5,4022.875716
59.080123,6,4023.031957
56.155818,7,4023.357145
58.218592,6,4023.568277
58.956849,6,4023.689611
58.89165,6,4023.819323
57.896869,5,4024.183882
57.824462,6,4024.334826
56.027447,7,4024.706956
58.726612,6,4025.03894
58.240966,6,4025.229271
56.236813,7,4025.388015
57.903562,6,4025.686689
58.372693,6,4025.83308
58.635037,6,4026.046409
56.477683,7,4026.402946
57.945508,5,4026.620499
56.540618,7,4026.816828
59.061071,6,4026.993601
59.028625,6,4027.166291
58.29183,6,4027.356869
57.973433,6,4027.581683
59.068048,6,4027.769208
58.136001,6,4028.023851
56.651669,7,4028.404922
57.887068,5,4028.538863
56.138727,7,4028.877135
57.709704,5,4029.171626
59.085388,6,4029.368127
56.445983,7,4029.58929
57.911129,5,4029.954734
58.155742,6,4030.096697
58.653371,6,4030.305553
58.289291,6,4030.493806
57.862803,5,4030.734277
58.73868,6,4030.872257
59.037604,6,4031.057894
57.919251,5,4031.411252
56.703142,7,4031.768969
56.652731,7,4031.99568
55.941519,7,4032.263984
57.957848,5,4032.594438
58.93279,6,4032.784726
56.731859,7,4032.992394
55.939573,7,4033.194448
58.508992,6,4033.381739
58.92864,6,4033.577682
56.27801,7,4033.764608
58.576478,6,4033.974994
56.706463,7,4034.320499
57.956414,5,4034.562304
59.066031,6,4034.751023
57.893022,5,4035.095956
58.453244,6,4035.281078
57.892371,5,4035.621343
57.830494,5,4035.966515
57.942759,5,4036.353588
59.080644,6,4036.544551
57.899416,5,4036.877007
58.248489,6,4037.275218
57.934743,5,4037.506107
58.622971,6,4037.714974
58.899844,6,4037.8908
57.757337,6,4038.052713
57.230712,5,4038.379529
57.181076,5,4038.593873
56.625071,7,4038.98135
57.901881,5,4039.22741
57.645657,5,4039.417007
58.860546,6,4039.746501
58.876812,6,4039.894816
58.823252,6,4040.113242
56.712508,7,4040.54565
57.944207,5,4040.962764
59.05599,6,4041.135435
58.032448,6,4041.285651
56.710753,7,4041.654734
59.081734,6,4041.841564
56.661343,7,4042.071151
59.076234,6,4042.237745
59.078768,6,4042.404874
57.943844,5,4042.788895
56.474552,7,4043.066126
56.811144,7,4043.287244
56.088308,7,4043.635511
57.910385,5,4043.996783
57.813407,5,4044.249683
58.966014,6,4044.562973
55.963394,7,4044.863041
56.818941,7,4045.244456
58.075625,6,4045.425461
58.957224,6,4045.747027
57.917608,5,4045.980089
58.894573,6,4046.15688
59.086002,6,4046.311685
56.24557,7,4046.597597
56.716464,7,4046.960277
58.349238,6,4047.165659
59.047581,6,4047.362082
57.90808,5,4047.726695
58.478085,6,4047.939382
58.680389,6,4048.127745
58.134404,6,4048.321316
58.005894,6,4048.481427
56.858127,7,4048.687472
57.550471,6,4048.990542
57.868018,5,4049.305736
57.956974,5,4049.667459
57.94136,5,4050.011714
56.727675,7,4050.390515
58.63461,6,4050.705733
58.047517,6,4051.013061
58.839144,6,4051.220163
59.063834,6,4051.391451
56.703076,7,4051.77206
58.569756,6,4051.983396
57.18966,5,4052.385622
59.063581,6,4052.572147
58.391887,6,4052.895209
56.087482,7,4053.079499
58.843022,6,4053.258252
59.051409,6,4053.427453
59.075254,6,4053.610762
56.598275,7,4053.835586
57.850733,5,4054.004086
56.196614,7,4054.364343
58.610946,6,4054.54349
58.775033,6,4054.881118
56.130122,7,4055.08384
57.943423,5,4055.337715
59.032548,6,4055.465386
58.93243,6,4055.733653
58.819524,6,4056.051614
56.080697,7,4056.263453
57.902959,5,4056.482485
58.539961,6,4056.732626
57.228783,5,4056.89038
57.904359,6,4057.159359
57.865868,5,4057.335562
58.036189,6,4057.586746
58.577462,6,4057.834171
58.829083,6,4058.106799
59.090026,6,4058.309377
57.907797,5,4058.650615
58.436026,6,4058.908386
58.844708,6,4059.239281
58.696018,6,4059.437519
58.951034,6,4059.609194
57.855581,5,4059.969718
58.768456,6,4060.302266
57.923926,5,4060.67709
58.570149,6,4060.886889
58.287949,6,4061.05355
58.886716,6,4061.247023
58.960795,6,4061.369189
57.93964,5,4061.796271
58.580137,6,4062.044816
57.919933,5,4062.251204
58.115664,6,4062.450084
58.082717,6,4062.640256
58.423518,6,4062.781251
58.914235,6,4062.973009
56.2344,7,4063.142862
57.909496,5,4063.416787
57.903352,5,4063.575732
58.194999,6,4063.855882
58.821844,6,4064.065291
57.945283,5,4064.330598
58.931583,6,4064.454894
58.907274,6,4064.579039
56.635076,7,4064.78323
56.191599,7,4065.123293
56.518988,7,4065.323138
58.86117,6,4065.510251
57.807889,5,4065.765129
58.941141,6,4066.060079
57.891773,5,4066.416165
59.06567,6,4066.585266
57.920778,6,4066.835899
56.826875,7,4067.051882
56.008848,7,4067.369748
57.901755,5,4067.703122
57.944151,5,4068.042145
58.645352,6,4068.245546
59.068681,6,4068.413788
-5.914197,6,4068.937512
57.940041,5,4069.198143
58.273198,6,4069.346027
57.01613,7,4069.696339
58.195452,6,4069.854084
59.028441,6,4070.039128
57.897309,5,4070.295806
56.003911,7,4070.515869
59.071183,6,4070.699247
58.612009,6,4070.909173
57.885063,5,4071.041723
57.944876,5,4071.346107
57.894323,5,4071.486554
57.123873,5,4071.844236
59.074735,6,4072.005676
57.747147,5,4072.172433
58.779536,6,4072.425537
58.913444,6,4072.635853
56.602532,7,4073.0211
56.600364,7,4073.365915
59.07454,6,4073.557866
59.00807,6,4073.68395
59.077364,6,4073.851555
56.70587,7,4074.037474
57.951929,6,4074.282862
57.913002,6,4074.483001
59.009839,6,4074.643929
56.789863,7,4074.840198
59.075035,6,4075.023468
58.678823,6,4075.242486
57.931235,5,4075.60794
57.215143,5,4075.862335
58.676135,6,4076.034185
57.904493,5,4076.387316
59.077147,6,4076.569605
59.020765,6,4076.759369
58.213494,6,4076.912731
59.065658,6,4077.088273
56.502046,7,4077.402954
57.831697,5,4077.657834
59.048787,6,4077.824128
56.429385,7,4078.162927
56.06238,7,4078.367802
59.075424,6,4078.540095
57.691875,6,4078.729399
58.957205,6,4078.896864
58.719171,6,4079.277065
58.013414,6,4079.567159
58.103415,6,4079.687462
57.827308,5,4079.859239
59.062719,6,4080.029204
56.627114,7,4080.225039
58.838175,6,4080.34573
57.911586,5,4080.689279
57.836258,5,4080.966324
57.827646,5,4081.187711
59.070478,6,4081.362385
56.707715,7,4081.566673
58.260319,6,4081.757462
57.888606,5,4081.907854
56.22891,7,4082.129125
59.061868,6,4082.250895
58.09897,6,4082.467292
57.166924,5,4082.834761
58.929083,6,4083.016143
59.069842,6,4083.168087
57.415367,6,4083.324849
56.680602,7,4083.531356
56.26234,7,4083.852901
57.822371,5,4084.19101
56.681171,7,4084.515244
57.903005,5,4084.663803
57.934662,5,4084.962821
56.077164,7,4085.214595
58.254631,6,4085.399489
57.940749,5,4085.630343
59.029081,6,4085.818261
58.186187,6,4086.149491
57.912134,5,4086.257634
57.800282,5,4086.439418
59.04554,6,4086.61761
58.57905,6,4086.875601
56.341461,7,4087.091734
58.956787,6,4087.210919
56.830787,7,4087.586995
57.8149,5,4087.920783
58.112072,6,4088.133473
58.65426,6,4088.452543
58.608778,6,4088.65635
59.06259,6,4088.820395
58.17977,6,4089.128335
58.154282,6,4089.409836
56.321755,7,4089.617676
56.243951,7,4089.988414
58.35523,6,4090.127866
59.074051,6,4090.294592
58.147698,6,4090.419936
58.401407,6,4090.594376
56.308042,7,4090.926587
56.345629,7,4091.117779
56.548494,7,4091.457736
58.170197,6,4091.665529
57.955736,6,4091.924103
59.06547,6,4092.091334
56.609697,7,4092.44104
57.931628,5,4092.631998
58.160506,6,4092.782226
59.092012,6,4092.95907
56.70896,7,4093.262257
57.859557,5,4093.393631
57.836296,5,4093.576418
57.942778,5,4093.791973
56.246692,7,4093.996778
59.089331,6,4094.161694
57.894941,6,4094.526646
57.93207,5,4094.747923
58.317707,6,4095.059499
59.077452,6,4095.230218
58.942456,6,4095.384136
56.154835,7,4095.599637
57.877949,5,4095.96068
59.064991,6,4096.139908
59.0608,6,4096.295824
59.072622,6,4096.47693
58.94937,6,4096.656229
58.853418,6,4096.972955
58.600584,6,4097.171878
59.065372,6,4097.341085
57.874865,5,4097.659204
58.427317,6,4097.853465
59.070761,6,4098.015219
57.871409,5,4098.382245
57.949249,5,4098.61215
58.82935,6,4098.912354
58.221117,6,4099.053491
56.585979,7,4099.255501
59.074878,6,4099.427273
59.084665,6,4099.583532
57.945209,5,4099.830924
59.060069,6,4099.995626
58.356596,6,4100.313753
57.939892,5,4100.669351
57.857536,5,4100.87812
58.394452,6,4101.069391
56.450011,7,4101.286261
59.063265,6,4101.449761
57.696152,5,4101.772792
57.950342,5,4102.120835
58.413832,6,4102.354326
56.453744,7,4102.577441
58.263423,6,4102.773655
58.130657,6,4102.976648
58.775571,6,4103.09661
59.070689,6,4103.290076
58.964243,6,4103.473321
59.063644,6,4103.641133
56.669459,7,4103.811907
56.287306,7,4104.179201
57.920929,5,4104.500229
58.085304,6,4104.707548
58.397544,6,4105.060728
58.396036,6,4105.225908
57.889657,5,4105.387712
57.948454,5,4105.73062
56.72856,7,4106.14352
57.861371,5,4106.392368
59.066892,6,4106.579113
58.105538,6,4106.772246
57.198013,7,4107.107024
57.919035,5,4107.502805
59.08121,6,4107.704645
57.914198,6,4107.877367
58.070756,6,4108.176004
57.815344,5,4108.430122
57.796205,5,4108.551793
57.986423,6,4108.760665
58.36871,6,4109.118279
58.174534,6,4109.437869
56.393916,7,4109.648004
57.950595,5,4109.978196
57.925599,6,4110.181265
59.068836,6,4110.289941
58.583095,6,4110.493254
59.005773,6,4110.677701
59.013023,6,4110.868026
58.754231,6,4111.068182
56.821644,7,4111.344984
58.510443,6,4111.509125
57.040052,7,4111.858489
57.94878,5,4112.168292
59.073261,6,4112.362932
56.763075,7,4112.731636
57.87106,5,4112.956476
57.722157,5,4113.286299
56.523549,7,4113.626446
59.06509,6,4113.791807
58.429751,6,4113.956486
59.024083,6,4114.123495
59.065957,6,4114.299613
57.871843,5,4114.636592
58.170942,6,4114.832363
57.892615,5,4115.106231
58.084109,6,4115.284675
59.060555,6,4115.434923
57.940767,5,4115.704496
58.202639,6,4115.852318
58.956083,6,4115.972131
58.492371,6,4116.1915
59.049491,6,4116.380981
57.252838,5,4116.626494
58.977981,6,4116.76719
58.578837,6,4117.084454
57.906845,5,4117.348979
58.017697,6,4117.614351
56.004927,7,4118.014578
58.355653,6,4118.259992
56.161584,7,4118.569733
57.953421,5,4118.928462
57.88152,5,4119.314045
56.649884,7,4119.547994
56.58743,7,4119.752167
59.07058,6,4119.92928
59.075565,6,4120.141643
58.905046,6,4120.305759
59.091475,6,4120.462294
58.042095,6,4120.607283
56.285226,7,4120.893594
57.94246,5,4121.086223
58.883295,6,4121.211457
58.730212,6,4121.419767
58.317057,6,4121.587935
58.651132,6,4121.805292
57.947529,5,4122.150507
58.47299,6,4122.453144
59.074033,6,4122.617989
57.696255,6,4122.821974
57.881675,5,4123.052459
58.030383,6,4123.365294
58.971262,6,4123.547637
57.232694,5,4123.68035
58.959224,6,4123.810543
58.582615,6,4124.007318
59.073169,6,4124.203249
59.049437,6,4124.404778
56.629538,7,4124.777547
59.082483,6,4124.971992
56.172663,7,4125.17034
58.996247,6,4125.347498
59.071607,6,4125.525901
57.914398,5,4125.841366
58.426035,6,4126.007409
58.928372,6,4126.359842
58.524097,6,4126.595268
57.834078,5,4126.762395
56.627993,7,4127.114173
56.239632,7,4127.500145
58.358487,6,4127.894805
57.949835,5,4128.140635
57.907119,5,4128.281114
58.167527,6,4128.488316
58.377264,6,4128.676356
59.068951,6,4128.83485
58.943478,6,4128.959214
58.279385,6,4129.204262
58.901953,6,4129.352303
58.307216,6,4129.676488
57.886978,5,4130.061814
57.881075,5,4130.296604
58.466777,6,4130.480969
57.947403,5,4130.708573
58.146513,6,4130.920989
56.691927,7,4131.297182
56.916279,7,4131.656642
57.944411,5,4131.998404
58.340568,6,4132.307346
-7.860332,5,4132.518009
59.059587,6,4132.687867
56.550061,7,4132.997379
58.183065,6,4133.251482
57.918536,5,4133.483896
59.032355,6,4133.596208
57.673121,5,4133.8972
58.71853,6,4134.248298
57.87142,5,4134.630115
59.059951,6,4134.824391
57.908819,5,4135.146814
58.329981,6,4135.42532
56.320055,7,4135.63621
56.899416,7,4136.066842
59.069193,6,4136.249354
57.073593,7,4136.616953
59.050353,6,4136.737896
59.065446,6,4136.905738
57.918635,5,4137.150734
57.437842,6,4137.35422
58.973285,6,4137.544098
57.909972,5,4137.761525
56.757245,7,4138.135235
56.690637,7,4138.347397
59.081083,6,4138.535932
58.73149,6,4138.721585
59.073215,6,4138.899627
57.980322,6,4139.17947
58.111623,6,4139.429707
58.716747,6,4139.618049
57.893159,5,4139.745872
55.408115,7,4140.008505
57.435906,6,4140.217089
57.854686,5,4140.401887
57.914381,5,4140.74592
57.93996,5,4141.104766
59.050569,6,4141.195915
58.719021,6,4141.43618
56.216605,7,4141.766057
57.916306,5,4142.037598
56.688738,7,4142.262465
56.637458,7,4142.502591
56.697655,7,4142.712139
58.18783,6,4142.905799
57.887388,5,4143.040152
57.924877,5,4143.331286
56.266572,7,4143.54971
57.896414,5,4143.895838
57.944283,5,4144.247298
57.957234,5,4144.702815
56.917909,7,4144.920405
58.307242,6,4145.10416
58.401139,6,4145.386193
59.030128,6,4145.555826
56.869564,7,4145.752185
56.710959,7,4145.944003
59.07148,6,4146.122334
58.943374,6,4146.278399
59.070393,6,4146.436184
59.086561,6,4146.629182
57.89278,5,4146.95607
57.930096,5,4147.089386
59.070702,6,4147.252995
56.700589,7,4147.610954
56.418452,7,4147.808619
57.064819,7,4148.01736
58.943053,6,4148.20047
56.567647,7,4148.418033
58.800942,6,4148.536206
58.791418,6,4148.741634
57.922059,5,4148.977408
56.773579,7,4149.178048
57.906203,5,4149.321982
57.829191,5,4149.480746
-8.549235,5,4149.599593
56.275162,7,4149.981097
58.35715,6,4150.154166
57.899008,5,4150.513136
57.904168,5,4150.749218
-5.918399,6,4151.132822
59.080103,6,4151.313023
57.894536,5,4151.525879
56.5904,5,4151.78264
57.93755,5,4152.127151
58.427586,6,4152.3283
56.790295,7,4152.668619
57.831562,5,4152.92533
59.003315,6,4153.247879
58.423076,6,4153.525874
57.903859,5,4153.783029
56.785984,7,4153.985332
58.950337,6,4154.167626
57.905067,5,4154.343042
57.87701,5,4154.557364
57.269468,5,4154.786562
58.267199,6,4155.015825
58.242486,6,4155.262988
59.072014,6,4155.418657
59.005298,6,4155.60228
57.938069,5,4155.899717
57.834683,5,4156.068601
59.020373,6,4156.195782
57.873928,5,4156.633659
55.409187,7,4156.85551
55.338395,7,4157.059055
58.991166,6,4157.167735
56.717869,7,4157.371415
-8.94019,5,4157.509422
57.761506,6,4157.705243
56.617303,7,4157.892362
57.941129,5,4158.170032
56.237359,7,4158.361887
58.973669,6,4158.546133
57.921405,5,4158.673809
57.88383,5,4158.923692
57.907448,5,4159.083012
58.669877,6,4159.386715
57.983157,6,4159.625712
56.305227,7,4159.979466
58.516368,6,4160.267746
56.840369,7,4160.618037
58.80207,6,4160.813662
56.033297,7,4161.013699
57.896264,5,4161.384228
58.112675,6,4161.665102
59.0395,6,4161.848375
57.96892,6,4161.98377
58.704501,6,4162.169701
57.898447,5,4162.339623
56.710261,7,4162.557555
58.935417,6,4162.725129
57.952327,5,4163.071344
58.459017,6,4163.246617
57.929168,5,4163.603888
57.89831,5,4163.734094
57.937397,5,4164.167695
57.861087,5,4164.335674
56.287864,7,4164.689699
58.360996,6,4164.896151
57.828569,5,4165.225131
59.027737,6,4165.383901
57.904039,5,4165.545856
58.645686,6,4165.874113
58.776471,6,4166.125532
57.934187,5,4166.475708
57.966387,6,4166.805243
56.70883,7,4167.158368
57.910521,5,4167.499844
59.085759,6,4167.692469
58.944986,6,4167.89852
57.934147,5,4168.121445
58.268633,6,4168.280847
58.97752,6,4168.391572
59.082753,6,4168.582433
57.924377,5,4168.708045
58.043984,6,4168.971612
57.935794,5,4169.239442
57.028763,5,4169.603239
58.242059,6,4169.905224
58.150867,6,4170.079712
57.945119,5,4170.395978
58.83793,6,4170.577053
57.942005,5,4170.955544
58.385953,6,4171.329299
56.67236,7,4171.673093
57.946749,5,4171.902303
57.323603,5,4172.157949
58.495977,6,4172.409408
57.814824,5,4172.661105
59.056388,6,4172.849348
56.308875,7,4173.062447
57.945203,5,4173.311006
59.084443,6,4173.498817
59.066597,6,4173.678103
59.0773,6,4173.867416
57.940799,5,4174.11487
57.941344,5,4174.383539
58.954132,6,4174.568011
56.830895,7,4174.948575
58.615573,6,4175.117968
59.057303,6,4175.286761
58.306102,6,4175.441975
58.244734,6,4175.652863
57.578822,6,4175.814639
57.798226,5,4176.062614
57.675015,5,4176.319785
59.065155,6,4176.470504
57.961875,6,4176.788207
57.915053,5,4177.115933
57.938706,5,4177.574739
57.934173,5,4177.919359
58.594796,6,4178.204991
59.08042,6,4178.385993
57.997204,6,4178.536067
57.74362,6,4178.72953
56.251955,7,4179.05027
56.90392,7,4179.432477
56.072423,7,4179.690514
57.91772,5,4180.023418
56.009281,7,4180.28013
59.080074,6,4180.440541
57.914305,5,4180.60792
56.997927,7,4180.994558
56.445302,7,4181.362132
58.150988,6,4181.546586
57.96649,6,4181.83792
58.054445,6,4181.998696
57.914576,5,4182.144006
58.123077,6,4182.327802
56.995511,5,4182.670828
58.918643,6,4182.840975
57.957536,6,4183.065896
57.904493,5,4183.432833
57.949003,5,4183.650614
57.838158,5,4183.820541
56.342229,7,4184.036071
57.902299,5,4184.256622
58.053049,6,4184.508058
57.918912,5,4184.771016
59.028085,6,4184.952483
56.218364,7,4185.152734
58.651928,6,4185.343677
57.945078,5,4185.803334
57.108521,6,4185.968592
58.698012,6,4186.15395
57.922989,5,4186.393453
56.247947,7,4186.590249
59.068518,6,4186.781672
58.414006,6,4186.998182
58.448505,6,4187.200727
56.57854,7,4187.527853
57.918843,6,4187.724541
56.227663,7,4188.075917
56.681352,7,4188.4233
56.637408,7,4188.831984
57.906925,6,4188.980712
57.94364,5,4189.407692
57.829247,5,4189.58623
57.918057,5,4189.956362
57.95593,5,4190.205702
57.868939,5,4190.371223
59.077664,6,4190.524747
56.119737,7,4190.722079
56.500718,7,4190.935589
58.784925,6,4191.05962
56.270908,7,4191.239894
58.812514,6,4191.444642
58.111889,6,4191.6371
55.884833,7,4191.86565
58.324635,6,4192.104351
56.646798,7,4192.495198
59.072863,6,4192.686427
58.649094,6,4192.984857
58.362906,6,4193.399581
57.89944,5,4193.807957
58.538622,6,4194.033391
58.95086,6,4194.236093
58.60449,6,4194.435343
56.141571,7,4194.709576
56.711497,7,4195.084887
58.598299,6,4195.372665
59.063781,6,4195.516814
56.179427,7,4195.714286
57.910141,5,4195.947057
57.938939,5,4196.178122
59.072483,6,4196.391069
59.085709,6,4196.572863
58.422519,6,4196.757778
57.858371,5,4196.9436
58.464682,6,4197.095652
59.077393,6,4197.260647
59.074916,6,4197.430632
56.638539,7,4197.6513
56.133664,7,4197.853476
58.943614,6,4198.103029
58.450091,6,4198.267928
55.980642,7,4198.487058
58.359446,6,4198.793755
56.183462,7,4199.066728
59.033072,6,4199.173915
57.921157,5,4199.510026
57.88695,5,4199.659567
58.968993,6,4199.866946
58.376854,6,4200.193213
58.959992,6,4200.40205
56.565673,7,4200.686473
59.071319,6,4200.885636
56.66227,7,4201.099809
57.943329,5,4201.3122
56.74653,6,4201.484436
56.776445,7,4201.698001
58.424025,6,4202.01087
57.9472,5,4202.260832
58.056398,6,4202.477764
59.092094,6,4202.677085
57.870852,5,4202.967912
56.716641,7,4203.18271
57.80382,6,4203.306529
58.55081,6,4203.514973
59.013018,6,4203.621051
58.33495,6,4203.822925
57.894139,5,4204.133936
56.72215,7,4204.531898
57.949428,5,4204.79056
58.645324,6,4205.101591
57.943109,5,4205.356195
58.120989,6,4205.511956
59.069177,6,4205.696574
59.046981,6,4205.855163
56.395433,7,4206.112236
56.178844,7,4206.464202
58.422376,6,4206.713782
56.565918,7,4206.935372
58.361666,6,4207.240427
-5.910595,6,4208.006454
57.908149,5,4208.346544
57.967914,6,4208.726449
57.929557,5,4208.875412
59.016304,6,4209.004634
57.950709,5,4209.396672
56.881045,7,4209.607669
57.62297,5,4209.99405
58.059741,6,4210.163764
58.068175,6,4210.323222
56.111034,7,4210.611211
59.085583,6,4210.809391
57.921586,5,4211.088201
56.610496,7,4211.454465
59.015259,6,4211.643222
57.944501,5,4211.863653
56.182212,7,4212.196611
58.662903,6,4212.426379
57.946962,5,4212.645183
56.607709,7,4213.000306
58.095393,6,4213.279408
57.670418,6,4213.489827
58.308906,6,4213.747422
58.017806,6,4213.899673
57.943568,5,4214.128623
59.065461,6,4214.294997
58.991398,6,4214.41392
56.725153,7,4214.632747
57.921045,5,4214.850984
58.619424,6,4215.157081
57.945223,5,4215.396467
58.020286,6,4215.599343
58.44138,6,4215.775207
58.786244,6,4215.976518
57.932111,5,4216.193258
58.149953,6,4216.337991
57.882896,5,4216.59841
59.053914,6,4216.752565
57.931262,6,4216.948444
59.073841,6,4217.122087
58.133653,6,4217.389313
59.089792,6,4217.563488
57.928982,5,4217.798645
58.283021,6,4218.167665
57.707676,5,4218.560187
56.64304,7,4218.775083
58.120751,6,4218.993061
57.949348,5,4219.172434
57.920235,5,4219.494581
56.72541,7,4219.712487
56.374657,7,4220.095274
59.082848,6,4220.27661
59.054831,6,4220.447073
57.917567,5,4220.695479
55.945616,7,4221.011889
56.674331,7,4221.222291
56.594804,7,4221.448728
59.065833,6,4221.62972
58.967829,6,4221.805018
-11.598886,4,4221.916424
58.749923,6,4222.10235
58.213638,6,4222.310107
56.01167,7,4222.595081
58.020958,6,4222.803922
56.405996,7,4223.031658
56.884588,7,4223.421452
59.014566,6,4223.554821
58.359471,6,4223.819466
58.133127,6,4224.007681
57.946736,5,4224.360936
57.128972,5,4224.543725
58.829826,6,4224.736219
57.951783,5,4224.97495
58.631741,6,4225.15976
58.898389,6,4225.29102
57.786648,5,4225.554595
57.85438,5,4225.822565
58.232992,6,4226.195477
57.947605,5,4226.663038
57.946913,5,4227.050451
59.090113,6,4227.246548
59.073986,6,4227.433816
57.93056,5,4227.673751
56.632714,7,4227.976041
57.748229,5,4228.353477
57.945435,5,4228.709667
58.287036,6,4229.001206
56.107698,7,4229.266795
57.28856,5,4229.514881
59.076533,6,4229.665499
59.075177,6,4229.835926
57.943725,5,4230.0721
58.296969,6,4230.287755
57.884004,5,4230.530566
57.907914,5,4230.69685
57.921117,5,4231.047749
56.568778,7,4231.258461
58.794844,6,4231.578148
56.476813,7,4231.896448
57.908961,5,4232.211828
57.842329,5,4232.462275
59.072131,6,4232.632585
-11.626393,4,4232.74871
58.995947,6,4232.943007
58.779496,6,4233.13408
56.597638,7,4233.464628
58.071264,6,4233.750683
57.94495,5,4234.005791
57.937711,5,4234.265175
56.051137,7,4234.569452
57.964546,6,4234.896202
58.861963,6,4235.088234
56.458303,7,4235.314664
59.069238,6,4235.494951
58.362919,6,4235.78207
57.887685,5,4236.028588
57.903584,5,4236.373895
59.062518,6,4236.533052
57.982138,6,4236.864412
58.566168,6,4237.1711
56.534872,7,4237.349428
56.301885,7,4237.543783
57.914931,5,4237.772249
57.810098,5,4238.033267
57.987213,6,4238.171339
58.178288,6,4238.402531
57.871898,5,4238.664849
-5.916809,6,4239.240363
57.907924,5,4239.609621
58.406786,6,4239.781763
58.426755,6,4240.060321
58.23055,6,4240.394568
58.271675,6,4240.66499
57.934569,5,4240.927483
57.946961,5,4241.167159
57.864965,5,4241.492467
57.866979,5,4241.663949
58.99568,6,4241.789641
57.806474,5,4241.999403
59.07042,6,4242.15969
59.077155,6,4242.346901
58.305001,6,4242.507707
56.011519,7,4242.67027
59.024957,6,4243.000083
58.460723,6,4243.213703
57.839051,5,4243.430698
58.419435,6,4243.77636
57.907236,5,4244.129682
58.233741,6,4244.296559
57.970674,6,4244.527096
58.629667,6,4244.733101
56.515367,7,4245.076363
58.760724,6,4245.317207
57.905177,5,4245.582458
58.134523,6,4245.783241
58.004825,6,4245.988583
57.864655,5,4246.15495
56.354286,7,4246.509771
59.062514,6,4246.676779
57.908618,5,4247.008499
56.570194,7,4247.235005
56.189814,7,4247.550556
56.47861,7,4247.76793
58.23434,6,4247.975329
57.940457,5,4248.319583
56.5085,7,4248.530666
56.28694,7,4248.742893
56.278715,7,4248.959873
57.830277,5,4249.16066
59.059471,6,4249.269906
56.326243,7,4249.489974
58.287015,6,4249.690339
58.047362,6,4249.894212
58.365202,6,4250.145793
58.58603,6,4250.467129
58.274951,6,4250.713646
56.24468,7,4250.993273
58.626884,6,4251.188012
56.344645,7,4251.424698
56.415382,7,4251.756421
58.44103,6,4252.032335
58.211012,6,4252.269419
58.36272,6,4252.555594
56.215086,7,4252.755974
57.938558,5,4253.084066
57.924912,5,4253.208248
57.88224,5,4253.414901
57.86437,5,4253.598222
58.994512,6,4253.765017
57.922855,5,4253.907728
57.945389,5,4254.225285
58.358159,6,4254.424814
57.968834,6,4254.633644
59.070712,6,4254.808497
58.524953,6,4255.022547
58.721899,6,4255.222928
57.885139,5,4255.429592
57.952227,5,4255.672024
57.931308,5,4255.919725
59.052156,6,4256.044713
56.647549,7,4256.242149
57.900532,5,4256.506577
56.590711,7,4256.858013
57.933505,6,4257.108741
58.183734,6,4257.39331
56.456036,7,4257.75463
56.701015,7,4257.950036
56.699857,7,4258.254821
56.701422,7,4258.597428
56.708281,7,4258.947739
57.919863,5,4259.194433
59.072228,6,4259.377731
56.702983,7,4259.729524
58.499158,6,4259.935689
58.205194,6,4260.237134
58.380232,6,4260.502705
57.850382,5,4260.712038
57.901337,5,4260.842982
57.918289,5,4261.079973
58.551939,6,4261.395515
59.069143,6,4261.586309
58.338079,6,4261.768486
59.072637,6,4261.939865
58.724796,6,4262.095248
57.861847,5,4262.34094
58.38124,6,4262.592664
56.54324,7,4262.817111
57.887701,5,4263.077091
-5.908188,6,4263.613831
56.025699,7,4263.822329
56.153249,7,4264.167574
57.774015,5,4264.445615
58.197397,6,4264.630139
58.402953,6,4264.873811
57.239434,5,4265.123141
56.533519,7,4265.325611
59.072212,6,4265.497117
57.943782,5,4265.878393
57.950761,5,4266.11827
58.26176,6,4266.317248
56.26387,7,4266.531439
56.497904,7,4266.73302
59.025552,6,4266.850141
56.550485,7,4267.060367
59.012269,6,4267.189883
58.165829,6,4267.446394
58.917629,6,4267.641435
58.103293,6,4267.846772
-5.907527,6,4268.389634
56.34231,7,4268.614
56.069956,7,4268.92151
57.933715,5,4269.20596
58.423499,6,4269.389474
58.630702,6,4269.680773
57.940449,5,4269.960744
58.191877,6,4270.163911
57.95638,5,4270.518802
59.080791,6,4270.723723
56.178152,7,4270.996387
57.415941,6,4271.167127
56.395753,7,4271.364675
59.066151,6,4271.555492
58.512668,6,4271.788888
58.064539,6,4271.982735
56.539623,7,4272.332716
56.42527,7,4272.553297
57.820701,5,4272.790828
58.381166,6,4272.980335
58.902568,6,4273.152164
57.901896,5,4273.502205
57.856148,5,4273.753456
57.66886,5,4274.113707
58.025911,6,4274.2959
57.916418,5,4274.634621
58.386475,6,4274.796491
56.599219,7,4274.995001
57.996016,6,4275.139649
-7.113565,5,4275.298446
57.850199,5,4275.580821
59.072977,6,4275.772703
59.061551,6,4275.955986
57.860549,5,4276.336406
-11.618743,4,4276.452918
57.913147,5,4276.60865
59.067547,6,4276.759865
57.91335,6,4277.117916
56.007225,7,4277.39374
56.564474,7,4277.596054
56.720071,7,4277.817121
57.670623,6,4277.977283
56.051546,7,4278.173187
57.280935,5,4278.374374
56.72139,7,4278.605463
59.07875,6,4278.806384
57.92383,5,4278.990168
56.534178,7,4279.210073
58.346697,6,4279.356887
57.892916,5,4279.707384
58.128111,6,4280.029696
57.944497,5,4280.424702
58.059764,6,4280.581762
56.633544,7,4280.798097
56.587516,7,4281.065523
57.917961,5,4281.33474
59.086716,6,4281.517045
57.93388,5,4281.85057
57.944204,5,4282.190569
56.279796,7,4282.407324
59.059871,6,4282.587916
58.405787,6,4282.936777
58.923119,6,4283.238728
57.86112,5,4283.511315
57.955418,5,4283.730697
59.05421,6,4283.892611
58.447332,6,4284.141939
57.842538,5,4284.500479
58.396263,6,4284.833101
58.541871,6,4285.003336
58.933023,6,4285.212341
57.926043,5,4285.38316
57.937699,5,4285.7729
59.044793,6,4285.956038
57.864464,6,4286.24763
58.444533,6,4286.448278
56.77525,7,4286.82098
57.908846,5,4287.00677
56.118773,7,4287.242335
57.920149,5,4287.471225
57.940222,5,4287.798578
56.707105,7,4288.126564
57.935179,5,4288.397021
59.068492,6,4288.588023
58.882767,6,4288.705954
55.90004,7,4289.061673
58.03778,6,4289.329782
57.922972,5,4289.712889
58.371984,6,4289.868062
56.604824,7,4290.094937
58.398116,6,4290.376429
56.364123,7,4290.597787
58.384672,6,4290.913374
57.927861,5,4291.300571
58.901129,6,4291.463812
58.434806,6,4291.606925
58.89123,6,4291.733652
-8.811171,7,4292.206937
58.47698,6,4292.458023
-13.76772,3,4292.562193
56.120025,7,4292.780249
57.959307,5,4293.159666
58.093135,6,4293.363017
57.889834,5,4293.500907
58.264506,6,4293.793466
56.652155,7,4294.010392
58.199927,6,4294.258008
57.877832,5,4294.382045
58.285926,6,4294.623955
58.84375,6,4294.828874
57.927928,5,4295.052796
57.929081,5,4295.376587
58.735883,6,4295.571095
56.639849,7,4295.784143
58.153307,6,4295.992596
57.045513,7,4296.365254
56.590723,7,4296.581105
56.136117,7,4296.770762
57.936571,5,4297.138715
57.932678,5,4297.488809
56.653251,7,4297.85304
59.092481,6,4298.045785
58.941392,6,4298.228783
56.79251,7,4298.574468
56.12776,7,4298.773747
57.833778,5,4299.173125
57.23,5,4299.553921
57.888286,5,4299.696571
56.103161,7,4299.915637
56.582359,7,4300.149952
58.701922,6,4300.466212
58.372375,6,4300.716285
58.403705,6,4300.863758
58.924759,6,4301.048106
57.900901,6,4301.267224
57.952365,5,4301.469687
58.246544,6,4301.640987
59.059969,6,4301.799782
58.897938,6,4301.977991
58.362942,6,4302.310024
57.920347,5,4302.518299
57.871077,5,4302.748863
57.873073,5,4302.865075
58.950576,6,4303.206574
56.121983,7,4303.454066
57.83633,5,4303.785022
57.874015,6,4303.959635
58.256055,6,4304.160518
57.923329,5,4304.513122
57.931759,5,4304.75193
57.959335,5,4304.994311
56.6385,7,4305.215245
58.828302,6,4305.397031
58.861668,6,4305.625457
58.875784,6,4305.813414
57.908855,5,4305.950135
57.953921,5,4306.171134
59.087446,6,4306.340947
56.669099,7,4306.592872
59.02287,6,4306.751397
57.896669,5,4306.905149
58.29211,6,4307.186864
57.912046,5,4307.494137
57.939405,5,4307.732689
57.951417,5,4307.975562
57.940339,5,4308.3536
59.037787,6,4308.517939
59.074924,6,4308.706464
58.288864,6,4308.911743
57.933292,5,4309.250779
57.91729,5,4309.603698
58.367537,6,4309.832313
57.792705,6,4310.014625
58.961323,6,4310.223091
57.705765,6,4310.396435
58.072411,6,4310.715607
57.147846,5,4311.063646
59.066653,6,4311.234326
58.567406,6,4311.449771
59.088817,6,4311.625165
58.710739,6,4311.869293
56.460604,7,4312.226331
58.28762,6,4312.391845
56.316897,7,4312.604929
58.902661,6,4312.731098
59.058114,6,4312.912398
58.995159,6,4313.036262
57.939667,6,4313.278289
56.484361,7,4313.60271
57.333172,6,4313.80603
57.943451,5,4314.064447
-5.930271,6,4314.596843
58.39993,6,4314.817296
56.687296,7,4315.158484
57.781609,5,4315.495207
58.950531,6,4315.605694
57.944075,5,4315.873364
58.95364,6,4316.001939
58.993068,6,4316.102665
59.049083,6,4316.277707
58.159422,6,4316.485183
57.964876,6,4316.859758
59.037116,6,4316.996163
56.096327,7,4317.180975
57.449434,6,4317.379852
58.951555,6,4317.57271
57.91466,5,4317.802646
59.072101,6,4317.981917
58.816234,6,4318.190529
58.158419,6,4318.350033
58.965931,6,4318.556855
57.950845,5,4318.805423
57.948852,5,4319.1517
58.847652,6,4319.397401
58.382356,6,4319.536459
58.508441,6,4319.866401
58.591415,6,4320.186625
58.360516,6,4320.389977
59.063992,6,4320.573802
58.646623,6,4320.862962
58.332457,6,4321.059876
56.229055,7,4321.26111
58.114773,6,4321.444611
58.376438,6,4321.65095
58.996334,6,4321.834676
58.068904,6,4322.13574
58.238668,6,4322.479867
58.410401,6,4322.706284
58.470677,6,4322.875025
56.399531,7,4323.098834
57.944851,5,4323.482618
57.967499,6,4323.795659
56.187347,7,4323.995785
56.735755,7,4324.187353
57.905173,5,4324.361214
58.349429,6,4324.526655
58.434964,6,4324.812788
57.899133,5,4325.160384
57.906871,5,4325.533977
59.084724,6,4325.712569
58.864415,6,4325.863859
57.235216,5,4326.072035
57.939431,5,4326.285949
57.808194,5,4326.617364
57.815362,5,4326.960249
58.779179,6,4327.196177
57.905711,5,4327.33556
58.183038,6,4327.520873
58.980691,6,4327.732828
56.677356,7,4327.899668
-13.682605,3,4328.002793
59.077191,6,4328.17125
58.167329,6,4328.477035
57.271482,5,4328.708146
56.264178,7,4329.08522
58.376702,6,4329.294262
56.071706,7,4329.513439
59.043653,6,4329.681274
59.06562,6,4329.856773
56.403789,7,4330.176405
58.916975,6,4330.28827
57.945705,5,4330.65683
57.916126,5,4330.865442
59.058564,6,4331.036618
57.284804,5,4331.186121
57.950151,5,4331.544386
57.921932,5,4331.895983
57.9448,5,4332.214273
58.180915,6,4332.362039
56.574381,7,4332.578945
58.676696,6,4332.763984
57.890646,5,4333.017365
57.837283,5,4333.324518
58.658993,6,4333.554493
57.936898,5,4333.795569
57.945759,5,4334.031973
58.359813,6,4334.249826
58.010577,6,4334.538636
56.706322,7,4334.756065
56.690901,7,4334.951029
57.915738,5,4335.186153
57.893247,5,4335.556332
57.837547,5,4335.807763
59.067693,6,4335.963242
59.070912,6,4336.129023
59.071775,6,4336.271332
59.085324,6,4336.461733
57.923686,5,4336.628266
56.76561,7,4336.831628
58.27377,6,4337.12098
58.169712,6,4337.364631
58.317869,6,4337.557912
58.466423,6,4337.857081
58.287049,6,4338.023953
58.117309,6,4338.259864
56.62267,7,4338.594965
55.659799,7,4338.972792
59.092632,6,4339.11201
57.48181,6,4339.261121
58.033912,6,4339.405521
57.878583,5,4339.6299
59.050207,6,4339.77639
58.417361,6,4340.081838
58.473251,6,4340.295618
58.954504,6,4340.49141
57.655344,5,4340.768126
57.924504,5,4341.003507
57.949965,5,4341.358049
56.685875,7,4341.612518
58.252858,6,4341.820798
58.668524,6,4342.065276
58.054517,6,4342.261458
58.900259,6,4342.460843
57.927939,5,4342.669932
56.3968,7,4342.88274
57.697428,5,4343.056497
58.771347,6,4343.23544
56.155373,7,4343.438091
56.88653,7,4343.64604
58.195491,6,4343.854056
56.048289,7,4344.191166
59.072541,6,4344.359733
57.78203,6,4344.521616
56.271144,7,4344.735532
58.529094,6,4344.988084
58.47437,6,4345.341481
59.032852,6,4345.466548
59.071429,6,4345.645408
58.380563,6,4345.882574
56.247846,7,4346.091045
57.942526,5,4346.413259
59.078292,6,4346.559818
58.124003,6,4346.79673
58.563988,6,4347.005524
57.251989,5,4347.365219
58.727662,6,4347.562928
57.779338,5,4347.698146
59.070954,6,4347.873553
55.875061,7,4348.090408
57.949733,5,4348.352828
56.348936,7,4348.616046
58.764712,6,4348.810754
58.46775,6,4349.191686
56.207975,7,4349.418578
57.920091,5,4349.597553
58.042918,6,4349.914663
58.994263,6,4350.05309
58.065771,6,4350.337612
58.85784,6,4350.474879
55.985282,7,4350.842139
57.819048,5,4351.235113
-5.907811,6,4351.754863
58.086107,6,4351.994623
58.430792,6,4352.317221
58.947557,6,4352.486319
57.882877,5,4352.866404
58.777595,6,4353.137976
57.941261,5,4353.398691
58.678123,6,4353.609907
57.89817,5,4353.739712
59.064961,6,4353.903059
56.703491,7,4354.252898
56.5564,7,4354.525848
58.622938,6,4354.760895
58.386272,6,4354.93713
59.064967,6,4355.114593
58.622688,6,4355.342191
59.054146,6,4355.513953
58.918738,6,4355.712287
59.08221,6,4355.912471
57.941558,5,4356.247895
58.390471,6,4356.371449
57.946881,5,4356.618409
56.043823,7,4356.835935
57.884627,5,4357.016172
56.701765,7,4357.229084
57.995332,6,4357.420257
57.913894,5,4357.687252
57.935682,5,4357.956878
59.060566,6,4358.135047
58.876034,6,4358.343036
57.745342,5,4358.603699
58.611139,6,4358.769874
59.081242,6,4358.94819
57.906201,5,4359.222005
57.929116,5,4359.601986
56.073772,7,4359.823247
56.442183,7,4360.044813
57.943689,5,4360.291964
57.977876,6,4360.497671
56.201187,7,4360.827625
57.5577,6,4361.145211
58.084475,6,4361.388619
57.943237,5,4361.771501
57.942604,5,4362.128943
57.92811,5,4362.340653
56.48178,7,4362.564926
57.872383,5,4362.845063
58.345159,6,4363.108904
56.674337,7,4363.439687
57.891287,5,4363.810896
57.896651,6,4364.078077
57.838958,5,4364.289155
58.629338,6,4364.47836
58.144899,6,4364.674929
57.899057,5,4364.917732
58.55475,6,4365.093251
56.821649,7,4365.485947
57.920697,5,4365.861846
58.157368,6,4366.034279
58.880688,6,4366.284068
57.922119,5,4366.542793
58.639665,6,4366.715202
57.940236,5,4367.089862
57.915393,5,4367.471401
59.059206,6,4367.633952
58.052459,6,4368.017111
57.942157,5,4368.252635
59.086599,6,4368.448713
58.684253,6,4368.629842
59.077481,6,4368.762247
57.968047,6,4368.968757
58.51642,6,4369.165262
56.366246,7,4369.366297
56.629606,7,4369.54671
58.792815,6,4369.79563
56.767284,7,4370.164217
57.934924,5,4370.333989
58.209194,6,4370.696255
58.838765,6,4370.868199
57.904906,5,4371.15096
57.950416,5,4371.538507
57.929004,6,4371.781035
56.763936,7,4372.145005
58.398973,6,4372.41783
56.30921,7,4372.634989
58.149171,6,4372.912361
58.116034,6,4373.050254
56.776976,7,4373.412863
59.012737,6,4373.534604
58.484595,6,4373.719914
58.075769,6,4374.043713
57.280799,5,4374.266863
57.076989,5,4374.514334
58.166641,6,4374.869161
58.330528,6,4375.115136
58.477312,6,4375.250844
59.054297,6,4375.364104
58.721855,6,4375.548789
58.529571,6,4375.862724
58.406721,6,4376.157727
56.501947,7,4376.528843
57.941359,5,4376.870223
59.069725,6,4377.054723
59.067387,6,4377.227687
57.919028,5,4377.451036
58.430251,6,4377.615455
57.934771,5,4377.881376
56.471079,7,4378.15292
59.061913,6,4378.326334
59.048031,6,4378.515195
56.675642,7,4378.711115
57.9172,5,4378.843332
58.301416,6,4379.112563
57.564193,6,4379.283973
57.958166,5,4379.518616
58.94781,6,4379.724587
58.04262,6,4379.935401
58.009571,6,4380.190794
57.940262,5,4380.416672
58.972613,6,4380.62885
59.082574,6,4380.820199
57.949379,5,4381.080949
57.024549,7,4381.297892
56.696759,7,4381.638551
59.061534,6,4381.802898
56.906786,7,4382.173497
56.220646,7,4382.377158
57.955541,6,4382.530749
58.919914,6,4382.740736
57.184557,5,4383.07689
59.055815,6,4383.199013
56.126777,7,4383.530463
56.639247,7,4383.845273
57.948769,5,4384.117318
57.879569,5,4384.369841
57.318305,6,4384.518602
59.069722,6,4384.685874
58.515592,6,4384.876024
59.027302,6,4385.065374
57.906534,5,4385.419757
57.880626,5,4385.591047
57.85738,5,4385.948477
56.402028,7,4386.295306
57.944102,5,4386.639909
58.86833,6,4386.838678
56.655523,7,4387.203604
56.321344,7,4387.461019
59.084426,6,4387.638248
58.405389,6,4387.821154
59.051773,6,4387.942836
56.723492,7,4388.340019
58.816654,6,4388.518754
58.446173,6,4388.806417
57.917733,5,4389.128121
56.731602,7,4389.459009
57.41521,6,4389.822815
58.120083,6,4390.020794
57.955085,6,4390.162181
57.891411,6,4390.458894
-5.970724,6,4390.963317
56.767984,7,4391.18848
59.085023,6,4391.358186
59.075747,6,4391.528003
58.159683,6,4391.727736
58.703392,6,4391.977898
58.336898,6,4392.357105
56.599909,7,4392.542418
58.426643,6,4392.743222
57.948506,5,4392.997648
59.038686,6,4393.168957
56.346731,7,4393.382928
57.879714,6,4393.703382
56.613685,7,4393.909747
57.952566,5,4394.144317
58.02086,6,4394.348221
59.073472,6,4394.518534
56.118467,7,4394.70356
58.233189,6,4395.008773
56.683932,7,4395.206442
57.951568,6,4395.517132
58.284053,6,4395.663945
58.419342,6,4395.867963
57.940057,5,4396.233019
56.917234,7,4396.452596
59.063939,6,4396.610631
57.931245,5,4396.848874
56.669818,7,4397.075711
56.654699,7,4397.429222
58.452034,6,4397.637093
59.080408,6,4397.825099
57.338025,5,4398.176702
57.908524,6,4398.478373
56.770935,7,4398.828326
56.4126,7,4399.160111
57.936154,5,4399.402889
58.091543,6,4399.648955
56.620332,7,4399.869777
57.945751,5,4400.130376
58.290425,6,4400.295291
57.91501,5,4400.429848
57.871694,5,4400.684521
56.822451,7,4400.905924
56.790633,7,4401.243452
59.055427,6,4401.416398
58.18465,6,4401.693214
56.687545,7,4401.882577
59.069134,6,4402.064408
59.074493,6,4402.217548
58.547628,6,4402.431409
57.909543,6,4402.766969
57.93215,5,4403.037366
57.923386,5,4403.396431
58.100211,6,4403.719059
56.674947,7,4403.932899
57.854142,5,4404.256321
57.887092,5,4404.42604
57.930248,5,4404.657776
56.559442,7,4404.862367
56.232379,7,4405.132835
58.151567,6,4405.45903
58.920044,6,4405.637311
58.282669,6,4405.955614
57.929856,5,4406.194642
56.695965,7,4406.416247
57.929937,5,4406.750086
58.795313,6,4406.99775
58.130656,6,4407.267382
58.319143,6,4407.554868
56.645191,7,4407.750197
58.074021,6,4408.105555
56.827828,7,4408.435721
56.509306,7,4408.628244
57.936041,5,4408.871021
56.530082,7,4409.189059
57.792273,5,4409.473645
56.213778,7,4409.675094
58.641189,6,4409.92753
59.08094,6,4410.07584
56.871663,7,4410.28021
58.557031,6,4410.481094
57.86567,5,4410.710936
58.430142,6,4410.878687
57.93885,5,4411.121632
58.272178,6,4411.334178
57.901946,5,4411.496977
56.593766,7,4411.858871
57.866665,5,4411.988578
57.819755,5,4412.195721
56.432828,7,4412.545983
56.621025,7,4412.927773
57.935864,5,4413.301843
57.948309,5,4413.554321
58.426007,6,4413.841834
59.089396,6,4414.033119
59.062767,6,4414.213542
58.675416,6,4414.402101
58.282658,6,4414.670803
58.476453,6,4414.858322
56.730252,7,4415.070293
58.410962,6,4415.308421
57.846531,5,4415.462719
58.448475,6,4415.748743
57.921015,6,4415.904089
55.961315,7,4416.269933
56.381552,7,4416.638788
58.62512,6,4416.958167
56.694702,7,4417.310115
58.636719,6,4417.56815
56.751704,7,4417.787499
56.69067,7,4417.974493
57.92615,5,4418.215733
56.309015,7,4418.543584
58.88441,6,4418.74883
59.073418,6,4418.92054
59.059266,6,4419.083544
56.50396,7,4419.422086
58.151053,6,4419.60186
59.079807,6,4419.767455
57.94558,5,4420.161029
56.622147,7,4420.324269
59.096129,6,4420.512327
56.744064,7,4420.854697
59.053278,6,4421.031511
57.994685,6,4421.182048
57.923244,5,4421.530844
58.504473,6,4421.873827
57.896667,5,4422.225063
57.924024,5,4422.352801
58.61127,6,4422.558729
57.800628,5,4422.943321
57.929104,5,4423.346706
57.8879,5,4423.525068
58.924458,6,4423.726139
57.597194,6,4424.038037
56.088619,7,4424.304154
59.011487,6,4424.488076
56.056769,7,4424.757308
56.064576,7,4424.981202
58.037306,6,4425.320785
57.258211,5,4425.733735
56.276906,7,4425.969836
58.020407,6,4426.181124
59.057346,6,4426.330391
57.780143,5,4426.737495
59.019554,6,4426.938118
58.281371,6,4427.150049
57.935106,5,4427.498434
58.031856,6,4427.692359
57.917475,5,4427.86779
56.593605,7,4428.080779
56.329595,7,4428.393281
58.479405,6,4428.612767
58.095308,6,4428.863659
57.95188,5,4429.15499
58.188843,6,4429.349003
57.954203,5,4429.684015
56.063277,7,4430.023773
58.435773,6,4430.288454
56.652821,7,4430.651675
56.556936,7,4431.044014
58.301796,6,4431.394244
57.636233,5,4431.652181
56.789282,7,4431.873256
57.938582,5,4432.125362
59.056663,6,4432.313779
58.658037,6,4432.634639
-5.909666,6,4433.217866
57.924261,5,4433.459934
58.230345,6,4433.642621
58.939403,6,4433.768673
57.895659,6,4434.093601
56.759582,7,4434.465748
57.075762,7,4434.856516
59.084318,6,4435.043728
58.60017,6,4435.252933
58.51683,6,4435.473742
58.333052,6,4435.755011
58.624288,6,4435.964008
56.607508,7,4436.338622
59.087996,6,4436.515942
57.912945,5,4436.882541
58.964778,6,4437.058472
57.925192,5,4437.23206
58.776008,6,4437.46802
56.60317,7,4437.850268
58.671694,6,4438.048446
58.597139,6,4438.332236
58.032737,6,4438.512556
58.099067,6,4438.728545
57.950281,5,4438.898759
59.055005,6,4439.071126
57.948819,6,4439.258813
59.089738,6,4439.434886
58.568692,6,4439.765631
57.92556,5,4440.160175
56.188203,7,4440.373587
58.636438,6,4440.701125
59.075884,6,4440.882356
57.924302,5,4441.124209
57.807207,5,4441.389975
59.087007,6,4441.564888
58.891566,6,4441.729001
56.659913,7,4441.96651
58.84193,6,4442.159196
59.060465,6,4442.329939
57.928292,5,4442.586731
57.849547,5,4442.775728
58.991207,6,4443.014294
57.956028,6,4443.307209
58.814437,6,4443.496647
57.563411,5,4443.827803
58.81616,6,4443.955558
58.674406,6,4444.215327
57.276077,5,4444.577313
57.866093,5,4444.763092
56.726925,7,4444.976556
57.24539,5,4445.319916
58.398157,6,4445.538775
58.139554,6,4445.736238
57.949607,5,4445.952239
57.836482,5,4446.330864
58.865828,6,4446.510075
57.305734,5,4446.780308
58.981555,6,4446.981314
57.9406,5,4447.376878
57.909957,6,4447.69686
57.805714,5,4447.903466
58.089318,6,4448.078734
56.292717,7,4448.3004
56.282759,7,4448.614316
56.741071,7,4448.821902
57.932413,5,4449.212295
57.836612,5,4449.333928
57.91604,5,4449.70034
58.711938,6,4449.876057
58.443339,6,4450.040312
57.939556,6,4450.280923
56.408329,7,4450.490004
58.878098,6,4450.658324
56.60218,7,4451.02655
58.826068,6,4451.198875
58.349596,6,4451.366005
56.650168,7,4451.725818
56.136556,7,4451.928442
57.266042,5,4452.289974
58.233881,6,4452.492823
57.081101,7,4452.851198
59.050651,6,4453.04301
59.060209,6,4453.214377
58.670476,6,4453.421223
58.075076,6,4453.75005
56.785,7,4454.123732
58.403524,6,4454.462377
-13.754677,3,4454.558151
57.926666,6,4454.72239
57.930019,5,4454.902159
58.256881,6,4455.17116
57.947739,5,4455.547648
58.268818,6,4455.848539
56.642775,7,4456.218736
56.102699,7,4456.430385
59.036131,6,4456.535076
58.697331,6,4456.724838
58.40743,6,4456.941547
59.041627,6,4457.06736
56.578651,7,4457.378444
56.644407,7,4457.575352
59.074005,6,4457.76565
57.931225,5,4457.998525
57.923507,5,4458.246893
57.949853,5,4458.48625
58.041628,6,4458.685062
58.450841,6,4458.885368
58.239691,6,4459.080506
58.435919,6,4459.298698
56.378059,7,4459.669348
56.527171,7,4460.042534
59.044955,6,4460.22407
58.507434,6,4460.433607
56.601871,7,4460.782831
58.957866,6,4460.910029
58.989727,6,4461.248821
56.106758,7,4461.445738
58.266278,6,4461.615297
57.918301,5,4461.987192
58.356313,6,4462.321592
57.917857,5,4462.568784
58.932215,6,4462.783118
56.710011,7,4463.10019
59.067573,6,4463.261989
57.924114,5,4463.661244
58.327572,6,4463.877585
57.905446,5,4464.124307
58.851737,6,4464.331476
58.999406,6,4464.436622
56.697105,7,4464.796247
58.28756,6,4464.946562
57.906684,5,4465.124547
57.919943,5,4465.36834
58.824339,6,4465.562771
57.28369,5,4465.810602
57.273065,5,4465.959081
59.01801,6,4466.124906
56.516176,7,4466.46482
57.948266,5,4466.723522
58.418392,6,4467.043449
58.140471,6,4467.246495
56.629788,7,4467.445217
58.518901,6,4467.752747
58.876774,6,4468.069325
57.912264,5,4468.435624
59.037327,6,4468.650059
58.808635,6,4468.825795
57.907414,5,4468.957083
58.850149,6,4469.157214
57.92365,5,4469.515291
59.055693,6,4469.668988
57.919493,5,4470.042726
56.282114,7,4470.380703
58.966316,6,4470.57538
58.866705,6,4470.918231
57.919205,5,4471.101228
56.143509,7,4471.382552
57.914393,5,4471.730676
56.604537,7,4472.0758
57.922483,5,4472.32839
56.738133,7,4472.727593
57.944958,5,4473.042523
57.898519,5,4473.295992
55.998235,7,4473.661364
57.915486,5,4474.064926
58.447284,6,4474.282279
57.946185,5,4474.53476
58.415756,6,4474.744734
56.332211,7,4474.963995
57.940555,5,4475.210802
57.263728,5,4475.410127
58.091554,6,4475.618094
57.94993,5,4475.970087
57.927079,5,4476.357877
56.077005,7,4476.61942
58.925274,6,4476.83274
59.08396,6,4477.030917
58.854305,6,4477.220911
59.03905,6,4477.428756
57.920986,5,4477.64013
58.943298,6,4477.829084
56.455442,7,4478.068325
58.587441,6,4478.266037
57.941942,5,4478.671096
58.084181,6,4478.837618
57.123262,5,4479.023034
58.375672,6,4479.187013
57.898007,5,4479.573882
57.886456,5,4479.770326
59.02242,6,4479.893186
56.635459,7,4480.105405
56.724756,7,4480.459971
59.06676,6,4480.632039
57.937254,5,4480.862986
56.650721,7,4481.081322
58.930331,6,4481.200304
56.626394,7,4481.396542
57.910092,5,4481.633958
57.423266,6,4481.828521
57.867473,6,4482.03529
58.270016,6,4482.272378
56.128977,7,4482.473171
59.066823,6,4482.632558
56.698575,7,4482.824252
58.78485,6,4482.984149
56.888862,7,4483.37909
56.586569,7,4483.593715
58.399157,6,4483.912279
56.86493,7,4484.121226
57.937212,6,4484.270417
59.060118,6,4484.435828
57.922059,5,4484.800816
58.351989,6,4485.120899
59.048489,6,4485.290062
58.877256,6,4485.485684
56.83865,7,4485.891433
56.527449,7,4486.254052
59.067391,6,4486.404516
56.642086,7,4486.624854
57.384211,6,4486.905022
57.761772,5,4487.082247
58.622142,6,4487.384858
59.067323,6,4487.548087
58.932363,6,4487.73018
58.55826,6,4487.949062
59.084606,6,4488.145606
57.885799,5,4488.412797
58.097403,6,4488.621813
59.072794,6,4488.791421
58.094095,6,4488.987237
58.358208,6,4489.169384
57.839658,5,4489.41394
59.075573,6,4489.604323
56.664445,7,4489.807445
57.262068,5,4490.123212
57.868509,6,4490.300833
59.034574,6,4490.461111
59.077268,6,4490.641446
56.768798,7,4490.848559
57.927673,5,4491.105644
56.813214,7,4491.273973
59.076492,6,4491.453756
57.903143,6,4491.732464
57.923988,5,4492.030131
58.466379,6,4492.20104
57.894342,6,4492.382471
57.269591,6,4492.768111
56.674234,7,4493.127333
56.636366,7,4493.486402
57.973035,6,4493.872526
57.943112,5,4494.129137
58.591596,6,4494.337026
58.219159,6,4494.486479
58.227277,6,4494.782946
56.667604,7,4494.993015
58.997145,6,4495.213407
58.024218,6,4495.503923
57.94075,5,4495.846095
59.078307,6,4496.040489
59.076923,6,4496.240067
59.066344,6,4496.444048
59.074362,6,4496.588047
56.703529,7,4496.808702
57.900484,5,4497.170347
56.044967,7,4497.388552
58.497781,6,4497.600217
57.830456,5,4497.763675
58.352354,6,4498.073185
59.08481,6,4498.247466
57.921236,5,4498.405123
56.40438,7,4498.694397
58.079128,6,4499.052896
57.486412,6,4499.379024
58.926214,6,4499.603616
57.949622,5,4499.978287
58.233167,6,4500.274124
58.429331,6,4500.641253
59.085903,6,4500.823513
56.652251,7,4501.222413
58.335771,6,4501.413745
57.88711,5,4501.648528
58.183846,6,4501.884285
57.987433,6,4502.095031
58.306535,6,4502.406289
58.33037,6,4502.632465
56.286927,7,4503.00877
57.265282,5,4503.394755
58.857177,6,4503.606222
58.036236,6,4503.795899
58.252511,6,4503.993298
57.924142,5,4504.365355
58.823767,6,4504.514584
58.030167,6,4504.85634
55.999074,7,4505.131518
57.94072,5,4505.310519
58.334557,6,4505.506042
58.473545,6,4505.695336
57.902751,5,4505.91522
56.078721,7,4506.299371
56.566248,7,4506.529382
-6.898971,6,4507.037536
58.926218,6,4507.252195
57.928363,5,4507.418996
58.861187,6,4507.720208
58.343903,6,4508.054845
59.073848,6,4508.206819
57.889692,6,4508.410161
59.013071,6,4508.626547
58.548974,6,4508.942047
58.933764,6,4509.135268
57.917578,5,4509.39412
57.935369,5,4509.647667
59.069901,6,4509.844432
59.0835,6,4510.02635
57.969677,6,4510.226545
57.945957,5,4510.714729
56.570783,7,4511.088043
58.007108,6,4511.417554
59.084828,6,4511.583895
57.93929,5,4511.94452
58.740286,6,4512.142109
56.342371,7,4512.367168
58.705567,6,4512.589204
57.892217,5,4512.850424
56.594471,7,4513.078916
58.3873,6,4513.274103
56.286886,7,4513.643684
57.91293,5,4513.850597
58.094228,6,4513.991342
58.104476,6,4514.33843
58.382069,6,4514.640333
58.384141,6,4514.990309
58.920487,6,4515.249473
56.537348,7,4515.455676
56.049149,7,4515.733371
59.082677,6,4515.908301
56.707451,7,4516.126521
58.01426,6,4516.291734
58.882738,6,4516.466762
58.61241,6,4516.690555
58.522347,6,4516.906713
57.939463,5,4517.237076
58.158291,6,4517.435607
58.145167,6,4517.633219
56.380575,7,4517.973458
58.128147,6,4518.088249
58.449123,6,4518.396068
58.777575,6,4518.58142
58.489111,6,4518.806176
58.497878,6,4519.093493
56.565854,7,4519.378563
58.284911,6,4519.533942
57.934113,5,4519.788465
58.106407,6,4519.934757
57.800512,5,4520.063036
59.048206,6,4520.190318
58.090102,6,4520.536872
58.596724,6,4520.84839
59.040634,6,4520.958544
58.173516,6,4521.089237
59.07343,6,4521.276486
58.113325,6,4521.572366
58.39759,6,4521.773659
56.262602,7,4521.998355
57.906015,5,4522.180892
57.931384,5,4522.400271
57.948424,5,4522.752484
55.972675,7,4522.971291
59.037362,6,4523.100968
59.069552,6,4523.250603
58.496676,6,4523.473403
58.429055,6,4523.747799
57.903368,5,4523.884275
59.062849,6,4524.080786
56.437605,7,4524.425072
58.34365,6,4524.576944
57.911943,5,4524.80813
58.229827,6,4525.151231
57.943188,5,4525.373094
59.085752,6,4525.565745
56.330106,7,4525.852667
58.198588,6,4526.050985
57.266001,5,4526.45868
58.414658,6,4526.724517
59.049415,6,4526.918403
58.705208,6,4527.128821
57.303053,6,4527.319172
57.943313,5,4527.543683
58.289881,6,4527.741345
58.845892,6,4527.866623
56.557353,7,4528.283088
57.257616,5,4528.539713
57.944756,5,4528.770908
56.543937,7,4528.998813
57.931331,5,4529.324547
58.625852,6,4529.583521
57.95101,5,4529.786395
55.914702,7,4530.159204
57.952751,5,4530.410297
57.951748,5,4530.636682
58.239871,6,4530.943205
57.834157,5,4531.23602
59.020895,6,4531.364728
56.603031,7,4531.580711
57.914887,5,4531.71304
59.066437,6,4531.877582
57.944831,5,4532.237139
57.608581,6,4532.454077
56.624994,7,4532.848213
56.074399,7,4533.072807
58.960998,6,4533.193386
56.113961,7,4533.415214
58.39852,6,4533.68898
56.139908,7,4533.896163
59.074534,6,4534.067769
56.182931,7,4534.408101
58.469882,6,4534.720169
57.866812,5,4534.988772
58.999277,6,4535.182605
59.084563,6,4535.372539
58.896755,6,4535.563726
57.889364,5,4535.796721
56.878419,7,4536.176759
58.918073,6,4536.3902
56.713156,7,4536.750306
57.939594,5,4537.07576
57.945735,5,4537.268632
58.381503,6,4537.480233
56.607548,7,4537.71279
57.939094,5,4537.888776
57.8927,5,4538.223449
56.734047,7,4538.578316
58.375929,6,4538.934212
56.225041,7,4539.12317
56.694201,7,4539.343877
57.304834,5,4539.598968
57.945252,5,4539.945029
58.765711,6,4540.157497
57.938275,5,4540.329462
59.016308,6,4540.513773
58.262768,6,4540.725169
58.180485,6,4540.933548
57.527402,5,4541.238725
58.289102,6,4541.497268
57.884305,5,4541.672584
59.065032,6,4541.838475
58.876713,6,4542.142267
59.039001,6,4542.26453
56.246297,7,4542.484567
56.754689,7,4542.6725
59.022866,6,4542.798041
59.062198,6,4542.983862
58.852969,6,4543.108046
59.085099,6,4543.310591
59.0378,6,4543.476999
58.221281,6,4543.647403
57.202416,5,4543.837169
58.988261,6,4543.94953
59.063541,6,4544.122024
58.982551,6,4544.248346
57.681597,5,4544.553959
58.402119,6,4544.875561
56.481719,7,4545.226687
58.548655,6,4545.441918
59.045128,6,4545.617125
56.820595,7,4545.821192
57.240834,5,4546.04726
58.928586,6,4546.214655
57.95151,6,4546.580307
56.719008,7,4546.905594
56.494492,7,4547.236759
59.068842,6,4547.401625
58.921903,6,4547.565868
58.84827,6,4547.753579
56.708557,7,4548.120849
57.791239,5,4548.383008
56.634983,7,4548.701624
56.410763,7,4548.903683
57.921939,5,4549.044951
56.26112,7,4549.428898
56.677352,7,4549.653899
56.640304,7,4550.017459
59.081515,6,4550.198864
58.911123,6,4550.395785
58.279895,6,4550.605845
58.651954,6,4550.789175
57.918122,5,4551.021223
56.142518,7,4551.42599
58.479614,6,4551.748232
58.912511,6,4551.933276
59.076881,6,4552.114946
59.064109,6,4552.301349
56.310855,7,4552.522266
58.453719,6,4552.79072
57.921271,5,4553.139539
58.317099,6,4553.493356
58.484651,6,4553.875903
57.935874,5,4554.212966
57.93576,5,4554.383585
58.128546,6,4554.723445
57.895806,5,4554.953473
59.060361,6,4555.121597
59.003567,6,4555.384844
57.895177,5,4555.51775
58.919408,6,4555.645934
55.941897,7,4556.01767
59.069111,6,4556.180503
58.221115,6,4556.500806
59.064909,6,4556.664174
58.046282,6,4556.825135
59.017508,6,4557.026839
56.652391,7,4557.227467
56.657747,7,4557.441245
58.455199,6,4557.660653
56.207811,7,4557.888334
56.697553,7,4558.211472
59.049627,6,4558.340374
58.94102,6,4558.448999
58.249565,6,4558.63457
56.435316,7,4558.955174
57.904771,5,4559.328979
56.735021,7,4559.5394
58.240873,6,4559.71273
56.611528,7,4560.047647
56.336837,7,4560.267521
56.330774,7,4560.629635
56.439934,7,4560.970562
57.941557,5,4561.208111
57.263518,5,4561.460968
57.91959,5,4561.703213
59.076679,6,4561.894027
57.917361,5,4562.140405
58.34072,6,4562.347767
58.973866,6,4562.536723
56.702654,7,4562.772854
59.087737,6,4562.973832
56.846533,7,4563.188301
57.959507,5,4563.400277
58.296185,6,4563.650335
56.675911,7,4563.990531
56.815244,7,4564.370407
56.35077,7,4564.729596
58.175969,6,4564.927543
57.296897,5,4565.335772
58.922646,6,4565.530473
57.929601,6,4565.685723
58.333382,6,4565.840432
57.925538,5,4566.182486
57.857389,5,4566.419055
56.67954,7,4566.791435
57.942017,5,4567.053221
58.976392,6,4567.253469
58.017669,6,4567.428029
59.069557,6,4567.578345
58.069306,6,4567.867028
58.246339,6,4568.075082
57.921247,5,4568.196931
57.943238,5,4568.550236
57.99184,6,4568.852153
57.939428,5,4569.231176
57.955651,5,4569.568238
57.897197,5,4569.948707
58.928455,6,4570.13876
59.072986,6,4570.31799
56.262205,7,4570.531708
56.615816,7,4570.717517
57.926913,5,4571.037027
58.351632,6,4571.236897
56.272545,7,4571.600397
59.073431,6,4571.788502
57.905682,5,4572.141363
58.980196,6,4572.273924
56.724359,7,4572.5072
56.413136,7,4572.853142
57.942464,5,4573.106449
59.079026,6,4573.283545
58.538233,6,4573.616379
57.320179,5,4573.867059
57.862223,5,4574.225724
58.529773,6,4574.440992
57.907839,5,4574.592318
57.886143,5,4574.766585
58.325972,6,4575.055183
57.916496,5,4575.171143
59.063676,6,4575.341489
59.067834,6,4575.483329
57.918422,5,4575.704223
56.779196,7,4576.093477
56.473846,7,4576.299451
57.935057,5,4576.544167
57.928037,5,4576.900356
58.565497,6,4577.116222
56.234554,7,4577.316338
58.83134,6,4577.504044
57.949493,5,4577.741532
58.942673,6,4577.906812
59.084799,6,4578.102471
58.011622,6,4578.366911
59.065902,6,4578.584169
56.072934,7,4578.82474
56.441566,7,4579.227992
58.925666,6,4579.422317
58.517052,6,4579.704914
58.408782,6,4579.906957
57.9497,5,4580.310634
57.734017,5,4580.494779
56.196665,7,4580.720347
58.736804,6,4580.908706
58.61933,6,4581.107229
57.954445,5,4581.42199
56.643638,7,4581.637862
57.876952,6,4582.018825
57.946129,5,4582.318274
57.922539,6,4582.473662
56.995276,7,4582.859339
57.918443,5,4583.104154
57.908298,5,4583.322505
58.31678,6,4583.680564
58.165854,6,4584.02115
57.9932,6,4584.163384
57.929006,5,4584.466499
56.7448,7,4584.721468
56.703421,7,4585.10027
56.648361,7,4585.344497
57.887053,6,4585.682871
56.395306,7,4586.071579
58.14273,6,4586.256831
58.955025,6,4586.464689
57.98909,6,4586.721928
56.477892,7,4586.921491
58.439361,6,4587.236285
58.744911,6,4587.49468
56.268667,7,4587.703807
57.936673,5,4588.102883
59.023474,6,4588.293673
58.745633,6,4588.498037
58.192143,6,4588.690454
58.386413,6,4589.015963
56.308046,7,4589.251532
56.247815,7,4589.637904
55.768026,7,4589.982069
58.007266,6,4590.148934
57.803733,5,4590.434145
58.528752,6,4590.652872
57.92893,5,4590.792134
58.334438,6,4591.129289
56.511988,7,4591.478769
58.030032,6,4591.655052
58.128638,6,4591.966508
58.894699,6,4592.089685
59.052715,6,4592.251159
59.076736,6,4592.428872
58.027912,6,4592.643622
56.380844,7,4592.87786
57.931562,5,4593.357831
58.195016,6,4593.556737
58.252852,6,4593.773118
59.067916,6,4593.931095
57.916701,5,4594.188885
56.074239,7,4594.481838
57.901846,5,4594.843312
56.418831,7,4595.067349
58.417943,6,4595.298809
57.952295,5,4595.667377
58.288148,6,4595.800713
59.09459,6,4596.002417
58.045527,6,4596.199154
59.078234,6,4596.392675
56.65968,7,4596.596459
58.930603,6,4596.779617
56.560086,7,4597.176755
57.927549,5,4597.366133
58.163854,6,4597.676883
56.293321,7,4598.063033
57.615813,6,4598.318181
58.677737,6,4598.626008
58.043682,6,4598.847931
59.069119,6,4599.036286
58.817188,6,4599.153001
56.67777,7,4599.500874
58.366827,6,4599.709195
57.906015,5,4599.859376
58.30414,6,4600.090464
57.905495,5,4600.266319
58.810559,6,4600.579748
58.160339,6,4600.738727
58.394218,6,4600.912838
58.048725,6,4601.12655
58.8546,6,4601.305938
58.340236,6,4601.543628
56.518049,7,4601.759704
58.782602,6,4601.967587
57.792208,5,4602.359554
56.118146,7,4602.577755
56.322086,7,4602.857706
58.008055,6,4602.997554
58.812187,6,4603.164384
56.195003,7,4603.342815
58.829789,6,4603.465964
58.200886,6,4603.6092
57.991316,6,4603.801016
57.238042,5,4604.037341
59.083264,6,4604.198223
58.780011,6,4604.504419
56.231639,7,4604.775532
57.75026,5,4605.03748
59.07026,6,4605.206828
56.183275,7,4605.547782
57.949605,5,4605.902427
57.929012,5,4606.152102
56.639788,7,4606.495169
57.953497,5,4606.847442
59.076417,6,4607.019724
58.199301,6,4607.151645
57.94184,5,4607.394521
56.535476,7,4607.607418
57.93855,5,4607.858336
57.946067,5,4608.10724
56.576916,7,4608.442992
-8.538028,5,4608.590356
57.925511,5,4608.962548
59.076933,6,4609.135804
57.883042,5,4609.519559
59.077036,6,4609.712658
58.50446,6,4609.908338
57.929866,5,4610.328629
57.317031,5,4610.540575
59.068217,6,4610.730726
58.042243,6,4610.8705
56.753844,7,4611.23315
57.931212,5,4611.612396
57.944389,5,4611.875532
56.608989,7,4612.23885
57.943423,5,4612.513497
58.194302,6,4612.729085
57.924703,5,4613.093341
57.942906,5,4613.300474
58.483679,6,4613.526671
57.997804,6,4613.726576
59.08893,6,4613.9035
58.475127,6,4614.151603
56.547793,7,4614.545613
56.526593,7,4614.77262
58.768554,6,4615.073406
58.571955,6,4615.395219
58.681928,6,4615.713516
57.939402,5,4615.935407
56.506283,7,4616.221222
57.931252,5,4616.470718
57.944214,5,4616.812607
59.090041,6,4617.003915
59.083,6,4617.196504
56.072574,7,4617.434029
57.931119,5,4617.809199
56.486668,7,4618.153577
58.752189,6,4618.317016
57.945631,5,4618.700311
58.632188,6,4618.912983
57.927915,5,4619.152427
57.951427,5,4619.378146
57.919686,5,4619.645182
59.0411,6,4619.847347
-7.508486,6,4620.331816
57.891624,6,4620.616246
56.624359,7,4621.025529
57.782077,5,4621.381902
56.568127,7,4621.61186
56.060571,7,4621.825375
58.905657,6,4622.15392
59.073162,6,4622.336708
58.144258,6,4622.595883
58.986361,6,4622.800558
59.07648,6,4622.967975
56.645577,7,4623.157396
59.051698,6,4623.328416
57.944642,5,4623.703163
58.15469,6,4623.909248
55.83041,7,4624.222361
58.74583,6,4624.563607
59.071928,6,4624.7227
58.136666,6,4624.867775
57.916943,5,4625.114253
57.953163,5,4625.49056
56.591456,7,4625.7927
58.042024,6,4626.046225
59.058825,6,4626.208512
57.894055,5,4626.318326
57.904801,5,4626.439332
58.683817,6,4626.779175
56.27474,7,4626.98403
58.947647,6,4627.313977
57.948668,5,4627.543332
56.208381,7,4627.893734
57.8189,5,4628.184019
56.63382,7,4628.522431
57.929146,5,4628.66762
58.564946,6,4628.878053
56.412543,7,4629.220403
56.072702,7,4629.406163
56.645069,7,4629.606272
58.984003,6,4629.791249
57.782664,5,4630.113368
59.058924,6,4630.295826
58.202513,6,4630.570793
58.649614,6,4630.874979
57.885377,5,4631.228291
56.783809,7,4631.450711
57.887608,5,4631.823087
56.538359,7,4632.023583
58.766619,6,4632.34907
56.359556,7,4632.558568
57.922102,5,4632.796045
56.394288,7,4632.982373
57.908905,5,4633.295002
59.072223,6,4633.468598
56.684336,7,4633.667758
56.545923,7,4633.896509
58.500615,6,4634.209288
57.735571,6,4634.397585
58.956863,6,4634.669346
57.873544,5,4634.920398
57.922958,5,4635.150615
59.037233,6,4635.329357
57.932598,5,4635.49445
59.071429,6,4635.655338
55.99265,7,4635.957783
59.083307,6,4636.13118
59.088957,6,4636.298481
56.402158,7,4636.631264
57.27606,6,4636.777162
59.071577,6,4636.897467
57.952499,6,4637.147082
58.392871,6,4637.297223
57.879563,5,4637.456231
58.581813,6,4637.775418
57.921252,5,4638.121059
57.952708,5,4638.381831
56.006795,7,4638.585165
57.932985,5,4638.819318
58.368352,6,4639.152878
56.171781,7,4639.527753
56.841715,7,4639.700623
56.973293,7,4640.090778
58.323495,6,4640.300785
58.189994,6,4640.506675
57.945615,5,4640.742697
57.947527,5,4640.96924
58.491655,6,4641.293595
58.55014,6,4641.488442
57.913279,5,4641.864671
57.915496,5,4642.136124
57.901174,5,4642.373513
58.948823,6,4642.562913
57.938641,5,4642.911757
57.955826,6,4643.076564
57.85786,6,4643.434881
56.74271,7,4643.62272
58.533971,6,4643.858711
58.672341,6,4644.032162
56.519768,7,4644.23904
58.305808,6,4644.421451
58.573405,6,4644.681879
56.205726,7,4644.883203
58.209924,6,4645.064093
57.920781,5,4645.389212
57.899671,6,4645.574379
58.497998,6,4645.786163
56.566138,7,4645.998076
58.642726,6,4646.207538
59.074096,6,4646.370818
59.068076,6,4646.536353
58.874509,6,4646.65052
56.31304,7,4646.841648
58.49645,6,4647.032767
57.934501,5,4647.387882
59.075568,6,4647.549664
59.088375,6,4647.730824
56.434041,7,4648.096455
58.43694,6,4648.286737
59.084572,6,4648.448997
57.913409,5,4648.816478
57.88436,5,4648.973769
58.009122,6,4649.286551
58.996085,6,4649.414886
58.206195,6,4649.574612
58.319365,6,4649.866565
59.07154,6,4650.035322
58.476889,6,4650.228909
56.626136,7,4650.59718
57.956672,5,4650.831847
58.457548,6,4651.110721
59.072989,6,4651.276779
57.934368,5,4651.626787
58.031623,6,4651.786029
58.285468,6,4651.961446
56.376546,7,4652.16686
58.081104,6,4652.344146
56.625574,7,4652.573981
57.883333,6,4652.776731
58.937825,6,4652.921091
57.915801,5,4653.15914
56.620253,7,4653.410964
58.513235,6,4653.659839
56.621806,7,4653.991243
56.364905,7,4654.202265
58.384089,6,4654.424818
59.068768,6,4654.625956
57.933556,6,4654.857418
-5.908862,6,4655.460505
58.213534,6,4655.854161
57.914887,5,4655.999017
58.164076,6,4656.170649
56.074579,7,4656.452698
57.943494,5,4656.724738
57.905529,5,4657.096426
56.758714,7,4657.50659
56.286617,7,4657.73649
57.836851,5,4658.091609
59.032457,6,4658.215234
57.913591,5,4658.565813
57.927473,5,4658.844253
59.09248,6,4659.056235
58.960024,6,4659.252548
59.074012,6,4659.43801
57.920368,5,4659.695859
57.860543,6,4659.976716
58.203591,6,4660.175557
58.272294,6,4660.341059
58.079618,6,4660.666025
58.616678,6,4660.989871
58.295684,6,4661.173849
59.051288,6,4661.354576
57.945306,5,4661.601909
57.918822,5,4661.864545
59.065169,6,4662.05107
59.083006,6,4662.257011
58.012803,6,4662.454149
58.859796,6,4662.578417
58.156974,6,4662.894064
57.95066,5,4663.124723
59.07471,6,4663.323821
58.239811,6,4663.477777
58.325503,6,4663.69172
57.945775,5,4663.936874
59.074624,6,4664.109763
56.321946,7,4664.326545
58.348156,6,4664.540445
57.937416,5,4664.903103
56.420779,7,4665.17347
-5.90658,6,4666.014919
57.932274,5,4666.278808
58.150962,6,4666.48891
56.264576,7,4666.70074
58.404595,6,4666.879039
56.639053,7,4667.111865
59.060793,6,4667.287142
56.215299,7,4667.674278
56.660058,7,4667.89595
59.078252,6,4668.049668
57.765135,5,4668.325643
-8.616556,7,4668.810804
58.777194,6,4668.95962
56.141757,7,4669.14991
57.950611,5,4669.517884
58.512808,6,4669.849072
55.848983,7,4670.214556
56.652095,7,4670.570624
56.861536,7,4670.759621
56.615805,7,4671.12869
57.890504,5,4671.30047
58.61025,6,4671.501121
58.389806,6,4671.723509
59.080043,6,4671.921761
57.882629,5,4672.178356
58.688519,6,4672.393003
58.015032,6,4672.561026
57.915767,5,4672.712487
58.535367,6,4672.916899
56.983693,7,4673.129672
56.731421,7,4673.331527
59.006316,6,4673.456317
58.67999,6,4673.65716
59.069732,6,4673.813512
58.448009,6,4674.02732
57.915642,5,4674.167803
59.07149,6,4674.346887
58.392643,6,4674.667622
56.533329,7,4674.970628
57.872394,5,4675.217641
59.071622,6,4675.386957
56.523469,7,4675.613354
58.328458,6,4675.804699
58.443333,6,4676.169646
59.056029,6,4676.354616
57.871261,5,4676.703146
58.061774,6,4676.903404
58.976897,6,4677.095175
57.939833,5,4677.336121
58.129732,6,4677.54169
57.920024,5,4677.907323
56.974271,7,4678.117267
58.591338,6,4678.304061
58.515527,6,4678.512864
59.034271,6,4678.702924
58.519627,6,4678.89434
56.645727,7,4679.099303
57.948397,5,4679.419103
58.545889,6,4679.623163
59.069076,6,4679.799268
57.942871,5,4680.034525
58.592586,6,4680.258268
59.077561,6,4680.437083
57.945016,5,4680.658193
58.146119,6,4680.84601
58.24486,6,4681.030986
58.850419,6,4681.240773
57.14201,5,4681.360675
59.06693,6,4681.543436
57.943218,5,4681.896916
56.63241,7,4682.103218
58.101914,6,4682.284061
57.738147,5,4682.644052
58.369323,6,4682.871027
59.003067,6,4682.997885
58.976455,6,4683.125087
57.952937,5,4683.56312
56.06907,7,4683.748937
58.336318,6,4684.1326
57.950905,5,4684.427064
58.308655,6,4684.571846
58.452604,6,4684.72768
57.952683,5,4684.954664
57.958082,5,4685.169502
56.865471,7,4685.52576
58.940609,6,4685.708169
57.747019,5,4686.078912
56.327397,7,4686.286503
58.978259,6,4686.446049
58.192454,6,4686.636492
56.174548,7,4686.971168
56.674247,7,4687.153487
58.948809,6,4687.340824
57.951787,6,4687.540891
58.430112,6,4687.71454
58.529161,6,4688.03829
57.941827,5,4688.409273
57.919862,5,4688.728674
59.06583,6,4688.901197
57.910454,5,4689.269167
56.637981,7,4689.595726
57.862936,5,4689.733587
58.075906,6,4689.86339
58.254664,6,4689.991257
59.046546,6,4690.142042
57.613089,5,4690.435155
57.946317,5,4690.793101
59.02018,6,4691.105639
58.998015,6,4691.252977
58.125138,6,4691.535591
56.538812,7,4691.718301
58.421223,6,4691.922776
58.008799,6,4692.224354
58.884274,6,4692.343946
58.899292,6,4692.532527
59.068512,6,4692.6912
56.729001,7,4692.895231
58.243887,6,4693.084072
59.058686,6,4693.237614
58.81204,6,4693.445193
56.963414,7,4693.626626
56.693984,7,4694.010511
58.935924,6,4694.1889
56.641151,7,4694.386543
59.090497,6,4694.561231
59.083636,6,4694.718509
59.073015,6,4694.867878
58.098082,6,4695.151346
58.883147,6,4695.342202
56.652397,7,4695.694005
56.583856,7,4695.884794
59.077923,6,4696.056967
58.068147,6,4696.251682
58.301157,6,4696.633527
57.921965,5,4696.868114
58.151266,6,4697.014848
57.950009,5,4697.190784
56.549814,7,4697.539889
58.206809,6,4697.749701
58.118772,6,4697.949194
58.639026,6,4698.253951
58.262671,6,4698.463447
56.204081,7,4698.826161
56.084255,7,4699.188039
58.390839,6,4699.495945
59.073357,6,4699.665947
56.228055,7,4699.919046
58.020487,6,4700.063842
59.007747,6,4700.196232
59.054611,6,4700.382596
59.050621,6,4700.567446
58.311037,6,4700.722301
58.398349,6,4700.893743
58.006389,6,4701.173039
56.528988,7,4701.492538
57.921733,5,4701.654036
58.394166,6,4701.931628
59.078606,6,4702.124205
58.315221,6,4702.282059
56.607381,7,4702.503999
57.955326,5,4702.758958
58.33443,6,4702.946329
58.942211,6,4703.111493
59.060555,6,4703.264323
59.063448,6,4703.434548
56.470065,7,4703.629952
56.252435,7,4703.906891
57.88435,5,4704.196007
57.924955,5,4704.333929
56.724163,7,4704.560675
56.54367,7,4704.769673
59.058608,6,4704.93568
59.044648,6,4705.114875
57.919226,5,4705.483525
59.084785,6,4705.678061
58.628831,6,4705.894116
57.903301,5,4706.14821
58.317096,6,4706.407806
58.650689,6,4706.747
59.076534,6,4706.9366
59.069076,6,4707.118454
57.954271,5,4707.37991
56.314684,7,4707.67325
57.895101,5,4708.06421
58.005319,6,4708.35793
59.073589,6,4708.52442
57.755404,5,4708.86975
56.209781,7,4709.074563
58.644916,6,4709.382904
58.989546,6,4709.560828
59.087168,6,4709.749275
59.060781,6,4709.92059
58.011003,6,4710.153215
57.927407,5,4710.398737
57.89728,5,4710.523136
57.908643,5,4710.893563
56.73398,7,4711.249434
58.537756,6,4711.565009
57.872362,5,4711.839187
57.288487,5,4712.055687
-13.769092,3,4712.143387
57.863312,5,4712.434468
58.252096,6,4712.598572
56.642039,7,4712.921183
57.944098,5,4713.254177
57.750475,5,4713.603037
59.035852,6,4713.7823
58.098588,6,4714.037806
58.080376,6,4714.247755
56.548105,7,4714.57409
59.076784,6,4714.750826
57.949129,5,4714.908684
58.713522,6,4715.092954
57.947326,5,4715.452737
57.950123,5,4715.78841
58.568287,6,4715.99966
59.054086,6,4716.163152
58.071259,6,4716.349922
57.911085,5,4716.714534
56.654763,7,4716.940942
59.073609,6,4717.136528
56.493449,7,4717.363874
59.090442,6,4717.541196
58.409773,6,4717.71654
57.909179,5,4718.070918
58.502809,6,4718.398513
58.057149,6,4718.596421
57.937836,5,4718.959297
57.910034,5,4719.327811
58.229199,6,4719.535452
57.915529,6,4719.7455
58.682998,6,4719.959533
56.412042,7,4720.151701
57.885709,5,4720.360052
58.672083,6,4720.551623
57.835598,5,4720.917137
58.079326,6,4721.12097
58.216705,6,4721.400809
57.957695,5,4721.741071
56.236358,7,4722.100707
57.890292,5,4722.432747
59.089357,6,4722.609558
56.360631,7,4722.803349
58.5472,6,4723.008038
56.713414,7,4723.288944
57.998609,6,4723.436839
56.631919,7,4723.823106
58.621139,6,4724.043925
57.843405,6,4724.352469
57.883664,5,4724.480779
57.941938,5,4724.785915
58.992147,6,4724.968769
58.341023,6,4725.300673
58.943944,6,4725.42765
56.329597,7,4725.654224
57.918516,5,4726.024707
57.916476,5,4726.233195
58.938804,6,4726.420622
58.043482,6,4726.66492
57.918877,5,4727.019238
57.906573,5,4727.379016
57.830406,5,4727.529221
57.987525,6,4727.836267
58.081299,6,4728.090702
58.646238,6,4728.26601
59.062085,6,4728.45322
59.077747,6,4728.634731
55.913061,7,4728.854533
57.948594,5,4729.097074
59.074435,6,4729.230963
57.924642,5,4729.601234
58.093847,6,4729.881789
57.918303,5,4730.255797
59.038258,6,4730.382999
58.291781,6,4730.753612
59.048999,6,4730.925735
57.944206,5,4731.29072
57.91511,5,4731.567462
59.054136,6,4731.757924
59.065377,6,4731.938519
56.69731,7,4732.193612
58.083579,6,4732.490837
58.918332,6,4732.882747
59.060537,6,4733.091683
58.54519,6,4733.306433
59.068032,6,4733.516245
56.514557,7,4733.741928
58.712723,6,4734.05858
57.831926,5,4734.454755
57.796912,5,4734.870898
58.050628,6,4735.048149
59.051168,6,4735.224349
56.020264,7,4735.491906
56.350609,7,4735.719734
58.550859,6,4735.885839
58.606732,6,4736.247378
57.985607,6,4736.427397
58.966066,6,4736.618121
57.929589,5,4736.795714
-6.553678,6,4737.136721
57.942843,5,4737.518006
58.58546,6,4737.725139
58.55094,6,4737.934483
57.463228,5,4738.156512
56.77216,7,4738.482049
59.011163,6,4738.628316
56.577726,7,4738.954389
57.245438,5,4739.223927
57.944536,5,4739.471085
59.084952,6,4739.656999
58.000815,6,4739.903181
57.88988,5,4740.078015
58.122486,6,4740.284693
58.315957,6,4740.498562
58.759536,6,4740.638531
57.9378,5,4740.897844
57.996904,6,4741.214782
57.893397,5,4741.341669
59.059795,6,4741.519561
56.586519,7,4741.755891
59.082006,6,4741.962108
56.294609,7,4742.179018
57.872215,5,4742.365751
57.920579,5,4742.645951
59.074674,6,4742.82198
59.070046,6,4742.993999
56.349863,7,4743.210736
57.928739,5,4743.610018
56.571624,7,4743.851605
58.545081,6,4744.005644
57.949851,5,4744.368329
58.892511,6,4744.597468
56.669895,7,4744.955197
57.918608,5,4745.294478
58.315596,6,4745.599513
56.761546,7,4745.821169
55.579397,7,4746.050829
57.936219,5,4746.359242
59.077612,6,4746.545087
57.935857,5,4746.804762
58.102854,6,4747.133816
57.934097,5,4747.269712
56.918094,6,4747.535263
57.798037,6,4747.858545
57.956068,6,4748.010868
56.750257,7,4748.377196
58.090452,6,4748.58256
58.240815,6,4748.798084
58.21088,6,4748.994138
58.640019,6,4749.223097
56.400511,7,4749.457689
57.882544,5,4749.79694
57.948101,5,4750.057956
57.865075,5,4750.23417
57.931109,5,4750.410699
58.388937,6,4750.728738
57.94454,6,4750.882118
59.093534,6,4751.056906
58.622988,6,4751.298996
57.926614,5,4751.426047
59.07792,6,4751.599474
59.090964,6,4751.769953
58.491307,6,4751.962929
58.99411,6,4752.146261
58.42795,6,4752.44407
57.932359,5,4752.616629
58.568169,6,4752.77768
59.068087,6,4752.878247
55.981772,7,4753.144267
58.186132,6,4753.266011
58.19481,6,4753.552268
56.865891,7,4753.860848
57.947174,5,4754.096362
58.817774,6,4754.224963
56.478773,7,4754.511644
59.052584,6,4754.641807
59.069948,6,4754.758289
57.781129,5,4754.951033
58.955384,6,4755.143259
56.528473,7,4755.283309
57.908259,5,4755.417572
57.828794,5,4755.53229
58.384447,6,4755.749874
58.495585,6,4755.981115
55.882457,7,4756.219121
57.933251,5,4756.468593
57.904285,5,4756.721993
59.060146,6,4756.839373
58.409587,6,4756.982342
58.310511,6,4757.127942
58.610665,6,4757.271362
57.931004,5,4757.456419
57.934282,5,4757.644653
57.805079,5,4757.828802
56.634684,7,4757.986315
56.739393,7,4758.263958
59.004008,6,4758.35917
57.937473,5,4758.615752
57.95335,5,4758.863935
58.847433,6,4759.105113
58.023864,6,4759.214807
59.064836,6,4759.330989
58.831798,6,4759.460697
57.936596,5,4759.630692
56.483832,7,4759.785232
58.363081,6,4759.989156
56.299526,7,4760.107959
57.916944,5,4760.280129
57.948604,5,4760.533392
57.976985,6,4760.684638
58.228847,6,4760.884837
58.738719,6,4761.022201
57.931371,5,4761.201305
58.704312,6,4761.424609
59.068973,6,4761.555328
59.09246,6,4761.689069
59.04284,6,4761.782115
55.925586,7,4761.931635
59.072699,6,4762.061109
59.038337,6,4762.193037
59.017491,6,4762.323195
56.32581,7,4762.478681
57.939395,5,4762.654711
56.563463,7,4762.818641
58.919725,6,4762.927186
57.789154,5,4763.050073
58.084092,6,4763.196115
58.06166,6,4763.341085
58.593779,6,4763.484199
57.906212,5,4763.604801
56.490043,7,4763.778878
58.56664,6,4763.93207
57.955255,5,4764.09413
57.930755,5,4764.258606
58.015651,6,4764.433696
57.792818,5,4764.527102
58.95535,6,4764.656174
57.946393,5,4764.901496
58.95894,6,4764.996582
58.958193,6,4765.087629
58.420791,6,4765.237895
59.067859,6,4765.372904
57.099537,6,4765.487851
57.9334,5,4765.60594
58.723085,6,4765.745889
56.720529,7,4766.008314
56.671403,7,4766.155268
57.93881,5,4766.376059
58.353446,6,4766.588708
57.94654,5,4766.749284
56.585848,7,4766.906387
59.06194,6,4767.026187
57.897926,5,4767.27799
57.944658,5,4767.54232
57.332054,5,4767.704141
59.06974,6,4767.829606
58.526011,6,4768.073094
57.761051,5,4768.274197
56.566896,7,4768.425535
56.563774,7,4768.581558
56.393601,7,4768.846222
57.275246,5,4769.079419
57.874307,6,4769.313344
57.881245,5,4769.4801
59.069288,6,4769.607136
57.932878,5,4769.871031
58.601502,6,4770.099201
58.263224,6,4770.228011
59.072339,6,4770.360965
58.244544,6,4770.600133
57.940381,5,4770.76452
57.931845,6,4770.880854
58.429165,6,4771.02596
57.916396,5,4771.147541
58.211334,6,4771.324256
57.897118,5,4771.493248
56.399372,7,4771.647984
58.3191,6,4771.867904
59.010095,6,4772.008214
58.583948,6,4772.155286
58.397771,6,4772.289453
-8.816798,7,4772.641655
56.689966,7,4772.921491
56.566401,7,4773.104902
57.902157,5,4773.348786
58.832945,6,4773.594181
56.350329,7,4773.853126
57.905132,5,4774.029464
56.375426,7,4774.286097
59.011161,6,4774.419487
58.862897,6,4774.513973
58.901096,6,4774.655524
-12.07888,4,4774.752658
56.436733,7,4774.904016
58.755936,6,4775.035918
56.631716,7,4775.194799
57.988723,6,4775.41431
57.288644,5,4775.68311
58.350111,6,4775.8893
58.870415,6,4776.008303
59.034669,6,4776.151125
56.655363,7,4776.427039
58.205656,6,4776.533781
58.745956,6,4776.665911
57.958924,5,4776.917327
57.919193,5,4777.167877
59.074267,6,4777.307859
57.893458,5,4777.433219
56.607482,7,4777.593776
58.174381,6,4777.73799
57.937222,5,4777.904038
58.096671,6,4778.139157
57.919396,5,4778.405505
56.397721,7,4778.564133
58.251834,6,4778.673933
58.07615,6,4778.938822
57.880221,5,4779.036993
58.955803,6,4779.135805
59.003637,6,4779.280707
56.55026,7,4779.530877
57.982192,6,4779.746212
56.10655,7,4779.938953
57.932061,5,4780.101217
58.180698,6,4780.298677
59.093653,6,4780.445828
57.94381,5,4780.609018
57.767507,5,4780.864189
57.916753,5,4780.96086
59.08578,6,4781.087088
57.676224,5,4781.188573
56.123117,7,4781.343651
56.19837,7,4781.592875
58.981102,6,4781.718119
56.580486,7,4781.876218
57.957207,5,4782.039687
59.084076,6,4782.172509
56.587032,7,4782.330876
58.736912,6,4782.482133
57.923932,5,4782.649626
58.120068,6,4782.750513
58.652455,6,4782.872003
56.654752,7,4783.123656
59.02437,6,4783.216907
57.94547,5,4783.392193
58.487193,6,4783.512198
57.90583,5,4783.762699
57.94728,5,4783.984859
57.890772,5,4784.246642
58.356287,6,4784.470127
56.550245,7,4784.626521
57.903073,5,4784.724574
56.655819,7,4784.973173
57.904396,5,4785.219323
59.042594,6,4785.349281
57.942463,5,4785.509507
56.754345,7,4785.759836
57.930231,5,4785.934039
57.892099,6,4786.073307
59.090153,6,4786.209194
57.894203,5,4786.362387
58.261256,6,4786.590935
58.404906,6,4786.766004
58.470367,6,4786.914759
58.172332,6,4787.056662
57.923652,5,4787.219525
58.759309,6,4787.36484
57.796177,5,4787.46154
57.94302,5,4787.624034
56.725835,7,4787.873115
59.090015,6,4788.008578
57.865977,5,4788.10825
58.340571,6,4788.208007
58.281099,6,4788.352465
58.952593,6,4788.444149
58.307889,6,4788.586355
57.934567,5,4788.747933
58.70966,6,4788.892015
58.64365,6,4789.036763
58.847151,6,4789.181012
56.589273,7,4789.351789
58.531979,6,4789.554112
56.640005,7,4789.805094
58.960703,6,4789.933506
57.932755,6,4790.158401
59.063156,6,4790.289291
58.640242,6,4790.508534
57.992975,6,4790.637398
57.80368,5,4790.885718
57.946204,5,4791.052979
57.939889,5,4791.310172
58.818344,6,4791.451896
56.645901,7,4791.705231
58.02681,6,4791.842084
57.923075,5,4792.098271
57.957644,5,4792.29131
57.932494,5,4792.457238
57.943369,5,4792.712456
57.101611,5,4792.846789
57.860016,5,4793.113569
57.936677,5,4793.279473
57.941853,5,4793.454597
58.704127,6,4793.636403
58.162578,6,4793.781278
57.927716,5,4794.032336
58.531668,6,4794.179515
57.919502,6,4794.332498
59.073152,6,4794.454093
59.073736,6,4794.57195
58.54571,6,4794.715669
57.937531,5,4794.844904
57.931669,5,4795.096144
59.067791,6,4795.230828
57.911467,5,4795.338596
57.183515,6,4795.562085
56.585371,7,4795.840896
58.251797,6,4795.959835
58.704789,6,4796.094114
57.889905,5,4796.351809
57.716317,5,4796.588795
59.064755,6,4796.716236
58.552945,6,4796.898634
59.076728,6,4797.03054
58.581721,6,4797.185477
59.05982,6,4797.307411
58.73767,6,4797.4844
57.944139,5,4797.740965
58.817186,6,4797.975622
58.030115,6,4798.119913
56.837469,7,4798.392924
58.108855,6,4798.535641
58.585874,6,4798.756341
56.738092,7,4798.916887
57.131092,7,4799.175332
58.790882,6,4799.316022
57.928063,5,4799.481692
58.310859,6,4799.672296
58.519716,6,4799.889677
58.347374,6,4800.027673
58.112949,6,4800.153575
56.662954,7,4800.407561
58.951176,6,4800.537912
58.272515,6,4800.655941
58.326418,6,4800.874293
-7.974164,5,4801.024513
57.932286,5,4801.139364
57.875808,5,4801.367884
58.970873,6,4801.508195
57.891102,5,4801.631238
59.061951,6,4801.749726
58.854841,6,4801.853668
56.533972,7,4802.098038
56.287236,7,4802.289582
57.876811,5,4802.535538
57.911475,6,4802.687501
59.090531,6,4802.821983
56.699093,7,4802.967415
56.693323,7,4803.117294
58.408033,6,4803.26466
58.46449,6,4803.411449
57.937203,5,4803.514172
58.150061,6,4803.7682
59.067899,6,4803.904938
56.038392,7,4804.063598
58.016894,6,4804.20516
58.13037,6,4804.409309
58.230239,6,4804.534405
56.430836,7,4804.687177
58.192567,6,4804.793405
57.951172,5,4804.995425
57.922221,5,4805.087529
56.57936,7,4805.28942
57.914775,5,4805.532318
56.238008,7,4805.738563
58.485789,6,4805.962615
56.424593,7,4806.21123
57.867325,6,4806.438753
58.409369,6,4806.555716
58.115211,6,4806.758729
57.908161,5,4806.923187
59.089659,6,4807.056869
56.584388,7,4807.309771
56.692643,7,4807.589449
56.078259,7,4807.869981
56.361511,7,4808.112988
57.878405,5,4808.292988
57.906279,5,4808.54241
56.041878,7,4808.752874
56.265498,7,4808.910853
58.413413,6,4809.192261
56.634525,7,4809.472537
56.325802,7,4809.677053
58.066508,6,4809.861349
58.630856,6,4810.087262
59.077021,6,4810.222395
57.88588,5,4810.399501
57.821065,5,4810.604926
56.330486,7,4810.773668
56.676117,7,4811.037262
58.948896,6,4811.180864
58.422606,6,4811.328378
58.325801,6,4811.447639
56.456108,7,4811.616219
59.089762,6,4811.751273
57.254529,5,4811.996605
57.894235,5,4812.149618
56.643078,7,4812.399406
56.871634,7,4812.714673
57.941347,5,4812.992595
56.625761,7,4813.316881
59.082589,6,4813.450205
57.9309,5,4813.785973
57.94225,5,4813.914951
58.978123,6,4814.088547
56.217854,7,4814.274764
59.00065,6,4814.378997
58.177902,6,4814.579748
58.628904,6,4814.81702
57.754503,5,4814.948881
57.912266,5,4815.230915
57.914572,5,4815.365272
58.262058,6,4815.583413
57.909906,5,4815.847739
59.077857,6,4815.977578
57.815906,5,4816.16783
56.352845,7,4816.454969
57.934245,5,4816.698676
57.86835,5,4816.95872
58.633959,6,4817.185145
57.946671,5,4817.40361
56.137181,7,4817.611852
57.920624,5,4817.871571
56.170627,7,4818.029154
58.950108,6,4818.129425
58.649345,6,4818.35894
57.952329,5,4818.594061
57.93205,5,4818.759937
56.326444,7,4818.921329
59.067215,6,4819.066153
57.924839,5,4819.183666
58.000656,6,4819.397553
56.609531,7,4819.554952
56.591232,7,4819.716367
58.155355,6,4819.901547
57.818726,5,4820.111213
56.540324,7,4820.367752
58.706264,6,4820.515184
57.875438,5,4820.70771
58.096382,6,4820.859424
59.001698,6,4821.007659
57.329505,6,4821.201185
56.137809,7,4821.396628
58.011842,6,4821.53322
58.445205,6,4821.735289
56.808309,7,4821.973332
57.957375,5,4822.35832
58.139794,6,4822.611441
57.954249,5,4822.899614
58.685488,6,4823.088739
58.953435,6,4823.241498
57.928601,5,4823.369313
57.421556,6,4823.494563
58.10694,6,4823.639501
56.634704,7,4823.797335
55.915982,7,4824.067419
58.096616,6,4824.209659
56.215311,7,4824.362419
57.921926,5,4824.593939
56.197998,7,4824.749179
58.991287,6,4824.870968
56.332849,7,4825.089786
57.942946,5,4825.214327
57.914366,5,4825.331823
58.844032,6,4825.573063
59.060583,6,4825.704545
57.890319,5,4825.829418
56.696106,7,4826.091697
56.749241,7,4826.282802
59.033093,6,4826.437716
57.920081,5,4826.72613
58.614089,6,4826.878944
57.937288,5,4827.089419
58.898875,6,4827.345024
57.464904,6,4827.474378
58.246242,6,4827.601135
57.937072,5,4827.732561
59.03709,6,4827.881747
58.162471,6,4828.009969
58.956899,6,4828.15176
56.89204,7,4828.424366
57.919433,5,4828.689705
56.876654,7,4828.932403
58.640055,6,4829.111285
57.906722,5,4829.285614
57.932036,5,4829.451
58.159955,6,4829.662124
58.556243,6,4829.816012
57.960393,6,4829.958736
56.014851,7,4830.18954
58.570663,6,4830.409241
57.938093,5,4830.619202
59.040522,6,4830.752638
58.14793,6,4830.899104
57.862085,5,4831.158542
56.707334,7,4831.318583
58.618219,6,4831.506187
56.579403,7,4831.757074
58.085655,6,4831.975906
57.924795,5,4832.097649
56.043515,7,4832.25023
56.746863,7,4832.518375
58.556293,6,4832.769921
58.428929,6,4832.999241
59.084205,6,4833.128776
59.091013,6,4833.257004
58.27007,6,4833.437569
55.852427,7,4833.63781
56.22655,7,4833.78958
58.616397,6,4833.995121
58.684317,6,4834.231762
58.049568,6,4834.472413
57.093327,6,4834.677267
59.088441,6,4834.817913
57.780613,5,4834.939656
56.232299,7,4835.208006
57.893806,5,4835.375328
58.264847,6,4835.606512
58.08401,6,4835.816483
57.693226,6,4836.043589
58.693379,6,4836.180165
56.645978,7,4836.35221
58.416545,6,4836.5835
57.907786,5,4836.833415
57.894774,5,4837.154619
58.056827,6,4837.287582
56.16366,7,4837.431691
57.932366,5,4837.691138
59.063005,6,4837.813869
59.073362,6,4837.965077
58.74164,6,4838.111881
59.026881,6,4838.207039
56.833495,7,4838.356862
57.932486,5,4838.623593
57.945435,5,4838.79338
56.441651,7,4838.95427
57.936015,5,4839.183158
59.074262,6,4839.318182
58.792991,6,4839.466135
56.694909,7,4839.742932
57.938698,5,4839.908543
56.131275,7,4840.157916
58.772421,6,4840.385845
57.949067,5,4840.551045
59.087789,6,4840.689382
57.944402,5,4840.865793
55.991804,7,4841.099162
58.372806,6,4841.36152
58.226956,6,4841.508795
56.721956,7,4841.676308
57.942853,5,4841.938843
59.071319,6,4842.097449
57.939452,5,4842.363976
57.878627,6,4842.634708
56.374098,7,4842.786627
58.759507,6,4843.031433
58.358719,6,4843.239635
56.657886,7,4843.512567
58.327761,6,4843.663051
56.552836,7,4843.917196
58.312986,6,4844.094501
57.941739,5,4844.25903
59.074109,6,4844.385462
56.277225,7,4844.541907
58.890213,6,4844.790206
58.226929,6,4844.942021
56.106358,7,4845.228551
58.735986,6,4845.377153
57.942882,5,4845.613527
57.255345,5,4845.841917
59.075786,6,4845.969193
59.068503,6,4846.090952
59.084582,6,4846.215584
59.07154,6,4846.342952
59.06031,6,4846.464695
58.118632,6,4846.609983
59.054107,6,4846.737262
58.656269,6,4846.940343
58.060271,6,4847.151902
57.919674,5,4847.405347
56.137006,7,4847.550165
57.892783,5,4847.75215
57.709306,5,4848.007151
57.943333,5,4848.243338
56.577321,7,4848.400981
56.501502,7,4848.660883
58.997623,6,4848.755729
58.277235,6,4848.936689
57.855088,5,4849.051889
57.993723,6,4849.289123
58.045639,6,4849.436961
58.053852,6,4849.614277
59.072747,6,4849.734532
57.939027,5,4849.988443
-5.90721,6,4850.377171
55.977686,7,4850.591022
57.942127,5,4850.784078
57.929475,5,4851.03936
57.809292,5,4851.237596
57.91398,5,4851.360156
58.607265,6,4851.592605
57.852987,5,4851.718915
56.539481,7,4851.876152
58.272097,6,4852.063312
58.354419,6,4852.241175
57.942484,5,4852.425247
58.873967,6,4852.519985
56.685861,7,4852.800183
57.967732,6,4852.96207
56.343396,7,4853.221059
55.920143,7,4853.494451
58.919525,6,4853.589078
57.90101,5,4853.839801
57.690804,5,4854.01907
59.067974,6,4854.160902
57.897704,5,4854.272273
58.083652,6,4854.399555
59.034487,6,4854.495018
56.627808,7,4854.650922
58.262553,6,4854.799115
56.575219,7,4854.964922
58.919447,6,4855.061072
57.813283,5,4855.317127
57.244711,5,4855.559693
57.915003,5,4855.66203
57.945408,5,4855.823485
56.747093,7,4855.970997
58.896086,6,4856.206918
58.639844,6,4856.433971
57.936039,5,4856.606267
57.949378,5,4856.766985
59.077978,6,4856.888199
57.911159,5,4857.054051
56.406481,7,4857.21102
56.248882,7,4857.403744
56.682598,7,4857.566047
57.917356,5,4857.660112
58.035308,6,4857.796087
56.667291,7,4858.089163
56.671152,7,4858.356663
57.978004,6,4858.469292
57.944531,5,4858.63416
56.750739,7,4858.894399
58.695088,6,4859.037329
57.943446,5,4859.289218
58.737165,6,4859.421075
57.923014,5,4859.665612
57.920478,5,4859.798943
58.448188,6,4859.921102
56.315846,7,4860.075647
58.378125,6,4860.331397
59.063657,6,4860.449782
59.075547,6,4860.57984
59.082434,6,4860.708943
57.86435,5,4860.955636
59.0763,6,4861.082318
56.026396,7,4861.289494
57.938067,5,4861.521158
57.939072,5,4861.708496
58.286235,6,4861.849594
56.82054,7,4862.106261
59.074185,6,4862.23543
57.944879,5,4862.355618
56.610061,7,4862.634191
58.536009,6,4862.791955
58.998057,6,4862.928923
56.789528,7,4863.201679
57.950338,5,4863.458763
57.87757,6,4863.711359
58.918633,6,4863.84496
56.3316,7,4863.997685
58.170864,6,4864.119599
58.391601,6,4864.256422
59.083054,6,4864.377512
59.069341,6,4864.49613
57.932386,5,4864.616555
57.784807,6,4864.84111
58.475571,6,4865.026923
57.91663,5,4865.193964
56.780375,7,4865.472481
55.940584,7,4865.755603
57.248952,5,4865.94372
59.082733,6,4866.076875
57.912139,5,4866.331105
58.366804,6,4866.449778
57.953442,5,4866.780752
57.908351,5,4866.976987
56.133201,7,4867.179276
57.921992,5,4867.432188
58.513041,6,4867.66017
58.138498,6,4867.808211
56.700376,7,4867.969496
58.326,6,4868.230696
58.652244,6,4868.384157
56.354109,7,4868.665653
59.080386,6,4868.788947
57.820567,5,4868.92488
57.900117,6,4869.098985
57.931966,5,4869.279605
58.192484,6,4869.391809
57.930463,5,4869.559827
58.30336,6,4869.704566
58.377808,6,4869.936088
57.9477,5,4870.205991
58.060769,6,4870.408331
59.069033,6,4870.529869
57.945266,5,4870.70362
58.239017,6,4870.834247
59.054552,6,4870.964368
57.213869,5,4871.136315
57.87003,5,4871.245988
58.821852,6,4871.369213
56.739905,7,4871.547836
57.938893,5,4871.793542
58.275248,6,4871.979063
58.721469,6,4872.159151
58.082968,6,4872.39003
59.051008,6,4872.514771
56.144596,7,4872.669525
58.9397,6,4872.814443
57.902851,5,4872.980681
58.367669,6,4873.166615
56.699351,7,4873.418215
55.963404,7,4873.612654
57.902667,5,4873.791732
57.878726,5,4874.051575
56.620761,7,4874.298935
58.082134,6,4874.452594
56.110662,7,4874.654035
56.528247,7,4874.909415
57.912317,5,4875.039075
58.742592,6,4875.137374
58.925338,6,4875.247327
58.814763,6,4875.490376
57.887378,5,4875.740322
58.298539,6,4875.848987
55.980521,7,4876.003781
59.023433,6,4876.140306
56.673689,7,4876.40131
57.901826,6,4876.641801
57.921286,5,4876.809984
57.930167,5,4876.977405
59.060246,6,4877.104845
57.922916,5,4877.276383
57.909822,5,4877.396924
59.075471,6,4877.529428
55.651908,7,4877.673577
56.796617,7,4877.939303
57.927468,5,4878.111122
56.271652,7,4878.405326
59.085827,6,4878.531825
56.050084,7,4878.764592
58.249398,6,4879.002241
59.090999,6,4879.129511
59.050424,6,4879.225719
57.921584,5,4879.515924
57.924761,5,4879.721368
58.770611,6,4879.869691
57.868426,5,4880.061201
59.068166,6,4880.198035
57.928753,5,4880.292904
57.92022,5,4880.462928
59.006694,6,4880.615983
57.917711,5,4880.912513
57.826044,5,4881.17806
57.890639,5,4881.35612
59.09289,6,4881.502952
57.944807,5,4881.712322
57.94971,5,4881.881122
58.706169,6,4882.115374
57.913387,5,4882.289145
57.944318,5,4882.544725
56.233922,7,4882.701153
57.874651,5,4882.845823
57.900836,5,4882.986346
57.922499,5,4883.238215
56.299584,7,4883.451491
58.980609,6,4883.550952
56.149913,7,4883.806749
57.945616,5,4884.076413
56.265673,7,4884.321648
59.079676,6,4884.452124
58.918788,6,4884.582989
59.068532,6,4884.707321
59.016937,6,4884.803275
56.762005,7,4884.961914
57.944587,5,4885.213549
58.616275,6,4885.402595
58.403892,6,4885.517872
56.67306,7,4885.675845
56.110059,7,4885.875674
59.071228,6,4886.0094
58.996548,6,4886.104042
58.086027,6,4886.245421
57.949441,5,4886.481804
59.076976,6,4886.613432
57.923377,5,4886.717968
59.078618,6,4886.843721
58.582916,6,4887.06432
57.875549,5,4887.259212
57.921315,6,4887.402329
57.911253,5,4887.565585
56.395991,7,4887.718823
59.051894,6,4887.849241
56.611404,7,4888.006707
58.165806,6,4888.213016
57.897669,5,4888.379262
55.954194,7,4888.646563
57.762728,5,4888.847359
57.943229,5,4889.066191
58.006911,6,4889.324383
56.290619,7,4889.479304
58.284653,6,4889.615586
56.482467,7,4889.777015
56.644542,7,4890.038024
56.456875,7,4890.291547
57.943573,5,4890.546582
58.875651,6,4890.688858
57.818041,5,4890.936824
58.358689,6,4891.168287
58.458691,6,4891.288107
56.617979,7,4891.45527
56.325225,7,4891.616252
57.936552,5,4891.728865
56.250416,7,4891.88124
58.958944,6,4892.0243
58.177204,6,4892.245268
58.044041,6,4892.38269
59.076183,6,4892.52283
57.942253,5,4892.649477
59.090321,6,4892.779272
58.282607,6,4892.893342
58.596951,6,4893.042713
56.501115,7,4893.202645
57.923049,5,4893.464477
59.086896,6,4893.616656
58.722729,6,4893.76136
57.791321,5,4893.887195
57.923978,5,4894.149797
58.80072,6,4894.275453
57.914821,5,4894.397786
59.066283,6,4894.532639
57.953838,5,4894.747346
57.911942,5,4894.997036
58.041181,6,4895.128474
58.37948,6,4895.281607
58.566067,6,4895.462462
58.417175,6,4895.555139
-8.219761,5,4895.664007
59.068534,6,4895.786323
57.897225,5,4895.904842
59.071485,6,4896.038828
58.074161,6,4896.147422
59.069807,6,4896.285403
58.985408,6,4896.380365
57.869391,5,4896.633664
57.866819,6,4896.849649
56.443067,7,4897.033339
55.99737,7,4897.198444
56.686145,7,4897.463481
57.793281,5,4897.594414
56.644178,7,4897.757652
57.946703,5,4897.936742
58.394908,6,4898.167069
57.950896,5,4898.334755
57.90476,5,4898.594426
59.074591,6,4898.728063
57.939566,5,4898.83522
57.921385,5,4899.094209
58.255304,6,4899.219544
57.930421,5,4899.34866
57.838095,5,4899.476947
57.947957,5,4899.647069
56.719667,7,4899.901454
57.847233,5,4900.069548
59.068245,6,4900.192129
59.072795,6,4900.313493
55.941071,7,4900.470058
58.099188,6,4900.69894
58.362496,6,4900.82034
57.918232,5,4901.067011
58.229919,6,4901.21193
57.946845,5,4901.470024
56.704021,7,4901.736892
58.414243,6,4901.857324
58.393925,6,4901.984788
-7.932064,5,4902.081083
57.958342,5,4902.342177
58.344733,6,4902.576462
58.591096,6,4902.725423
56.326262,7,4902.884956
56.166638,7,4903.045011
59.059642,6,4903.171002
59.052912,6,4903.311012
59.090762,6,4903.473329
59.070918,6,4903.611316
59.091079,6,4903.746819
59.070895,6,4903.886456
57.832744,5,4904.004014
56.011502,7,4904.216902
57.908708,5,4904.315699
58.578471,6,4904.536714
58.728859,6,4904.670264
57.917763,5,4904.813943
56.628988,7,4904.95983
59.048415,6,4905.088254
57.847203,5,4905.22398
56.699386,7,4905.384049
57.906819,5,4905.509367
57.948855,5,4905.675367
56.432755,7,4905.835708
56.228216,7,4905.991633
58.022454,6,4906.178947
58.227349,6,4906.422796
57.920306,5,4906.586023
58.65308,6,4906.735497
57.929099,5,4906.85454
58.661988,6,4907.036436
58.612398,6,4907.217859
58.29914,6,4907.435216
57.934407,5,4907.602949
56.559454,7,4907.765639
57.943761,5,4907.904897
57.133049,5,4908.099516
57.937946,5,4908.356257
58.160634,6,4908.513102
58.427951,6,4908.669587
57.933407,5,4908.771468
59.083429,6,4908.908458
58.509917,6,4909.062959
-7.561106,5,4909.265482
57.940377,6,4909.409025
58.200116,6,4909.5344
58.37692,6,4909.656366
58.952592,6,4909.796722
58.515198,6,4909.978037
57.294096,5,4910.145624
56.198936,7,4910.351109
56.701529,7,4910.496175
57.985895,6,4910.722837
56.792414,7,4910.978876
56.63238,7,4911.244883
58.592545,6,4911.395603
56.601277,7,4911.668743
57.93036,5,4911.831561
57.927579,5,4912.0734
58.952398,6,4912.215926
58.022777,6,4912.398087
58.582087,6,4912.548267
57.916003,5,4912.808503
57.751066,5,4913.079762
56.665542,7,4913.255076
58.525964,6,4913.494015
57.852623,5,4913.677796
56.857785,7,4913.835224
57.934731,5,4914.084231
56.730429,7,4914.359509
57.878741,5,4914.491676
57.939391,5,4914.691855
58.835606,6,4914.841154
56.550287,7,4915.005529
56.4002,7,4915.181138
59.074781,6,4915.309981
57.919427,6,4915.514481
57.936307,5,4915.749759
58.683132,6,4915.893609
57.948123,5,4916.059344
57.945605,6,4916.173364
55.961425,7,4916.328341
57.930744,5,4916.575567
58.310555,6,4916.689977
59.052206,6,4916.818331
58.840542,6,4917.053739
59.029239,6,4917.14812
58.097598,6,4917.345488
56.712249,7,4917.494664
58.044917,6,4917.661758
58.842716,6,4917.807429
57.691225,5,4917.931484
58.433235,6,4918.0399
59.094722,6,4918.174677
58.460983,6,4918.323038
58.294423,6,4918.502635
57.914421,6,4918.719869
58.152956,6,4918.867484
58.563636,6,4919.095904
58.793719,6,4919.295858
56.385303,7,4919.492322
57.940777,5,4919.751678
56.623524,7,4919.925386
59.078043,6,4920.04612
56.093939,7,4920.201277
57.870724,5,4920.368776
56.690225,7,4920.626473
58.897195,6,4920.772228
58.387373,6,4920.922527
58.808412,6,4921.148034
56.653247,7,4921.304816
58.406622,6,4921.453761
58.399323,6,4921.705263
57.946501,5,4921.962347
56.557255,7,4922.103066
57.941948,5,4922.290496
56.683527,7,4922.547054
57.919826,5,4922.656326
57.939169,5,4922.892653
58.774603,6,4923.123993
57.93932,5,4923.378036
57.941115,5,4923.551143
59.064524,6,4923.672783
59.063942,6,4923.801185
59.073336,6,4923.931949
59.094014,6,4924.069549
57.814594,5,4924.266969
56.068288,7,4924.504773
59.069156,6,4924.598408
57.900358,5,4924.794901
58.72766,6,4924.925793
58.546656,6,4925.10742
58.072475,6,4925.364899
57.864704,6,4925.615683
59.066199,6,4925.748902
59.060268,6,4925.867095
57.693797,5,4925.990165
59.074459,6,4926.131395
57.817359,5,4926.329585
58.557305,6,4926.476995
58.470987,6,4926.704466
58.364769,6,4926.835724
57.908438,5,4927.001248
58.332565,6,4927.211324
57.933728,5,4927.385232
59.06734,6,4927.505394
57.911347,6,4927.643306
57.940627,5,4927.807076
59.07636,6,4927.938041
58.326719,6,4928.081827
56.168054,7,4928.337331
58.577103,6,4928.581957
57.928177,5,4928.699183
56.051994,7,4928.974929
57.938129,5,4929.242324
58.340907,6,4929.453174
59.089194,6,4929.576576
57.857377,5,4929.825102
58.106586,6,4930.022073
58.38238,6,4930.153487
57.921601,6,4930.363946
56.704195,7,4930.631079
56.580643,7,4930.888573
57.944613,5,4931.071934
58.440449,6,4931.258777
56.461149,7,4931.535742
58.339518,6,4931.761539
59.063536,6,4931.882347
57.874477,5,4932.01349
57.905723,5,4932.176838
57.978217,6,4932.324659
56.440584,7,4932.579931
57.939636,5,4932.763176
-6.435696,6,4933.043254
57.774452,5,4933.289787
57.844175,5,4933.494359
58.456885,6,4933.671224
59.082869,6,4933.796711
56.420886,7,4933.950443
59.011684,6,4934.084889
57.924825,5,4934.373036
57.874632,5,4934.506868
56.732563,7,4934.780202
58.544705,6,4935.012283
58.766182,6,4935.165981
58.880549,6,4935.301798
57.935963,5,4935.536164
57.737673,5,4935.641318
57.927758,5,4935.766275
57.93505,5,4935.931514
57.943435,5,4936.108851
59.061683,6,4936.203245
57.938236,5,4936.438487
57.612666,5,4936.675968
58.240282,6,4936.819694
57.68479,5,4936.919905
57.920368,5,4937.085328
57.71869,5,4937.331356
58.00869,6,4937.464263
-7.12336,5,4937.758052
57.872591,5,4938.00747
56.64525,7,4938.25807
57.90255,5,4938.516861
57.92091,5,4938.684974
59.036044,6,4938.806659
57.94567,6,4938.994274
58.339163,6,4939.173231
58.303595,6,4939.351993
58.324523,6,4939.497669
57.996117,6,4939.613673
58.008824,6,4939.809958
57.920046,6,4940.046423
56.004946,7,4940.239641
57.908679,5,4940.417832
56.421,7,4940.573656
58.038453,6,4940.713931
58.174025,6,4940.895283
59.061888,6,4941.026062
59.015399,6,4941.147045
58.678878,6,4941.292859
58.82887,6,4941.392503
59.068507,6,4941.52608
57.930782,6,4941.674778
57.922372,5,4941.925806
56.773812,7,4942.096062
59.074567,6,4942.236147
58.561294,6,4942.385345
56.619334,7,4942.550192
58.412147,6,4942.69707
57.947043,5,4942.960684
56.797376,7,4943.118538
58.881905,6,4943.212309
56.693996,7,4943.479419
57.904213,5,4943.680101
58.260443,6,4943.814089
56.780557,7,4943.974918
58.180615,6,4944.119637
57.764543,5,4944.267881
59.093138,6,4944.406918
59.057953,6,4944.561683
58.712834,6,4944.768595
57.939122,5,4944.994578
58.574383,6,4945.172511
59.071887,6,4945.308273
59.026805,6,4945.459815
58.723054,6,4945.60449
58.723445,6,4945.760011
58.80161,6,4946.021435
58.995418,6,4946.114823
57.940553,5,4946.289789
56.27663,7,4946.438524
59.061271,6,4946.565403
57.905851,5,4946.69509
58.005134,6,4946.981181
59.064369,6,4947.076361
57.89822,5,4947.257559
58.639763,6,4947.401643
57.882383,5,4947.651386
59.071859,6,4947.784253
57.917188,5,4947.933559
56.751154,7,4948.169631
59.069913,6,4948.291155
59.070012,6,4948.423883
57.9434,5,4948.583357
57.528136,6,4948.692872
58.049454,6,4948.916754
56.715648,7,4949.061126
56.189884,7,4949.227839
57.930283,5,4949.405139
59.067103,6,4949.533411
59.058579,6,4949.66214
56.673064,7,4949.912802
57.948444,5,4950.087061
59.067946,6,4950.24597
56.379667,7,4950.412377
56.126418,7,4950.619683
57.835723,5,4950.788533
55.932652,7,4951.122882
56.608376,7,4951.389463
57.85443,6,4951.685564
56.801025,7,4951.957844
59.079592,6,4952.083571
57.890024,5,4952.25508
56.715566,7,4952.413533
58.239388,6,4952.652602
59.065436,6,4952.779863
57.939539,5,4952.962771
57.799126,5,4953.177235
56.254552,7,4953.432701
57.820314,5,4953.617098
58.277616,6,4953.740156
58.974315,6,4953.89179
58.972707,6,4954.032597
56.733704,7,4954.359967
59.035386,6,4954.487163
57.71649,5,4954.67888
57.809923,5,4954.778941
57.939645,5,4954.965451
57.950106,5,4955.161202
56.032435,7,4955.404654
58.225661,6,4955.61416
58.687457,6,4955.761266
56.496137,7,4956.021556
58.830805,6,4956.154349
56.301978,7,4956.412202
56.611709,7,4956.560511
58.193295,6,4956.712555
57.937544,5,4956.875881
57.911035,5,4957.051425
56.716499,7,4957.296078
57.985401,6,4957.515969
58.874111,6,4957.659187
57.7649,5,4957.865547
59.071814,6,4957.991328
58.284682,6,4958.130177
59.08553,6,4958.263809
59.072508,6,4958.392738
59.070943,6,4958.521821
57.9287,5,4958.770542
57.924407,5,4959.018694
58.372512,6,4959.195544
56.524278,7,4959.445625
57.66766,5,4959.550179
58.967558,6,4959.644178
59.063962,6,4959.788096
58.649493,6,4959.942734
57.931586,5,4960.191216
59.064684,6,4960.329105
59.018265,6,4960.485403
58.813403,6,4960.614467
56.276135,7,4960.873837
57.950569,5,4961.048786
56.277737,7,4961.208473
56.496857,7,4961.466402
56.127583,7,4961.623309
59.091404,6,4961.759075
58.719778,6,4961.988224
56.666892,7,4962.146837
58.043876,6,4962.261286
56.344642,7,4962.510549
59.081337,6,4962.652435
57.962133,6,4962.781981
58.662182,6,4962.903148
58.065684,6,4963.023283
57.712755,5,4963.203307
57.942763,5,4963.383187
59.076516,6,4963.512587
57.668764,5,4963.768961
57.927412,6,4963.92128
56.421492,7,4964.084971
57.889614,5,4964.350043
57.881465,6,4964.589787
55.715411,7,4964.744709
57.843814,5,4964.920208
57.630714,5,4965.055269
56.656976,7,4965.212246
58.816719,6,4965.308549
59.064285,6,4965.436944
57.89637,5,4965.5423
56.228266,7,4965.784862
57.901624,5,4965.912219
59.06367,6,4966.031273
58.289088,6,4966.180569
-7.427778,5,4966.289248
58.987742,6,4966.382312
57.951612,5,4966.625247
57.923547,5,4966.793207
58.99669,6,4966.938148
58.507086,6,4967.087256
59.064851,6,4967.222042
59.089162,6,4967.346231
56.25216,7,4967.504494
58.264052,6,4967.648664
57.902413,5,4967.833083
57.879318,5,4968.08928
56.420697,7,4968.248502
58.483365,6,4968.403015
57.848478,5,4968.525675
57.944109,5,4968.785321
58.633999,6,4969.011775
56.207977,7,4969.170275
58.542052,6,4969.320613
58.60319,6,4969.548383
57.864042,5,4969.717879
59.07661,6,4969.848423
56.748521,7,4970.107287
56.730665,7,4970.381519
58.014355,6,4970.56639
57.937869,5,4970.799478
57.920284,5,4970.974472
58.34928,6,4971.123298
56.670956,7,4971.271632
58.476412,6,4971.456767
59.035673,6,4971.559539
57.729157,5,4971.806211
59.022672,6,4971.938115
57.778558,5,4972.091351
57.909835,5,4972.305582
58.149182,6,4972.440249
57.408233,6,4972.674517
57.943913,5,4972.785026
57.938878,5,4973.104265
58.591795,6,4973.323378
58.913395,6,4973.428288
58.303776,6,4973.547298
57.945322,5,4973.737257
58.251283,6,4973.887323
56.698254,7,4974.052678
56.326838,7,4974.202363
57.898347,6,4974.417849
58.039191,6,4974.547725
58.302676,6,4974.679029
57.949018,5,4974.843986
57.946307,5,4975.123434
57.937388,5,4975.295678
57.907543,5,4975.479715
57.825798,5,4975.663575
59.086077,6,4975.791579
57.947149,5,4976.046989
58.805638,6,4976.281604
59.074187,6,4976.413354
57.927086,6,4976.535514
56.672955,7,4976.718441
57.888496,5,4976.923377
58.019468,6,4977.05488
57.853535,5,4977.185111
58.412903,6,4977.369795
58.169997,6,4977.645676
58.034308,6,4977.787684
56.447714,7,4977.942174
59.063351,6,4978.072954
57.390081,6,4978.278244
59.069156,6,4978.418517
58.340029,6,4978.657585
57.91416,5,4978.792225
59.087738,6,4978.93053
59.049578,6,4979.063455
56.241593,7,4979.266799
57.942755,5,4979.433913
58.425417,6,4979.565354
59.066753,6,4979.706144
57.965773,6,4979.934015
59.076894,6,4980.068673
56.601341,7,4980.36521
57.93494,5,4980.613307
57.959117,6,4980.788072
58.584935,6,4980.938106
57.928555,6,4981.047391
57.993948,6,4981.178599
58.75299,6,4981.315116
57.762859,5,4981.441683
57.952556,5,4981.619107
58.665155,6,4981.760009
57.111614,5,4982.021657
57.926871,5,4982.211501
57.873271,5,4982.47632
59.061652,6,4982.600026
58.64452,6,4982.848106
58.521029,6,4983.123463
57.946256,5,4983.287929
58.47222,6,4983.517591
57.898582,5,4983.769604
58.953945,6,4983.898317
58.308377,6,4984.042241
57.128956,5,4984.301739
57.865311,6,4984.547625
57.905578,5,4984.745645
57.743142,5,4984.844305
56.097298,7,4985.049269
58.136261,6,4985.160576
58.723806,6,4985.332723
56.55586,7,4985.594923
57.800611,6,4985.835378
58.227461,6,4985.978734
59.09579,6,4986.114928
59.072252,6,4986.236226
-8.620516,5,4986.3615
56.651329,7,4986.610236
56.69613,7,4986.751646
57.564499,5,4986.932984
59.055139,6,4987.06546
56.004231,7,4987.23019
57.971677,6,4987.483609
57.743341,5,4987.692491
58.255301,6,4987.805715
58.870478,6,4987.949515
58.979632,6,4988.052544
58.172971,6,4988.222575
56.476362,7,4988.380477
57.947963,5,4988.618435
56.729089,7,4988.876565
58.628064,6,4989.026482
56.095872,7,4989.176811
59.091974,6,4989.31157
59.084231,6,4989.452394
59.068142,6,4989.579456
56.178776,7,4989.841349
59.079236,6,4989.975656
59.077789,6,4990.100595
58.834253,6,4990.201685
58.15644,6,4990.330235
59.056131,6,4990.45999
58.570478,6,4990.617671
59.056147,6,4990.758271
56.305007,7,4990.929924
58.068085,6,4991.128051
56.958911,7,4991.281714
56.756552,7,4991.441317
59.064478,6,4991.588785
56.179544,7,4991.846232
58.050682,6,4992.037607
58.634161,6,4992.238857
59.003245,6,4992.371495
59.055248,6,4992.499942
58.401315,6,4992.617392
56.230348,7,4992.774398
58.089655,6,4992.90173
57.909044,5,4993.002452
58.117856,6,4993.229218
59.052252,6,4993.365684
58.140916,6,4993.519789
57.911439,5,4993.771685
59.085909,6,4993.904049
57.923206,5,4994.053231
58.62195,6,4994.247201
57.911461,5,4994.412259
58.145649,6,4994.64874
57.888655,5,4994.8119
59.086194,6,4994.945993
58.135836,6,4995.099498
56.223115,7,4995.35126
58.42614,6,4995.528273
57.212857,5,4995.723207
58.979248,6,4995.818502
58.210705,6,4995.931716
56.5874,7,4996.199961
57.830032,5,4996.374271
58.700681,6,4996.513328
57.932857,5,4996.760599
59.060604,6,4996.893514
56.478967,7,4997.164374
57.810048,5,4997.41689
57.726062,5,4997.566953
57.942384,6,4997.815588
57.659207,5,4997.997387
59.080314,6,4998.132427
57.742064,5,4998.312403
59.066339,6,4998.445608
57.933681,5,4998.540698
57.497893,5,4998.714384
57.944278,5,4998.949843
58.067294,6,4999.091517
58.386712,6,4999.20966
58.800405,6,4999.302802
57.899406,5,4999.503395
58.474718,6,4999.680171
56.28693,7,4999.824057
56.298405,7,4999.975633
56.588747,7,5000.232074
58.128397,6,5000.463766
57.942533,6,5000.629885
59.081622,6,5000.770475
57.943645,5,5000.991355
57.8677,5,5001.174388
57.234901,5,5001.32671
57.947199,5,5001.599302
56.143921,7,5001.857988
57.892392,5,5001.990391
56.634083,7,5002.143509
58.873997,6,5002.368479
58.643575,6,5002.52161
59.072124,6,5002.654891
56.351444,7,5002.863854
56.303701,7,5003.026364
57.934088,5,5003.299849
58.63919,6,5003.549307
56.228773,7,5003.70574
56.262828,7,5003.862073
56.722699,7,5004.12007
57.949815,5,5004.259589
57.797501,5,5004.444059
56.152846,7,5004.594017
56.626959,7,5004.881359
58.474347,6,5005.115305
59.09053,6,5005.25676
57.935444,5,5005.350681
58.346308,6,5005.493967
56.519955,7,5005.644909
57.760837,5,5005.852918
59.009417,6,5005.98488
57.830258,5,5006.169764
57.941183,5,5006.344552
57.866103,5,5006.471724
59.073328,6,5006.604575
58.41938,6,5006.757174
56.171121,7,5006.965047
57.995728,6,5007.074417
58.911581,6,5007.225586
57.928094,5,5007.353127
58.255959,6,5007.548684
57.946964,5,5007.729941
56.638818,7,5007.878423
57.895134,5,5008.058424
57.948768,6,5008.220495
57.934912,5,5008.406695
58.401948,6,5008.554458
56.612198,7,5008.810721
56.626689,7,5009.096339
57.942531,5,5009.271318
57.664141,5,5009.48794
58.634965,6,5009.719197
57.9441,5,5009.881293
56.708744,7,5010.035324
59.059207,6,5010.159737
57.966766,6,5010.391692
59.071839,6,5010.519678
58.324727,6,5010.664291
58.876784,6,5010.796449
57.91499,5,5011.057997
59.079409,6,5011.191607
58.433261,6,5011.337582
58.053398,6,5011.509476
57.947724,5,5011.691632
59.088498,6,5011.828727
59.07734,6,5011.956634
56.611523,7,5012.228921
57.897762,5,5012.463995
58.947639,6,5012.722793
58.748456,6,5012.841783
58.754313,6,5012.938584
56.538891,7,5013.223775
59.074476,6,5013.357519
57.814107,5,5013.50846
58.558508,6,5013.695125
57.919092,5,5013.860285
59.069165,6,5013.982991
58.632201,6,5014.167278
58.575379,6,5014.369918
57.964735,6,5014.525771
57.914129,5,5014.624356
57.891095,5,5014.831979
57.793653,5,5014.956728
56.228224,7,5015.196898
57.907454,5,5015.319525
58.726034,6,5015.472704
58.563085,6,5015.660012
58.572856,6,5015.84157
59.073734,6,5015.980573
57.813707,5,5016.105877
56.761495,7,5016.390523
57.734202,5,5016.654528
58.117049,6,5016.880459
59.068503,6,5017.010519
57.943107,5,5017.258535
56.719572,7,5017.417128
56.075287,7,5017.57146
57.83862,6,5017.822186
57.917053,5,5017.986496
57.887224,6,5018.216682
57.826327,5,5018.468289
57.930918,5,5018.706662
59.062156,6,5018.827631
57.885102,5,5019.08167
58.332528,6,5019.214566
58.131793,6,5019.320316
58.62924,6,5019.502716
58.084367,6,5019.765002
59.060393,6,5019.894947
58.264581,6,5020.050007
58.920481,6,5020.142954
57.288694,5,5020.260334
58.797382,6,5020.391625
59.069379,6,5020.512437
57.997231,6,5020.660188
56.676651,7,5020.81447
59.077924,6,5020.947038
58.363092,6,5021.1791
57.802521,5,5021.433214
57.823871,5,5021.613719
57.940473,5,5021.846334
57.913731,5,5022.094071
57.594643,5,5022.342504
57.952496,6,5022.535882
56.603746,7,5022.791367
57.973509,6,5022.993299
56.269243,7,5023.148408
56.490265,7,5023.302147
56.665053,7,5023.558533
57.832932,5,5023.656084
57.897579,5,5023.921497
56.411815,7,5024.125873
56.117484,7,5024.28764
57.900843,5,5024.540786
57.780294,5,5024.65858
56.170948,7,5024.915079
58.027957,6,5025.062725
59.074529,6,5025.183198
57.927585,6,5025.403151
58.470802,6,5025.576982
57.884217,5,5025.740441
56.690476,7,5026.0067
57.885734,5,5026.109078
58.768313,6,5026.270469
57.927011,5,5026.553219
56.643367,7,5026.70952
56.217055,7,5026.98676
57.909241,6,5027.25823
56.671118,7,5027.402971
56.660464,7,5027.556792
57.81168,5,5027.834848
58.565757,6,5028.065829
59.071159,6,5028.201791
58.332995,6,5028.352643
56.258783,7,5028.50964
59.056669,6,5028.604628
57.919866,5,5028.768367
57.951417,5,5028.933969
57.915024,5,5029.130734
57.254677,5,5029.393971
56.012551,7,5029.59285
56.833356,7,5029.748946
59.049097,6,5029.884008
58.993063,6,5030.001214
57.954441,6,5030.144959
59.067694,6,5030.271989
59.022618,6,5030.410603
58.041715,6,5030.558666
59.084294,6,5030.70023
59.070718,6,5030.86796
57.780872,5,5031.027878
57.939248,5,5031.267235
56.598172,7,5031.548185
57.624744,6,5031.70969
56.762705,7,5031.871642
56.098724,7,5032.037645
58.651664,6,5032.295701
59.075408,6,5032.446441
59.076338,6,5032.575394
59.07641,6,5032.705175
59.080307,6,5032.86181
58.132833,6,5033.0407
58.885785,6,5033.152649
57.307169,5,5033.341426
57.751266,5,5033.533803
57.953237,5,5033.795561
57.962951,6,5034.002768
58.856574,6,5034.146568
58.487679,6,5034.31325
56.99062,7,5034.474847
58.279122,6,5034.637721
55.977557,7,5034.925543
58.665215,6,5035.170301
59.069047,6,5035.303086
58.054483,6,5035.460368
58.180982,6,5035.583154
57.942276,5,5035.702442
58.069332,6,5035.902004
57.948683,5,5036.065481
57.920898,5,5036.330667
58.087421,6,5036.479653
-5.91225,6,5036.856168
58.986218,6,5036.951352
58.386579,6,5037.07258
58.28416,6,5037.219544
55.606477,7,5037.478982
56.780598,7,5037.634424
58.279093,6,5037.780165
57.925577,5,5037.945708
58.131324,6,5038.169724
58.954291,6,5038.301502
57.879296,5,5038.565379
58.833697,6,5038.802775
59.076424,6,5038.940668
58.795547,6,5039.085512
58.192401,6,5039.22756
58.652318,6,5039.378001
58.690126,6,5039.508463
57.88869,5,5039.7702
57.910886,5,5040.025022
58.000613,6,5040.225452
56.002546,7,5040.426599
59.080882,6,5040.562007
58.13695,6,5040.708391
56.616007,7,5040.859471
58.471366,6,5041.082237
56.646326,7,5041.27999
59.087518,6,5041.415871
57.756906,5,5041.618769
57.926143,5,5041.748884
58.851572,6,5041.886991
57.911193,5,5042.140592
58.874734,6,5042.239058
59.067353,6,5042.366175
57.825986,5,5042.549271
57.929552,5,5042.799266
58.767754,6,5042.956735
57.801709,5,5043.16178
57.627888,5,5043.395615
58.474078,6,5043.5481
57.852561,5,5043.674905
58.776109,6,5043.934115
56.697517,7,5044.096714
58.493798,6,5044.332452
58.764367,6,5044.478812
59.07402,6,5044.601704
57.845451,5,5044.720058
56.637522,7,5044.883888
57.425089,5,5044.996842
56.520635,7,5045.249117
57.938605,5,5045.4774
57.859313,5,5045.664625
57.915852,5,5045.913273
58.024929,6,5046.059063
57.839216,5,5046.162832
57.925579,5,5046.411473
56.721318,7,5046.569402
56.143275,7,5046.72312
57.930276,5,5046.970148
57.939011,5,5047.204447
57.951197,5,5047.446416
59.07888,6,5047.568191
57.934334,5,5047.743921
57.942033,5,5047.9257
56.188339,7,5048.077309
57.812191,5,5048.243778
56.194498,7,5048.5342
57.930408,5,5048.794645
56.663181,7,5049.047007
58.996633,6,5049.181593
59.036727,6,5049.318439
58.75368,6,5049.439396
56.813211,7,5049.595893
59.086964,6,5049.717724
57.931272,5,5049.883916
58.677649,6,5050.004329
58.210728,6,5050.149406
57.943769,5,5050.397699
58.686577,6,5050.628225
58.936946,6,5050.726406
59.076439,6,5050.848308
58.354947,6,5050.991395
57.302274,6,5051.100835
56.699798,7,5051.353034
57.877476,5,5051.532654
58.522694,6,5051.768113
59.075222,6,5051.900441
57.905562,6,5052.169
-5.908497,6,5052.596924
58.918467,6,5052.755655
57.753696,5,5052.88907
58.396611,6,5053.16618
57.982591,6,5053.463041
59.081514,6,5053.597282
57.930888,5,5053.794159
58.866738,6,5053.89744
57.891211,5,5054.169586
56.870073,7,5054.436763
57.946861,5,5054.697824
57.829942,5,5054.962794
57.930472,5,5055.192831
59.07619,6,5055.341815
59.068319,6,5055.479817
59.009385,6,5055.662046
58.036614,6,5055.797118
58.189657,6,5056.007176
57.950636,5,5056.16989
57.91073,5,5056.351737
57.979792,6,5056.472753
57.934034,5,5056.727388
57.880271,5,5056.992948
57.951277,5,5057.261926
57.790788,5,5057.388677
57.951149,5,5057.664201
58.59233,6,5057.855247
56.33016,7,5058.014613
57.927937,5,5058.246554
58.695488,6,5058.381427
58.591336,6,5058.503957
57.731968,5,5058.751628
56.12831,7,5058.915132
58.470676,6,5059.081394
57.932042,5,5059.247376
57.920363,5,5059.508402
58.29146,6,5059.791883
57.843492,5,5059.889562
58.856199,6,5060.128274
59.081959,6,5060.267979
58.70838,6,5060.521434
58.508727,6,5060.70188
58.454367,6,5060.923647
57.74163,5,5061.138686
58.333046,6,5061.344632
57.947437,5,5061.580624
57.81266,5,5061.857873
59.082508,6,5062.01614
57.907054,5,5062.151685
57.812363,5,5062.349855
57.922765,5,5062.610789
58.434493,6,5062.762798
58.251134,6,5062.917637
57.942251,5,5063.184827
57.950431,5,5063.37312
58.629585,6,5063.624858
58.943892,6,5063.767458
58.704689,6,5063.907777
56.590007,7,5064.073703
58.926999,6,5064.176081
57.895587,5,5064.437947
58.618137,6,5064.584646
57.880631,5,5064.750268
57.913185,6,5064.981779
57.239247,5,5065.232511
58.22098,6,5065.477279
56.331513,7,5065.640498
58.893893,6,5065.738648
57.893665,6,5065.881759
57.94642,5,5066.045461
57.919975,5,5066.252772
58.92534,6,5066.365425
56.691931,7,5066.569916
58.144363,6,5066.688188
58.543984,6,5066.835886
57.894401,5,5066.965871
58.43082,6,5067.206712
56.356831,7,5067.370674
56.339277,7,5067.52896
57.856837,5,5067.800042
58.184458,6,5068.037809
57.932904,5,5068.23714
57.945635,5,5068.508762
56.00684,7,5068.666922
59.073808,6,5068.807651
56.546412,7,5069.001526
58.023322,6,5069.15593
58.231617,6,5069.337041
56.955272,7,5069.502335
58.324013,6,5069.733984
57.207528,5,5070.000132
57.864916,5,5070.300086
59.03322,6,5070.400253
58.051554,6,5070.533847
57.948306,5,5070.712572
58.891696,6,5070.817168
58.40535,6,5071.063109
57.912128,5,5071.18712
59.030626,6,5071.327863
57.914203,5,5071.501713
57.813901,5,5071.774503
57.874005,5,5071.950787
56.418252,7,5072.109819
56.293402,7,5072.270341
57.932699,5,5072.535104
58.289162,6,5072.706618
56.052196,7,5072.935957
58.430746,6,5073.1092
58.578557,6,5073.277657
58.23968,6,5073.54408
57.914764,5,5073.674311
57.92617,5,5073.937791
57.915805,5,5074.144624
57.937049,5,5074.376902
57.758811,5,5074.496402
56.143209,7,5074.748763
58.234175,6,5074.899663
59.000185,6,5075.039836
57.937517,5,5075.293517
56.734767,7,5075.582226
59.066747,6,5075.704932
57.256835,5,5075.876744
58.105513,6,5076.027963
57.796673,5,5076.305738
57.910621,5,5076.432823
59.065416,6,5076.563187
58.046101,6,5076.715674
56.201088,7,5076.984457
59.052971,6,5077.109845
58.742063,6,5077.407527
57.870175,5,5077.534155
58.217299,6,5077.682053
58.651056,6,5077.8668
59.059416,6,5078.019232
57.945006,6,5078.139951
57.917248,5,5078.25037
59.085823,6,5078.375755
58.214267,6,5078.501519
57.959239,6,5078.772526
59.067556,6,5078.946661
56.684701,7,5079.097222
58.359211,6,5079.322232
59.063543,6,5079.444309
57.456495,5,5079.682814
56.758933,7,5079.93803
59.074421,6,5080.115499
58.949275,6,5080.272558
58.055383,6,5080.374856
57.947651,5,5080.646001
58.063945,6,5080.833931
57.291454,5,5081.109788
58.997376,6,5081.211528
58.090067,6,5081.470033
59.060415,6,5081.590881
57.918843,5,5081.740773
57.90786,5,5081.990409
59.074948,6,5082.12969
57.841421,5,5082.398861
57.910692,5,5082.511631
58.249499,6,5082.648302
56.433891,7,5082.802156
57.811885,5,5082.910633
57.924272,5,5083.160169
57.942693,5,5083.283819
59.061075,6,5083.380473
57.919406,5,5083.545885
56.842263,7,5083.702797
59.093859,6,5083.836488
56.834126,7,5083.990308
57.791157,5,5084.089975
56.987885,7,5084.256269
57.944664,5,5084.390375
57.811395,5,5084.49907
56.39173,7,5084.780248
57.947754,5,5084.876023
58.989319,6,5085.102736
56.326714,7,5085.354049
57.928329,5,5085.521712
57.897293,5,5085.63046
59.07701,6,5085.748519
56.663163,7,5085.900169
57.916656,5,5086.104027
57.950327,5,5086.284502
57.934083,5,5086.448945
58.701036,6,5086.60339
59.092288,6,5086.737227
57.948938,5,5086.960192
56.879573,7,5087.111778
57.913699,5,5087.332892
58.957673,6,5087.468108
57.876345,5,5087.594425
57.90427,5,5087.687864
57.936084,5,5087.794601
59.035201,6,5087.890252
56.260388,7,5088.146645
57.245285,5,5088.279794
58.21544,6,5088.401916
56.309525,7,5088.544128
57.918206,5,5088.672358
58.76028,6,5088.817192
58.701444,6,5088.960443
58.924584,6,5089.084981
58.25234,6,5089.218351
56.765268,7,5089.486403
58.371672,6,5089.639643
59.027651,6,5089.741666
58.619945,6,5089.884919
57.633987,5,5090.010208
58.835148,6,5090.139701
58.957565,6,5090.364128
58.223489,6,5090.471804
-5.915731,6,5090.896758
58.312354,6,5091.039861
57.917272,5,5091.177346
56.167006,7,5091.386086
58.38243,6,5091.522188
56.421478,7,5091.791511
56.875459,7,5091.940104
56.705947,7,5092.202306
58.640364,6,5092.35257
57.912761,5,5092.473978
58.183541,6,5092.60498
57.928266,5,5092.860563
56.775496,7,5093.021563
58.968172,6,5093.114432
55.980264,7,5093.310921
58.037365,6,5093.420908
-5.907297,6,5093.781729
57.929591,5,5093.984693
59.073476,6,5094.103644
57.938858,5,5094.278088
58.267799,6,5094.53951
58.670775,6,5094.683091
57.933982,5,5094.803892
59.039118,6,5094.93261
56.804224,7,5095.185354
-11.386699,4,5095.29894
57.94252,5,5095.471814
57.951055,5,5095.650632
58.926278,6,5095.830094
57.929561,5,5095.952674
59.070361,6,5096.071321
58.99931,6,5096.198691
58.936422,6,5096.291505
58.059583,6,5096.487204
58.05052,6,5096.607775
57.937076,5,5096.854558
57.936297,5,5097.017997
58.884163,6,5097.113767
56.445662,7,5097.369015
58.221966,6,5097.518941
57.926422,5,5097.777685
57.922755,5,5098.032161
57.897533,5,5098.136658
57.492262,6,5098.248697
58.230706,6,5098.37596
59.050517,6,5098.487178
58.969442,6,5098.582513
56.425235,7,5098.736193
59.053638,6,5098.866674
56.517244,5,5099.143707
56.660477,7,5099.300661
58.23762,6,5099.442389
59.00345,6,5099.669793
58.848646,6,5099.81714
57.949753,5,5099.981875
57.914297,5,5100.238205
57.21183,5,5100.410342
56.279408,7,5100.560503
56.770502,7,5100.706281
59.054756,6,5100.837828
59.041828,6,5100.965991
59.063836,6,5101.083822
57.310545,5,5101.283211
59.073171,6,5101.413592
58.223034,6,5101.56463
56.356583,7,5101.744
58.348051,6,5101.870934
58.891336,6,5102.013044
56.244497,7,5102.194946
57.947186,5,5102.465274
59.066903,6,5102.601807
56.256802,7,5102.871934
57.782152,6,5103.022806
56.696921,7,5103.287409
58.956867,6,5103.440457
59.065961,6,5103.572116
59.077844,6,5103.708009
59.065343,6,5103.845187
57.91458,5,5103.970736
57.341271,5,5104.150464
58.047317,6,5104.289568
58.735616,6,5104.453519
59.084582,6,5104.590807
56.680928,7,5104.747262
58.278655,6,5104.883311
57.919327,5,5105.006844
57.821792,6,5105.228972
58.049763,6,5105.405749
58.040146,6,5105.671647
57.924875,5,5105.941532
58.019688,6,5106.134315
58.239728,6,5106.323755
56.740624,7,5106.467205
58.326385,6,5106.574889
56.649004,7,5106.819149
57.905035,5,5106.976977
57.815751,5,5107.156835
58.807941,6,5107.300275
58.152329,6,5107.442924
57.848451,5,5107.698736
57.838555,5,5107.894634
59.073571,6,5108.025037
57.898236,5,5108.292819
58.033606,6,5108.42848
56.392742,7,5108.697625
57.930418,5,5108.864554
58.960287,6,5108.996019
57.92992,5,5109.116881
57.888866,5,5109.36586
59.063937,6,5109.499677
57.940257,5,5109.754013
57.915946,5,5110.020698
57.938011,5,5110.250362
56.927615,7,5110.402527
58.926135,6,5110.519267
56.387621,7,5110.67874
57.171017,5,5110.789293
59.068704,6,5110.9101
57.90566,5,5111.028023
57.942645,5,5111.194593
58.120901,6,5111.420249
58.850343,6,5111.667632
56.60611,7,5111.926357
57.937708,5,5112.16771
57.538802,5,5112.360377
58.945151,6,5112.505855
57.79237,5,5112.62361
59.094214,6,5112.76247
58.071738,6,5112.896133
59.070402,6,5113.044503
58.297677,6,5113.324785
58.02257,6,5113.4696
57.922331,5,5113.638071
59.078374,6,5113.779946
58.342063,6,5114.01638
57.836594,5,5114.110275
56.110587,7,5114.345241
57.930407,5,5114.598209
59.071882,6,5114.7295
58.8584,6,5114.858233
58.39024,6,5114.996229
58.419763,6,5115.140002
56.009428,7,5115.288435
57.92313,5,5115.448198
58.126744,6,5115.556363
57.948076,5,5115.803421
57.879464,5,5116.063082
59.018847,6,5116.195706
59.063508,6,5116.323627
59.073986,6,5116.44241
57.903328,5,5116.67612
58.279213,6,5116.819436
57.924579,6,5117.048462
58.249223,6,5117.226157
57.832642,5,5117.404859
59.052524,6,5117.535582
57.932262,5,5117.702149
57.939888,6,5117.884175
58.060787,6,5118.000684
59.072843,6,5118.127375
58.008911,6,5118.239514
56.718081,7,5118.380739
58.142813,6,5118.522282
57.618511,5,5118.760858
58.33641,6,5118.943475
56.666931,7,5119.084991
57.924237,5,5119.340854
57.911298,5,5119.530843
58.973619,6,5119.644452
57.817502,5,5119.821002
57.936419,5,5119.98704
58.51847,6,5120.204967
57.883535,5,5120.336664
59.069647,6,5120.456603
59.085758,6,5120.589896
58.761621,6,5120.786683
56.081302,7,5120.99798
58.409247,6,5121.183662
56.633661,7,5121.340925
58.741598,6,5121.486929
58.171865,6,5121.591851
59.068885,6,5121.702898
57.932375,5,5121.867931
57.528057,6,5122.009983
56.269103,7,5122.17174
57.937551,5,5122.337296
58.367281,6,5122.442598
58.072519,6,5122.600498
57.929198,5,5122.777615
58.002688,6,5122.90582
58.086272,6,5123.133263
56.930011,7,5123.285127
59.071183,6,5123.413899
58.373417,6,5123.632881
58.172311,6,5123.83011
59.056024,6,5123.94885
57.942552,5,5124.194949
57.939094,5,5124.361878
58.785106,6,5124.453893
56.363154,7,5124.605074
58.098793,6,5124.747544
58.246638,6,5124.870749
57.930806,5,5125.031418
57.876201,5,5125.151844
56.726894,7,5125.416354
57.971409,6,5125.620902
59.058533,6,5125.754686
58.937506,6,5125.97365
58.165339,6,5126.101857
56.636495,7,5126.354136
58.59144,6,5126.496776
56.893971,7,5126.640469
57.899481,5,5126.900602
58.243694,6,5127.039465
57.947804,5,5127.210416
58.00369,6,5127.353224
57.906979,5,5127.609466
59.062308,6,5127.73744
58.199716,6,5127.879084
58.956908,6,5128.104908
58.772423,6,5128.231704
57.926645,5,5128.329107
58.853618,6,5128.472816
57.999622,6,5128.58352
57.943272,5,5128.764513
58.412675,6,5128.979112
57.89218,5,5129.218706
56.535668,7,5129.490019
57.926838,5,5129.65309
58.176422,6,5129.802774
56.64026,7,5129.964514
58.684521,6,5130.109416
58.655314,6,5130.250466
56.772632,7,5130.510709
57.951722,5,5130.689373
57.852264,5,5130.948362
59.020725,6,5131.109614
58.151506,6,5131.279358
57.941466,5,5131.523068
57.06887,7,5131.700487
56.277259,7,5132.011592
57.646955,5,5132.293131
58.920298,6,5132.392027
57.915096,5,5132.513655
58.058729,6,5132.76025
56.278935,7,5132.930101
58.490978,6,5133.084642
57.904155,5,5133.224533
58.512688,6,5133.422055
58.496197,6,5133.568366
57.80215,5,5133.845014
56.701742,7,5134.050415
57.950397,6,5134.293488
59.093471,6,5134.429281
58.792978,6,5134.568627
58.656287,6,5134.715958
58.159918,6,5134.86176
57.923817,5,5135.027471
57.91539,5,5135.191813
57.897799,5,5135.356559
58.486204,6,5135.540739
57.934558,5,5135.800373
58.121603,6,5135.913677
57.804253,5,5136.178447
59.074303,6,5136.297991
58.821256,6,5136.53279
58.121621,6,5136.653492
57.938269,5,5136.906141
59.074264,6,5137.030333
57.912159,5,5137.148073
58.123298,6,5137.30037
58.653089,6,5137.43485
-5.91301,6,5137.711997
58.886941,6,5137.855958
59.074174,6,5137.97827
57.938271,5,5138.120304
57.914564,5,5138.252706
59.087677,6,5138.384722
59.091247,6,5138.515906
58.707224,6,5138.740945
58.350291,6,5138.851012
56.528864,7,5139.106384
56.788446,7,5139.387598
59.070793,6,5139.523435
57.95097,5,5139.792074
59.062772,6,5139.921837
56.751113,7,5140.077426
57.929878,5,5140.247706
58.344295,6,5140.360613
58.944499,6,5140.488966
58.313953,6,5140.667777
59.092113,6,5140.813938
59.077475,6,5140.931692
57.946404,5,5141.128706
57.95081,5,5141.30652
58.59698,6,5141.502221
57.946788,5,5141.765331
58.853263,6,5141.910299
57.943564,5,5142.169244
57.914322,5,5142.291955
58.08782,6,5142.433063
59.061702,6,5142.57259
57.923935,5,5142.702681
57.940789,5,5142.860974
57.118001,5,5143.035902
56.756648,7,5143.188218
56.520465,7,5143.381788
-7.466194,5,5143.587228
58.441329,6,5143.721039
58.160744,6,5143.867887
56.846395,7,5144.035771
59.085785,6,5144.192084
59.090905,6,5144.328186
56.675716,7,5144.485932
57.921806,5,5144.657334
57.966461,6,5144.766506
57.932525,5,5145.013609
58.375778,6,5145.224172
58.394884,6,5145.399555
59.062784,6,5145.534669
57.94852,5,5145.738047
58.945995,6,5145.835876
58.934197,6,5145.983523
58.503492,6,5146.130161
57.940592,5,5146.409373
59.042306,6,5146.545397
57.91531,6,5146.662874
57.955878,6,5146.768927
57.929458,5,5147.004459
57.932413,5,5147.123146
57.842079,5,5147.318274
57.945314,5,5147.579781
56.770511,7,5147.860221
58.262809,6,5148.066863
56.360165,7,5148.229865
58.683359,6,5148.356672
56.740498,7,5148.515418
59.056297,6,5148.641694
57.895539,5,5148.737729
56.386338,7,5148.896502
58.314201,6,5149.044314
56.1462,7,5149.248847
56.524235,7,5149.495294
57.910722,5,5149.707362
58.078172,6,5149.854266
57.947342,6,5150.063693
57.942793,5,5150.32043
57.918573,5,5150.48864
59.075813,6,5150.609825
58.420322,6,5150.753562
57.854845,5,5150.933784
57.904922,5,5151.128204
58.884493,6,5151.270583
58.413924,6,5151.432804
57.221639,5,5151.680977
59.067376,6,5151.798239
56.64837,7,5152.071827
57.902044,5,5152.326321
57.449688,6,5152.468118
59.074602,6,5152.601006
56.652106,7,5152.810891
57.929623,5,5152.935789
58.145897,6,5153.089948
57.983325,6,5153.233639
57.929224,5,5153.396218
57.934072,5,5153.606376
56.558659,7,5153.868141
55.885986,7,5154.025656
59.074184,6,5154.145127
57.943943,5,5154.31909
58.221418,6,5154.446241
58.305519,6,5154.564085
59.070513,6,5154.688807
56.618153,7,5154.839295
57.95375,5,5155.063913
56.694073,7,5155.201844
57.918625,5,5155.464443
58.92476,6,5155.558671
59.0695,6,5155.687566
56.107664,7,5155.887896
58.60313,6,5156.037474
57.891626,5,5156.238882
57.742726,5,5156.506176
56.718013,7,5156.645861
58.073442,6,5156.828439
57.897233,5,5156.952662
59.081204,6,5157.082844
57.937568,5,5157.335108
59.075108,6,5157.468717
58.06686,6,5157.707116
57.949323,5,5157.808035
56.554662,7,5158.060321
56.954559,7,5158.323739
58.207408,6,5158.462291
57.936753,5,5158.634035
58.283489,6,5158.86252
58.007416,6,5159.119272
59.087641,6,5159.248728
56.189633,7,5159.467889
58.868288,6,5159.561866
58.206547,6,5159.739677
59.071059,6,5159.865065
56.407803,7,5160.008756
57.906975,5,5160.172107
58.290505,6,5160.441669
58.319409,6,5160.638819
57.939128,5,5160.788289
56.783314,7,5160.937057
57.884615,6,5161.075176
57.980116,6,5161.182067
58.061697,6,5161.288978
58.045723,6,5161.404077
59.082944,6,5161.535274
59.085644,6,5161.666698
58.965916,6,5161.888394
59.072826,6,5162.01031
57.931529,5,5162.132205
57.947055,5,5162.380732
56.728673,7,5162.644922
58.035952,6,5162.846715
56.647699,7,5163.009109
58.227029,6,5163.23497
59.079145,6,5163.358274
58.545376,6,5163.583026
58.021248,6,5163.832928
57.435447,5,5164.109111
57.602056,6,5164.253327
57.855735,5,5164.449418
58.349872,6,5164.704115
58.522219,6,5164.819107
57.953719,5,5165.060218
59.088879,6,5165.191054
57.945983,5,5165.464628
57.86518,5,5165.638821
58.082052,6,5165.757324
59.060057,6,5165.892044
56.388988,7,5166.047922
57.897243,5,5166.142127
56.140189,7,5166.296845
57.903106,5,5166.451863
57.940968,5,5166.613889
57.966864,6,5166.759121
56.542225,7,5167.011953
57.903285,5,5167.224519
57.906355,5,5167.39547
58.061489,6,5167.601866
57.943377,5,5167.858687
57.926844,5,5168.098095
57.913579,5,5168.224653
58.203838,6,5168.337416
56.519255,7,5168.496114
59.069643,6,5168.614602
57.954877,6,5168.787423
56.366897,7,5168.980795
59.077577,6,5169.106741
58.721216,6,5169.239529
58.151663,6,5169.467924
57.940194,5,5169.631051
59.082931,6,5169.761121
57.95247,5,5170.013131
58.86174,6,5170.112039
-5.906095,6,5170.530555
58.30287,6,5170.785409
56.524524,7,5171.030561
57.905311,5,5171.150915
57.878348,5,5171.246032
58.026924,6,5171.386351
59.082861,6,5171.510531
57.756751,5,5171.697721
58.10637,6,5171.827805
57.928315,5,5172.032974
56.068453,7,5172.286548
59.077828,6,5172.409294
57.895095,5,5172.661918
57.923709,5,5172.816584
57.23938,5,5172.977675
58.134002,6,5173.20199
57.89761,6,5173.342979
58.03931,6,5173.45926
56.690285,7,5173.610111
59.07095,6,5173.745419
57.87559,5,5173.864075
57.163121,7,5174.119447
59.005734,6,5174.256345
58.37898,6,5174.477428
56.20886,7,5174.6377
59.048308,6,5174.770428
56.459162,7,5175.006333
56.581771,7,5175.259056
58.907272,6,5175.399049
56.270434,7,5175.650003
58.189169,6,5175.84196
59.052345,6,5175.974547
57.89599,5,5176.111841
58.073298,6,5176.232045
57.917043,5,5176.335947
58.842282,6,5176.463555
58.88081,6,5176.60018
59.065797,6,5176.734089
56.706141,7,5176.980453
59.064373,6,5177.099994
56.792822,7,5177.250597
58.346329,6,5177.508074
56.688193,7,5177.655371
56.210355,7,5177.803609
57.851794,5,5177.98789
57.939518,5,5178.16097
57.933473,5,5178.324415
57.235695,5,5178.564113
58.969199,6,5178.655261
57.944122,6,5178.823443
55.594173,7,5179.07448
56.272219,7,5179.232103
56.779745,7,5179.371976
57.917196,5,5179.538794
56.612215,7,5179.693024
59.044833,6,5179.783362
57.932798,5,5179.903263
59.077753,6,5180.022277
58.445828,6,5180.149084
58.615672,6,5180.292255
57.924105,5,5180.452692
57.960393,6,5180.695271
58.378089,6,5180.83852
59.066219,6,5180.960274
57.927633,5,5181.125589
59.047883,6,5181.260956
57.940926,5,5181.430463
57.046556,7,5181.583802
58.602506,6,5181.813972
57.856617,5,5181.958178
56.208495,7,5182.116781
57.932572,5,5182.366011
58.334088,6,5182.542916
56.690085,7,5182.696051
57.924094,5,5182.977511
58.197705,6,5183.084926
58.53959,6,5183.261795
58.791342,6,5183.444547
58.982181,6,5183.578485
56.575255,7,5183.828548
56.739026,7,5184.090033
55.866325,7,5184.242063
58.855107,6,5184.385437
57.932665,6,5184.526527
59.073178,6,5184.656406
56.662276,7,5184.935929
56.595576,7,5185.176285
57.72125,6,5185.351157
58.166195,6,5185.470109
55.967594,7,5185.620037
57.777492,5,5185.824588
57.945833,5,5185.986899
56.672688,7,5186.257138
58.284969,6,5186.456509
56.647009,7,5186.612984
56.309553,7,5186.766216
58.574611,6,5186.988984
57.951278,5,5187.154858
57.808019,5,5187.253322
57.942119,5,5187.489039
58.538901,6,5187.742379
58.898009,6,5187.870362
57.893963,5,5188.12553
56.699741,7,5188.270076
57.638683,5,5188.395974
57.93965,5,5188.637498
57.949555,5,5188.814866
58.004499,6,5188.960184
57.934973,5,5189.136016
56.814082,7,5189.281872
57.942727,5,5189.454704
56.125057,7,5189.643068
56.80635,7,5189.920311
55.938651,7,5190.117612
57.976229,6,5190.237679
59.071627,6,5190.380725
58.343512,6,5190.534652
57.723868,5,5190.663904
58.25881,6,5190.902423
57.878833,5,5191.092974
59.079253,6,5191.23053
57.317393,5,5191.39766
57.940721,5,5191.576163
59.033231,6,5191.706378
57.692423,6,5191.879902
56.513123,7,5192.034202
58.967651,6,5192.17207
58.966152,6,5192.276108
57.515481,5,5192.512857
56.082707,7,5192.66882
56.341949,7,5192.870366
57.402625,6,5192.974536
58.339821,6,5193.115892
57.891247,6,5193.240647
58.041012,6,5193.348843
58.143956,6,5193.47908
57.935176,5,5193.728636
59.051024,6,5193.856343
58.789715,6,5194.081037
58.956651,6,5194.174141
58.409235,6,5194.325751
56.276701,7,5194.520834
56.457469,7,5194.676098
59.02856,6,5194.767854
57.193985,5,5194.935769
56.366802,7,5195.099415
58.837267,6,5195.217245
58.191852,6,5195.440286
56.943737,7,5195.692952
57.882152,5,5195.867071
59.06988,6,5195.984416
57.639502,5,5196.172148
59.086875,6,5196.297417
58.185065,6,5196.474024
58.389569,6,5196.618896
59.023391,6,5196.754889
58.944486,6,5196.848518
57.781071,5,5197.100928
58.881225,6,5197.334794
57.90517,5,5197.42829
57.924842,5,5197.667704
57.933412,5,5197.850178
56.315356,7,5197.995985
56.30805,7,5198.151826
57.90214,5,5198.264343
57.954942,5,5198.522021
59.066122,6,5198.618584
59.079884,6,5198.740674
57.933547,5,5198.926729
56.164634,7,5199.081978
56.186696,7,5199.233884
57.816431,5,5199.406951
58.086757,6,5199.643213
56.127324,7,5199.853516
57.94298,5,5200.10916
57.547106,5,5200.345052
57.918673,5,5200.644141
57.877715,5,5200.765474
57.744411,5,5201.02213
57.938204,5,5201.326299
56.323189,7,5201.527773
57.942719,5,5201.804288
58.183155,6,5201.981822
57.927924,5,5202.147208
57.923803,5,5202.378468
57.861221,5,5202.555035
57.932554,5,5202.666143
58.971263,6,5202.767795
56.569302,7,5202.962663
59.075314,6,5203.092789
57.934284,5,5203.346696
58.228711,6,5203.494078
58.953153,6,5203.680399
59.069529,6,5203.814756
59.022319,6,5203.947435
58.320063,6,5204.091253
56.815485,7,5204.384456
58.709899,6,5204.519843
57.925332,5,5204.699816
59.07516,6,5204.824883
59.004868,6,5204.968803
58.779926,6,5205.133177
59.080114,6,5205.270563
58.126726,6,5205.391992
58.289888,6,5205.608171
59.071533,6,5205.7262
57.83526,5,5205.892973
58.779668,6,5206.073552
57.975398,6,5206.305034
57.198234,7,5206.562183
57.932957,5,5206.768083
58.850679,6,5206.98923
58.095887,6,5207.218923
58.417593,6,5207.377277
58.380738,6,5207.528593
56.145743,7,5207.768355
57.948713,5,5208.040621
56.429659,7,5208.240474
-7.312677,5,5208.38423
57.94659,5,5208.634001
56.571528,7,5208.838292
57.945755,5,5209.023537
57.960415,6,5209.168796
58.660826,6,5209.30614
57.820043,5,5209.572758
58.444236,6,5209.789795
58.593255,6,5209.937232
59.080939,6,5210.071899
59.061793,6,5210.211917
56.112635,7,5210.409625
59.069973,6,5210.543191
58.067413,6,5210.683272
58.574421,6,5210.957734
58.262737,6,5211.063884
58.782183,6,5211.196103
59.068498,6,5211.332956
57.892665,5,5211.617396
56.778872,7,5211.864766
57.286816,5,5212.12227
56.823637,7,5212.463594
57.850295,5,5212.626946
57.947352,5,5212.868698
56.549863,7,5213.130513
58.124307,6,5213.260066
56.432175,7,5213.47352
58.869557,6,5213.638425
56.52252,7,5213.80454
58.201445,6,5213.988916
57.936633,5,5214.262222
59.090885,6,5214.396482
57.845714,5,5214.566132
57.912547,5,5214.698585
58.978443,6,5214.798303
57.09374,7,5215.09425
57.859016,5,5215.305869
58.954066,6,5215.406296
58.96004,6,5215.550949
57.885874,5,5215.672712
57.927092,5,5215.786759
58.35467,6,5216.078857
59.092233,6,5216.213865
57.065078,5,5216.383713
57.825908,5,5216.562711
57.954365,5,5216.730536
57.948354,5,5216.907811
59.059309,6,5217.056375
58.035211,6,5217.299264
57.942793,5,5217.54683
57.787164,5,5217.651038
56.698945,7,5217.817835
57.931923,5,5217.944012
58.679876,6,5218.074394
56.307225,7,5218.233081
57.697502,5,5218.360804
56.05539,7,5218.529531
59.086667,6,5218.679532
58.979152,6,5218.835164
57.236307,5,5219.019315
57.696063,6,5219.170241
59.082004,6,5219.303051
57.919557,5,5219.5525
57.911291,5,5219.805601
59.069501,6,5219.938316
58.576592,6,5220.124164
57.853665,5,5220.313288
56.141501,7,5220.460203
58.086647,6,5220.608594
56.390831,7,5220.762016
58.314166,6,5221.007495
58.810437,6,5221.164442
56.997068,7,5221.324191
57.897257,5,5221.580334
57.889659,5,5221.746303
58.285405,6,5222.013842
56.223206,7,5222.168299
57.942433,5,5222.413347
59.071581,6,5222.547806
56.767423,7,5222.71218
59.066276,6,5222.851824
58.612464,6,5223.017779
56.201962,7,5223.171143
57.042817,7,5223.332826
58.789777,6,5223.480026
57.938052,5,5223.580606
58.374548,6,5223.72775
57.882933,5,5223.850814
58.294581,6,5223.998455
58.982885,6,5224.175461
57.9438,6,5224.327576
57.928711,5,5224.424769
57.941806,5,5224.600345
56.207137,7,5224.748607
58.341025,6,5224.909081
58.767724,6,5225.054294
58.856698,6,5225.206751
58.030786,6,5225.360664
58.296698,6,5225.486008
58.847189,6,5225.614154
57.928953,5,5225.777429
56.599839,7,5226.022624
-8.236536,5,5226.127826
56.812204,7,5226.322774
-5.914793,6,5226.550162
57.936465,5,5226.812294
58.002993,6,5226.952502
59.067478,6,5227.093445
58.075427,6,5227.274293
58.981587,6,5227.366399
58.702711,6,5227.546416
57.793534,5,5227.725766
59.0416,6,5227.862619
57.809718,5,5228.134119
57.982989,6,5228.256185
58.108887,6,5228.418992
57.9479,5,5228.596334
58.27828,6,5228.779527
58.122903,6,5228.937163
57.952176,5,5229.118448
57.943115,5,5229.373507
57.9326,5,5229.631948
59.062599,6,5229.769125
57.950479,5,5229.941864
57.971298,6,5230.050843
57.861046,6,5230.267349
58.28885,6,5230.396942
57.893951,5,5230.502962
57.860853,5,5230.702446
58.786461,6,5230.859303
57.880941,5,5231.051826
58.128798,6,5231.192521
57.937362,5,5231.470372
57.84987,5,5231.597541
58.699016,6,5231.744192
58.72216,6,5231.924644
56.657428,7,5232.072404
58.656061,6,5232.226535
58.325899,6,5232.378318
58.381073,6,5232.500109
56.508575,7,5232.657347
59.022877,6,5232.797431
58.164446,6,5232.94691
58.648165,6,5233.141123
58.604509,6,5233.375129
56.324792,7,5233.554264
56.19081,7,5233.886463
56.811305,7,5234.15709
56.383169,7,5234.360509
58.451112,6,5234.51036
-13.774744,3,5234.587428
56.516903,7,5234.756353
57.946576,5,5234.964223
58.417888,6,5235.112208
58.156829,6,5235.339309
59.082317,6,5235.459442
58.657169,6,5235.698743
56.544468,7,5235.855407
58.883817,6,5236.00343
57.898524,5,5236.118072
58.807719,6,5236.250146
57.887854,5,5236.438426
56.078384,7,5236.604744
58.921311,6,5236.741834
56.603544,7,5236.907227
56.050548,7,5237.060979
57.937965,5,5237.310723
59.07804,6,5237.430659
57.86765,5,5237.601866
58.834464,6,5237.757945
59.088907,6,5237.896739
59.078477,6,5238.018389
57.862619,5,5238.272047
58.822386,6,5238.414124
57.940589,5,5238.599191
59.083725,6,5238.722918
57.935387,5,5239.024182
57.933926,5,5239.189455
58.133767,6,5239.298645
57.935714,5,5239.46882
56.175089,7,5239.662148
56.073132,7,5239.841411
56.459865,7,5240.013677
59.068718,6,5240.158946
57.951043,5,5240.47828
57.948461,5,5240.689792
59.083402,6,5240.84301
58.20935,6,5240.99547
59.081479,6,5241.128007
56.582992,7,5241.309711
57.559591,5,5241.516191
56.58454,7,5241.684213
56.940388,7,5241.833862
58.307073,6,5241.971757
57.945444,5,5242.215719
57.915499,5,5242.473275
58.733981,6,5242.662132
57.911011,5,5242.915024
59.009433,6,5243.057736
57.915271,5,5243.27454
57.84757,5,5243.447359
56.289113,7,5243.599055
57.948228,5,5243.906438
57.886165,5,5244.082451
57.991555,6,5244.310417
-5.909473,6,5244.747031
57.909826,5,5244.90881
58.829405,6,5245.005978
57.94261,5,5245.17008
58.971029,6,5245.282369
58.315564,6,5245.488147
56.040172,7,5245.702015
58.711205,6,5245.878815
58.357057,6,5246.0905
58.274438,6,5246.34499
56.199564,7,5246.514963
58.909156,6,5246.663494
58.291434,6,5246.846455
57.937001,5,5247.024157
56.044839,7,5247.182732
58.287922,6,5247.378317
56.355863,7,5247.579242
59.068785,6,5247.713286
56.561841,7,5247.869226
57.871879,5,5248.092175
58.725854,6,5248.237459
58.985798,6,5248.385225
57.922716,5,5248.512095
58.836171,6,5248.672907
57.894256,5,5248.932525
58.187506,6,5249.106779
57.903106,5,5249.210448
57.914846,5,5249.369154
56.735329,7,5249.524228
58.003674,6,5249.649106
56.675821,7,5249.808554
57.930922,5,5250.008266
59.015385,6,5250.147007
56.729888,7,5250.439485
58.756364,6,5250.586369
56.205913,7,5250.843902
56.01857,7,5251.00114
58.267143,6,5251.178306
58.615368,6,5251.332312
57.924865,5,5251.589526
56.334719,7,5251.833674
57.926532,6,5251.951867
56.437103,7,5252.19796
58.304098,6,5252.345581
56.596972,7,5252.608437
59.065213,6,5252.742064
57.941763,5,5253.017741
57.939058,5,5253.262716
57.922429,5,5253.431929
57.920486,5,5253.687464
58.852459,6,5253.783491
58.343081,6,5253.933746
55.949557,7,5254.082667
56.563201,7,5254.331046
56.639571,7,5254.613529
57.947978,5,5254.750833
57.941722,5,5254.915279
58.374627,6,5255.160423
56.608188,7,5255.410388
58.218147,6,5255.590292
57.958646,5,5255.849834
57.909769,5,5256.106938
57.937847,5,5256.362094
58.87021,6,5256.542752
56.62781,7,5256.783613
58.065229,6,5256.928531
57.917743,6,5257.112984
57.931699,5,5257.27169
57.887664,5,5257.43893
56.143898,7,5257.639575
55.652098,7,5257.884289
57.940568,5,5258.047173
-5.908116,6,5258.2789
58.460179,6,5258.459409
57.940511,5,5258.642279
58.856233,6,5258.791259
58.296043,6,5258.973143
58.522284,6,5259.153806
58.246813,6,5259.301916
56.760058,7,5259.451087
58.280645,6,5259.594045
57.915724,6,5259.741298
57.941911,5,5259.86629
56.875499,7,5260.024986
57.946217,5,5260.204442
58.767382,6,5260.333314
59.079772,6,5260.476949
57.976714,6,5260.59219
58.978897,6,5260.689533
56.776109,7,5260.840691
59.058262,6,5260.936859
58.02754,6,5261.069304
59.07711,6,5261.20075
56.183088,7,5261.351068
58.361025,6,5261.573949
58.333483,6,5261.697266
58.082996,6,5261.842579
59.075518,6,5261.974293
59.067128,6,5262.094518
56.511903,7,5262.270291
58.616029,6,5262.433576
56.145148,7,5262.630582
57.878115,5,5262.885806
57.71739,5,5262.993335
59.006496,6,5263.14485
59.074186,6,5263.263234
59.013905,6,5263.389415
58.164971,6,5263.607963
56.631918,7,5263.86072
58.276415,6,5264.079473
58.905123,6,5264.312049
57.929692,5,5264.437378
57.940197,5,5264.617794
58.294241,6,5264.851223
58.096791,6,5265.104002
58.216061,6,5265.252679
56.609531,7,5265.498093
58.039524,6,5265.713653
56.097674,7,5265.863374
56.035558,7,5266.062291
58.977018,6,5266.197539
58.734324,6,5266.340811
57.925242,5,5266.585579
59.06361,6,5266.722997
58.841738,6,5266.828229
59.051117,6,5266.955919
57.72239,5,5267.17327
59.092084,6,5267.405069
57.322791,5,5267.93259
58.74959,6,5268.192368
58.872397,6,5268.685851
58.874215,6,5268.992881
59.071089,6,5269.223574
57.170641,5,5269.676812
59.085371,6,5269.921824
58.318229,6,5270.182179
57.942177,5,5270.499318
57.910754,5,5270.747772
57.939239,5,5271.228778
57.956154,6,5271.616965
56.613542,7,5271.937732
58.911968,6,5272.199216
58.432974,6,5272.485265
57.88985,5,5272.699064
58.686954,6,5273.001199
57.984013,6,5273.22963
58.02752,6,5273.490854
58.198516,6,5273.76261
56.207657,7,5274.183138
59.076632,6,5274.39816
57.952635,5,5274.703096
57.936512,5,5275.231168
57.893481,5,5275.766875
57.945416,5,5276.215103
59.056817,6,5276.388863
56.625264,7,5276.669441
57.930809,5,5276.999414
56.24672,7,5277.282276
57.929404,5,5277.592404
56.66784,7,5277.913651
57.939365,6,5278.272213
57.893152,5,5278.515301
58.007839,6,5278.814794
58.073517,6,5279.180427
58.898717,6,5279.5054
56.220069,7,5279.858865
57.946115,5,5280.406181
58.368164,6,5280.667325
56.830097,7,5281.183351
57.920577,5,5281.707741
59.080673,6,5281.916603
58.30761,6,5282.127426
57.066882,7,5282.437241
56.722417,7,5282.768346
56.003156,7,5283.056801
57.278236,5,5283.354167
58.030534,6,5283.553271
57.944893,5,5283.750508
58.807779,6,5283.93031
57.984693,6,5284.218367
57.833445,5,5284.504104
56.229483,7,5284.82086
57.934221,5,5285.066957
57.866694,5,5285.579969
59.072293,6,5285.819582
58.087968,6,5286.180323
58.359616,6,5286.532004
57.938126,6,5286.76551
58.03243,6,5286.987901
58.06534,6,5287.259907
56.809807,7,5287.562384
57.785083,5,5287.92749
57.869465,5,5288.258242
57.895161,5,5288.545695
59.063791,6,5288.786296
59.057417,6,5289.007266
57.943845,5,5289.417707
56.763725,7,5289.717782
57.560499,5,5289.966434
58.196319,6,5290.190075
59.072348,6,5290.440754
57.931094,5,5290.782666
57.910613,5,5291.12345
57.934611,5,5291.584243
58.729058,6,5291.9576
57.904425,5,5292.295731
59.058632,6,5292.556081
58.732955,6,5292.8373
56.760371,7,5293.280305
57.929777,5,5293.577982
56.675764,7,5293.886966
58.88407,6,5294.149765
58.01987,6,5294.579401
57.935062,5,5294.916568
57.837591,5,5295.369449
59.003531,6,5295.58347
57.86009,5,5295.979419
57.942398,5,5296.356147
58.64818,6,5296.602738
57.898011,5,5296.958169
57.689341,5,5297.177227
58.031584,6,5297.388023
57.910021,5,5297.910626
57.947559,5,5298.330075
56.574492,7,5298.642346
56.390396,7,5299.13328
59.072085,6,5299.376107
58.353201,6,5299.59677
58.033631,6,5299.880088
58.780208,6,5300.060521
56.679778,7,5300.599009
57.89311,5,5300.845306
59.071662,6,5301.078463
58.391917,6,5301.357697
57.927965,5,5301.635049
57.832286,5,5301.78653
57.815162,5,5302.078448
58.505363,6,5302.305916
57.864878,5,5302.468433
58.377081,6,5302.726459
58.909401,6,5302.829862
58.225292,6,5302.978236
58.710317,6,5303.134651
58.9226,6,5303.269073
58.068665,6,5303.418699
58.450536,6,5303.598571
57.874949,5,5303.782471
-5.90812,6,5304.170332
57.906959,5,5304.422815
57.941085,5,5304.680335
57.93772,5,5304.783539
58.515796,6,5304.968
58.18305,6,5305.119152
57.924238,5,5305.369386
58.285962,6,5305.54372
56.731547,7,5305.70061
59.075478,6,5305.820159
57.915614,5,5305.939131
58.650196,6,5306.178495
56.819241,7,5306.438435
57.786763,6,5306.655938
58.541349,6,5306.801153
56.682439,7,5306.947474
59.062874,6,5307.076072
57.931275,5,5307.379588
58.838935,6,5307.515279
56.722029,7,5307.814248
57.927549,5,5308.052705
59.081896,6,5308.175016
59.068841,6,5308.315349
59.058291,6,5308.408565
59.011745,6,5308.539329
56.675003,7,5308.731334
59.062614,6,5308.827135
58.948736,6,5308.925058
57.94145,5,5309.172248
59.045684,6,5309.295956
57.91278,5,5309.403261
59.011396,6,5309.529145
58.10205,6,5309.698684
59.078852,6,5309.826771
59.035648,6,5309.964206
58.217021,6,5310.108111
57.330267,5,5310.213262
56.215912,7,5310.385877
57.925859,5,5310.565162
58.209552,6,5310.673044
56.744719,7,5310.922538
58.054019,6,5311.114644
58.216725,6,5311.307696
57.748299,5,5311.549835
57.911504,5,5311.682425
59.078697,6,5311.810184
57.931042,5,5312.040612
59.061198,6,5312.166557
57.841491,5,5312.349502
57.98112,6,5312.496263
57.867464,5,5312.762922
56.403836,7,5312.924533
57.890581,5,5313.096167
58.31913,6,5313.215196
59.078191,6,5313.34647
56.580064,7,5313.506091
58.486296,6,5313.69523
57.887503,5,5313.829479
58.67796,6,5313.96056
57.086487,5,5314.057511
58.426159,6,5314.20796
58.436354,6,5314.33715
57.952761,5,5314.509554
57.913809,5,5314.757653
58.646731,6,5314.912214
57.930569,5,5315.159908
58.675325,6,5315.325326
59.072552,6,5315.462631
57.944361,5,5315.723832
58.952604,6,5315.821169
57.932987,5,5316.070952
57.895114,6,5316.222585
56.679215,7,5316.512468
57.923892,5,5316.620113
59.068442,6,5316.740965
57.930174,5,5316.902327
57.949062,5,5317.07591
59.079535,6,5317.197556
56.879537,7,5317.347715
58.758199,6,5317.444638
56.653857,7,5317.704046
55.921647,7,5317.944012
58.398404,6,5318.108593
58.948855,6,5318.341468
57.993435,6,5318.482555
56.529299,7,5318.652447
57.908421,5,5318.825105
58.046699,6,5318.972332
58.029696,6,5319.107793
59.06691,6,5319.242485
56.872994,7,5319.405908
58.717598,6,5319.636772
58.634775,6,5319.781044
58.147921,6,5319.898338
57.908227,5,5320.006804
56.715827,7,5320.216305
58.829541,6,5320.444471
56.676343,7,5320.703923
59.053793,6,5320.839526
59.032644,6,5320.979052
57.939555,5,5321.225115
58.750411,6,5321.465251
59.07639,6,5321.607115
58.924172,6,5321.746505
58.381565,6,5321.854465
58.923545,6,5321.993191
58.270275,6,5322.120059
56.887089,7,5322.400211
57.929344,5,5322.523069
59.081333,6,5322.671214
55.539702,7,5322.954547
56.193888,7,5323.156394
58.743378,6,5323.303588
57.945296,5,5323.54206
57.897079,6,5323.78889
59.074318,6,5323.910327
57.917748,5,5324.164067
57.940776,5,5324.423539
58.994864,6,5324.516756
57.800272,5,5324.726594
56.651275,7,5324.867928
59.061357,6,5324.999212
57.918446,5,5325.203496
58.608686,6,5325.349489
58.902372,6,5325.44748
58.140868,6,5325.592498
57.937995,5,5325.760592
57.828482,5,5325.92562
57.946616,5,5326.095534
57.930931,5,5326.352914
56.386253,7,5326.604788
57.904643,5,5326.836574
57.886594,5,5326.976306
56.204224,7,5327.185538
59.0617,6,5327.312935
58.722999,6,5327.411438
56.327325,7,5327.57415
56.85051,7,5327.846349
58.054607,6,5327.954557
-7.654581,5,5328.093824
57.907592,5,5328.389941
56.653831,7,5328.545511
58.326744,6,5328.655284
57.913739,5,5328.903832
57.950358,5,5329.077689
58.188553,6,5329.236559
57.947198,6,5329.350212
58.919214,6,5329.450334
58.145702,6,5329.572271
58.08735,6,5329.812489
57.946901,5,5330.128092
57.934445,5,5330.243433
57.942768,5,5330.431499
55.897455,7,5330.589266
58.102138,6,5330.69961
59.079762,6,5330.834443
59.0185,6,5330.938474
57.087878,7,5331.09903
-5.914457,6,5331.378306
57.276815,5,5331.5145
-5.906471,6,5331.874639
56.175862,7,5332.037292
56.607699,7,5332.304184
58.674657,6,5332.445795
56.190508,7,5332.600208
59.071258,6,5332.726313
57.925587,5,5332.981448
58.42731,6,5333.122686
58.797581,6,5333.368787
59.085138,6,5333.529854
57.94164,5,5333.720738
57.932657,5,5333.826916
56.097305,7,5333.97872
58.581883,6,5334.128487
57.907516,6,5334.266018
56.586495,7,5334.523496
58.607201,6,5334.667921
58.163327,6,5334.850368
57.841388,5,5334.974807
58.542652,6,5335.197375
58.765224,6,5335.329247
56.31289,7,5335.485222
57.950064,5,5335.738481
59.077135,6,5335.862451
59.082638,6,5335.998411
57.926296,5,5336.171088
56.446629,7,5336.328814
55.854628,7,5336.486189
58.200342,6,5336.70972
57.936376,5,5336.94055
57.948847,5,5337.133102
58.286867,6,5337.282888
57.907128,5,5337.482358
57.699184,5,5337.599229
57.08334,7,5337.869549
57.94439,5,5338.04266
57.981036,6,5338.164179
57.940635,5,5338.334358
57.845517,5,5338.464066
56.90705,7,5338.705481
57.947206,5,5338.965671
57.944701,5,5339.222525
59.076411,6,5339.352758
58.876701,6,5339.539684
57.882701,5,5339.790366
58.893965,6,5339.912955
58.957089,6,5340.043021
58.807541,6,5340.190191
56.59622,7,5340.337559
59.077928,6,5340.461427
58.659629,6,5340.610421
56.187373,7,5340.76669
57.895627,5,5340.934907
56.932488,7,5341.116529
56.53086,7,5341.276101
57.932146,5,5341.470062
57.961301,6,5341.746837
56.373976,7,5342.025151
57.94177,5,5342.294518
59.090461,6,5342.449076
58.050821,6,5342.58997
56.212037,7,5342.80008
58.239723,6,5342.93738
58.584647,6,5343.125169
56.345865,7,5343.291091
59.091596,6,5343.449419
58.843808,6,5343.580152
57.945997,5,5343.827437
57.93512,5,5344.123179
58.11422,6,5344.300753
56.269107,7,5344.461236
58.015344,6,5344.766415
57.936022,5,5345.0906
57.94414,5,5345.270977
57.937254,5,5345.560593
57.259459,5,5345.816221
56.312669,7,5346.019656
57.036934,7,5346.28901
57.961105,6,5346.433461
57.943713,5,5346.711119
57.916221,5,5346.918264
56.656416,7,5347.18945
58.060823,6,5347.333437
56.296102,7,5347.48991
58.623373,6,5347.73022
57.933194,5,5347.99079
56.617664,7,5348.254284
58.506484,6,5348.436614
57.910057,5,5348.54405
57.934072,5,5348.642284
57.940834,5,5348.806348
58.111363,6,5349.150826
-7.064698,5,5349.91547
58.244831,6,5350.187824
59.072881,6,5350.438013
58.39299,6,5350.653157
59.063992,6,5350.891142
58.790966,6,5351.124997
58.219005,6,5351.485231
57.920205,5,5351.636585
57.945749,5,5351.932474
57.957359,5,5352.286387
56.047062,7,5352.704186
56.409665,7,5353.056168
57.953575,5,5353.309052
57.908181,5,5353.463098
58.710243,6,5353.838877
58.082495,6,5354.146524
59.058323,6,5354.357572
58.386551,6,5354.732356
58.797543,6,5354.996694
59.071469,6,5355.137065
57.862017,5,5355.400229
57.908061,5,5355.578731
57.854348,5,5355.818743
56.419838,7,5356.017574
57.92442,5,5356.293453
58.246541,6,5356.517733
57.91524,5,5356.683529
59.077071,6,5356.80033
57.878883,5,5357.054844
57.957474,6,5357.226922
59.07348,6,5357.353945
58.833189,6,5357.484234
59.053268,6,5357.603015
57.89747,5,5357.854244
58.945352,6,5358.082417
58.488842,6,5358.227546
58.368482,6,5358.450364
58.922922,6,5358.677433
58.265756,6,5358.850745
58.779558,6,5359.072532
58.062514,6,5359.211459
58.841653,6,5359.435722
-5.90742,6,5359.878623
58.206018,6,5360.020988
57.880213,5,5360.201514
57.930529,5,5360.364844
59.072975,6,5360.496277
58.529309,6,5360.641731
59.070664,6,5360.772673
59.070414,6,5360.891262
59.073257,6,5361.012697
58.660106,6,5361.158285
56.232886,7,5361.310813
56.70053,7,5361.464753
57.919956,5,5361.627292
59.089403,6,5361.754322
58.437258,6,5361.894305
58.445878,6,5362.025909
58.02598,6,5362.160411
56.433271,7,5362.317076
58.115483,6,5362.578
57.805391,5,5362.761132
58.439961,6,5362.994701
58.059309,6,5363.198837
58.748584,6,5363.379897
57.937276,5,5363.544862
57.932516,5,5363.796807
57.940658,5,5363.927554
58.946716,6,5364.123752
58.755158,6,5364.243789
57.804888,5,5364.424067
58.413218,6,5364.67415
57.946911,5,5364.829362
58.863045,6,5364.925936
57.861165,6,5365.070841
56.918285,7,5365.229539
59.084347,6,5365.385001
56.779441,7,5365.694083
56.907476,7,5365.852781
58.694377,6,5366.042374
56.391325,7,5366.219234
59.040016,6,5366.361574
59.048534,6,5366.473481
57.908096,5,5366.57537
58.736362,6,5366.812438
57.283293,5,5366.98286
57.285349,5,5367.153979
59.01858,6,5367.257344
59.086877,6,5367.407097
59.07252,6,5367.529712
58.95364,6,5367.642772
59.080832,6,5367.780999
57.474489,5,5368.008459
57.886726,5,5368.25247
56.762376,7,5368.426727
58.113788,6,5368.695332
56.665216,7,5368.88157
57.937367,5,5369.080003
58.392549,6,5369.229703
56.110492,7,5369.392865
58.678851,6,5369.634128
57.722843,5,5369.897895
58.326645,6,5370.058525
56.215574,7,5370.265164
58.854747,6,5370.367365
56.56056,7,5370.628575
57.957278,5,5370.812532
56.641318,7,5371.058865
58.171789,6,5371.179258
57.877061,5,5371.351177
58.999266,6,5371.448795
57.139478,7,5371.719139
57.922479,5,5371.973921
59.051888,6,5372.079592
59.005624,6,5372.181809
56.71283,7,5372.349721
58.221718,6,5372.499541
57.84341,5,5372.686425
59.060897,6,5372.829693
58.981993,6,5373.004897
57.848919,5,5373.279442
58.987581,6,5373.434111
57.872927,5,5373.623608
57.892146,5,5373.828827
57.899751,5,5374.036345
59.074573,6,5374.183632
56.715424,7,5374.438798
57.949351,5,5374.615701
58.287896,6,5374.736702
56.358433,7,5374.891326
57.906622,5,5375.067249
57.914045,5,5375.32859
59.025168,6,5375.423244
56.630965,7,5375.580527
59.047035,6,5375.712618
57.311647,5,5375.905725
59.064519,6,5376.029333
56.608342,7,5376.286293
56.595971,7,5376.553075
59.076756,6,5376.685416
59.087905,6,5376.8099
57.894504,5,5376.935398
58.885936,6,5377.036981
59.084271,6,5377.17351
58.303122,6,5377.316657
58.664035,6,5377.510792
56.792519,7,5377.827758
58.282071,6,5377.981545
56.191946,7,5378.167151
57.932581,5,5378.439966
59.009404,6,5378.601724
57.857126,5,5378.82348
58.998499,6,5378.972604
59.073268,6,5379.10511
56.222787,7,5379.283909
57.921074,5,5379.58375
57.953475,6,5379.760904
59.027371,6,5379.90092
58.313546,6,5380.033606
58.78213,6,5380.186477
56.605257,7,5380.455749
56.216156,7,5380.7174
58.29837,6,5380.840143
58.410348,6,5381.066896
58.874133,6,5381.203008
57.709354,5,5381.359556
56.117339,7,5381.645697
57.904832,5,5381.812662
59.048453,6,5381.933524
57.892661,5,5382.10443
59.069839,6,5382.230511
58.114679,6,5382.351561
56.938691,7,5382.635598
57.706536,5,5382.879149
59.074243,6,5383.013993
57.891368,5,5383.135867
58.740573,6,5383.278577
58.561837,6,5383.513516
59.070426,6,5383.632459
58.044751,6,5383.763467
57.836301,5,5384.029041
56.278221,7,5384.273294
57.912441,5,5384.368591
57.973932,6,5384.504971
59.03593,6,5384.610379
57.928932,5,5384.733612
58.297903,6,5384.882641
58.277311,6,5385.046256
58.887544,6,5385.142615
58.815773,6,5385.281235
58.222903,6,5385.543336
57.940999,5,5385.778159
58.581908,6,5385.9249
56.0534,7,5386.075806
-5.903585,6,5386.44368
58.30302,6,5386.59249
58.266417,6,5386.741277
-5.911008,6,5387.166816
56.254126,7,5387.333159
58.971898,6,5387.43093
59.093533,6,5387.563352
58.285881,6,5387.69995
58.748735,6,5387.934732
57.954541,5,5388.10188
58.260519,6,5388.211772
57.938353,5,5388.309064
58.055913,6,5388.430535
57.921752,5,5388.69387
57.939417,5,5388.872955
57.923686,5,5389.039518
57.999418,6,5389.173544
-5.90965,6,5389.588777
57.921476,5,5389.755376
58.911082,6,5389.850581
58.234307,6,5390.116249
56.532057,7,5390.371449
59.068851,6,5390.494315
58.653773,6,5390.644151
57.938418,5,5390.824614
57.878403,5,5390.989277
58.326533,6,5391.172977
57.843589,5,5391.358541
58.204262,6,5391.533681
56.107244,7,5391.789843
58.943935,6,5391.926549
57.869776,5,5392.034674
59.071486,6,5392.163885
58.343823,6,5392.305256
58.807395,6,5392.403974
57.929269,5,5392.588907
57.726568,6,5392.809496
56.615323,7,5392.963264
59.056855,6,5393.077568
56.32849,7,5393.326604
56.28973,7,5393.594249
57.922151,5,5393.718396
59.071954,6,5393.846091
58.062978,6,5394.020267
59.076786,6,5394.147942
58.41837,6,5394.409827
59.076578,6,5394.54303
58.774514,6,5394.688558
59.030819,6,5394.817072
57.751041,6,5394.957978
58.573549,6,5395.184626
57.883284,5,5395.36734
58.675156,6,5395.513127
56.889599,7,5395.66432
58.441359,6,5395.793698
57.432859,6,5395.935912
58.043739,6,5396.048219
59.072016,6,5396.183118
58.371987,6,5396.360265
58.303024,6,5396.571392
57.946304,5,5396.747763
57.937297,5,5396.909912
58.584776,6,5397.100138
56.090204,7,5397.297526
59.081012,6,5397.419597
57.941752,5,5397.543016
58.034717,6,5397.751183
58.573006,6,5397.90154
56.274785,7,5398.055923
56.227237,7,5398.307148
57.909545,6,5398.535551
56.621033,7,5398.694957
57.823912,5,5398.958985
58.227191,6,5399.214961
58.708257,6,5399.33398
56.336261,7,5399.532032
57.895381,5,5399.726538
57.8784,5,5399.885497
58.841094,6,5400.029055
56.48389,7,5400.224456
58.389698,6,5400.402117
59.069757,6,5400.540315
57.9102,5,5400.656996
58.392662,6,5400.879159
57.943812,5,5400.991136
59.071369,6,5401.110201
56.423318,7,5401.269253
57.806955,5,5401.53983
59.050008,6,5401.631178
58.270628,6,5401.773854
58.549067,6,5402.002855
58.221101,6,5402.145839
59.071293,6,5402.265056
56.607672,7,5402.503109
58.365982,6,5402.747157
57.918449,5,5403.059746
56.971656,7,5403.210389
57.935569,5,5403.461419
59.080379,6,5403.587525
59.043219,6,5403.725507
58.722973,6,5403.920717
58.677016,6,5404.062927
58.626943,6,5404.284476
58.149369,6,5404.42978
56.0729,7,5404.630196
58.115202,6,5404.778579
56.675682,7,5404.947301
57.905024,5,5405.194268
58.34463,6,5405.307397
59.073394,6,5405.440187
58.158584,6,5405.559033
57.926325,5,5405.648007
58.760582,6,5405.776617
58.050962,6,5405.884572
57.701215,5,5406.134157
58.671053,6,5406.35394
56.72041,7,5406.615013
57.910163,5,5406.865597
57.926939,5,5406.995851
57.930926,5,5407.101566
58.008669,6,5407.222104
57.929961,5,5407.504726
59.071617,6,5407.627084
56.486789,7,5407.938313
58.119862,6,5408.378723
58.772906,6,5408.857181
57.657945,5,5409.334694
57.919704,5,5409.690273
59.072095,6,5409.941515
56.653887,7,5410.302901
56.752079,7,5410.851028
59.072146,6,5411.086989
59.07241,6,5411.321167
58.860642,6,5411.551149
59.056266,6,5411.709986
57.941019,5,5412.134989
58.995957,6,5412.387568
59.075094,6,5412.597317
57.946325,5,5413.052876
57.929849,5,5413.390835
57.93197,5,5413.81621
56.694782,7,5414.101978
57.960596,6,5414.522892
57.726933,5,5414.668212
56.759165,7,5414.982187
58.108325,6,5415.170361
57.966998,6,5415.496657
57.526096,6,5415.868384
58.343413,6,5416.154363
59.088194,6,5416.396947
59.065527,6,5416.645547
56.524786,7,5416.964002
58.311033,6,5417.258286
57.948585,5,5417.549453
56.76211,7,5418.029362
59.065855,6,5418.260774
57.936581,5,5418.447705
57.921678,5,5418.714367
59.08415,6,5418.925535
57.916048,5,5419.106144
58.231693,6,5419.474814
56.6851,7,5419.976593
57.917453,5,5420.36148
57.88762,5,5420.714398
58.823826,6,5420.988271
57.325023,5,5421.354253
57.935152,5,5421.645488
58.194881,6,5421.873654
57.901403,5,5422.201441
58.22042,6,5422.397268
58.298031,6,5422.669087
57.929888,5,5422.89407
58.993153,6,5423.125489
58.88946,6,5423.29877
59.081995,6,5423.52667
59.09075,6,5423.749252
56.853918,7,5424.199758
58.48686,6,5424.491314
57.903042,6,5424.742032
56.866065,7,5425.261616
58.477757,6,5425.529719
57.924929,5,5425.71108
57.930462,5,5426.152125
57.887016,5,5426.520533
57.942226,5,5427.016224
56.630368,7,5427.439405
57.467407,6,5427.713669
58.138131,6,5427.977105
58.925116,6,5428.146572
57.903704,5,5428.360984
58.101922,6,5428.69548
59.087752,6,5428.93455
58.369391,6,5429.112316
59.066148,6,5429.337758
58.24698,6,5429.732968
57.937313,5,5430.139061
58.145551,6,5430.538661
58.878359,6,5430.739618
56.564331,7,5431.167866
58.480369,6,5431.549142
58.787991,6,5431.758768
58.991606,6,5431.982337
57.815696,5,5432.273411
57.849946,5,5432.539921
57.897157,5,5432.859982
57.837368,5,5433.206192
55.986305,7,5433.443259
57.923862,6,5433.729653
59.053414,6,5433.951655
57.945415,5,5434.40003
56.73148,7,5434.680182
56.608326,7,5434.984007
58.040784,6,5435.252477
57.987702,6,5435.484608
56.473817,7,5435.776786
57.936941,6,5435.960836
56.61191,7,5436.231308
57.927864,5,5436.731521
57.946954,6,5437.098446
57.922148,5,5437.595381
57.929913,5,5438.061557
58.096799,6,5438.289161
57.953409,5,5438.762408
59.076979,6,5438.969162
57.951346,5,5439.335106
56.625355,7,5439.822114
58.604959,6,5440.060041
57.910173,5,5440.372146
57.989837,6,5440.635255
56.781471,7,5440.913404
56.160062,7,5441.203249
57.954248,5,5441.573453
58.921802,6,5441.852404
58.723421,6,5442.137621
57.897293,5,5442.336939
57.908496,5,5442.837386
58.34852,6,5443.084823
58.002272,6,5443.314503
57.929832,5,5443.754489
56.832883,7,5444.056095
59.081386,6,5444.27532
55.156554,7,5444.552472
59.088378,6,5444.788627
57.944017,5,5445.161923
58.67592,6,5445.609247
58.242254,6,5445.883152
57.917077,5,5446.236392
59.073194,6,5446.494882
57.281585,5,5446.893351
59.067788,6,5447.086679
58.732299,6,5447.345513
57.940077,5,5447.721064
59.066116,6,5447.939355
59.092221,6,5448.123085
58.029088,6,5448.315127
57.951521,5,5448.56872
57.897802,5,5448.747424
59.078199,6,5448.868942
58.113752,6,5448.998771
57.881031,5,5449.194558
56.632273,7,5449.354131
57.890911,5,5449.519994
57.981534,6,5449.658798
57.947159,5,5449.829524
58.657649,6,5450.048952
57.932835,5,5450.301684
59.075057,6,5450.422202
57.888752,6,5450.56029
56.880063,7,5450.724889
58.445603,6,5450.940449
58.953668,6,5451.168012
57.900204,6,5451.282507
57.830724,5,5451.48077
58.26786,6,5451.71551
59.023557,6,5451.865485
59.077156,6,5451.990916
58.440889,6,5452.144337
58.623121,6,5452.305693
58.27517,6,5452.546779
57.953377,5,5452.844865
55.56228,7,5453.017498
58.711505,6,5453.153661
58.072236,6,5453.296748
58.656279,6,5453.473762
56.655017,7,5453.641688
57.939519,5,5453.891438
56.548218,7,5454.078145
57.943541,5,5454.251498
59.077525,6,5454.383181
57.915051,5,5454.505774
58.137702,6,5454.617333
56.643751,7,5454.775728
57.894312,5,5454.979445
57.923202,5,5455.25449
56.721195,7,5455.500631
58.461301,6,5455.645747
58.943463,6,5455.792157
57.875222,5,5455.894537
56.732983,7,5456.049106
56.791905,7,5456.204116
56.624357,7,5456.480191
57.949283,5,5456.668176
58.206394,6,5456.851276
57.330517,5,5457.009951
58.722493,6,5457.145869
57.930098,5,5457.411349
56.091909,7,5457.67568
56.757105,7,5457.812134
58.937112,6,5457.947428
57.876317,5,5458.116132
58.274488,6,5458.308131
56.493462,7,5458.471354
57.930164,5,5458.672162
57.93939,5,5458.846383
58.577566,6,5458.990851
57.837595,5,5459.175118
58.142156,6,5459.289764
58.845229,6,5459.387541
58.021377,6,5459.534341
58.381141,6,5459.666654
58.016595,6,5459.853894
58.100442,6,5460.035651
59.061019,6,5460.171593
59.064081,6,5460.302352
58.759198,6,5460.45199
56.094951,7,5460.60541
58.373883,6,5460.740847
55.956157,7,5460.893663
57.934966,5,5461.070369
58.603192,6,5461.255474
56.529035,7,5461.414667
58.512277,6,5461.590918
57.971841,6,5461.715436
57.944558,5,5461.87677
56.738051,7,5462.133345
59.067873,6,5462.27595
58.774825,6,5462.425275
57.264639,5,5462.611588
58.854876,6,5462.764524
-5.907391,6,5463.01342
59.077714,6,5463.160149
59.073605,6,5463.290924
59.073568,6,5463.41184
57.892592,5,5463.581616
57.853846,5,5463.782101
57.525714,5,5463.939432
57.859259,6,5464.17527
56.523022,7,5464.333449
59.046101,6,5464.458552
57.899279,5,5464.722196
58.908505,6,5464.821306
58.118241,6,5465.048161
59.078463,6,5465.196828
58.986795,6,5465.437497
57.807114,5,5465.621259
56.809542,7,5465.782788
57.906962,5,5466.062503
57.939236,5,5466.293345
57.955978,5,5466.455494
57.93795,5,5466.565545
57.943245,6,5466.764498
58.125128,6,5466.919939
58.847809,6,5467.068323
58.331492,6,5467.249274
58.009461,6,5467.35955
59.059933,6,5467.493341
57.932976,5,5467.621179
56.891514,7,5467.892288
58.246272,6,5468.072042
58.958072,6,5468.167461
59.0908,6,5468.289389
58.270912,6,5468.433289
56.160547,7,5468.590031
57.941608,6,5468.72108
56.321265,7,5468.883289
58.397535,6,5469.114127
59.091745,6,5469.234556
58.773646,6,5469.379645
58.628483,6,5469.531796
58.285831,6,5469.684172
57.411725,6,5469.89186
56.95974,7,5470.148217
57.972163,6,5470.295687
58.282656,6,5470.456594
57.947073,5,5470.621373
58.368239,6,5470.757559
58.378659,6,5470.871921
57.18321,7,5471.141336
57.92062,5,5471.342768
59.082276,6,5471.48273
58.13018,6,5471.657171
59.07334,6,5471.802533
59.07104,6,5471.929808
58.043131,6,5472.057548
58.58556,6,5472.246953
56.373436,7,5472.403714
57.939288,5,5472.580473
57.966217,6,5472.83226
57.941189,5,5473.049295
59.068792,6,5473.204996
56.942356,7,5473.353954
58.72901,6,5473.511174
59.083384,6,5473.654372
56.111913,7,5473.811296
59.010935,6,5473.904529
58.186744,6,5474.085067
58.656731,6,5474.226629
59.080825,6,5474.393864
58.621993,6,5474.622425
57.92662,5,5474.746926
57.876941,5,5474.961184
57.947802,5,5475.291618
59.077547,6,5475.421873
58.260037,6,5475.575604
56.578086,7,5475.848904
57.904308,5,5476.11637
59.067091,6,5476.238176
57.758564,5,5476.4198
56.06617,7,5476.741897
57.143301,7,5477.07029
57.95024,5,5477.32774
57.917389,5,5477.645121
59.08171,6,5477.878039
59.077185,6,5478.117148
57.925293,5,5478.301913
57.924696,5,5478.711685
56.246213,7,5479.238022
58.21115,6,5479.512378
59.078474,6,5479.755921
56.724186,7,5480.175611
56.691044,7,5480.450415
57.939162,5,5480.95043
57.646624,5,5481.145912
58.757355,6,5481.429882
58.311995,6,5481.660442
58.955145,6,5481.841084
58.356807,6,5482.085279
57.025796,7,5482.405639
58.324763,6,5482.607025
56.622879,7,5483.107293
56.193418,7,5483.59427
56.507803,7,5483.915489
-5.905242,6,5484.697202
58.675203,6,5485.001604
57.732014,5,5485.499845
57.926533,5,5485.984926
58.185024,6,5486.228112
59.020555,6,5486.395225
56.538604,7,5486.807165
58.291281,6,5487.113639
59.062095,6,5487.252662
57.900431,5,5487.458525
58.885609,6,5487.653764
57.424984,6,5487.845427
57.791954,5,5488.027855
56.628019,7,5488.186657
57.85904,5,5488.44414
59.082333,6,5488.578521
57.916813,6,5488.705451
-5.906174,6,5489.118983
59.084196,6,5489.244412
56.199214,7,5489.412034
59.059815,6,5489.543856
58.938489,6,5489.636886
57.922185,5,5489.83172
59.066099,6,5489.964725
57.925119,5,5490.062352
58.236913,6,5490.327709
58.025118,6,5490.442684
58.710565,6,5490.590995
57.981346,6,5490.734496
56.602489,7,5490.983909
57.855744,5,5491.10246
56.637219,7,5491.258734
57.942319,5,5491.424129
58.009436,6,5491.634776
57.872549,5,5491.775934
57.867934,6,5492.012906
59.046167,6,5492.107577
57.890506,6,5492.335237
58.194643,6,5492.443899
58.20619,6,5492.590852
57.89504,5,5492.798323
56.531597,7,5493.102009
58.243553,6,5493.25659
56.662446,7,5493.415886
58.443163,6,5493.647164
56.226713,7,5493.791824
56.328585,7,5493.948121
59.07509,6,5494.077546
59.07318,6,5494.213843
59.079878,6,5494.333956
57.941818,5,5494.580782
58.202536,6,5494.725165
58.300731,6,5494.84693
57.881254,5,5495.029095
57.945654,5,5495.203987
57.912209,5,5495.34999
58.081005,6,5495.532966
58.181122,6,5495.663745
59.068423,6,5495.783838
57.944025,5,5496.039515
58.92369,6,5496.18738
56.733533,7,5496.339743
58.175245,6,5496.561491
58.866782,6,5496.804414
56.612066,7,5497.064147
57.879569,5,5497.172802
57.321473,5,5497.438728
59.065875,6,5497.565841
58.962822,6,5497.70116
56.738718,7,5497.989907
59.055396,6,5498.107949
56.252696,7,5498.267375
56.282186,7,5498.421151
56.35148,7,5498.578369
59.062519,6,5498.711575
57.924571,5,5498.956779
56.591495,7,5499.251499
59.076536,6,5499.40402
56.599764,7,5499.609676
58.394233,6,5499.878419
57.01792,7,5500.061392
56.634375,7,5500.23625
58.255415,6,5500.406088
56.36148,7,5500.581576
58.171936,6,5500.782083
56.133229,7,5500.946037
58.964206,6,5501.049796
56.808954,7,5501.23078
57.93776,6,5501.48956
58.892901,6,5501.640863
57.94896,5,5501.936454
59.07851,6,5502.074017
57.935882,5,5502.335712
58.587447,6,5502.532277
58.420589,6,5502.67169
58.98616,6,5502.772506
57.918973,5,5502.988431
59.076021,6,5503.123775
58.954397,6,5503.254042
57.949611,5,5503.422412
56.065387,7,5503.6665
56.337927,7,5503.834855
57.918922,5,5503.962396
56.609019,7,5504.214823
57.837421,5,5504.339383
58.046661,6,5504.563777
56.19093,7,5504.721732
59.077799,6,5504.843631
56.96194,7,5505.137562
58.974407,6,5505.328483
56.789161,7,5505.575494
57.897874,5,5505.741122
57.939076,5,5505.919829
56.078386,7,5506.158151
56.21747,7,5506.322818
58.386614,6,5506.507196
56.208941,7,5506.656686
59.06981,6,5506.785749
56.434723,7,5506.96201
56.634218,7,5507.108166
58.867147,6,5507.205751
58.004259,6,5507.352196
56.114751,7,5507.54956
56.96076,7,5507.828249
58.537311,6,5508.050692
57.944616,5,5508.318948
58.975071,6,5508.4171
57.944602,5,5508.597342
59.061592,6,5508.75211
58.517868,6,5508.910264
58.861121,6,5509.050076
56.299956,7,5509.275927
58.416855,6,5509.559051
58.111792,6,5509.825805
59.0524,6,5510.004563
58.862569,6,5510.120775
57.930603,5,5510.304734
58.077791,6,5510.46978
56.596947,7,5510.638712
57.864721,5,5510.869342
57.954739,6,5511.000081
56.852226,7,5511.170611
57.893232,5,5511.34603
57.941134,6,5511.469962
59.072192,6,5511.605901
58.842334,6,5511.723749
57.941386,5,5511.905853
58.058726,6,5512.031253
56.356796,7,5512.289438
58.649962,6,5512.435251
57.690022,5,5512.608893
58.202344,6,5512.741653
56.951578,7,5512.88832
56.78594,7,5513.154934
57.757996,5,5513.270686
57.935912,5,5513.528229
58.278953,6,5513.761252
59.070582,6,5513.899476
57.861071,5,5514.079449
57.92375,5,5514.347518
58.243429,6,5514.607273
57.556688,6,5514.867697
59.081508,6,5515.009571
58.652436,6,5515.243011
59.056504,6,5515.381878
59.0351,6,5515.516478
58.271562,6,5515.702368
59.081166,6,5515.83097
57.948205,5,5516.006543
56.048453,7,5516.300153
56.770265,7,5516.55918
56.293541,7,5516.725857
56.904221,7,5516.897785
59.00128,6,5517.040163
58.654252,6,5517.18943
58.250939,6,5517.372933
57.889508,6,5517.498012
59.074375,6,5517.621389
56.290133,7,5517.866752
58.222891,6,5518.162204
58.791166,6,5518.266375
58.240946,6,5518.530287
59.078107,6,5518.656283
57.920245,5,5518.918299
55.970615,7,5519.087796
57.889343,5,5519.292632
57.900573,5,5519.474916
58.841235,6,5519.618631
59.073247,6,5519.750842
59.072329,6,5519.904048
56.660614,7,5520.165023
57.848238,6,5520.277398
56.601599,7,5520.438361
58.367943,6,5520.664712
57.314596,5,5520.841974
58.85284,6,5520.988744
58.629105,6,5521.224152
58.588738,6,5521.415358
58.267593,6,5521.572696
57.943604,5,5521.752877
57.926197,5,5521.921744
57.98375,6,5522.202043
59.084474,6,5522.325075
57.944482,6,5522.542661
57.794138,5,5522.692366
58.350567,6,5522.851125
58.274128,6,5523.006937
57.927574,5,5523.275297
58.422951,6,5523.42742
58.340827,6,5523.704519
56.863996,7,5523.964053
58.932229,6,5524.062469
58.32139,6,5524.222887
58.091864,6,5524.37474
57.92896,5,5524.644718
58.609137,6,5524.775473
57.916456,5,5524.952823
57.862106,5,5525.142483
58.051051,6,5525.260509
57.952598,5,5525.439237
59.078923,6,5525.575151
56.023687,7,5525.728509
56.75009,7,5525.988616
57.947782,5,5526.186091
59.087493,6,5526.317466
56.685401,7,5526.627674
58.609052,6,5526.788738
56.810423,7,5526.965333
57.949655,5,5527.145532
58.449688,6,5527.305837
58.618671,6,5527.535617
57.861327,5,5527.789394
57.943287,6,5527.911282
58.855573,6,5528.107661
59.077741,6,5528.24938
56.307653,7,5528.454945
55.911524,7,5528.611149
57.817325,6,5528.868701
58.438397,6,5529.065222
57.93753,5,5529.239082
58.023594,6,5529.356485
57.914523,5,5529.526159
55.585555,7,5529.783094
57.873172,5,5530.034736
57.950693,5,5530.213895
57.897686,6,5530.440866
57.919254,5,5530.685349
56.394086,7,5530.840794
56.206356,7,5530.998874
57.924154,5,5531.250087
59.07285,6,5531.379313
56.822083,7,5531.67139
57.851707,5,5531.840561
59.074648,6,5531.978883
57.924716,5,5532.240169
56.795829,7,5532.388236
58.53999,6,5532.570125
56.330421,7,5532.835659
57.942817,5,5533.137041
56.922098,7,5533.290596
56.578433,7,5533.454669
58.999449,6,5533.586957
57.877241,5,5533.841634
58.292067,6,5533.997958
56.756535,7,5534.158877
57.922012,5,5534.402111
59.018298,6,5534.534394
57.973232,6,5534.684638
57.932393,5,5534.94638
57.880349,5,5535.045785
58.882635,6,5535.190696
58.789378,6,5535.374546
56.348707,7,5535.577654
57.898037,5,5535.677501
57.274872,5,5535.9991
59.062246,6,5536.128767
59.079795,6,5536.261944
58.127825,6,5536.411054
57.987561,6,5536.533427
56.268222,7,5536.688456
58.134485,6,5536.825107
57.906103,5,5537.005436
56.786928,7,5537.164354
58.837005,6,5537.297819
58.771424,6,5537.445187
56.310373,7,5537.602412
57.927089,5,5537.703384
56.848039,7,5537.86047
57.974412,6,5538.098205
59.070149,6,5538.230011
56.611498,7,5538.388603
56.460167,7,5538.638566
57.939443,5,5538.757875
58.292776,6,5538.867776
58.947333,6,5538.96419
58.832669,6,5539.098462
59.071265,6,5539.21924
59.002384,6,5539.374146
57.90809,5,5539.503323
59.065468,6,5539.624244
59.00447,6,5539.776988
59.06514,6,5539.908459
57.934773,5,5540.144411
-7.083939,5,5540.430193
57.864739,5,5540.624249
59.078042,6,5540.762062
56.81661,7,5540.947701
56.657776,7,5541.194012
58.293472,6,5541.446129
57.942759,5,5541.545615
56.380299,7,5541.727169
56.90731,7,5541.989277
59.091578,6,5542.122782
59.068452,6,5542.249134
57.867634,5,5542.532269
56.66559,7,5542.717008
59.056089,6,5542.810426
58.637395,6,5543.038238
58.831866,6,5543.244196
59.070442,6,5543.377258
55.9693,7,5543.632801
58.614761,6,5543.89469
59.056461,6,5544.030596
58.184962,6,5544.178748
58.98214,6,5544.323212
57.899871,5,5544.442143
56.896962,7,5544.712327
56.720166,7,5544.869374
57.426356,6,5545.02102
58.097433,6,5545.224098
58.395551,6,5545.358804
59.064997,6,5545.495398
57.947325,5,5545.748079
57.93448,5,5545.984131
56.732908,7,5546.134005
59.012458,6,5546.269952
56.076079,7,5546.431462
58.571156,6,5546.58233
59.078608,6,5546.714664
59.083324,6,5546.846639
58.681899,6,5546.995356
58.279234,6,5547.205722
56.5679,7,5547.451227
57.929798,5,5547.582512
57.944421,5,5547.756888
57.931077,5,5547.924502
58.270654,6,5548.176532
56.354937,7,5548.38587
58.337274,6,5548.532531
57.927131,5,5548.685897
57.850307,5,5548.792519
57.941064,5,5549.051082
57.93677,5,5549.24487
57.002661,7,5549.507131
55.88355,7,5549.668107
58.6683,6,5549.815827
59.071398,6,5549.950583
59.070319,6,5550.069906
58.870536,6,5550.185847
59.009467,6,5550.294105
56.799231,7,5550.541675
57.91573,5,5550.716025
58.295875,6,5550.970987
58.546669,6,5551.12022
56.695552,7,5551.277467
59.070255,6,5551.411313
58.338214,6,5551.556106
58.658148,6,5551.786232
57.947833,5,5551.952566
59.086962,6,5552.083447
59.065359,6,5552.189093
59.07321,6,5552.331486
57.935934,5,5552.550242
57.970048,6,5552.804502
56.891004,7,5553.016073
58.111314,6,5553.215724
56.281275,7,5553.480456
58.32582,6,5553.66975
57.890052,5,5553.895675
58.883994,6,5554.045806
57.953534,6,5554.250198
58.208118,6,5554.402204
56.993923,7,5554.562695
56.755762,7,5554.72456
57.826632,5,5554.901755
57.848393,5,5555.053148
58.291125,6,5555.261214
58.647263,6,5555.40026
59.061992,6,5555.522656
56.382457,7,5555.766616
58.590053,6,5555.913412
58.147439,6,5556.145397
56.309036,7,5556.301013
56.716485,7,5556.554338
58.085523,6,5556.768314
59.053705,6,5556.894473
57.885105,5,5557.153531
58.928633,6,5557.404248
59.07969,6,5557.529389
57.942923,5,5557.795413
58.632719,6,5557.943591
58.833128,6,5558.090103
56.781254,7,5558.241051
56.656221,7,5558.490499
56.711839,7,5558.73973
58.961693,6,5558.832212
57.292209,5,5559.079984
58.289156,6,5559.340211
56.733589,7,5559.495215
56.926309,7,5559.646709
59.079238,6,5559.781084
58.85164,6,5559.923456
59.090137,6,5560.057282
59.051808,6,5560.165741
58.792362,6,5560.297208
59.062208,6,5560.423022
58.354084,6,5560.570681
56.639876,7,5560.829625
57.907677,5,5560.991421
57.700324,5,5561.234378
57.790157,5,5561.360456
58.871986,6,5561.509353
58.722886,6,5561.642673
58.032156,6,5561.861514
59.069924,6,5561.994585
57.942586,5,5562.256654
56.146148,7,5562.411496
58.155648,6,5562.607803
57.979517,6,5562.840392
59.041517,6,5562.933071
57.940062,5,5563.227423
58.284046,6,5563.449532
58.264901,6,5563.557739
58.272833,6,5563.812179
57.209619,5,5564.054842
56.677721,7,5564.312201
57.086489,7,5564.571094
56.465301,7,5564.712898
58.808236,6,5564.951872
57.889272,5,5565.060536
57.607366,6,5565.28458
59.062401,6,5565.413485
56.687467,7,5565.557343
57.795167,5,5565.824644
58.308066,6,5566.021371
58.953376,6,5566.155592
56.267349,7,5566.391966
58.140699,6,5566.504376
56.16933,7,5566.698084
56.421877,7,5566.939658
57.934794,5,5567.062158
57.932357,5,5567.168524
58.773012,6,5567.313044
58.442037,6,5567.439009
58.150106,6,5567.574589
58.747911,6,5567.717019
57.815545,5,5567.956301
57.88164,5,5568.234727
57.908273,5,5568.374508
59.014088,6,5568.503376
58.797298,6,5568.621986
56.446126,7,5568.77703
59.06788,6,5568.89671
59.020678,6,5569.027606
58.36145,6,5569.172114
55.924345,7,5569.427138
57.200991,5,5569.669353
58.772633,6,5569.898867
57.908541,5,5570.104707
57.941364,5,5570.360756
58.73597,6,5570.592742
58.685659,6,5570.738632
56.054162,7,5570.888397
58.861737,6,5570.985325
57.043594,5,5571.224648
57.040244,7,5571.476654
59.075877,6,5571.607244
56.156735,7,5571.804338
59.074073,6,5571.932707
57.882759,5,5572.107733
58.059855,6,5572.301344
58.832446,6,5572.427335
57.816667,5,5572.608042
59.067216,6,5572.733793
57.940161,5,5572.96449
58.833642,6,5573.064683
56.951112,7,5573.320393
58.622014,6,5573.466143
56.215297,7,5573.617456
59.079904,6,5573.750217
57.915973,5,5573.861672
57.940014,5,5574.034607
58.943396,6,5574.174989
57.940202,5,5574.274331
56.244777,7,5574.428731
58.450004,6,5574.578885
57.140695,7,5574.835824
56.302673,7,5574.987139
56.30959,7,5575.138965
57.88583,5,5575.259987
56.606113,7,5575.509044
58.193353,6,5575.646493
57.985652,6,5575.78784
57.931434,5,5575.949992
59.081696,6,5576.082039
56.740503,7,5576.33266
57.941194,5,5576.493036
57.947381,5,5576.664565
59.065095,6,5576.785751
57.851004,5,5576.950152
57.081502,7,5577.203789
58.526027,6,5577.430957
57.942373,5,5577.599724
56.767994,7,5577.741175
58.215782,6,5577.872203
57.892957,5,5578.130779
59.086733,6,5578.263073
57.967403,6,5578.372141
57.924874,5,5578.617227
57.926816,5,5578.891086
57.93222,5,5579.131168
57.820505,5,5579.326766
59.068732,6,5579.446496
58.028724,6,5579.675303
57.957765,5,5579.926183
57.916737,5,5580.034846
56.726035,7,5580.28792
58.946627,6,5580.379994
58.194008,6,5580.520316
57.006059,7,5580.757109
57.881886,5,5580.920111
58.524082,6,5581.045571
57.945618,5,5581.208761
-5.907696,6,5581.478518
56.992912,7,5581.632352
56.554129,7,5581.905572
57.974944,6,5582.116732
57.956412,5,5582.322649
56.053895,7,5582.602094
59.073295,6,5582.738315
57.95292,5,5583.047719
56.333684,7,5583.232744
58.238724,6,5583.475992
57.866108,5,5583.663637
57.834866,5,5583.774734
57.954114,5,5584.026773
58.962167,6,5584.182787
56.357119,7,5584.340384
59.051112,6,5584.47331
59.0755,6,5584.614574
56.158917,7,5584.770276
59.078205,6,5584.906443
59.035236,6,5585.000548
56.713511,7,5585.270383
56.391572,7,5585.524696
58.409045,6,5585.687548
58.421717,6,5585.908257
58.692452,6,5586.14568
58.403544,6,5586.370507
59.091034,6,5586.502512
57.928502,5,5586.766521
58.837763,6,5587.012348
57.880067,5,5587.125832
57.953603,5,5587.37665
58.337834,6,5587.526095
57.950457,6,5587.797877
58.30719,6,5587.984821
56.663212,7,5588.178818
57.838864,5,5588.367161
56.235938,7,5588.540819
58.236242,6,5588.760416
58.640742,6,5588.929908
57.949228,5,5589.2111
57.926794,6,5589.483539
57.920081,5,5589.718148
58.253561,6,5589.978382
56.901304,7,5590.137832
57.888759,5,5590.30487
57.957113,5,5590.482846
57.803928,5,5590.658585
58.770437,6,5590.890123
58.99489,6,5590.991777
56.314199,7,5591.26204
58.23572,6,5591.3799
59.080567,6,5591.505084
57.876862,6,5591.749115
56.117098,7,5592.002041
58.341075,6,5592.142165
57.935328,5,5592.409256
57.949122,5,5592.589681
59.093159,6,5592.714976
57.946007,5,5592.967284
56.805214,7,5593.138414
57.923288,5,5593.415046
57.849987,5,5593.665029
57.931962,5,5593.920415
58.035018,6,5594.060775
56.207776,7,5594.259645
57.932358,5,5594.448944
58.25848,6,5594.636771
57.848712,5,5594.807642
58.838557,6,5595.039026
56.109375,7,5595.252885
57.83793,6,5595.461232
56.05396,7,5595.717391
57.944912,5,5595.958943
56.577412,7,5596.11867
56.873748,7,5596.263155
59.080028,6,5596.401049
57.918553,5,5596.561856
56.592897,7,5596.771146
59.069436,6,5596.899223
58.748605,6,5597.078688
59.080582,6,5597.222427
57.192932,7,5597.37952
57.923801,5,5597.479671
58.84648,6,5597.574698
58.911954,6,5597.717353
58.999981,6,5597.812268
58.677114,6,5598.036161
58.427479,6,5598.217123
56.173496,7,5598.423266
57.951195,5,5598.686866
56.256837,7,5598.84495
57.930452,5,5599.101143
56.269221,7,5599.253921
56.670972,7,5599.550048
57.81313,5,5599.754626
59.068722,6,5599.883498
56.256201,7,5600.055007
59.042681,6,5600.209569
57.94719,6,5600.476352
57.935635,5,5600.706098
57.969038,6,5600.840323
59.06082,6,5600.987785
57.91583,5,5601.249882
57.112921,7,5601.517919
59.06057,6,5601.662693
56.262083,7,5601.828236
57.927936,5,5601.930505
56.1575,7,5602.085391
59.074127,6,5602.255727
56.767446,7,5602.42495
57.946969,5,5602.616916
59.057149,6,5602.763358
57.941625,5,5602.940619
57.015419,7,5603.107738
58.114335,6,5603.338945
-13.770224,3,5603.414955
58.159444,6,5603.562
57.934725,5,5603.668329
56.229457,7,5603.890287
57.947374,5,5604.169322
57.858078,5,5604.283265
57.945117,5,5604.53093
56.445367,7,5604.799718
58.786106,6,5605.024631
58.026847,6,5605.214804
58.580353,6,5605.428543
56.611947,7,5605.598124
58.265008,6,5605.755949
59.074916,6,5605.898697
57.920681,5,5606.071776
57.942883,5,5606.221603
56.193555,7,5606.462694
58.675573,6,5606.609676
57.940502,5,5606.781596
59.026454,6,5606.908037
57.891978,5,5607.008837
57.936234,5,5607.186805
57.888431,5,5607.359761
57.792474,5,5607.607882
58.774636,6,5607.74276
58.058432,6,5607.882487
57.847223,5,5607.989884
58.729134,6,5608.248365
57.920314,5,5608.474808
58.210297,6,5608.663782
56.212945,7,5608.826521
58.904843,6,5608.972335
57.949943,5,5609.17971
58.284122,6,5609.33483
58.834478,6,5609.576638
59.091931,6,5609.717193
58.807625,6,5609.86746
57.935765,5,5610.121859
55.994017,7,5610.297293
56.478239,7,5610.545329
57.839775,5,5610.731025
59.081652,6,5610.867085
57.82489,5,5611.129458
56.539203,7,5611.291535
59.023668,6,5611.423784
57.866027,6,5611.558361
56.03845,7,5611.809567
57.947252,5,5611.976032
58.243227,6,5612.123831
57.941114,5,5612.402588
58.293776,6,5612.545825
58.235187,6,5612.672343
56.006928,7,5612.878184
57.83869,5,5613.134718
58.013218,6,5613.242586
56.790879,7,5613.501822
58.735694,6,5613.732263
57.967856,6,5613.957975
57.952725,5,5614.206517
57.926321,5,5614.317045
56.558756,7,5614.477534
57.961322,6,5614.711445
59.058532,6,5614.833308
59.068866,6,5614.967445
56.664175,7,5615.130056
57.927888,5,5615.31611
57.997859,6,5615.552288
57.791438,5,5615.828081
57.879467,5,5616.091156
58.331227,6,5616.204854
58.534641,6,5616.353316
59.009218,6,5616.446977
58.108954,6,5616.555638
58.013237,6,5616.679016
58.300282,6,5616.823325
58.176429,6,5617.089908
58.740679,6,5617.220281
56.246634,7,5617.475364
58.322366,6,5617.623213
56.049765,7,5617.822273
59.038991,6,5617.948009
57.788147,5,5618.162382
59.075086,6,5618.28105
58.26094,6,5618.429836
57.933977,5,5618.674053
58.631679,6,5618.841739
57.944064,5,5619.09863
56.320982,7,5619.255072
57.877755,5,5619.383856
56.301856,7,5619.631299
58.000853,6,5619.783525
56.572033,7,5620.028468
56.90641,5,5620.206269
57.913633,5,5620.303492
56.039155,7,5620.466122
57.226799,5,5620.639447
58.488335,6,5620.881347
58.972767,6,5621.016955
57.874571,5,5621.184133
57.902882,5,5621.43885
56.597244,7,5621.695136
58.236969,6,5621.923306
56.717468,7,5622.196124
59.061344,6,5622.330157
56.592827,7,5622.512193
58.734205,6,5622.669884
57.739707,5,5622.8514
58.51565,6,5623.007937
57.909801,6,5623.131355
57.067418,7,5623.289761
57.989705,6,5623.557547
58.114561,6,5623.74338
58.853557,6,5623.90104
57.922254,5,5624.000372
59.013276,6,5624.09633
57.940678,5,5624.372555
57.951215,5,5624.555138
58.418899,6,5624.707208
59.079959,6,5624.835938
59.059828,6,5624.931195
56.742372,7,5625.115144
58.620441,6,5625.315957
57.947673,5,5625.562681
58.93844,6,5625.684821
57.953957,5,5625.869375
57.879631,6,5626.011955
57.171114,7,5626.170833
57.935231,5,5626.429105
58.796113,6,5626.568676
59.071607,6,5626.689278
58.066768,6,5626.941201
58.48411,6,5627.087974
57.906664,5,5627.334952
58.653081,6,5627.518286
58.613139,6,5627.743622
57.891435,5,5627.867312
59.074696,6,5627.987645
58.408392,6,5628.173662
59.087003,6,5628.292273
58.314468,6,5628.466928
58.914558,6,5628.566992
57.950174,6,5628.684871
56.748125,7,5628.965149
56.312619,7,5629.246054
58.952887,6,5629.338681
57.887962,5,5629.446114
56.091659,7,5629.599551
59.069277,6,5629.717168
57.995115,6,5629.863825
58.505216,6,5630.079584
56.666789,7,5630.231093
57.839658,5,5630.434912
58.320759,6,5630.579399
56.724113,7,5630.833675
57.92038,5,5631.021056
58.087557,6,5631.199635
57.886367,5,5631.399156
59.077949,6,5631.537607
57.943816,5,5631.720214
58.352995,6,5631.932968
58.722131,6,5632.075978
58.58865,6,5632.255136
58.826954,6,5632.400873
57.949121,5,5632.57305
57.825865,5,5632.749937
58.008894,6,5632.877384
58.239879,6,5633.053339
58.308067,6,5633.206615
57.935238,5,5633.381505
57.922639,5,5633.52104
57.932668,5,5633.76473
57.056681,5,5634.010478
59.073484,6,5634.134904
56.74656,7,5634.292262
56.263849,7,5634.445003
59.094414,6,5634.58201
58.943673,6,5634.678074
56.319709,7,5634.945497
56.383908,7,5635.101137
57.306377,6,5635.367346
58.356716,6,5635.619808
59.008372,6,5635.782143
57.912104,6,5635.991159
58.908606,6,5636.126949
58.836743,6,5636.314274
58.133723,6,5636.462281
56.744414,7,5636.62767
58.203389,6,5636.772018
56.832414,7,5637.045231
58.991413,6,5637.141074
58.115502,6,5637.282166
57.935753,5,5637.541893
58.451105,6,5637.690496
58.322348,6,5637.896995
58.667804,6,5638.076844
56.635715,7,5638.228319
58.9726,6,5638.325599
59.087678,6,5638.460561
57.790613,5,5638.620414
57.886597,5,5638.739582
58.105491,6,5638.891778
57.938895,5,5639.111104
56.208814,7,5639.270155
57.952109,5,5639.39636
58.267155,6,5639.633817
59.058654,6,5639.728893
59.016336,6,5639.866413
56.150871,7,5640.069769
56.251085,7,5640.265743
58.871056,6,5640.41015
58.973561,6,5640.509722
58.143227,6,5640.620153
58.741962,6,5640.766132
56.741986,7,5640.922078
57.905153,5,5641.18941
58.2768,6,5641.307017
57.940846,5,5641.565792
56.660494,7,5641.821543
58.815177,6,5642.049301
57.945799,5,5642.219556
57.760986,5,5642.394149
59.07376,6,5642.528965
58.333174,6,5642.814423
58.923054,6,5642.967353
57.214567,5,5643.143066
59.070013,6,5643.26874
58.319176,6,5643.53604
58.802609,6,5643.63038
56.855153,7,5643.781192
59.068626,6,5643.923735
57.285749,6,5644.046364
56.695287,7,5644.286559
57.189825,7,5644.441188
58.181533,6,5644.616399
56.733821,7,5644.867949
59.073874,6,5644.993587
57.836163,5,5645.24094
56.562447,7,5645.403279
56.150594,7,5645.60431
58.85009,6,5645.698996
59.073018,6,5645.831733
59.043636,6,5645.942914
57.777321,5,5646.19785
55.960101,7,5646.351337
58.586021,6,5646.577361
57.949238,5,5646.825623
59.0869,6,5646.946729
59.054252,6,5647.039892
57.942821,5,5647.210911
56.5763,7,5647.369084
56.199297,7,5647.520792
57.771238,5,5647.690409
56.709207,7,5647.851966
57.198773,5,5648.059508
57.992007,6,5648.283701
57.931943,5,5648.543787
55.950525,7,5648.781546
59.09361,6,5648.917454
58.188378,6,5649.108521
55.999258,7,5649.33777
57.927966,5,5649.5
59.076006,6,5649.620414
59.029289,6,5649.728518
56.919922,7,5649.985268
59.065454,6,5650.110396
59.074236,6,5650.241178
59.078843,6,5650.360626
59.071012,6,5650.485978
56.615914,7,5650.628376
57.922079,5,5650.791342
55.900657,7,5650.934415
58.677479,6,5651.162605
57.937585,5,5651.361858
58.506557,6,5651.537204
56.251733,7,5651.68338
57.36704,6,5651.798587
58.205532,6,5651.978157
59.008582,6,5652.075259
57.246294,6,5652.217915
57.937744,5,5652.467408
57.986911,6,5652.706051
58.165786,6,5652.953947
58.169678,6,5653.095795
57.941943,5,5653.25554
58.170927,6,5653.399287
56.715402,7,5653.566118
58.481197,6,5653.749349
58.566982,6,5653.894051
56.907618,7,5654.055174
58.181455,6,5654.190031
58.900096,6,5654.325149
57.91152,5,5654.498157
58.241808,6,5654.63977
58.048302,6,5654.836987
59.076947,6,5654.961244
57.90449,5,5655.152037
58.15787,6,5655.390859
56.060876,7,5655.588031
59.070299,6,5655.723403
58.663339,6,5655.91957
58.33762,6,5656.13373
58.33282,6,5656.290947
56.610571,7,5656.473615
58.362042,6,5656.607177
59.064793,6,5656.708884
58.970458,6,5656.861016
58.862468,6,5657.064146
58.700114,6,5657.229049
58.049852,6,5657.378726
56.578326,7,5657.717035
57.329101,6,5657.871544
58.901973,6,5658.02289
58.383175,6,5658.177736
56.257634,7,5658.346975
58.260194,6,5658.506685
58.169853,6,5658.696346
58.974905,6,5658.830491
59.026627,6,5658.966741
56.636518,7,5659.225545
58.31063,6,5659.360285
57.94652,5,5659.638242
57.817277,6,5659.840165
56.864885,7,5660.104166
59.07507,6,5660.225431
57.899515,5,5660.323233
57.171639,7,5660.483413
56.803452,7,5660.654481
59.052412,6,5660.792959
59.090021,6,5660.928269
56.160311,7,5661.21244
56.247212,7,5661.425199
58.840951,6,5661.527117
58.161117,6,5661.768642
57.096867,5,5661.952334
58.386064,6,5662.24166
58.057592,6,5662.463893
58.334038,6,5662.679021
58.797279,6,5662.921293
59.082645,6,5663.065365
57.98667,6,5663.245569
56.536697,7,5663.525496
57.940233,5,5663.804373
57.914045,5,5664.071765
56.58684,7,5664.238
59.066085,6,5664.372645
57.913984,5,5664.556051
59.059489,6,5664.680528
57.944912,5,5664.857019
57.93852,5,5665.102731
58.267522,6,5665.226548
58.292451,6,5665.430761
57.949896,5,5665.597557
57.944031,5,5665.83849
57.975869,6,5666.11413
57.831214,5,5666.257592
57.933775,5,5666.459944
57.088362,7,5666.616417
56.251928,7,5666.781077
58.301226,6,5666.993782
58.298384,6,5667.196758
56.828427,7,5667.363827
56.337403,7,5667.626486
58.819986,6,5667.722526
57.803368,5,5668.042453
57.932576,5,5668.313876
57.075153,6,5668.463832
58.198454,6,5668.620474
58.169791,6,5668.749169
59.05519,6,5668.888349
56.518192,7,5669.051456
58.934162,6,5669.156763
57.033909,7,5669.314176
56.038157,7,5669.573431
59.05152,6,5669.714158
56.503043,7,5669.964058
56.24017,7,5670.131423
58.144358,6,5670.353809
57.933711,5,5670.622588
57.976285,6,5670.855789
59.086023,6,5671.009313
58.856616,6,5671.247586
57.940225,5,5671.420876
56.288364,7,5671.583876
57.884605,5,5671.754084
59.080914,6,5671.900314
58.407558,6,5672.096408
58.911237,6,5672.285764
57.947642,6,5672.430971
57.912473,5,5672.577949
58.433673,6,5672.844025
59.075569,6,5673.008006
57.902015,5,5673.198177
57.081839,7,5673.354543
58.664107,6,5673.583044
58.595922,6,5673.826689
57.908755,5,5674.003589
58.085292,6,5674.190457
56.657559,7,5674.351442
57.953004,5,5674.563695
58.116115,6,5674.833103
57.71807,5,5675.051478
58.968058,6,5675.202362
58.217683,6,5675.429351
57.934945,5,5675.62942
58.907362,6,5675.775545
58.587656,6,5675.921506
57.732731,5,5676.18438
57.936164,5,5676.459255
56.055807,7,5676.613619
59.077387,6,5676.757892
58.736319,6,5677.019198
57.948743,5,5677.194456
57.829283,6,5677.312524
57.932995,5,5677.421501
58.387655,6,5677.570407
57.570484,5,5677.841748
57.253413,5,5678.154724
57.944633,5,5678.317646
59.074893,6,5678.439129
57.939771,5,5678.540827
57.843697,5,5678.660832
56.394241,7,5678.817467
59.065237,6,5678.909653
56.711317,7,5679.195759
58.30265,6,5679.388743
58.240048,6,5679.577266
57.863617,5,5679.700005
57.928929,5,5679.882324
57.940617,5,5680.128298
57.948954,6,5680.235785
56.340133,7,5680.500473
58.465141,6,5680.68153
57.849149,6,5680.842247
57.925615,5,5680.99412
59.067599,6,5681.122508
58.206118,6,5681.358253
57.820636,5,5681.460926
58.226391,6,5681.67987
58.008246,6,5681.82283
57.899904,6,5682.077801
58.824963,6,5682.309663
57.911073,5,5682.509443
57.94934,5,5682.679227
59.088383,6,5682.816836
57.90346,5,5682.919508
57.84141,6,5683.124367
58.46968,6,5683.273385
57.944042,5,5683.44285
57.947412,5,5683.691814
56.492512,7,5683.849655
57.82459,5,5684.098073
57.844049,5,5684.38285
57.942659,5,5684.542181
-5.907936,6,5684.98677
57.890217,5,5685.164106
59.080849,6,5685.292337
59.059132,6,5685.432558
57.109982,5,5685.59849
59.094521,6,5685.720773
57.948729,5,5685.898439
58.33252,6,5686.161013
57.938958,5,5686.405921
59.065654,6,5686.524418
56.329581,7,5686.681826
58.339623,6,5686.85821
58.186428,6,5687.05812
56.699658,7,5687.214367
58.484175,6,5687.364549
58.371763,6,5687.585459
56.161695,7,5687.733021
56.926228,5,5687.910594
57.929063,5,5688.161781
58.366558,6,5688.345848
58.254035,6,5688.470561
59.006525,6,5688.561706
59.066102,6,5688.695809
57.979177,6,5688.838392
59.032863,6,5688.963463
59.069796,6,5689.090893
56.769564,7,5689.286334
58.025987,6,5689.465882
56.748704,7,5689.62075
57.936562,5,5689.744755
59.076937,6,5689.87963
59.068881,6,5689.998395
57.945266,5,5690.241387
57.956749,6,5690.350068
57.943132,5,5690.514402
58.488816,6,5690.736816
56.198608,7,5691.00916
57.946063,5,5691.25442
58.255406,6,5691.455672
58.581895,6,5691.599673
57.163883,7,5691.862007
59.072624,6,5691.990179
56.730812,7,5692.146537
57.864105,5,5692.410784
56.87663,7,5692.571741
57.904097,6,5692.696599
57.93537,6,5692.832014
58.123211,6,5692.960686
57.928835,5,5693.201892
58.820048,6,5693.425781
58.007064,6,5693.544799
58.597888,6,5693.692367
56.129079,7,5693.925578
56.704448,7,5694.193413
57.092755,7,5694.347522
57.851041,5,5694.519089
57.834391,5,5694.687182
57.954944,5,5695.010366
57.906026,5,5695.185864
57.306042,5,5695.442082
57.801901,5,5695.621071
56.545274,7,5695.867108
57.935291,5,5696.071477
58.602054,6,5696.221454
59.076544,6,5696.363625
58.560397,6,5696.585907
56.986273,7,5696.739055
57.764788,5,5696.862329
57.91067,5,5697.139054
58.284887,6,5697.295877
59.000626,6,5697.434312
56.919453,7,5697.595824
59.093933,6,5697.745589
57.951669,5,5698.011904
56.898451,7,5698.171718
58.979586,6,5698.272139
-5.909376,6,5698.55603
57.85074,5,5698.765566
58.313305,6,5698.889264
56.800299,7,5699.161618
57.928985,5,5699.318939
57.937085,5,5699.569268
56.704607,7,5699.731705
57.927533,5,5699.890366
-5.907432,6,5700.283777
57.914876,5,5700.456745
57.824646,5,5700.717357
57.956899,5,5701.024886
57.932929,5,5701.276031
59.079131,6,5701.397283
58.313841,6,5701.511807
59.024206,6,5701.63997
56.833773,7,5701.896887
57.852222,6,5702.17061
57.935489,5,5702.343703
56.989525,7,5702.60585
59.091025,6,5702.743757
58.803832,6,5702.93459
57.942944,5,5703.101152
55.968066,7,5703.340925
59.073326,6,5703.469573
59.05304,6,5703.593587
58.531882,6,5703.740025
57.937696,5,5704.0069
57.93438,5,5704.111927
57.733401,5,5704.236988
59.082658,6,5704.35613
58.765189,6,5704.49988
59.086214,6,5704.631316
57.938391,5,5704.890393
57.926566,5,5705.065068
58.34128,6,5705.207659
58.183334,6,5705.314314
57.80678,5,5705.486935
57.89043,5,5705.641177
56.729401,7,5705.78717
57.909062,5,5706.027143
58.279772,6,5706.178832
58.274817,6,5706.320503
57.913611,5,5706.563851
57.938231,5,5706.806975
58.797698,6,5706.89889
58.179695,6,5707.109449
59.07958,6,5707.244001
59.091106,6,5707.379894
58.765961,6,5707.524408
58.568783,6,5707.753367
57.792829,5,5708.017344
58.765119,6,5708.147527
58.963946,6,5708.242149
57.202507,5,5708.346197
58.156047,6,5708.492176
56.208853,7,5708.683199
56.650105,7,5708.937401
57.941762,5,5709.198184
56.362346,7,5709.448569
57.864007,6,5709.580611
57.941594,5,5709.759012
57.939896,5,5709.964314
58.097797,6,5710.163003
57.248726,5,5710.399839
58.451133,6,5710.550477
56.165821,7,5710.702229
57.732469,5,5710.826369
59.079845,6,5710.946899
58.763544,6,5711.091866
58.895151,6,5711.237674
58.855421,6,5711.466861
57.950795,5,5711.642975
56.060145,7,5711.890116
57.943688,5,5712.159811
58.302345,6,5712.384701
59.066933,6,5712.595778
58.570624,6,5712.917289
57.930669,6,5713.213718
58.959581,6,5713.450613
56.638433,7,5713.730786
58.76264,6,5713.921964
57.866112,5,5714.140568
56.233002,7,5714.454517
58.010679,6,5714.687316
58.020931,6,5714.957039
58.256648,6,5715.194573
59.071086,6,5715.433708
56.663043,7,5715.918142
58.374865,6,5716.340718
57.770849,5,5716.713242
56.927428,7,5717.271046
58.5932,6,5717.567267
-8.063594,5,5717.751
58.962968,6,5718.007094
58.951275,6,5718.241666
58.18527,6,5718.482754
56.709151,7,5718.942422
59.078139,6,5719.136492
57.936086,5,5719.462336
58.467443,6,5719.768497
57.91096,5,5720.186075
56.961233,7,5720.442603
58.596,6,5720.700743
56.542916,7,5720.964718
57.78577,5,5721.131039
57.922126,5,5721.586176
59.086223,6,5721.812136
58.979475,6,5722.077996
57.893521,5,5722.460405
57.719289,5,5722.778292
57.913572,5,5723.182761
55.95908,7,5723.592229
58.958965,6,5723.85146
58.202704,6,5724.268404
56.289993,7,5724.678452
58.205398,6,5724.996821
57.941007,5,5725.481556
58.954939,6,5725.740693
57.987379,6,5725.983253
57.941679,5,5726.474758
56.528451,7,5726.980891
58.958907,6,5727.138505
56.487724,7,5727.441546
57.932135,5,5727.775208
58.935122,6,5728.025467
57.963544,6,5728.25955
58.835242,6,5728.446055
58.064946,6,5728.730506
-7.360265,5,5728.969356
57.949308,5,5729.317342
57.942511,5,5729.700408
59.076191,6,5729.947301
58.185148,6,5730.238979
57.936389,6,5730.665368
56.498895,7,5731.161864
57.942336,5,5731.483191
56.575717,7,5731.763993
58.374045,6,5731.98014
58.578518,6,5732.271307
57.931946,5,5732.775302
57.941577,5,5732.969247
57.908656,5,5733.361014
59.072326,6,5733.620262
55.997621,7,5733.914444
56.567345,7,5734.235915
56.218401,7,5734.774564
57.326335,7,5735.213915
58.104505,6,5735.630658
58.560052,6,5736.085068
58.224159,6,5736.541271
58.048998,6,5736.947369
56.51854,7,5737.224199
57.941839,5,5737.594938
58.158827,6,5737.919749
57.905396,5,5738.514608
59.074287,6,5738.758668
56.66868,7,5739.145133
58.379813,6,5739.490189
58.296402,6,5739.894151
56.781002,7,5740.398059
57.94102,5,5740.9043
58.076558,6,5741.294766
57.932218,5,5741.714668
58.097125,6,5742.01011
58.050593,6,5742.304595
58.309456,6,5742.814045
57.944738,5,5743.147751
56.670904,7,5743.446243
57.904548,6,5743.730172
56.559601,7,5744.064333
58.701194,6,5744.474603
57.734094,5,5744.739022
58.890752,6,5744.914336
58.427087,6,5745.206937
57.947818,5,5745.690505
57.20512,7,5746.234224
57.953308,5,5746.576898
59.077202,6,5746.831191
56.648816,7,5747.111176
59.064171,6,5747.337718
57.932465,5,5747.542168
56.132816,7,5747.906636
56.603004,7,5748.175056
58.049306,6,5748.626735
59.00133,6,5748.8395
57.946834,5,5749.384851
58.924989,6,5749.657739
58.279108,6,5750.048558
58.138427,6,5750.367397
59.063144,6,5750.646462
59.085156,6,5750.921959
57.742049,5,5751.358074
58.841204,6,5751.558612
58.667675,6,5751.827255
58.311019,6,5752.014626
57.934755,5,5752.530331
56.533119,7,5752.837479
57.863901,5,5753.22921
58.251082,6,5753.496349
58.674476,6,5753.942054
57.800682,5,5754.249061
58.30473,6,5754.443282
-8.226177,5,5754.606168
58.31096,6,5754.852171
58.195012,6,5755.047439
57.95498,5,5755.498611
58.317242,6,5755.685234
56.106806,7,5755.982694
59.058268,6,5756.25805
58.904179,6,5756.441272
57.126483,7,5756.734386
57.824019,5,5756.961019
57.899213,6,5757.360806
58.67794,6,5757.646278
58.585577,6,5757.895656
57.756983,5,5758.3574
57.824242,5,5758.72253
59.010771,6,5758.901346
56.539911,7,5759.202543
57.941381,5,5759.536718
57.934662,5,5759.785151
57.928991,5,5760.002778
57.936274,5,5760.394663
57.034292,7,5760.900133
56.537725,7,5761.43696
57.920686,5,5761.673419
56.794411,7,5761.936207
59.09186,6,5762.187573
58.99066,6,5762.474507
58.234215,6,5762.7378
58.070745,6,5763.113588
57.940647,5,5763.647096
57.767443,5,5764.017429
58.969239,6,5764.211459
59.070111,6,5764.456509
58.335293,6,5764.88236
57.792815,5,5765.048329
57.808176,5,5765.275584
58.126349,6,5765.768425
58.065652,6,5766.067315
58.050382,6,5766.392152
58.193869,6,5766.654041
57.939056,5,5766.90295
59.067218,6,5767.185369
56.233731,7,5767.490093
57.906891,5,5767.707601
57.751279,5,5768.238068
58.158543,6,5768.806687
58.538102,6,5769.284349
56.667797,7,5769.607639
58.671053,6,5769.85705
56.897641,7,5770.116344
58.734512,6,5770.435654
57.932285,5,5770.924246
56.06806,7,5771.307991
58.212876,6,5771.555439
58.727952,6,5771.815177
57.936789,5,5772.295228
57.938069,5,5772.612955
58.948933,6,5772.815614
56.70089,7,5773.082355
59.001288,6,5773.329436
58.037754,6,5773.529938
58.929845,6,5773.828166
56.081,7,5774.120656
57.948566,5,5774.468936
56.0466,7,5774.950973
59.078949,6,5775.190278
56.155841,7,5775.609376
57.759623,5,5775.790758
58.732057,6,5775.998644
58.955263,6,5776.160531
59.033601,6,5776.445047
57.229588,7,5777.000392
59.076487,6,5777.249444
56.677386,7,5777.524718
58.672668,6,5778.011292
56.650785,7,5778.33762
55.943328,7,5778.63196
59.076949,6,5778.864255
57.265371,5,5779.343388
57.913366,5,5779.843264
58.162035,6,5780.113732
58.03232,6,5780.57781
56.835581,7,5780.989135
58.271036,6,5781.462167
57.906741,5,5781.899172
56.375739,7,5782.227266
57.95002,5,5782.53293
55.538206,7,5782.794295
56.800736,7,5783.067938
58.874894,6,5783.251382
59.078375,6,5783.525045
56.592842,7,5783.796501
57.943562,5,5784.303933
57.943674,5,5784.750815
57.918671,5,5784.913184
56.703499,7,5785.367384
58.410946,6,5785.65977
59.034408,6,5785.901832
58.672829,6,5786.321048
58.285245,6,5786.725564
56.656404,7,5787.044572
58.226691,6,5787.357375
57.068918,5,5787.715288
57.788528,5,5788.065242
57.686832,5,5788.455267
57.945463,5,5788.923647
58.336719,6,5789.234585
57.886609,5,5789.624692
56.569024,7,5789.920717
59.077048,6,5790.143064
57.869165,5,5790.462447
58.114158,6,5790.686855
59.065062,6,5790.869314
58.000846,6,5791.079308
56.873622,7,5791.6352
57.925187,5,5792.082476
57.860904,5,5792.463929
58.634422,6,5792.751709
58.964863,6,5792.972034
58.062313,6,5793.480156
57.821187,5,5793.747993
58.085953,6,5794.20994
56.628733,7,5794.49662
57.931668,5,5794.804764
57.936611,5,5795.152179
56.190234,7,5795.519731
57.952626,5,5795.962816
58.805295,6,5796.382771
57.900753,5,5796.653686
58.768501,6,5796.956001
56.661475,7,5797.382926
56.154365,7,5797.898167
58.005778,6,5798.096923
57.835709,5,5798.591877
57.938607,5,5799.062228
56.547376,5,5799.552006
57.95107,5,5799.979124
58.33102,6,5800.188758
58.656432,6,5800.427809
58.828941,6,5800.712873
57.943744,5,5801.015345
58.228909,6,5801.221036
57.94352,5,5801.585753
56.49485,7,5801.982255
57.828278,5,5802.269505
56.296867,7,5802.548863
59.062667,6,5802.779799
57.951109,5,5803.160896
59.047378,6,5803.391013
59.088224,6,5803.602506
58.845862,6,5803.85798
58.365578,6,5804.17733
58.543891,6,5804.440629
58.234572,6,5804.681066
58.205463,6,5804.930223
59.05358,6,5805.155231
57.925642,5,5805.662681
59.08009,6,5805.911607
57.777455,5,5806.264427
57.943973,5,5806.608868
59.075976,6,5806.811447
58.288868,6,5807.076909
58.139538,6,5807.341612
59.072748,6,5807.585402
57.898593,5,5807.890754
56.736912,7,5808.462973
56.610206,7,5808.794745
57.942679,5,5809.255121
56.227891,7,5809.535964
57.777513,5,5810.067869
59.069528,6,5810.339359
59.073419,6,5810.607142
58.426072,6,5810.986895
57.944453,5,5811.418165
57.877671,5,5811.916801
58.827479,6,5812.168034
57.882848,5,5812.687046
57.909805,5,5813.14934
58.665327,6,5813.452929
58.066756,6,5813.749314
57.823178,5,5813.909779
58.304797,6,5814.24291
57.849227,5,5814.602132
56.2553,7,5815.012039
58.195909,6,5815.268361
58.703881,6,5815.722238
56.120422,7,5816.045704
58.251203,6,5816.416783
57.952065,5,5816.723998
57.898491,5,5817.257782
59.023823,6,5817.515324
58.83879,6,5817.769956
59.05409,6,5817.937531
59.07098,6,5818.165492
57.877574,5,5818.373685
58.821026,6,5818.655721
56.864884,7,5818.93963
57.868472,5,5819.255157
57.746639,5,5819.50855
59.068209,6,5819.723909
59.069278,6,5819.915886
58.373692,6,5820.325022
56.065529,7,5820.693189
56.072141,7,5820.98729
56.757075,7,5821.455595
58.296607,6,5821.869621
57.935081,5,5822.228601
57.835692,5,5822.47824
58.760662,6,5822.770965
57.922362,5,5823.097282
58.23548,6,5823.527517
57.880865,5,5824.063668
58.893413,6,5824.260096
56.75298,7,5824.774073
57.859513,5,5825.224164
57.965096,6,5825.557587
57.946731,5,5825.873239
57.915406,5,5825.980527
58.861371,6,5826.099601
57.922207,5,5826.369515
58.117942,6,5826.531577
58.884337,6,5826.674793
56.644537,7,5826.845233
57.868345,6,5827.089204
-5.916953,6,5827.325339
58.144177,6,5827.575026
59.073662,6,5827.702852
57.944596,5,5827.823686
59.010846,6,5827.947122
56.351325,7,5828.196225
56.305017,7,5828.352597
58.893161,6,5828.496941
56.59132,7,5828.641571
-5.91214,6,5828.876219
57.909129,5,5829.102661
56.722578,7,5829.245548
58.29672,6,5829.498104
57.942243,5,5829.65796
57.311079,5,5829.817208
57.857755,5,5829.981129
56.752417,7,5830.125187
58.298836,6,5830.359021
58.968972,6,5830.449801
57.783377,5,5830.707618
57.772278,5,5830.950881
56.503641,7,5831.197093
57.943118,5,5831.440903
56.176848,7,5831.691216
59.069935,6,5831.816268
59.083994,6,5831.935155
56.525942,7,5832.087066
57.921711,5,5832.177224
59.06974,6,5832.310144
58.589624,6,5832.455111
58.744946,6,5832.595633
58.73733,6,5832.737079
58.297485,6,5832.842873
58.526398,6,5832.992649
56.671652,7,5833.133526
59.070282,6,5833.261167
59.074207,6,5833.38482
57.458659,6,5833.512081
59.073611,6,5833.633799
58.066638,6,5833.86236
57.865427,5,5834.023209
57.92872,5,5834.266345
56.081293,7,5834.412247
58.069516,6,5834.594284
57.945528,5,5834.751517
57.756147,5,5834.929772
57.738387,5,5835.121641
56.884808,7,5835.275758
56.757083,7,5835.523981
58.960344,6,5835.614662
56.42779,7,5835.769437
57.744016,5,5835.948327
57.928264,5,5836.194375
56.754444,7,5836.469471
57.939265,5,5836.71541
58.117096,6,5836.89275
57.933344,5,5837.014228
57.911412,6,5837.140911
59.059775,6,5837.264492
57.811915,5,5837.459606
58.912597,6,5837.679294
58.367887,6,5837.825854
56.743709,7,5837.97975
58.111382,6,5838.120795
57.803945,6,5838.25451
57.939167,5,5838.497085
57.945475,5,5838.732124
59.082534,6,5838.855605
57.936323,5,5839.02575
59.084145,6,5839.158211
58.778134,6,5839.282475
57.852148,5,5839.400182
56.72795,7,5839.554399
56.772938,7,5839.797416
58.799775,6,5839.929631
55.898025,7,5840.178279
55.900721,7,5840.428395
57.954058,5,5840.663386
59.087552,6,5840.783382
57.920399,5,5841.003783
56.654718,7,5841.165748
57.940098,5,5841.422131
55.945753,7,5841.569991
57.777891,5,5841.693905
57.877944,6,5841.899445
57.786095,5,5842.022041
59.084778,6,5842.152205
56.603211,7,5842.310105
56.591344,7,5842.570039
56.183407,7,5842.722324
56.532238,7,5842.977363
59.027859,6,5843.115243
58.0587,6,5843.31825
56.691077,7,5843.583431
58.361273,6,5843.673835
59.075397,6,5843.810935
57.920504,5,5844.027694
56.692985,7,5844.174292
56.654561,7,5844.340837
56.150205,7,5844.57948
58.006978,6,5844.71588
56.600141,7,5844.861517
57.94152,5,5845.118462
56.827235,7,5845.395234
57.944734,5,5845.50952
57.911081,5,5845.757041
57.966471,6,5845.914856
58.075551,6,5846.063864
57.995607,6,5846.176386
57.848141,5,5846.432418
58.711215,6,5846.657318
57.928596,5,5846.829283
58.111078,6,5846.94472
58.904585,6,5847.079467
56.43934,7,5847.241336
57.95191,5,5847.414293
56.699586,7,5847.564098
58.06518,6,5847.677148
59.08917,6,5847.81639
57.592761,5,5847.992432
57.910032,5,5848.168826
57.936264,5,5848.422076
56.635334,7,5848.581788
58.291467,6,5848.799615
58.574108,6,5848.943677
57.914221,5,5849.065705
56.609286,7,5849.314528
58.710622,6,5849.445744
58.669843,6,5849.635901
56.194889,7,5849.788618
57.908477,5,5850.020421
57.86117,5,5850.2062
58.611611,6,5850.343172
58.094095,6,5850.48286
59.072749,6,5850.614961
59.076043,6,5850.757445
57.950558,5,5851.057317
57.935965,5,5851.252222
57.790686,5,5851.395635
59.056825,6,5851.526201
58.133525,6,5851.791232
59.076077,6,5851.910877
57.94242,5,5852.205702
59.031844,6,5852.340128
57.243064,7,5852.489894
59.03925,6,5852.6171
56.771841,7,5852.760957
57.830562,5,5852.944498
57.911181,5,5853.152806
59.072032,6,5853.282766
58.564743,6,5853.459966
57.915535,5,5853.556096
57.941652,5,5853.805951
57.881303,5,5853.988681
58.317801,6,5854.137106
55.861614,7,5854.407126
59.024458,6,5854.500292
57.688318,5,5854.68228
56.683608,7,5854.938508
58.150627,6,5855.082806
56.621652,7,5855.240061
59.080544,6,5855.378379
57.306397,5,5855.638929
57.038107,7,5855.800888
56.191318,7,5856.064911
58.421376,6,5856.288783
59.083868,6,5856.413943
59.044341,6,5856.505862
58.372376,6,5856.632589
56.146263,7,5856.790642
56.101443,7,5856.947889
58.962205,6,5857.082484
57.201943,7,5857.233424
58.092859,6,5857.362195
57.84555,5,5857.635245
59.055473,6,5857.728441
57.946892,5,5857.982863
56.255703,7,5858.216517
59.07613,6,5858.337353
57.941325,5,5858.576056
58.78691,6,5858.696503
57.867606,5,5858.875991
58.416755,6,5859.053156
59.078871,6,5859.174248
56.759168,7,5859.371234
58.943773,6,5859.505378
57.941811,5,5859.706116
-13.787044,3,5859.779053
57.863542,5,5859.952943
57.933926,5,5860.196465
57.997974,6,5860.317466
57.946132,5,5860.627337
57.9514,5,5860.875901
57.943501,5,5861.138459
57.995198,6,5861.250635
56.290808,7,5861.401712
57.0065,7,5861.682434
57.937621,5,5861.927351
58.690403,6,5862.073822
58.471539,6,5862.294665
59.076354,6,5862.424389
58.858017,6,5862.559152
58.397299,6,5862.669285
58.304539,6,5862.849076
59.026515,6,5863.000146
56.780762,7,5863.154504
59.082468,6,5863.277372
58.922726,6,5863.412002
58.253495,6,5863.530916
58.859124,6,5863.676149
56.661596,7,5863.839059
57.954003,5,5864.082367
58.867508,6,5864.180993
57.834066,5,5864.286188
57.858188,6,5864.394164
57.873099,6,5864.52894
59.059728,6,5864.664148
55.992186,7,5864.822404
56.060141,7,5865.072338
59.067445,6,5865.208206
59.083192,6,5865.331549
59.024846,6,5865.46065
57.953901,5,5865.618062
57.891138,5,5865.744076
56.473877,7,5865.986666
58.318671,6,5866.133667
57.357302,6,5866.375803
55.60911,7,5866.54458
58.966296,6,5866.677511
55.969234,7,5866.87197
56.088344,7,5867.065918
59.083369,6,5867.184732
58.68485,6,5867.412546
59.079538,6,5867.532275
57.95167,6,5867.678531
57.931856,5,5867.944421
57.748607,5,5868.119275
57.927729,5,5868.280073
58.484635,6,5868.464051
57.856069,5,5868.569229
59.059542,6,5868.72145
57.921695,5,5868.982682
56.91223,7,5869.247562
57.949683,5,5869.413391
58.329147,6,5869.532654
57.951839,5,5869.827266
58.187638,6,5870.04925
56.090639,7,5870.244813
57.841591,5,5870.35058
59.071705,6,5870.471259
58.369228,6,5870.619532
-5.905815,6,5871.01035
56.781268,7,5871.187307
58.634596,6,5871.342201
58.422059,6,5871.579163
57.943533,5,5871.687714
57.710586,5,5871.823476
58.41405,6,5872.047554
57.951134,5,5872.217442
59.031344,6,5872.390656
57.79218,5,5872.522553
58.350557,6,5872.645101
56.676824,7,5872.888715
57.889418,5,5873.070528
57.95581,6,5873.224209
58.835452,6,5873.39734
57.81388,5,5873.658404
57.837345,5,5873.919282
56.886238,7,5874.074356
56.87502,7,5874.238779
56.543084,7,5874.516719
58.41417,6,5874.703189
58.209643,6,5874.84542
58.009172,6,5875.071917
57.935264,5,5875.337593
56.676521,7,5875.601155
58.513536,6,5875.767789
58.284235,6,5875.898399
57.94385,5,5876.104187
59.07464,6,5876.225746
59.076752,6,5876.350983
56.748791,7,5876.615434
56.381683,7,5876.858028
57.915128,5,5876.977748
58.158535,6,5877.102484
59.074971,6,5877.24431
56.591376,7,5877.534925
58.170646,6,5877.677748
55.996079,7,5877.925319
57.706103,5,5878.106779
58.959596,6,5878.204585
59.071178,6,5878.337666
59.065977,6,5878.4687
57.91404,5,5878.609741
58.883669,6,5878.745007
58.665607,6,5878.891718
56.258936,7,5879.146247
57.92655,5,5879.316115
58.787017,6,5879.447639
58.095774,6,5879.59064
57.9393,5,5879.775916
57.94077,5,5879.869132
57.306607,5,5880.039294
56.613315,7,5880.285512
58.220538,6,5880.430384
59.07832,6,5880.562553
57.944701,5,5880.748434
57.962318,6,5880.894032
59.011017,6,5881.035546
57.949583,5,5881.286291
57.858417,5,5881.543844
56.965624,7,5881.810166
58.863998,6,5882.054826
57.862854,5,5882.330591
57.664702,5,5882.580935
57.930835,5,5882.774488
59.041174,6,5882.880165
57.932341,5,5883.060133
57.969184,6,5883.181352
57.871378,5,5883.461014
-5.90864,6,5884.054693
58.660485,6,5884.294711
58.946754,6,5884.473118
56.184935,7,5884.766167
58.020821,6,5884.934756
58.300454,6,5885.088739
58.899843,6,5885.193407
57.874983,5,5885.456587
57.323802,5,5885.727427
58.105169,6,5885.885879
56.054992,7,5886.049028
58.025143,6,5886.245854
58.204984,6,5886.392243
57.85726,5,5886.567887
56.653331,7,5886.826737
57.141261,7,5887.092988
57.950525,5,5887.357548
58.585604,6,5887.591296
59.079739,6,5887.734763
58.851171,6,5887.82965
58.352759,6,5888.0698
59.091927,6,5888.211679
58.819181,6,5888.352088
57.771194,5,5888.539079
57.775674,5,5888.635873
58.19348,6,5888.886378
59.080726,6,5889.021307
56.544166,7,5889.281638
57.948134,5,5889.540904
58.324683,6,5889.758711
57.992642,6,5889.917615
58.95322,6,5890.065755
58.735335,6,5890.319737
57.72488,5,5890.511226
57.251246,5,5890.716467
57.951061,5,5890.848001
57.704051,5,5891.121132
56.052054,7,5891.279094
57.93697,5,5891.403724
57.947675,5,5891.667827
58.024888,6,5891.79079
57.945757,5,5891.970117
58.562756,6,5892.125778
56.268857,7,5892.290769
56.795877,7,5892.553512
57.932291,5,5892.729705
57.304935,5,5892.994602
58.912754,6,5893.093738
57.768866,5,5893.279903
56.231753,7,5893.537923
58.750088,6,5893.771934
58.103524,6,5893.924983
57.113515,7,5894.087845
58.260242,6,5894.281359
57.937505,5,5894.460442
58.282739,6,5894.637583
58.870678,6,5894.783538
57.077498,7,5895.046855
59.07853,6,5895.182523
56.092199,7,5895.397998
58.901658,6,5895.54851
56.116091,7,5895.803917
57.939195,5,5896.033983
56.249157,7,5896.19885
57.90825,5,5896.477607
55.988212,7,5896.686639
57.137843,7,5896.85042
58.485794,6,5897.084515
59.086105,6,5897.222129
57.944976,5,5897.488944
57.866328,6,5897.74288
58.177849,6,5897.881804
57.31202,5,5898.130392
58.327087,6,5898.260925
58.573823,6,5898.448785
58.449046,6,5898.702652
57.84703,5,5898.931215
58.143421,6,5899.194161
57.936182,5,5899.378291
59.062482,6,5899.518343
57.891754,5,5899.789049
57.941237,5,5900.083759
57.914128,6,5900.211862
58.232838,6,5900.400392
56.668608,7,5900.560766
58.270907,6,5900.782533
57.980457,6,5900.930578
56.686608,7,5901.189795
59.059667,6,5901.318205
56.06317,7,5901.473488
59.072976,6,5901.594046
58.846512,6,5901.734263
58.281853,6,5901.845461
59.072503,6,5901.978925
59.079265,6,5902.112115
57.764292,5,5902.316324
57.814239,5,5902.437964
58.076541,6,5902.672939
59.064909,6,5902.812453
57.770625,5,5903.070011
58.99796,6,5903.16876
57.692945,5,5903.439912
59.075786,6,5903.565622
58.878881,6,5903.687802
58.549463,6,5903.868608
56.745989,7,5904.135566
58.411242,6,5904.320589
57.09888,7,5904.47279
57.907309,5,5904.598986
56.7951,7,5904.856559
56.71952,7,5905.021246
55.983799,7,5905.177637
57.31166,5,5905.446031
58.216194,6,5905.679033
57.95343,5,5905.901647
57.936184,5,5906.023355
57.731954,5,5906.211717
58.233751,6,5906.320898
56.853567,7,5906.477755
59.08418,6,5906.600434
58.671674,6,5906.724144
58.897191,6,5906.819416
58.861535,6,5907.005289
59.036471,6,5907.141011
58.883038,6,5907.283726
58.621675,6,5907.505957
56.699118,7,5907.754336
56.113679,7,5907.908621
58.275319,6,5908.051466
58.304951,6,5908.230104
56.611466,7,5908.386661
59.068439,6,5908.513744
56.637844,7,5908.788192
57.950084,5,5909.037007
58.053939,6,5909.276408
59.053768,6,5909.413204
55.960291,7,5909.578178
59.068485,6,5909.705358
56.637611,7,5909.863882
57.93147,5,5910.040652
57.955662,6,5910.270078
58.381672,6,5910.41799
57.039444,7,5910.677818
57.941367,5,5910.840567
57.956558,5,5911.036052
58.631895,6,5911.196784
57.92707,5,5911.3838
58.167522,6,5911.600718
57.940111,5,5911.855857
59.067281,6,5911.988043
57.934064,5,5912.229216
59.025953,6,5912.357914
57.939705,5,5912.509843
57.944956,5,5912.768059
57.879989,6,5912.912358
57.744137,6,5913.063806
56.439541,7,5913.220577
59.077282,6,5913.339146
56.250811,7,5913.602613
57.687225,5,5913.893089
56.685584,7,5914.180022
58.725209,6,5914.32882
58.321151,6,5914.468671
58.879804,6,5914.61245
56.051842,7,5914.858215
59.074662,6,5914.997012
59.072451,6,5915.123336
57.944719,5,5915.373922
57.943342,5,5915.470408
59.093896,6,5915.602099
57.746865,5,5915.814421
59.066337,6,5915.941661
57.771914,5,5916.122112
57.768379,5,5916.376398
57.776916,5,5916.470242
57.7998,5,5916.733225
59.077929,6,5916.865148
58.879877,6,5917.00017
58.157415,6,5917.136661
58.078569,6,5917.278991
58.999536,6,5917.401841
58.643111,6,5917.626024
59.00654,6,5917.741505
56.858757,7,5917.894374
58.363567,6,5918.092831
57.945943,5,5918.346287
58.626423,6,5918.498555
57.94636,5,5918.671468
58.299377,6,5918.875934
57.937293,5,5918.998503
57.94103,5,5919.093309
58.113037,6,5919.209607
58.160494,6,5919.348065
59.067982,6,5919.478406
57.919548,5,5919.666657
58.337744,6,5919.840888
57.950993,5,5920.086726
56.646352,7,5920.242304
57.937661,5,5920.405845
59.03683,6,5920.498112
57.796761,5,5920.640146
59.013753,6,5920.730388
58.716588,6,5920.861007
58.614454,6,5921.038072
56.017876,7,5921.289797
57.74633,5,5921.412697
58.657003,6,5921.563414
58.950378,6,5921.657799
57.956564,5,5921.892166
58.067419,6,5922.033028
58.963568,6,5922.168362
59.066154,6,5922.261676
59.067829,6,5922.389527
57.759591,5,5922.561491
58.46422,6,5922.708781
58.243918,6,5922.930079
56.720984,7,5923.198196
56.468529,7,5923.356343
59.070799,6,5923.485458
57.93825,5,5923.733898
57.947132,5,5923.852833
58.745556,6,5923.996337
58.297638,6,5924.221113
59.069601,6,5924.348838
57.927607,5,5924.514607
56.797633,7,5924.661835
57.944321,6,5924.806542
58.78772,6,5925.045982
57.492914,5,5925.337066
59.056254,6,5925.436232
57.930504,5,5925.690649
57.923392,5,5925.924942
58.277518,6,5926.04061
59.031611,6,5926.13401
58.86203,6,5926.275921
59.071933,6,5926.395101
58.431249,6,5926.585037
58.843524,6,5926.812831
59.078802,6,5926.937008
58.751132,6,5927.073726
57.856583,5,5927.169873
59.06309,6,5927.288161
57.899518,5,5927.556857
57.677872,5,5927.809453
59.067599,6,5927.926691
59.092244,6,5928.060469
57.940052,5,5928.221844
58.174769,6,5928.420718
57.937547,5,5928.674319
58.835718,6,5928.806013
58.106272,6,5928.990811
58.179461,6,5929.10903
58.041539,6,5929.3667
57.933884,5,5929.465047
59.008472,6,5929.583364
57.051579,6,5929.781094
56.05239,7,5929.933983
57.849621,5,5930.053699
58.867558,6,5930.145234
57.842436,5,5930.271128
57.178513,6,5930.410351
58.209182,6,5930.554313
58.167016,6,5930.695579
55.992153,7,5930.925853
59.008928,6,5931.056135
57.782657,5,5931.246395
59.075123,6,5931.37642
57.767042,5,5931.53197
58.150872,6,5931.750222
59.021253,6,5931.871903
58.240511,6,5931.990296
59.085344,6,5932.111485
57.941902,5,5932.365438
57.034067,5,5932.619608
55.315666,7,5932.772096
56.899626,7,5933.028904
59.040744,6,5933.162784
57.93284,5,5933.276545
57.894689,5,5933.451215
58.21289,6,5933.594935
58.309523,6,5933.716675
59.059468,6,5933.843006
56.671405,7,5933.996391
59.063422,6,5934.116482
57.181549,7,5934.288726
57.770548,5,5934.545093
57.814955,5,5934.798474
58.603681,6,5935.025274
56.660778,7,5935.16467
58.777603,6,5935.404608
57.941556,5,5935.652909
57.943318,5,5935.918015
58.663029,6,5936.09365
58.576823,6,5936.322182
57.937037,5,5936.571586
58.675996,6,5936.794795
58.457606,6,5936.93954
59.080272,6,5937.072232
58.612405,6,5937.293852
57.775858,5,5937.441433
57.924117,5,5937.569282
59.079779,6,5937.687992
58.844149,6,5937.782179
58.195335,6,5937.923029
56.59426,7,5938.086331
57.852889,5,5938.205017
58.675594,6,5938.351538
58.878965,6,5938.495792
57.930168,5,5938.768814
58.808807,6,5938.913343
57.953473,5,5939.102112
57.944752,5,5939.268318
57.955839,5,5939.517986
59.066875,6,5939.663142
57.804707,5,5939.773676
58.133637,6,5939.890356
59.086651,6,5940.021858
57.930478,5,5940.183203
57.943098,5,5940.28018
56.713553,7,5940.435078
56.221202,7,5940.633912
56.795854,7,5940.902936
58.217056,6,5941.022226
57.888931,5,5941.278039
59.069796,6,5941.409394
59.078877,6,5941.540663
58.876607,6,5941.640677
58.968144,6,5941.771103
58.211935,6,5941.899808
57.874547,5,5942.175429
58.881961,6,5942.426156
58.856778,6,5942.568851
57.775046,5,5942.827348
56.933257,7,5942.980726
56.490537,7,5943.141926
56.065625,7,5943.339159
57.972725,6,5943.454378
57.949165,5,5943.648841
56.172214,7,5943.796163
56.270355,7,5943.955595
57.948608,5,5944.115667
56.700997,7,5944.268048
58.201787,6,5944.497189
57.949318,5,5944.72648
59.031252,6,5944.862283
58.066213,6,5944.973204
57.939936,5,5945.099027
57.920528,5,5945.355098
57.958343,6,5945.483641
57.919638,5,5945.574504
57.946784,5,5945.760213
56.978087,7,5946.03388
57.940082,5,5946.209128
58.932685,6,5946.301982
57.021727,5,5946.463285
58.165879,6,5946.607033
56.360236,7,5946.760716
57.80943,5,5946.926342
57.904394,5,5947.180746
56.154807,7,5947.4593
58.495527,6,5947.604286
59.073966,6,5947.722257
59.07698,6,5947.839904
57.768513,5,5948.020284
59.080555,6,5948.13699
58.700272,6,5948.361115
58.775987,6,5948.537161
57.841122,5,5948.658821
57.239441,6,5948.798343
57.796103,5,5949.058168
59.030524,6,5949.193866
57.955559,5,5949.393624
58.980516,6,5949.498786
59.073966,6,5949.628748
59.074107,6,5949.748617
57.935783,5,5949.908307
56.134276,7,5950.168568
57.121316,7,5950.318494
59.073752,6,5950.450487
58.791882,6,5950.681778
59.064624,6,5950.80536
57.943879,5,5951.044075
57.932136,5,5951.28918
57.949935,5,5951.539685
57.920839,5,5951.712443
59.053875,6,5951.839545
59.074349,6,5951.959226
58.226413,6,5952.081494
58.929534,6,5952.170859
58.564723,6,5952.393272
59.077356,6,5952.525505
58.314689,6,5952.70276
58.761563,6,5952.841575
58.087264,6,5953.013686
56.567108,7,5953.252025
59.042567,6,5953.382666
57.947086,5,5953.636955
59.06548,6,5953.762504
58.679057,6,5953.989364
57.94891,5,5954.244342
57.938599,5,5954.403606
56.050402,7,5954.551831
58.271022,6,5954.6948
56.177402,7,5954.939694
57.564359,5,5955.145865
56.871026,7,5955.404143
58.039899,6,5955.635392
56.02791,7,5955.824542
57.914377,5,5955.998404
57.87694,6,5956.106598
57.960878,6,5956.290303
56.704151,7,5956.53955
57.851247,5,5956.650317
58.83487,6,5956.875494
57.863916,5,5957.05045
58.15279,6,5957.277383
57.777824,5,5957.526752
58.832797,6,5957.619203
58.938004,6,5957.760554
58.297017,6,5957.94545
57.770313,5,5958.130955
56.616162,7,5958.372173
58.137361,6,5958.515395
58.922314,6,5958.740253
57.919932,5,5958.990168
58.295595,6,5959.121771
58.102027,6,5959.26106
57.826582,5,5959.512487
59.060189,6,5959.641846
58.850543,6,5959.810114
57.867493,5,5959.972701
58.107454,6,5960.113936
58.969125,6,5960.343332
58.147435,6,5960.48011
57.868871,5,5960.646873
56.628671,7,5960.795601
57.940072,5,5960.942088
57.927659,5,5961.10991
57.037736,7,5961.269447
57.911311,5,5961.550069
57.909508,6,5961.740808
57.597576,5,5961.904587
56.68467,7,5962.07952
57.699677,5,5962.191733
58.296611,6,5962.441968
58.418196,6,5962.61602
56.905708,7,5962.916299
57.79602,5,5963.121341
56.127487,7,5963.307308
57.807352,5,5963.436471
57.71117,5,5963.68849
58.147297,6,5963.828573
58.55464,6,5964.001287
59.064251,6,5964.130658
58.05059,6,5964.285469
57.924366,5,5964.384256
58.034314,6,5964.559299
57.929393,5,5964.730349
58.204929,6,5964.906355
59.070954,6,5965.026781
55.766975,7,5965.289671
57.952707,5,5965.453651
56.689851,7,5965.720375
59.085145,6,5965.843261
56.191142,7,5966.038343
57.768859,5,5966.301229
57.373865,6,5966.420514
57.084682,5,5966.597524
57.745652,5,5966.810058
57.868604,5,5966.905877
57.769732,5,5967.086115
59.075915,6,5967.179495
56.348513,7,5967.370373
57.943695,5,5967.558781
57.941038,5,5967.816083
58.288777,6,5967.95425
58.332543,6,5968.143529
58.306972,6,5968.323812
56.075216,7,5968.516386
57.828546,5,5968.711252
56.669544,7,5968.967092
57.095457,7,5969.240748
55.76042,7,5969.494305
57.772133,5,5969.757559
56.648469,7,5970.03439
58.859733,6,5970.185156
59.076045,6,5970.306971
58.729992,6,5970.450315
57.94582,5,5970.697184
58.661395,6,5970.926361
57.94173,5,5971.149509
57.876415,5,5971.268346
58.04687,6,5971.371493
56.418953,7,5971.531331
57.94296,5,5971.700592
58.594134,6,5971.846338
58.759724,6,5972.025106
58.627736,6,5972.254772
56.168841,7,5972.407593
57.950536,5,5972.528951
57.932875,5,5972.693339
57.90369,5,5972.962062
59.061798,6,5973.061179
57.929798,5,5973.182211
59.092198,6,5973.310835
57.902723,5,5973.581664
57.898342,5,5973.826824
57.940096,5,5974.076048
57.927834,5,5974.259925
59.078836,6,5974.396953
57.899199,5,5974.64035
56.087916,7,5974.886198
56.295513,7,5975.040499
57.945621,5,5975.225999
59.011308,6,5975.36324
58.849976,6,5975.479965
-5.906116,6,5975.711664
58.046661,6,5975.828551
58.978088,6,5975.964873
56.837884,7,5976.116724
57.725197,5,5976.375467
56.692438,7,5976.615899
58.576696,6,5976.762212
58.026016,6,5976.987144
59.066814,6,5977.125831
56.177645,7,5977.360244
58.614626,6,5977.513074
58.575855,6,5977.743569
59.07438,6,5977.866997
58.140538,6,5978.015778
56.39714,7,5978.216175
58.50002,6,5978.450222
58.140978,6,5978.595986
58.560371,6,5978.744018
59.054186,6,5978.865654
57.158301,7,5979.021837
58.545046,6,5979.206685
57.942412,5,5979.437516
58.143862,6,5979.573716
58.860783,6,5979.706665
57.951399,5,5979.958508
56.689543,7,5980.108447
57.961725,6,5980.30439
56.981769,7,5980.566593
58.108512,6,5980.695109
57.780531,5,5980.869263
57.799705,5,5980.990094
58.623078,6,5981.1689
59.077587,6,5981.304646
58.807139,6,5981.45117
58.650603,6,5981.60554
58.020011,6,5981.748955
59.085412,6,5981.882754
59.073456,6,5982.010022
59.079235,6,5982.130943
59.081203,6,5982.250979
57.799842,5,5982.430062
57.840023,5,5982.546504
58.950173,6,5982.683164
-5.906575,6,5982.956179
57.717899,5,5983.080104
57.909756,5,5983.250667
58.230156,6,5983.397429
56.287991,7,5983.639231
57.884448,5,5983.906444
57.753677,5,5984.084519
58.514673,6,5984.271419
58.684434,6,5984.494045
57.775395,5,5984.599449
56.900965,7,5984.85953
58.171719,6,5985.081628
58.312203,6,5985.304741
56.742066,7,5985.46289
59.073391,6,5985.582847
58.927762,6,5985.815601
59.078152,6,5985.936929
57.240868,5,5986.108756
56.708557,7,5986.268492
55.973476,7,5986.420216
57.874431,5,5986.535054
59.005311,6,5986.663848
59.070563,6,5986.791965
56.57674,7,5987.062586
56.756049,7,5987.310729
57.927876,6,5987.451002
58.425746,6,5987.635034
59.081435,6,5987.777064
58.295739,6,5987.951447
57.947684,5,5988.079014
58.417359,6,5988.257214
56.269279,7,5988.489895
59.063742,6,5988.609979
57.105741,7,5988.861915
58.302143,6,5988.956017
57.82205,5,5989.048684
58.212412,6,5989.19018
58.857168,6,5989.2834
58.590031,6,5989.506032
57.928631,5,5989.675483
56.540177,7,5989.829809
57.739895,5,5990.024298
58.388449,6,5990.180927
58.30816,6,5990.305569
56.737375,7,5990.556743
57.924308,5,5990.695593
56.581344,7,5990.854148
58.266004,6,5990.997221
58.850626,6,5991.180956
56.614322,7,5991.326111
59.054781,6,5991.458652
57.682147,5,5991.641919
-5.914019,6,5992.045824
57.850208,5,5992.167023
57.942061,5,5992.335557
58.680271,6,5992.483441
56.184281,7,5992.638571
58.841666,6,5992.865132
59.042875,6,5992.991535
56.126302,7,5993.154173
56.807486,7,5993.312709
56.808808,7,5993.591626
57.586543,5,5993.834449
57.835402,5,5993.960131
57.944716,5,5994.183836
56.722336,7,5994.461942
56.64507,7,5994.74456
57.938944,6,5994.869916
57.291444,7,5995.131525
58.204089,6,5995.250119
56.671762,7,5995.407384
57.959625,5,5995.650469
56.405603,7,5995.89498
57.95381,5,5996.141275
58.721882,6,5996.316777
56.811055,7,5996.477305
57.899129,5,5996.609993
56.328449,7,5996.760338
58.40439,6,5996.933532
56.063284,7,5997.078087
57.905698,5,5997.177339
56.152821,7,5997.329674
56.680394,7,5997.58967
57.860709,5,5997.757187
59.080337,6,5997.883933
57.832584,5,5997.990322
56.174108,7,5998.143265
58.6269,6,5998.331568
59.081021,6,5998.450436
56.649425,7,5998.709926
56.697527,7,5998.873698
58.571717,6,5999.043459
59.069949,6,5999.16617
58.414453,6,5999.352491
56.088253,7,5999.504574
58.593838,6,5999.7331
58.703142,6,5999.853323
56.055863,7,6000.01289
56.576064,7,6000.186173
57.949425,5,6000.34786
56.856169,7,6000.505
57.060732,7,6000.662709
58.157831,6,6000.782001
58.278875,6,6000.889147
58.243404,6,6001.144768
58.095976,6,6001.349909
58.294934,6,6001.460824
57.942875,5,6001.700334
58.77033,6,6001.837245
56.669212,7,6001.983438
56.159247,7,6002.13519
57.793119,5,6002.307031
56.727502,7,6002.446748
58.064062,6,6002.551724
57.929227,5,6002.805859
58.818877,6,6002.900822
57.882576,5,6003.030493
57.902283,5,6003.312546
56.31658,7,6003.470411
59.05466,6,6003.605479
58.151604,6,6003.729187
57.927097,5,6003.913499
58.656358,6,6004.139725
57.763053,5,6004.280649
56.736336,7,6004.446477
59.065158,6,6004.579162
58.521008,6,6004.721436
57.75104,5,6004.948764
57.042736,7,6005.099998
58.177666,6,6005.213947
57.803619,5,6005.404758
57.89196,6,6005.542356
59.03097,6,6005.676717
58.039061,6,6005.81425
58.88812,6,6005.951128
58.543716,6,6006.100127
57.778279,5,6006.346755
57.94062,5,6006.525837
57.950974,5,6006.768965
57.845988,6,6006.891982
59.062298,6,6007.043866
58.863788,6,6007.188832
56.927188,5,6007.45595
56.860574,7,6007.734801
57.824396,5,6007.852185
57.928753,5,6008.046568
59.086307,6,6008.180557
59.06153,6,6008.313082
56.071061,7,6008.555922
58.614203,6,6008.699615
56.69127,7,6008.852866
59.073232,6,6008.971193
59.041765,6,6009.100925
58.251083,6,6009.242706
58.466914,6,6009.467259
58.636043,6,6009.69271
59.070746,6,6009.784316
57.860374,5,6009.895489
59.075017,6,6010.020315
57.448361,6,6010.242991
58.633022,6,6010.389497
58.008023,6,6010.517515
56.586515,7,6010.671427
57.83695,5,6010.862719
57.949759,5,6011.112647
59.076111,6,6011.231327
58.906627,6,6011.373303
57.950684,5,6011.535066
56.918235,7,6011.687794
57.871624,5,6011.860827
57.946217,5,6012.014941
-5.907723,6,6012.285907
57.810834,6,6012.416136
58.816493,6,6012.559036
59.085195,6,6012.680002
56.094915,7,6012.820712
58.440089,6,6013.012198
57.948952,5,6013.109
57.917638,5,6013.22465
57.909445,5,6013.477673
59.077907,6,6013.601436
56.962141,7,6013.759704
58.299378,6,6013.910038
57.792975,5,6014.154145
58.993602,6,6014.334394
57.968972,6,6014.543958
56.163323,7,6014.775848
58.968536,6,6014.872307
58.343435,6,6015.002863
56.80679,7,6015.152131
57.839634,5,6015.304841
56.122079,7,6015.457304
58.077297,6,6015.684529
57.900397,5,6015.843785
57.930973,5,6016.092643
57.877959,5,6016.220456
56.031523,7,6016.379885
57.850174,5,6016.62659
57.781417,5,6016.803835
58.339117,6,6016.949872
57.761668,5,6017.134416
59.063368,6,6017.252588
57.884663,5,6017.494616
58.161076,6,6017.598965
57.925151,5,6017.742223
56.101414,7,6017.972246
57.910859,5,6018.085693
56.653831,7,6018.327245
57.914307,5,6018.493035
57.783092,5,6018.746622
58.899059,6,6018.875964
57.887292,5,6019.036205
56.115162,7,6019.227334
57.953172,5,6019.459816
59.077342,6,6019.576964
57.826555,5,6019.767771
56.896113,7,6020.016863
56.624758,7,6020.158216
58.918821,6,6020.379952
56.734219,7,6020.629928
57.951117,5,6020.790272
59.052825,6,6020.930988
57.93749,5,6021.092869
58.793253,6,6021.224157
57.193159,7,6021.370435
58.454302,6,6021.515776
56.557767,7,6021.669345
58.638564,6,6021.897655
57.806799,5,6022.139449
56.047129,7,6022.289081
57.784292,5,6022.395116
58.072284,6,6022.584025
57.931464,5,6022.72017
59.073901,6,6022.853294
57.705973,5,6023.097927
59.003972,6,6023.203629
58.79267,6,6023.359963
57.782751,5,6023.548216
58.592511,6,6023.690691
59.073686,6,6023.808777
57.815741,5,6023.917434
57.736844,5,6024.023151
57.293676,5,6024.189609
59.073945,6,6024.311333
58.842754,6,6024.403967
57.892707,5,6024.654618
58.214084,6,6024.773813
57.84689,5,6025.024698
57.929885,5,6025.283266
58.85606,6,6025.376652
57.844631,5,6025.553384
58.326255,6,6025.675598
56.714236,7,6025.834899
59.025865,6,6025.928077
59.083816,6,6026.058136
55.971364,7,6026.205917
57.834349,5,6026.319755
59.091207,6,6026.441959
57.904788,5,6026.609377
58.220942,6,6026.781654
58.915546,6,6026.874186
59.023082,6,6026.964539
58.754398,6,6027.196963
59.063915,6,6027.32328
58.90393,6,6027.447441
56.592102,7,6027.600664
57.943753,5,6027.771072
59.071324,6,6027.907887
57.928354,5,6028.15406
56.831958,7,6028.306802
57.893717,5,6028.549237
57.914006,5,6028.807961
57.935163,5,6029.045402
57.806055,5,6029.227837
57.95128,5,6029.475735
57.877799,5,6029.641027
58.836524,6,6029.777981
59.072905,6,6029.91317
56.783981,7,6030.062629
58.213081,6,6030.203051
58.556588,6,6030.348332
57.813772,5,6030.458852
57.909323,5,6030.622385
57.923377,5,6030.88472
57.860832,5,6031.008003
57.988322,6,6031.15606
57.804182,5,6031.247302
56.179345,7,6031.447258
57.862665,5,6031.7049
58.895086,6,6031.846137
58.941195,6,6031.952419
57.948114,5,6032.046214
56.646155,7,6032.297813
58.217883,6,6032.425216
58.340539,6,6032.603848
58.062726,6,6032.742003
57.87021,5,6032.943309
57.938748,6,6033.056051
59.082015,6,6033.175094
59.01461,6,6033.268223
57.863765,5,6033.501659
56.010414,7,6033.692098
59.041289,6,6033.847008
59.070994,6,6033.966182
57.939906,5,6034.200716
57.939866,5,6034.46035
59.006543,6,6034.586264
59.027209,6,6034.726572
56.620781,7,6034.965263
57.947293,5,6035.206933
-5.907156,6,6035.61975
59.079011,6,6035.760576
56.016239,7,6035.961542
57.841066,5,6036.227319
57.955714,6,6036.389546
58.964639,6,6036.490941
57.803446,5,6036.630546
57.91421,5,6036.901885
58.051942,6,6037.076805
58.472554,6,6037.229583
57.868778,6,6037.517234
57.944463,5,6037.797449
59.091736,6,6037.971356
59.079755,6,6038.09817
59.07533,6,6038.257894
57.806847,5,6038.524768
55.89115,7,6038.724594
58.794745,6,6038.947596
58.939456,6,6039.101155
58.48865,6,6039.341035
55.933505,7,6039.540173
59.041008,6,6039.633068
57.919586,5,6039.798029
58.637197,6,6040.033276
57.948736,5,6040.277474
57.855039,5,6040.471599
59.075279,6,6040.597318
57.937159,5,6040.841233
58.86911,6,6040.987669
59.069885,6,6041.106374
57.92555,5,6041.364175
58.543256,6,6041.522617
57.875955,5,6041.768027
-8.597676,5,6041.877544
59.058013,6,6042.015369
58.492627,6,6042.16359
57.935949,5,6042.40995
56.598721,5,6042.62209
59.000487,6,6042.76414
56.662387,7,6042.908388
57.765464,5,6043.15191
57.93991,5,6043.291523
59.073812,6,6043.416384
56.744179,7,6043.667232
59.080729,6,6043.800648
57.949581,5,6044.004148
58.57634,6,6044.230659
58.84997,6,6044.376006
57.891378,5,6044.551035
58.17387,6,6044.658975
57.932956,5,6044.923137
59.078485,6,6045.04445
58.911005,6,6045.146287
57.668942,5,6045.334694
59.081235,6,6045.475474
58.028033,6,6045.706574
56.696902,7,6045.95747
57.939374,5,6046.220555
56.042483,7,6046.37351
58.901627,6,6046.51981
56.078347,7,6046.665551
58.656935,6,6046.89349
58.036221,6,6047.047633
58.264123,6,6047.178407
58.792707,6,6047.329385
57.889734,6,6047.466151
58.82032,6,6047.694376
57.943381,5,6047.953625
58.639285,6,6048.098075
58.901774,6,6048.239409
57.002394,7,6048.391303
56.681042,7,6048.642762
56.098765,7,6048.792383
56.567285,7,6048.944418
57.965429,6,6049.169045
56.335985,7,6049.380808
57.724559,5,6049.509043
59.078156,6,6049.626876
56.30292,7,6049.764016
57.852057,5,6050.023723
58.622785,6,6050.245106
58.867369,6,6050.46811
57.932447,5,6050.627803
57.898811,5,6050.875021
58.063712,6,6051.017365
58.625683,6,6051.161031
57.907118,5,6051.367547
56.611956,7,6051.624281
56.637775,7,6051.783749
58.013712,6,6051.921992
56.293852,7,6052.080191
56.809337,7,6052.237776
57.703201,5,6052.482799
56.207855,7,6052.744698
57.927563,5,6052.86794
57.932682,5,6053.004688
56.771379,7,6053.291802
56.125944,7,6053.552185
57.941122,5,6053.719834
59.079597,6,6053.839547
59.044472,6,6053.936807
57.948302,5,6054.190732
58.533004,6,6054.339943
57.724095,5,6054.452591
58.127686,6,6054.660121
57.946567,5,6054.767867
57.760996,5,6054.887824
56.06708,7,6055.046841
58.064718,6,6055.165875
58.636646,6,6055.320899
57.946239,5,6055.543421
57.725023,5,6055.71948
58.265367,6,6055.873801
57.934616,5,6056.035316
58.298847,6,6056.259199
56.798168,7,6056.542829
57.103693,7,6056.795275
56.127763,7,6056.951525
58.742377,6,6057.207478
56.537826,7,6057.360121
58.659896,6,6057.502189
56.898276,7,6057.651566
56.847157,7,6057.927908
56.776857,7,6058.199534
59.060364,6,6058.330575
58.697381,6,6058.472924
58.991855,6,6058.575086
57.990997,6,6058.709843
58.482774,6,6058.855352
59.082522,6,6058.974087
58.941105,6,6059.152125
59.063059,6,6059.2804
56.431266,7,6059.526889
56.854955,7,6059.683101
58.240592,6,6059.833108
58.924358,6,6059.974416
57.940975,5,6060.147082
56.245192,7,6060.295978
58.07597,6,6060.441255
57.914554,5,6060.604092
57.917615,5,6060.724795
57.303062,5,6060.886583
57.975483,6,6061.015195
58.332739,6,6061.160435
56.585068,7,6061.309999
56.086259,7,6061.586948
57.946516,5,6061.825928
57.947598,5,6062.085521
59.059513,6,6062.175104
57.289175,5,6062.334796
57.874213,5,6062.495529
57.827237,5,6062.631948
56.31809,7,6062.85491
57.930181,6,6063.119163
57.93267,5,6063.363133
58.118758,6,6063.540593
57.056493,5,6063.654712
58.436319,6,6063.799471
57.932511,5,6063.912171
58.57895,6,6064.126672
58.882709,6,6064.257348
56.758997,6,6064.392119
57.888909,5,6064.554891
57.905642,6,6064.75244
57.294876,6,6064.867236
57.951828,5,6065.035889
59.017096,6,6065.127604
57.895166,6,6065.353932
57.953047,5,6065.552251
58.763414,6,6065.681494
58.603147,6,6065.902837
58.56396,6,6066.047333
59.078087,6,6066.174672
57.821544,5,6066.277322
57.820258,5,6066.370252
56.039733,7,6066.517468
58.259506,6,6066.655677
58.269892,6,6066.877239
56.161049,7,6067.119312
57.919555,5,6067.281861
57.946252,5,6067.50757
59.089184,6,6067.653891
57.945225,5,6067.77409
58.375311,6,6067.946226
58.522043,6,6068.094676
57.238759,6,6068.28725
56.008637,7,6068.516952
57.882725,6,6068.764138
59.067614,6,6068.879832
56.027935,7,6069.080007
56.842412,5,6069.197869
57.335872,6,6069.336689
59.04798,6,6069.467709
58.477755,6,6069.693278
57.911383,5,6069.951543
57.927287,5,6070.145446
57.279937,6,6070.264292
58.647966,6,6070.498172
57.929112,5,6070.76595
56.159199,7,6070.915288
57.764698,5,6071.091138
57.989466,6,6071.265517
59.073962,6,6071.393247
58.765248,6,6071.53849
56.836458,7,6071.805307
57.713257,5,6072.009861
57.958101,5,6072.103798
56.794076,7,6072.350725
56.129061,7,6072.508046
56.026118,7,6072.765493
57.835724,5,6072.969924
57.917983,5,6073.132817
57.914166,5,6073.294089
59.063002,6,6073.412203
57.94441,5,6073.583917
57.925423,5,6073.728123
59.079111,6,6073.862519
58.126117,6,6074.007031
57.008178,7,6074.266454
56.763801,7,6074.428113
58.34937,6,6074.61689
56.320595,7,6074.777791
57.94533,5,6074.945498
58.744754,6,6075.064068
57.932707,5,6075.227767
58.91206,6,6075.32057
59.085244,6,6075.451393
56.492539,7,6075.704567
57.858068,5,6075.960765
57.943038,5,6076.213604
58.778472,6,6076.341562
57.912137,5,6076.60626
57.835972,5,6076.857933
56.704772,7,6077.015984
57.017068,7,6077.27019
59.075897,6,6077.400101
57.938684,5,6077.555644
58.134701,6,6077.695075
58.364418,6,6077.839566
57.94785,5,6078.081696
57.951088,5,6078.315533
57.943546,5,6078.558509
57.937282,5,6078.707344
58.861841,6,6078.80159
56.982128,5,6078.924314
57.865647,5,6079.044207
56.854119,5,6079.145396
57.116778,5,6079.391756
57.079995,7,6079.540789
57.997615,6,6079.717336
57.876703,5,6079.878225
57.877209,6,6080.027459
58.762477,6,6080.205328
57.948028,5,6080.375588
57.87348,5,6080.53822
56.729657,7,6080.7878
57.077196,7,6081.041393
58.198598,6,6081.167476
57.935214,5,6081.327849
56.175212,7,6081.476604
57.949486,5,6081.725202
59.00036,6,6081.840889
58.217896,6,6081.982031
57.951008,5,6082.207166
57.723544,5,6082.312713
58.321881,6,6082.537207
58.146668,6,6082.713618
57.969117,6,6082.853771
57.728675,5,6082.954408
58.583432,6,6083.132698
59.075927,6,6083.263564
57.894994,5,6083.431458
55.964193,7,6083.581011
58.924083,6,6083.816135
58.630687,6,6084.054948
58.876568,6,6084.279356
57.088093,7,6084.431675
56.67666,7,6084.683669
59.070792,6,6084.812862
58.292786,6,6084.942552
58.414776,6,6085.156101
57.963557,6,6085.298198
57.939846,5,6085.536321
57.947057,5,6085.778004
57.829774,5,6085.972163
58.177124,6,6086.088838
57.800182,5,6086.183292
56.722391,7,6086.457218
56.646321,7,6086.596528
57.853927,5,6086.828447
57.937621,5,6086.920235
57.295012,6,6087.129143
57.907722,5,6087.380128
57.947562,5,6087.621576
57.938281,5,6087.873027
59.064063,6,6087.990248
57.888798,5,6088.112715
56.653372,7,6088.360024
57.942663,5,6088.609473
57.769326,5,6088.721713
57.919428,5,6088.835926
58.790727,6,6088.97684
58.444026,6,6089.151747
57.809795,5,6089.329582
57.940994,5,6089.445747
58.646206,6,6089.62231
58.856289,6,6089.838717
56.83149,7,6090.094462
59.040304,6,6090.212696
57.93781,5,6090.324829
58.011403,6,6090.438009
57.939743,6,6090.661397
56.280623,7,6090.874732
59.078579,6,6091.001836
58.253349,6,6091.144202
57.779753,5,6091.385525
56.286529,7,6091.626093
57.690593,5,6091.813976
57.733411,5,6091.932973
56.52539,7,6092.088185
57.906991,5,6092.258252
58.062114,6,6092.365448
57.938116,5,6092.612739
56.514616,7,6092.858059
57.839076,5,6093.111337
59.035089,6,6093.205484
57.831984,5,6093.364759
57.944772,5,6093.599514
59.070194,6,6093.72973
56.062352,7,6093.927006
57.894073,5,6094.02132
58.225771,6,6094.204355
57.88989,5,6094.459512
59.076705,6,6094.57731
59.068418,6,6094.702488
57.949427,5,6094.921748
56.510391,7,6095.121951
57.923524,5,6095.313761
55.955548,7,6095.467666
58.455057,6,6095.618125
56.037236,7,6095.768102
56.037746,7,6095.96107
55.950567,7,6096.112278
58.236457,6,6096.252184
58.544685,6,6096.478376
59.093322,6,6096.600205
57.948763,5,6096.867835
58.559627,6,6097.10722
58.792511,6,6097.246945
58.476769,6,6097.39023
57.957842,6,6097.608706
57.915618,5,6097.851795
56.199386,7,6098.094955
57.919933,5,6098.258014
57.776485,5,6098.497879
59.016447,6,6098.588807
56.91152,7,6098.745167
57.841705,5,6098.9397
57.737008,5,6099.059627
58.399318,6,6099.298713
56.645036,7,6099.450536
58.673782,6,6099.588062
58.207707,6,6099.721865
58.83269,6,6099.822344
57.873971,5,6100.012586
57.692919,5,6100.140319
57.850723,5,6100.258985
57.323673,5,6100.487376
58.655021,6,6100.629594
57.900364,6,6100.744202
58.435461,6,6100.977811
59.079408,6,6101.102186
57.748283,5,6101.20385
58.658966,6,6101.348099
56.492199,7,6101.579564
57.939989,5,6101.751153
57.940912,5,6101.996484
58.126852,6,6102.224961
59.078794,6,6102.341152
58.839143,6,6102.516552
57.90238,5,6102.691893
58.103872,6,6102.868855
56.619705,7,6103.123453
57.922648,5,6103.286044
58.674074,6,6103.434966
57.898481,5,6103.592719
56.556313,7,6103.882838
56.620991,7,6104.019712
58.230749,6,6104.158697
58.412679,6,6104.297018
57.253395,5,6104.424288
56.58544,7,6104.674453
58.984374,6,6104.822744
59.012379,6,6104.964556
57.930269,5,6105.085022
59.084157,6,6105.205607
59.036102,6,6105.297
58.639601,6,6105.47112
59.079528,6,6105.595345
57.852421,5,6105.833828
56.719384,7,6105.986314
57.950354,6,6106.10387
59.033496,6,6106.229987
58.427353,6,6106.457575
58.305378,6,6106.631579
58.4853,6,6106.79205
56.061575,7,6106.952735
57.244639,6,6107.097155
59.025923,6,6107.19898
57.936341,5,6107.332512
56.828544,7,6107.601187
57.861575,6,6107.830594
57.806616,5,6108.019995
57.9339,5,6108.260947
57.917543,5,6108.427397
57.941852,5,6108.596113
56.627771,7,6108.868171
59.055739,6,6108.985345
59.08274,6,6109.107038
57.902372,5,6109.268341
56.314407,7,6109.420577
58.815759,6,6109.617834
58.014257,6,6109.778598
56.642316,7,6109.930631
58.404803,6,6110.080966
56.457071,7,6110.332564
58.57426,6,6110.476547
59.074114,6,6110.60006
57.897069,5,6110.859067
56.234568,7,6111.127573
56.808645,7,6111.400634
59.073403,6,6111.534873
56.634236,7,6111.688179
56.795101,7,6111.926677
58.955211,6,6112.049909
57.923481,5,6112.305239
57.905368,5,6112.471617
57.239077,5,6112.648569
56.593046,7,6112.898319
57.999079,6,6113.080087
58.460511,6,6113.265761
58.726699,6,6113.41212
59.072655,6,6113.536711
58.266576,6,6113.666034
58.9668,6,6113.796602
57.927064,6,6113.96731
58.069467,6,6114.110767
57.931931,5,6114.272925
57.759507,5,6114.527785
57.858784,6,6114.757662
55.583301,7,6115.018915
57.950067,5,6115.283143
56.7099,7,6115.436925
56.644469,7,6115.600225
57.952477,5,6115.948411
57.946118,5,6116.134682
56.561924,7,6116.298528
56.223283,7,6116.566759
57.760718,6,6116.692279
56.201364,7,6116.861856
57.958826,6,6116.981776
56.847032,7,6117.23737
56.604151,7,6117.405118
59.072382,6,6117.525915
57.941445,5,6117.689142
58.991991,6,6117.782794
56.080088,7,6118.019702
58.966033,6,6118.12094
57.235582,5,6118.254248
56.287361,7,6118.459153
57.953063,5,6118.700966
56.505711,7,6118.938529
57.923961,5,6119.059716
57.697671,5,6119.202014
57.804359,5,6119.459755
57.868068,5,6119.630225
59.063648,6,6119.756918
57.813075,5,6119.95012
-5.907091,6,6120.302298
56.558883,7,6120.463035
56.027719,7,6120.654729
56.720607,7,6120.807228
57.85592,5,6120.970062
58.937401,6,6121.101926
58.694323,6,6121.28054
57.814241,5,6121.377517
57.94543,5,6121.580553
59.069017,6,6121.710862
57.945045,5,6121.88387
56.194986,7,6122.081847
58.171397,6,6122.268803
58.726506,6,6122.401166
58.392639,6,6122.548234
59.073076,6,6122.678476
58.608332,6,6122.831064
58.949419,6,6122.933099
56.025693,7,6123.216831
57.936793,6,6123.435464
58.252921,6,6123.638214
57.896902,5,6123.887591
57.968289,6,6124.005033
58.156893,6,6124.202421
57.930219,5,6124.376631
57.928575,6,6124.516175
56.892635,7,6124.673833
58.003793,6,6124.805604
57.934082,5,6124.981284
59.029477,6,6125.113181
57.94971,5,6125.278553
55.938785,7,6125.540084
56.63256,7,6125.695543
58.201425,6,6125.844231
57.68435,5,6126.09513
58.59735,6,6126.279032
57.877784,5,6126.405864
57.917192,5,6126.572362
59.064031,6,6126.700923
58.109985,6,6126.812941
58.965891,6,6126.930644
58.91848,6,6127.037117
58.923318,6,6127.133765
56.952488,7,6127.406338
57.947007,5,6127.59286
57.927878,5,6127.798181
59.073874,6,6127.938925
58.259135,6,6128.122542
58.047249,6,6128.270991
57.936554,5,6128.41677
57.933549,5,6128.665946
57.928294,5,6128.781675
58.894056,6,6128.886852
58.958397,6,6128.989149
56.405316,5,6129.185419
59.079988,6,6129.295609
57.874029,5,6129.413291
58.443042,6,6129.573776
57.81683,5,6129.679183
59.082675,6,6129.803071
58.386177,6,6130.023577
57.082392,7,6130.288881
57.744775,5,6130.486074
56.155925,7,6130.639972
58.790841,6,6130.780213
58.05393,6,6130.952685
58.103681,6,6131.078861
58.928655,6,6131.27006
58.742623,6,6131.401869
59.0797,6,6131.534824
57.994213,6,6131.640014
58.216336,6,6131.858217
57.213803,5,6132.045127
59.069601,6,6132.170178
57.639846,5,6132.357463
58.945425,6,6132.587886
57.163655,7,6132.847383
57.938237,5,6133.118632
58.235803,6,6133.345563
57.826302,5,6133.540071
58.66303,6,6133.76396
58.967281,6,6134.008773
57.908978,5,6134.193887
57.682569,5,6134.388147
58.222413,6,6134.568511
-5.907113,6,6134.867086
56.172223,7,6135.017703
58.173341,6,6135.163293
58.387388,6,6135.327323
57.841404,5,6135.421588
57.942349,5,6135.593458
56.889663,7,6135.751114
57.947005,5,6136.015227
56.868854,7,6136.257122
56.992149,7,6136.514699
58.256214,6,6136.754253
59.079112,6,6136.873931
59.076747,6,6136.994626
58.557621,6,6137.152637
58.903474,6,6137.303708
58.926535,6,6137.528025
57.171206,7,6137.677203
59.067832,6,6137.795837
59.074103,6,6137.935857
57.853009,5,6138.138799
57.938714,5,6138.231968
58.298235,6,6138.376679
58.210917,6,6138.502391
59.076106,6,6138.625723
57.90719,6,6138.854309
56.134694,7,6139.019112
57.265575,5,6139.191124
57.169133,7,6139.457133
57.875556,5,6139.720239
58.488796,6,6139.865175
57.946863,5,6140.109811
57.904503,5,6140.233033
57.160865,7,6140.395405
59.057226,6,6140.526855
57.945916,5,6140.749893
56.182777,7,6140.901046
58.909629,6,6141.001013
57.891844,5,6141.235025
59.031255,6,6141.327248
57.71793,5,6141.427573
57.95257,5,6141.590085
59.066339,6,6141.704789
57.954188,5,6142.002836
58.124029,6,6142.109241
58.163963,6,6142.224954
59.064155,6,6142.346637
59.061864,6,6142.48938
56.989774,7,6142.644083
57.909301,5,6142.806111
57.186639,7,6143.061829
58.173199,6,6143.202296
58.375257,6,6143.427735
57.917418,5,6143.543231
55.938564,7,6143.738767
56.171799,7,6143.893423
58.095706,6,6144.091253
58.314191,6,6144.2337
59.077108,6,6144.354704
59.039578,6,6144.472542
57.917888,6,6144.65221
56.60529,7,6144.906515
57.805815,5,6145.014077
58.417168,6,6145.24339
56.895168,7,6145.490328
59.064566,6,6145.614086
58.994795,6,6145.760542
59.083053,6,6145.895601
57.948279,5,6146.147029
57.936921,5,6146.30862
58.036011,6,6146.452392
58.206353,6,6146.557173
57.834509,5,6146.728414
58.195411,6,6146.845927
58.331391,6,6146.948213
58.387556,6,6147.168693
57.943386,5,6147.32593
58.71354,6,6147.546897
57.94537,5,6147.786752
57.948625,5,6147.946632
58.750006,6,6148.04276
57.948173,5,6148.296422
57.952301,5,6148.496331
56.339311,7,6148.743531
58.510232,6,6148.966593
58.303089,6,6149.104654
58.256214,6,6149.247861
57.943041,5,6149.36733
57.937864,5,6149.530119
58.639481,6,6149.673309
58.428163,6,6149.848577
57.946183,5,6150.09269
58.865241,6,6150.235806
58.979068,6,6150.416623
58.340697,6,6150.590409
57.881592,5,6150.837332
55.444048,7,6150.979385
56.67347,7,6151.145988
57.938841,5,6151.265429
57.093776,7,6151.423222
56.79972,7,6151.574175
57.93285,6,6151.745541
58.235148,6,6151.861247
-8.107901,5,6151.954353
56.274664,7,6152.110246
58.249374,6,6152.222942
57.934665,5,6152.348726
57.838826,5,6152.435408
56.708586,7,6152.697975
57.056419,7,6152.954749
57.894405,5,6153.11913
57.797168,5,6153.213108
59.056838,6,6153.340266
57.767351,6,6153.485914
56.708016,7,6153.645337
59.056269,6,6153.770562
58.778032,6,6153.878828
56.15326,7,6154.15213
58.974515,6,6154.24401
58.154566,6,6154.385797
57.944421,5,6154.546086
57.951152,5,6154.7889
58.00799,6,6154.928211
59.070878,6,6155.057128
58.325769,6,6155.244417
57.944167,5,6155.432326
58.894731,6,6155.657814
59.076138,6,6155.788532
58.283404,6,6155.965996
56.218402,7,6156.116756
56.082216,7,6156.258988
58.932286,6,6156.37464
58.930309,6,6156.511581
58.031662,6,6156.695964
59.054279,6,6156.786879
55.950688,7,6157.015061
57.857405,5,6157.180455
59.007703,6,6157.271809
58.960951,6,6157.368945
57.938075,5,6157.53053
57.818441,5,6157.696117
57.892711,5,6157.952107
57.906477,6,6158.064142
56.598422,7,6158.204009
56.657226,7,6158.360253
57.943341,5,6158.531052
57.932706,5,6158.733505
58.678289,6,6158.875845
57.941011,5,6159.043339
59.016428,6,6159.139003
58.535031,6,6159.361593
59.074261,6,6159.488888
57.814171,5,6159.594279
57.983897,6,6159.802072
57.845977,6,6159.992539
57.947223,5,6160.163042
57.903962,5,6160.394349
58.43026,6,6160.538569
56.224262,7,6160.815913
59.067462,6,6160.937705
57.94398,5,6161.157776
57.980555,6,6161.372928
58.869463,6,6161.510696
58.647289,6,6161.655569
58.179286,6,6161.772296
58.606619,6,6161.993603
57.743296,5,6162.111519
56.151776,7,6162.387318
56.060616,7,6162.542242
57.951826,5,6162.707444
58.822269,6,6162.877337
57.951732,5,6163.029101
59.025924,6,6163.139382
58.332048,6,6163.368155
59.070586,6,6163.486513
56.347253,7,6163.647276
56.487716,7,6163.801651
57.765201,5,6164.057255
57.92535,5,6164.216043
57.917148,5,6164.32139
58.421497,6,6164.452787
56.720261,7,6164.691495
57.928172,5,6164.834199
56.021874,7,6164.982143
56.227861,7,6165.235561
58.943938,6,6165.335753
57.915598,5,6165.467017
57.937676,5,6165.637796
57.809901,5,6165.732231
56.239035,7,6165.8831
56.543054,7,6166.164556
56.220883,7,6166.44885
58.572588,6,6166.632698
59.067111,6,6166.749385
58.10711,6,6166.998751
57.858175,5,6167.171848
58.931439,6,6167.265502
59.068757,6,6167.394987
57.947183,5,6167.642095
58.630646,6,6167.768314
57.795838,5,6167.883129
56.57787,7,6168.121952
58.573703,6,6168.302275
58.194819,6,6168.431086
58.900553,6,6168.613911
57.939674,5,6168.859262
58.775611,6,6168.998959
59.07985,6,6169.128274
56.632786,7,6169.366318
59.0667,6,6169.485893
58.784275,6,6169.614341
57.988626,6,6169.757308
57.930522,5,6169.924171
58.20523,6,6170.027931
57.928852,5,6170.187236
58.533268,6,6170.33201
57.281176,7,6170.486567
58.210651,6,6170.663394
57.843466,5,6170.851805
59.067458,6,6170.982525
59.044042,6,6171.115364
55.972833,7,6171.321812
58.436455,6,6171.464258
56.103517,7,6171.619
57.932126,5,6171.783322
59.080334,6,6171.900519
56.152695,7,6172.051754
58.360058,6,6172.192048
58.987602,6,6172.331963
57.866383,5,6172.435533
58.181324,6,6172.549602
59.093529,6,6172.697774
57.939639,5,6172.933597
57.931261,5,6173.061329
57.927793,5,6173.189178
56.764072,7,6173.340482
56.048043,7,6173.490578
57.89705,5,6173.66239
57.943787,5,6173.838967
58.321551,6,6173.98442
58.206631,6,6174.116462
56.44914,7,6174.274784
57.893,5,6174.387012
57.949749,5,6174.631958
57.93998,5,6174.880514
57.944664,5,6175.139074
59.027614,6,6175.267475
56.683685,7,6175.422246
59.085417,6,6175.539138
57.942402,5,6175.771048
58.698489,6,6175.997381
56.358218,7,6176.155726
56.051306,7,6176.349553
57.928751,6,6176.489121
56.673771,7,6176.724646
57.923488,6,6176.83681
59.072424,6,6176.9648
57.944141,5,6177.175046
56.060847,7,6177.402031
57.932469,5,6177.581595
59.072967,6,6177.714231
57.53155,5,6177.887158
57.063771,5,6177.998417
57.94777,5,6178.243178
57.839445,5,6178.364327
57.909769,6,6178.477876
57.945219,5,6178.682259
59.05606,6,6178.810526
57.421239,6,6178.923306
58.147062,6,6179.099284
57.280411,5,6179.359641
57.827219,5,6179.638474
57.943981,5,6179.819668
56.12439,7,6179.966402
58.434608,6,6180.120697
59.073746,6,6180.251119
57.837172,5,6180.364986
59.067435,6,6180.495413
56.653042,7,6180.748252
57.945838,5,6180.915687
58.77959,6,6181.13454
57.940791,5,6181.265366
56.812076,7,6181.415906
58.024334,6,6181.559539
57.94656,5,6181.79559
57.869139,5,6181.969066
58.343748,6,6182.071816
56.607211,7,6182.232741
57.946092,5,6182.479521
56.249349,7,6182.628065
58.344931,6,6182.731114
58.976584,6,6182.82479
57.844844,5,6183.076977
56.233701,7,6183.225829
57.846076,5,6183.391683
57.176953,5,6183.562698
58.971012,6,6183.696495
59.085925,6,6183.824689
59.052437,6,6183.946984
57.952296,5,6184.198698
57.230401,5,6184.456086
56.660077,7,6184.608507
57.922811,5,6184.861414
56.18495,7,6185.099787
59.045731,6,6185.18863
58.424208,6,6185.287374
56.854423,7,6185.568885
57.696325,5,6185.692173
58.54166,6,6185.918878
57.938,5,6186.159714
56.082218,7,6186.306358
59.074369,6,6186.4304
58.967812,6,6186.524554
58.054438,6,6186.63704
57.050589,7,6186.889253
58.044712,6,6187.104074
58.976832,6,6187.238545
57.872112,5,6187.404013
56.473365,7,6187.633766
57.927401,5,6187.868873
56.814653,7,6188.007924
57.737157,5,6188.245112
57.906066,5,6188.358413
59.049491,6,6188.505596
59.060015,6,6188.628617
59.06839,6,6188.746973
57.810196,5,6188.928272
57.795134,5,6189.02228
58.01019,6,6189.193097
57.955382,5,6189.420739
58.580649,6,6189.605155
56.53944,7,6189.889747
59.067124,6,6190.012355
57.933173,5,6190.17494
57.927785,5,6190.357634
58.660787,6,6190.519374
57.949159,5,6190.87364
56.496985,7,6191.053621
58.567505,6,6191.29451
57.918749,5,6191.570835
57.948059,5,6191.772892
56.912456,7,6192.060716
59.07013,6,6192.181546
58.085628,6,6192.320411
59.070793,6,6192.443964
57.838892,5,6192.565217
58.100857,6,6192.717186
57.957595,5,6192.895163
58.183798,6,6193.043428
58.938896,6,6193.14059
57.946131,5,6193.306501
57.944569,5,6193.553797
58.809956,6,6193.695391
57.943737,5,6193.931311
58.069263,6,6194.100583
57.833828,5,6194.207415
59.077433,6,6194.333676
58.706222,6,6194.484298
57.950293,5,6194.737236
58.531226,6,6194.890727
57.943335,5,6195.148639
57.937949,5,6195.272614
58.495224,6,6195.424838
57.841891,5,6195.670631
58.495569,6,6195.815949
57.916377,6,6196.016896
56.074149,7,6196.17241
57.911294,6,6196.310628
57.898252,5,6196.45669
57.065977,7,6196.711792
59.080037,6,6196.836205
57.950572,5,6197.079665
57.937858,5,6197.251558
58.550181,6,6197.430761
58.35836,6,6197.579384
58.265882,6,6197.696496
57.936261,5,6197.9396
58.937565,6,6198.034246
57.989942,6,6198.141103
57.045406,7,6198.29341
57.769596,5,6198.39264
56.753593,7,6198.63965
57.011445,7,6198.795481
57.81157,5,6198.906717
57.929904,5,6199.150604
58.882433,6,6199.384485
58.041074,6,6199.527812
57.950904,5,6199.775399
-5.908776,6,6200.008563
57.098051,6,6200.215401
56.545367,7,6200.374247
57.112132,7,6200.538857
58.210253,6,6200.712716
58.631133,6,6200.893829
59.070314,6,6201.017797
58.725593,6,6201.145965
59.066809,6,6201.294968
58.269933,6,6201.499164
57.570445,6,6201.646557
56.195363,7,6201.909983
57.910598,5,6202.189832
57.887196,5,6202.471183
57.249475,5,6202.648995
58.513011,6,6202.8175
56.281971,7,6203.027103
59.079717,6,6203.201681
58.984909,6,6203.446098
57.170902,7,6203.707245
59.0766,6,6203.839539
57.936783,5,6204.072917
58.837727,6,6204.303683
57.402196,6,6204.415102
57.890429,6,6204.648795
57.936177,5,6204.799309
56.559999,7,6204.948781
57.866999,5,6205.11616
58.07981,6,6205.243715
57.954188,5,6205.373176
58.940472,6,6205.480734
57.757075,5,6205.600617
58.772121,6,6205.830859
57.939206,5,6206.077479
56.139908,7,6206.229284
56.135567,7,6206.44089
58.63687,6,6206.645414
57.854454,5,6206.770454
57.926805,5,6206.923723
58.335985,6,6207.14361
59.058573,6,6207.279564
56.078172,7,6207.431426
57.936254,5,6207.599301
59.081894,6,6207.717702
57.947822,5,6207.959168
57.941997,5,6208.218789
57.868667,5,6208.415416
58.110458,6,6208.543859
57.772007,5,6208.642138
58.602341,6,6208.87754
58.897602,6,6208.969386
57.935873,5,6209.143054
58.850186,6,6209.288992
58.9749,6,6209.414611
59.072976,6,6209.538033
59.077055,6,6209.657855
58.363768,6,6209.837469
56.398189,7,6210.048915
56.671376,7,6210.205917
59.075822,6,6210.34376
59.020055,6,6210.50245
57.924692,5,6210.66763
58.455368,6,6210.896667
58.323334,6,6211.039744
57.863869,5,6211.210903
57.931892,5,6211.38362
56.213432,7,6211.659276
58.695957,6,6211.806083
59.057875,6,6211.931931
57.947335,5,6212.096024
56.273624,7,6212.336968
58.461098,6,6212.567122
57.870626,5,6212.6914
58.461404,6,6212.843828
57.895324,5,6212.9824
57.926078,5,6213.148975
58.68666,6,6213.300858
-7.120825,5,6213.56915
59.079249,6,6213.703603
56.720517,7,6213.861773
57.826792,5,6214.119526
58.909509,6,6214.217717
58.09381,6,6214.328442
56.822893,7,6214.592598
56.186719,7,6214.80406
58.387814,6,6214.984651
58.136716,6,6215.11099
57.951546,5,6215.241489
57.785887,5,6215.361917
56.564687,7,6215.519988
56.351664,7,6215.67919
57.634389,5,6215.876169
57.848182,5,6215.999236
56.799546,7,6216.261092
58.474739,6,6216.409897
57.116227,7,6216.564408
57.025703,7,6216.720162
58.405018,6,6216.817379
58.951213,6,6216.961135
57.841287,5,6217.059506
55.318948,7,6217.222061
57.883345,5,6217.318259
57.221102,5,6217.458466
59.090893,6,6217.590951
57.909759,5,6217.769137
58.029137,6,6218.017201
58.360877,6,6218.216452
57.903349,5,6218.452062
57.834665,5,6218.620913
56.361746,7,6218.771978
57.927973,5,6218.902485
57.2117,7,6219.152934
58.810987,6,6219.380818
56.054881,7,6219.53336
58.994506,6,6219.672447
58.388805,6,6219.853592
57.886825,6,6219.995588
56.582843,7,6220.25981
58.462871,6,6220.478849
58.563387,6,6220.655512
58.904298,6,6220.792613
56.689348,7,6221.038665
57.898285,5,6221.283016
56.083274,7,6221.435029
59.038744,6,6221.527228
57.713366,5,6221.630042
58.412806,6,6221.749748
57.662109,5,6221.868563
58.784984,6,6222.051995
57.925695,5,6222.28441
58.451806,6,6222.412467
58.312318,6,6222.563552
59.041731,6,6222.683455
57.944261,5,6222.928252
56.140281,7,6223.07723
57.942319,5,6223.244437
55.991151,7,6223.438029
57.76042,5,6223.540866
58.010562,6,6223.683238
57.816215,5,6223.800189
57.930032,5,6223.976149
56.109804,7,6224.199662
59.026847,6,6224.293327
56.831982,7,6224.450013
58.898877,6,6224.576729
57.813939,6,6224.782987
57.869986,5,6224.903756
56.249152,7,6225.105817
59.026732,6,6225.199254
57.893248,5,6225.31937
58.871313,6,6225.423675
57.181316,5,6225.665944
57.835324,5,6225.917474
58.21428,6,6226.033174
57.815303,5,6226.165703
59.010648,6,6226.289893
57.941808,5,6226.446099
57.933232,5,6226.682383
57.088322,7,6226.8383
58.946549,6,6226.930998
59.075983,6,6227.049562
56.713337,7,6227.208775
57.897,5,6227.370582
58.337783,6,6227.599449
57.869511,5,6227.701818
56.073348,7,6227.936649
56.489446,7,6228.111703
58.654463,6,6228.252805
57.941152,6,6228.374527
58.036357,6,6228.516404
57.905142,5,6228.764811
57.860768,5,6228.930014
57.906859,5,6229.091481
56.642751,7,6229.253089
58.263217,6,6229.388144
58.406784,6,6229.521776
57.890107,5,6229.644129
57.931048,5,6229.881414
58.159144,6,6230.058887
59.086456,6,6230.187604
58.966011,6,6230.316934
57.729769,5,6230.554519
56.619125,7,6230.709318
59.087916,6,6230.831445
58.91843,6,6230.925731
58.184428,6,6231.035896
57.816799,5,6231.279441
56.761899,7,6231.419871
56.540022,7,6231.667987
59.07116,6,6231.810276
58.715719,6,6231.953722
58.445781,6,6232.098468
59.072307,6,6232.226461
58.932048,6,6232.467903
56.110245,7,6232.627261
58.282934,6,6232.85451
58.595836,6,6233.019408
57.744847,5,6233.293165
56.2966,7,6233.446066
58.21977,6,6233.561907
57.828618,5,6233.739653
56.710974,7,6233.905691
57.771907,5,6234.046444
56.503109,7,6234.20635
58.364333,6,6234.360898
57.656278,5,6234.607543
57.862009,5,6234.802304
57.94598,5,6235.028906
56.378536,7,6235.186594
58.940825,6,6235.287827
59.029523,6,6235.417181
57.013433,7,6235.685904
59.004575,6,6235.777805
57.632885,6,6235.920911
58.748049,6,6236.011153
57.777381,5,6236.126081
57.927425,5,6236.332978
57.833714,6,6236.47958
57.927862,5,6236.654563
58.444353,6,6236.831446
57.872109,5,6236.997196
56.7058,7,6237.275705
58.740802,6,6237.396963
58.051026,6,6237.513375
59.074082,6,6237.637636
57.896236,5,6237.72947
57.926214,5,6237.892878
57.715704,5,6238.083987
58.623313,6,6238.227047
57.927233,5,6238.323255
58.883887,6,6238.50288
57.883067,6,6238.642325
59.052008,6,6238.733829
58.938687,6,6238.834129
59.092939,6,6238.975877
57.962459,6,6239.127157
58.921642,6,6239.307001
57.866026,5,6239.470468
58.855693,6,6239.611891
56.605629,7,6239.85684
58.419829,6,6240.089527
55.963268,7,6240.229501
56.857667,7,6240.370279
58.928911,6,6240.465472
58.883409,6,6240.557703
59.0687,6,6240.691338
58.952491,6,6240.821752
58.316898,6,6241.046083
57.944084,5,6241.290959
56.987202,7,6241.557431
57.898902,5,6241.801424
56.615367,7,6242.045219
57.907668,5,6242.216328
58.669996,6,6242.359239
56.714063,7,6242.620982
58.275553,6,6242.82997
58.077912,6,6242.969186
57.930693,5,6243.225334
57.902081,5,6243.431396
58.940075,6,6243.524899
58.878301,6,6243.668305
58.604741,6,6243.812418
57.941513,5,6243.905631
58.07841,6,6244.021749
58.201299,6,6244.174303
59.096402,6,6244.306655
57.765907,5,6244.524527
57.380134,5,6244.721431
58.807155,6,6244.854268
57.934469,5,6245.016526
57.929939,5,6245.266558
57.941793,5,6245.427333
56.20639,7,6245.576735
57.944588,5,6245.82989
57.823837,5,6246.069698
58.850253,6,6246.213768
59.082624,6,6246.347778
56.376886,7,6246.499604
59.053958,6,6246.630006
57.935284,5,6246.872396
57.861504,6,6247.093458
57.938743,5,6247.339708
56.7313,7,6247.592752
58.395537,6,6247.819337
56.342845,7,6248.049555
58.846392,6,6248.181417
56.647293,7,6248.334747
57.901824,5,6248.502897
59.071092,6,6248.630401
58.145888,6,6248.809688
58.995992,6,6248.940366
57.908419,5,6249.035268
58.378943,6,6249.220268
57.810697,6,6249.431354
56.976797,7,6249.677929
58.082317,6,6249.818054
58.119889,6,6250.0122
57.68716,5,6250.259732
57.877573,5,6250.419386
58.593361,6,6250.563462
58.818435,6,6250.704711
58.828616,6,6250.797568
56.817754,7,6250.951317
59.079063,6,6251.084619
58.839565,6,6251.177954
-5.909214,6,6251.554597
57.937657,5,6251.661775
59.09089,6,6251.799325
57.945296,5,6251.901306
58.074803,6,6252.040336
57.953736,5,6252.295266
56.641372,7,6252.437398
56.370502,7,6252.685248
57.941272,5,6252.930024
59.093627,6,6253.059423
57.92927,5,6253.232712
57.133442,5,6253.326226
58.401922,6,6253.472794
58.856206,6,6253.593853
58.680362,6,6253.8132
57.942448,5,6254.056591
57.931711,6,6254.195134
59.056547,6,6254.314454
-5.904297,6,6254.730048
58.176157,6,6254.949708
57.943689,5,6255.072259
59.081476,6,6255.194217
58.861689,6,6255.286085
56.669591,7,6255.438525
57.946055,5,6255.598916
57.906723,5,6255.765774
57.844297,5,6255.865793
56.408842,7,6256.018741
56.347028,7,6256.171522
57.950104,5,6256.341831
58.548339,6,6256.561999
59.061951,6,6256.703334
58.88807,6,6256.925809
58.134236,6,6257.071555
57.927004,5,6257.347333
59.024695,6,6257.458539
57.825627,5,6257.561761
58.209726,6,6257.773923
58.950804,6,6257.95143
57.872838,5,6258.128037
58.973954,6,6258.265886
58.174992,6,6258.377545
57.821753,5,6258.47579
58.96556,6,6258.616806
58.75039,6,6258.794215
58.728235,6,6259.020161
57.809222,5,6259.288518
58.755218,6,6259.439461
57.863382,5,6259.56827
57.938953,5,6259.661998
57.89512,5,6259.825715
56.17008,7,6259.975058
58.230482,6,6260.145679
56.858561,7,6260.405341
57.954313,5,6260.578242
57.944791,5,6260.822691
59.085013,6,6260.962303
56.060895,7,6261.152462
55.960678,7,6261.294397
56.781077,7,6261.549986
56.754589,7,6261.69829
57.939761,5,6261.949067
58.894641,6,6262.079465
57.941015,6,6262.269635
57.945853,5,6262.498403
56.097417,7,6262.651277
59.085519,6,6262.772349
56.030613,7,6263.047517
56.494892,7,6263.221329
57.903423,5,6263.45497
57.021666,7,6263.725613
57.946483,5,6263.854885
58.097812,6,6264.116728
57.320973,5,6264.349133
58.314921,6,6264.566889
56.210027,7,6264.764592
56.759323,7,6265.042633
57.954366,5,6265.212969
57.945185,6,6265.332491
56.039416,7,6265.481889
57.89897,5,6265.64349
59.081113,6,6265.76198
59.071784,6,6265.919863
57.91614,5,6266.034999
55.973182,7,6266.281397
56.217642,7,6266.555223
59.038709,6,6266.686591
57.81245,5,6266.876536
57.898122,5,6267.12643
56.852998,7,6267.40148
57.863274,6,6267.639856
58.378804,6,6267.772416
57.953431,6,6267.887587
57.892738,6,6268.097538
57.233834,5,6268.260387
56.084674,7,6268.451644
57.836885,5,6268.550373
56.745489,7,6268.704706
58.797913,6,6268.908588
56.532568,7,6269.064707
57.745303,5,6269.157361
58.837397,6,6269.249125
56.263843,7,6269.399996
57.919486,5,6269.563134
57.933465,5,6269.735018
56.299723,7,6270.03632
58.718688,6,6270.181231
57.933388,5,6270.273286
57.818499,5,6270.395867
58.943022,6,6270.489727
56.464048,7,6270.649192
56.667035,7,6270.895988
57.857756,5,6271.08149
57.88409,5,6271.320189
58.669311,6,6271.471787
57.913202,5,6271.698768
58.529614,6,6271.931274
56.277589,7,6272.209997
57.949757,5,6272.379755
57.951167,5,6272.625591
57.94751,5,6272.798428
57.901415,5,6272.982581
57.926903,5,6273.091556
58.277906,6,6273.231249
57.955285,5,6273.401532
59.068723,6,6273.533114
58.071545,6,6273.668871
57.928664,5,6273.917574
58.802746,6,6274.062686
56.244505,7,6274.22033
57.940596,5,6274.519892
57.924484,5,6274.683849
57.939987,5,6274.810114
57.945961,5,6275.052491
57.948746,5,6275.277865
56.671141,7,6275.554827
57.929801,5,6275.740314
59.067232,6,6275.878892
55.943855,7,6276.048897
57.909983,5,6276.297611
59.080869,6,6276.425176
59.080063,6,6276.569574
56.283437,7,6276.748408
58.101112,6,6276.95821
55.966589,7,6277.132539
58.058517,6,6277.263807
57.184142,5,6277.451625
57.920461,6,6277.569226
57.951227,5,6277.890427
57.951286,5,6277.987401
58.887585,6,6278.121588
59.028859,6,6278.223626
56.944631,7,6278.374581
58.431461,6,6278.517816
57.942697,5,6278.766176
58.114552,6,6278.910672
57.93076,6,6279.056166
58.318288,6,6279.201968
58.623388,6,6279.344202
57.877829,5,6279.611546
57.87932,5,6279.874429
57.848734,5,6280.041367
57.809088,5,6280.150012
58.898049,6,6280.247877
56.234961,7,6280.405299
-7.172164,5,6280.640743
58.081571,6,6280.785951
57.951624,5,6281.036602
57.954241,5,6281.217699
56.879381,7,6281.472048
58.680779,6,6281.697211
57.87858,5,6281.90593
58.323239,6,6282.125659
57.845381,5,6282.25902
59.077926,6,6282.379443
56.724263,7,6282.533182
57.266629,7,6282.776499
57.118871,5,6282.883515
57.924699,5,6283.131432
58.675656,6,6283.281634
58.456119,6,6283.457342
59.057802,6,6283.583591
57.950681,5,6283.749834
58.38628,6,6283.896958
57.919541,5,6284.15993
59.080185,6,6284.291721
59.010071,6,6284.421524
57.731033,5,6284.52575
57.239352,5,6284.659976
59.0927,6,6284.794402
57.94329,5,6284.997292
58.946632,6,6285.097981
57.890577,5,6285.267745
57.531746,6,6285.399462
57.881134,5,6285.500282
57.929696,5,6285.676457
57.951725,5,6285.848241
57.938269,5,6286.10874
59.075944,6,6286.234513
58.255787,6,6286.466165
57.918907,5,6286.714261
58.964109,6,6286.839041
58.975807,6,6287.060209
56.241883,7,6287.219921
57.913246,5,6287.344697
57.744488,5,6287.493685
56.652825,7,6287.747187
57.79987,5,6287.847898
56.91598,7,6288.110001
57.953482,5,6288.371804
57.100591,7,6288.523004
57.767805,5,6288.715266
58.774789,6,6288.893873
59.074365,6,6289.022522
57.947469,6,6289.148376
57.939645,5,6289.323768
59.083004,6,6289.442451
58.964959,6,6289.542973
59.071326,6,6289.679145
56.131408,7,6289.834024
58.940422,6,6289.926798
57.772859,5,6290.019801
57.941121,5,6290.265303
55.938322,7,6290.520631
58.765574,6,6290.667862
58.511009,6,6290.890248
57.923955,5,6291.080167
58.125906,6,6291.193932
57.946237,5,6291.451639
56.714848,7,6291.698951
57.947421,5,6291.876284
57.065641,7,6292.114855
56.655182,7,6292.259559
56.614861,7,6292.518279
56.041306,7,6292.680434
58.333369,6,6292.873556
57.867597,5,6293.12424
59.043049,6,6293.263175
56.33798,7,6293.419497
59.063742,6,6293.540278
58.103876,6,6293.761703
57.557674,5,6294.014735
56.980748,7,6294.170745
59.072534,6,6294.305189
56.755751,7,6294.58726
59.084754,6,6294.717973
58.367946,6,6294.896917
58.044371,6,6295.03966
57.883481,5,6295.234106
59.08923,6,6295.366847
56.274948,7,6295.600331
58.332843,6,6295.827646
58.110211,6,6295.968504
58.29531,6,6296.114199
57.929248,5,6296.347753
59.07028,6,6296.479262
57.32815,5,6296.682383
58.944205,6,6296.915326
58.008577,6,6297.055512
58.072423,6,6297.273027
56.197603,7,6297.503774
59.059792,6,6297.597236
-5.908859,6,6297.922978
56.666234,7,6298.186011
58.027603,6,6298.402706
56.647134,7,6298.56317
57.882515,5,6298.726414
59.069971,6,6298.855738
59.049302,6,6298.9882
57.043116,5,6299.15635
57.946192,6,6299.353525
58.91191,6,6299.535457
57.92263,5,6299.728808
59.055571,6,6299.861694
57.867274,5,6299.98333
58.223525,6,6300.150938
57.800057,5,6300.277634
57.853704,5,6300.378689
58.832782,6,6300.597055
57.872896,5,6300.844294
56.281105,7,6300.997135
57.944123,5,6301.243046
58.13198,6,6301.380031
56.294249,7,6301.530425
57.775552,5,6301.63411
57.934554,5,6301.79567
57.973234,6,6301.908999
57.942624,5,6302.09264
59.071078,6,6302.209323
57.749085,6,6302.429493
56.980623,7,6302.579794
59.075632,6,6302.709521
59.07629,6,6302.835994
57.947179,5,6303.075623
57.78126,5,6303.164102
57.842556,5,6303.256258
57.887167,5,6303.367834
56.557014,7,6303.513779
57.951997,5,6303.692549
57.947256,5,6303.892913
57.816063,5,6304.0176
58.914227,6,6304.108459
57.902265,5,6304.301869
56.637559,7,6304.457621
56.195013,7,6304.607251
58.831967,6,6304.793292
56.537893,7,6305.027953
57.884963,5,6305.1216
58.919365,6,6305.2603
58.689106,6,6305.481679
57.790339,5,6305.656538
59.079391,6,6305.78732
56.854313,7,6305.951638
57.68853,5,6306.128503
56.620875,7,6306.26348
57.702373,5,6306.361545
57.727741,5,6306.557268
57.923657,5,6306.724064
58.020852,6,6306.942091
58.678889,6,6307.170079
57.937202,5,6307.415142
58.18182,6,6307.635374
56.173727,7,6307.7828
59.078606,6,6307.906502
58.31034,6,6308.045249
58.380793,6,6308.266378
58.133242,6,6308.378482
57.935445,5,6308.630439
58.10178,6,6308.7707
56.192626,7,6309.042795
57.895776,5,6309.208572
58.811722,6,6309.300202
59.071569,6,6309.422034
57.736581,5,6309.686137
57.772735,5,6309.795642
57.951496,5,6310.090987
56.003716,7,6310.250298
57.899601,6,6310.391754
58.721398,6,6310.621629
56.790468,7,6310.869646
59.032276,6,6310.962875
58.508232,6,6311.181729
57.809721,5,6311.387988
56.456014,7,6311.545966
57.942158,5,6311.681865
57.852802,6,6311.897808
58.983429,6,6311.990953
57.954409,5,6312.250393
57.944347,5,6312.496336
56.921639,7,6312.656351
56.571058,7,6312.920571
56.474773,7,6313.176718
57.94806,5,6313.353162
57.945662,5,6313.595803
57.978638,6,6313.738835
56.686907,7,6313.877087
56.256304,7,6314.107586
56.698583,7,6314.369413
58.100922,6,6314.476101
57.651209,5,6314.572348
57.417573,6,6314.791832
57.787821,5,6315.045237
57.936764,5,6315.21683
57.888737,5,6315.386478
57.793311,5,6315.563917
57.684667,5,6315.740842
58.682567,6,6315.965844
58.082677,6,6316.106304
57.97843,6,6316.253368
58.851022,6,6316.427698
59.092787,6,6316.560113
59.033121,6,6316.682331
58.000572,6,6316.797677
58.010917,6,6316.969985
58.053675,6,6317.105358
58.589115,6,6317.246285
57.952633,6,6317.475746
59.036327,6,6317.604444
59.07653,6,6317.739598
58.409661,6,6317.864693
56.624285,7,6318.108469
56.976613,7,6318.258184
57.956026,5,6318.462053
58.293603,6,6318.599485
59.08173,6,6318.723251
56.715348,7,6318.999864
58.022306,6,6319.219776
59.027827,6,6319.348727
58.515834,6,6319.49195
57.887018,5,6319.583687
57.93866,5,6319.754175
57.836248,5,6319.917316
58.910371,6,6320.012492
57.173984,7,6320.264203
57.511081,5,6320.359326
59.080542,6,6320.488562
56.465759,7,6320.680478
58.987047,6,6320.781716
59.064329,6,6320.915975
56.351429,7,6321.140553
58.348701,6,6321.304189
56.532802,7,6321.458489
58.159909,6,6321.596962
58.733144,6,6321.770336
56.136696,7,6321.965773
58.98256,6,6322.090351
57.819216,5,6322.279646
58.471928,6,6322.505188
58.026839,6,6322.646683
57.930461,5,6322.829619
59.080715,6,6322.961849
57.944159,5,6323.182841
58.511444,6,6323.373126
59.072662,6,6323.492844
58.591052,6,6323.613749
58.233133,6,6323.755218
58.032241,6,6323.897097
56.84389,7,6324.161781
57.934257,5,6324.389445
-5.906196,6,6324.805328
57.748647,5,6325.04392
59.07317,6,6325.167212
57.933175,5,6325.329613
58.946881,6,6325.509948
58.867446,6,6325.650615
57.92786,5,6325.815366
58.891482,6,6325.917563
57.939855,5,6326.180345
57.137774,5,6326.278514
57.906192,5,6326.47232
58.983471,6,6326.578205
57.661686,5,6326.702499
57.833001,6,6326.899703
59.066489,6,6327.030588
59.072524,6,6327.185622
57.93236,5,6327.283799
57.926484,6,6327.532433
58.991603,6,6327.671201
57.952982,5,6327.810415
56.523902,7,6328.04986
57.24406,7,6328.285788
56.782064,7,6328.423224
59.067309,6,6328.537424
57.821955,5,6328.801973
57.916073,6,6328.995977
56.104922,7,6329.27387
58.04101,6,6329.406983
57.179741,7,6329.656359
58.142508,6,6329.778064
57.007194,7,6329.943622
58.18519,6,6330.058436
57.152724,6,6330.19902
57.993833,6,6330.419696
59.070931,6,6330.542421
58.937775,6,6330.67098
57.945585,5,6330.926267
58.093397,6,6331.047841
57.206995,6,6331.183505
57.979887,6,6331.333903
57.936886,5,6331.575144
57.639425,6,6331.722293
58.95212,6,6331.813668
56.630516,7,6331.969226
59.077146,6,6332.086275
59.07394,6,6332.215859
58.163014,6,6332.353788
59.07606,6,6332.47195
57.939617,5,6332.720281
59.060174,6,6332.83725
59.069196,6,6332.961886
57.947084,5,6333.140464
56.363857,7,6333.297994
57.94319,5,6333.558359
57.285191,5,6333.727681
57.552623,6,6333.88804
58.758078,6,6334.122489
57.879946,5,6334.380259
59.06941,6,6334.502699
57.883036,6,6334.755703
56.489698,7,6335.011112
57.90859,5,6335.258581
57.829693,5,6335.425461
58.834731,6,6335.561058
57.91532,5,6335.83023
58.056157,6,6336.003982
57.742519,5,6336.188912
57.939454,5,6336.34304
58.483094,6,6336.560793
56.040902,7,6336.748094
57.19556,5,6336.93433
57.801702,5,6337.050506
58.444866,6,6337.176915
58.664203,6,6337.423439
57.725916,5,6337.526309
57.788263,5,6337.732315
57.89795,5,6337.854688
58.926506,6,6338.030731
56.204792,7,6338.205509
57.941745,5,6338.454765
58.447443,6,6338.596935
57.918994,5,6338.693812
57.93629,5,6338.925414
57.800526,5,6339.164794
59.060359,6,6339.291114
59.007728,6,6339.409882
59.088075,6,6339.539833
59.060899,6,6339.67247
58.402339,6,6339.823847
57.067646,7,6340.08566
56.507593,7,6340.326576
57.945778,5,6340.484534
57.064882,5,6340.777366
57.945077,5,6340.882018
57.944176,5,6341.05114
59.043572,6,6341.143788
57.929317,5,6341.302752
57.919283,5,6341.463228
59.078884,6,6341.579014
57.925417,5,6341.737766
58.114457,6,6341.904445
57.676463,5,6342.010616
58.651928,6,6342.160916
58.037338,6,6342.300041
58.598967,6,6342.442263
57.820784,5,6342.686517
57.89391,5,6342.934368
57.868101,5,6343.059753
57.994942,6,6343.19848
56.78226,7,6343.446057
56.810862,7,6343.695592
58.966631,6,6343.786991
57.802912,5,6343.910372
57.912014,5,6344.087076
57.803372,5,6344.344974
57.142796,7,6344.59453
57.948682,5,6344.892636
56.68675,7,6345.130306
57.99045,6,6345.300688
58.301122,6,6345.473026
56.996713,7,6345.723171
56.916263,7,6345.87291
58.815397,6,6346.000943
56.49934,7,6346.150487
57.764958,5,6346.32621
56.155559,7,6346.480053
57.86666,5,6346.682192
59.068948,6,6346.799876
56.631383,7,6347.053811
57.884015,5,6347.151433
57.941898,5,6347.258939
59.079758,6,6347.378125
58.740598,6,6347.644898
58.683473,6,6347.763587
58.432168,6,6347.892692
59.057045,6,6348.024432
57.930713,5,6348.252567
56.507296,7,6348.423319
59.08483,6,6348.552598
57.711386,5,6348.792411
59.051661,6,6348.923395
56.539848,7,6349.167897
59.074677,6,6349.285094
58.165244,6,6349.439494
57.916993,5,6349.606876
57.935897,5,6349.713912
57.951826,5,6349.978175
58.958646,6,6350.127131
57.771163,5,6350.382334
58.644472,6,6350.538287
57.325503,5,6350.719481
59.077844,6,6350.852711
57.942941,5,6351.031293
58.642233,6,6351.188443
59.082967,6,6351.322464
57.019035,7,6351.498287
57.944857,5,6351.679039
59.012819,6,6351.782109
56.288497,7,6351.967126
57.938296,5,6352.212276
58.125593,6,6352.363612
57.787292,5,6352.512922
59.076316,6,6352.645675
57.934655,5,6352.857853
58.408742,6,6353.088743
56.275796,7,6353.262504
58.039708,6,6353.402763
58.09283,6,6353.619167
59.076443,6,6353.738849
55.883023,7,6353.891075
57.936161,5,6354.17018
56.034643,7,6354.429788
58.784688,6,6354.560927
57.831834,5,6354.669604
57.816748,6,6354.809819
56.098141,7,6355.042156
58.306364,6,6355.196954
57.857122,6,6355.470616
58.850855,6,6355.610585
58.707071,6,6355.834241
57.929653,5,6355.923483
57.925593,5,6356.096694
58.82024,6,6356.318238
57.880563,5,6356.49042
59.020042,6,6356.582473
59.057158,6,6356.712305
57.855525,5,6356.927802
58.298607,6,6357.163206
57.955311,5,6357.334372
58.056296,6,6357.476451
56.393157,7,6357.674342
58.028572,6,6357.832842
57.900206,6,6358.04576
58.334098,6,6358.194591
55.977303,7,6358.447639
56.314876,7,6358.69419
57.959745,5,6358.860465
57.94228,5,6359.036415
57.941244,5,6359.313859
57.86971,5,6359.4794
57.945708,5,6359.614925
57.976449,6,6359.75726
59.065125,6,6359.874504
57.876237,5,6360.037132
58.944125,6,6360.17742
57.904232,6,6360.378477
57.132384,7,6360.626901
56.017128,7,6360.781315
57.286033,7,6361.047307
57.924783,5,6361.290048
58.938409,6,6361.43234
57.870112,5,6361.530989
58.785841,6,6361.672185
57.937039,6,6361.821323
56.660371,7,6361.9761
57.925073,5,6362.138346
59.001901,6,6362.263821
57.925156,5,6362.387562
57.882031,5,6362.510927
57.990425,6,6362.650988
57.933454,5,6362.774432
56.41252,7,6362.9354
57.631491,5,6363.147697
57.783233,5,6363.251554
57.072391,7,6363.405623
57.862898,5,6363.653097
58.658826,6,6363.795349
59.083103,6,6363.916902
58.851869,6,6364.138741
56.679437,7,6364.283931
57.935385,5,6364.462826
58.852859,6,6364.609552
57.673259,5,6364.7941
57.824553,5,6364.91557
58.179817,6,6365.058789
59.085331,6,6365.184828
58.59827,6,6365.373086
59.071631,6,6365.500205
57.942477,5,6365.725413
57.843546,5,6365.923645
57.446951,6,6366.043986
56.06787,7,6366.243308
58.029084,6,6366.373302
57.950867,6,6366.594108
59.080335,6,6366.728608
56.582273,7,6366.97091
57.846,5,6367.143496
58.915434,6,6367.329351
57.44525,5,6367.557839
59.030344,6,6367.690595
57.923171,5,6367.790746
56.094418,7,6368.045007
57.883953,6,6368.247335
56.250488,7,6368.397546
57.929744,5,6368.638066
57.901738,5,6368.8954
55.613289,7,6369.055982
57.794566,5,6369.156787
57.662875,5,6369.4252
57.916599,5,6369.670972
56.582667,7,6369.826707
57.813863,5,6369.993082
57.946449,5,6370.260674
56.42083,7,6370.41296
58.838611,6,6370.649663
57.933979,5,6370.746942
57.944076,5,6370.91392
57.905431,5,6371.034321
58.895463,6,6371.170673
57.932433,5,6371.427295
59.073575,6,6371.547096
58.585235,6,6371.696364
58.714877,6,6371.917736
58.675374,6,6372.058597
57.733031,5,6372.249395
59.075203,6,6372.374743
58.979231,6,6372.516105
59.040702,6,6372.633425
56.980498,7,6372.78386
56.759557,7,6372.925395
58.365013,6,6373.072238
58.604405,6,6373.246089
56.736873,7,6373.493044
57.92657,5,6373.610696
57.802902,5,6373.777754
56.99719,7,6374.027384
57.923747,5,6374.27253
57.056419,7,6374.527094
58.954716,6,6374.674047
57.897598,6,6374.828191
57.815736,5,6375.020356
58.954052,6,6375.110807
59.034548,6,6375.201022
57.135386,7,6375.45477
57.851017,5,6375.699042
57.934503,5,6375.87378
57.051942,7,6376.130955
57.072127,5,6376.400685
57.941591,6,6376.517887
57.986668,6,6376.63505
58.636155,6,6376.812414
58.045663,6,6376.955426
57.82504,5,6377.209283
56.782982,7,6377.467409
56.53352,7,6377.725608
56.618347,7,6377.975808
56.685627,7,6378.12944
57.834601,5,6378.234689
56.898393,7,6378.383594
59.076606,6,6378.516249
56.438984,7,6378.668827
57.934894,5,6378.848937
58.861005,6,6378.994671
57.904326,5,6379.157881
58.255496,6,6379.256374
58.908996,6,6379.351006
57.890135,5,6379.521271
57.307393,7,6379.762712
57.944856,5,6379.936123
57.948781,5,6380.178026
57.679882,5,6380.358466
59.063644,6,6380.472762
58.875811,6,6380.604495
57.945021,5,6380.697674
57.767528,5,6380.877138
58.039843,6,6381.017916
57.94132,5,6381.10951
57.13645,7,6381.257575
59.024906,6,6381.390016
57.980705,6,6381.609759
56.645448,7,6381.763062
59.078153,6,6381.882365
56.399742,7,6382.034325
56.853395,7,6382.185677
57.926154,5,6382.430912
57.941188,5,6382.69827
57.930276,5,6382.91437
57.960634,6,6383.147692
58.506086,6,6383.298315
56.192872,7,6383.456848
57.793978,5,6383.55107
57.59856,5,6383.657318
58.770098,6,6383.798646
57.795852,5,6383.891788
56.547377,7,6384.04771
58.481457,6,6384.22234
59.076319,6,6384.33957
57.947083,5,6384.584795
57.787393,5,6384.695087
57.94681,5,6384.857583
57.946418,5,6385.014094
57.795737,5,6385.134498
57.906917,5,6385.233732
57.905098,5,6385.397211
59.044729,6,6385.514933
56.285287,7,6385.715257
59.0736,6,6385.841518
57.815485,5,6385.928305
57.933944,5,6386.18239
57.842212,5,6386.279294
56.341474,7,6386.43058
56.240359,7,6386.713815
57.922498,5,6386.833261
58.075066,6,6386.956173
56.530942,7,6387.215013
58.799554,6,6387.438613
57.979649,6,6387.561593
57.903725,5,6387.823607
58.344736,6,6387.995789
59.077455,6,6388.126215
57.942077,5,6388.237438
56.339733,7,6388.389235
58.371302,6,6388.544219
56.494671,7,6388.697022
57.829513,5,6388.950015
59.065593,6,6389.0702
58.347843,6,6389.288805
58.299076,6,6389.465068
59.05419,6,6389.555727
57.75485,5,6389.677755
56.285402,7,6389.827031
58.415507,6,6390.046301
57.87481,6,6390.244059
58.859692,6,6390.384565
56.812375,7,6390.632646
56.028306,7,6390.781666
57.950637,5,6391.020279
57.937091,5,6391.130614
57.94963,5,6391.361133
58.612669,6,6391.506398
58.317714,6,6391.678031
56.909136,7,6391.821541
57.759782,5,6391.92518
57.932832,5,6392.165077
57.463294,6,6392.389542
57.945566,5,6392.629499
59.071407,6,6392.753892
58.662138,6,6392.906167
58.1506,6,6393.0488
57.278037,5,6393.184183
57.936807,5,6393.435072
57.859882,5,6393.607909
58.672665,6,6393.793491
58.851554,6,6393.884152
57.334928,5,6394.045292
57.788412,5,6394.151445
56.599421,7,6394.399705
57.880889,5,6394.587971
57.904965,5,6394.759997
57.952867,5,6394.981362
58.741927,6,6395.126312
58.966348,6,6395.255498
58.310056,6,6395.440854
56.510343,7,6395.679224
57.323327,6,6395.790032
57.941758,5,6396.020005
58.572409,6,6396.212637
57.64042,5,6396.411154
59.003205,6,6396.540246
59.040851,6,6396.668958
58.902867,6,6396.794918
57.74625,5,6396.906306
57.922163,5,6397.159163
58.81186,6,6397.299911
57.310398,7,6397.447144
59.074878,6,6397.565142
57.666731,5,6397.682803
57.940196,5,6397.919848
59.073725,6,6398.035046
57.722885,5,6398.222495
58.236771,6,6398.397663
57.749575,5,6398.51482
58.216118,6,6398.643858
57.814238,5,6398.772976
57.848361,5,6398.947574
58.793528,6,6399.168201
56.310768,7,6399.362668
58.263629,6,6399.476048
58.041505,6,6399.721506
57.303575,5,6399.942808
58.122547,6,6400.207266
57.953697,5,6400.387711
59.073433,6,6400.50669
56.697128,7,6400.655348
56.871826,7,6400.923721
58.784126,6,6401.141034
57.963487,6,6401.246361
59.071179,6,6401.39113
57.09576,7,6401.663125
57.909348,5,6401.777307
57.932536,5,6401.886751
57.855441,5,6402.054159
57.941863,5,6402.292724
57.943305,5,6402.46759
59.062674,6,6402.590135
57.621567,5,6402.683345
58.903491,6,6402.918286
59.071188,6,6403.046115
58.796822,6,6403.171307
57.796639,5,6403.29277
55.894119,7,6403.439425
56.524098,7,6403.604173
58.8442,6,6403.801014
57.933064,5,6404.045866
58.897426,6,6404.138084
57.708483,5,6404.315115
57.809824,5,6404.562989
57.908852,5,6404.746546
58.161947,6,6404.921139
57.950487,5,6405.176338
58.014179,6,6405.320738
59.086881,6,6405.453949
56.181485,7,6405.691398
57.944316,5,6405.938822
58.646591,6,6406.113389
59.083192,6,6406.23116
59.016002,6,6406.362933
58.192234,6,6406.532679
59.093766,6,6406.663858
58.008191,6,6406.778305
58.130711,6,6406.88554
58.554421,6,6407.02705
57.932945,5,6407.14349
56.459106,7,6407.402886
56.066507,7,6407.554819
58.033639,6,6407.830028
58.781265,6,6407.921322
57.825801,5,6408.020929
56.916105,7,6408.181254
56.699692,7,6408.415774
58.919391,6,6408.557014
58.261788,6,6408.703952
58.863395,6,6408.882573
58.149487,6,6409.023629
57.773641,5,6409.144671
56.149286,7,6409.378746
57.928803,5,6409.506058
58.853931,6,6409.638931
56.420202,7,6409.88929
57.922157,6,6410.070544
59.07805,6,6410.201649
57.937723,5,6410.361103
57.896884,5,6410.477457
58.187471,6,6410.655852
58.369784,6,6410.801728
56.660439,7,6411.063964
58.686512,6,6411.206781
58.993704,6,6411.297969
56.290539,7,6411.540802
55.997828,7,6411.690105
57.901078,5,6411.944229
59.03886,6,6412.033705
56.719751,7,6412.180403
58.52412,6,6412.352826
58.621942,6,6412.502021
57.940764,5,6412.683097
59.036095,6,6412.778647
59.070795,6,6412.901552
58.922876,6,6413.035039
57.947246,5,6413.276547
58.826677,6,6413.50064
59.004342,6,6413.598129
57.951526,5,6413.836044
57.82514,5,6413.956319
57.900806,5,6414.131803
58.531205,6,6414.351483
56.049816,7,6414.544184
57.952336,5,6414.717654
56.900883,7,6414.86831
56.581776,7,6415.106197
57.677522,5,6415.294191
57.931807,5,6415.538166
59.0744,6,6415.669069
56.226221,7,6415.821471
59.076073,6,6415.948034
57.949181,5,6416.186837
58.205518,6,6416.404774
56.705053,7,6416.556924
57.953931,5,6416.781458
57.954753,5,6416.944712
59.088581,6,6417.065759
59.072935,6,6417.185119
57.949396,5,6417.437856
58.876503,6,6417.579386
56.189397,7,6417.722817
57.730899,6,6417.945982
58.738474,6,6418.071747
56.564622,7,6418.246349
57.983,6,6418.456722
58.63139,6,6418.600745
58.337701,6,6418.728079
57.707962,5,6418.906994
58.012277,6,6419.046687
57.927446,5,6419.158839
58.701422,6,6419.302868
56.571692,7,6419.553099
57.938417,5,6419.722024
58.902526,6,6419.815334
58.918972,6,6419.910775
57.927222,5,6420.059986
59.082241,6,6420.190376
57.953684,5,6420.280043
56.214799,7,6420.547141
57.933708,5,6420.795927
59.032517,6,6420.94669
57.796836,5,6421.051346
57.946634,5,6421.217455
56.028097,7,6421.410809
58.167315,6,6421.558122
58.826043,6,6421.651339
57.738797,5,6421.756019
-8.244541,5,6421.860093
55.930006,7,6422.013677
58.956382,6,6422.144323
59.078055,6,6422.263309
56.772523,7,6422.434777
59.092982,6,6422.560972
59.073742,6,6422.677667
59.047122,6,6422.818334
58.855231,6,6422.95775
58.87209,6,6423.191603
57.07774,7,6423.435856
56.28827,7,6423.59037
57.940462,5,6423.764159
58.720292,6,6423.880575
57.940779,5,6424.0458
56.094232,7,6424.196415
59.063799,6,6424.313655
57.233583,5,6424.472043
57.103279,7,6424.62126
59.053545,6,6424.729347
58.866714,6,6424.830176
57.917169,5,6425.03015
57.276761,5,6425.202878
57.851999,6,6425.341825
57.948003,5,6425.502935
59.069063,6,6425.637538
57.583495,5,6425.868202
58.893001,6,6425.962852
56.739142,7,6426.159774
58.808876,6,6426.291735
58.84165,6,6426.521405
57.886236,6,6426.667696
56.806528,7,6426.829656
56.291358,7,6427.100515
58.282642,6,6427.303774
57.955548,5,6427.569048
57.945396,5,6427.803999
59.081142,6,6427.937408
57.947879,5,6428.139497
57.906247,5,6428.337372
58.314243,6,6428.493143
57.941107,5,6428.741259
56.754216,7,6429.024479
59.086421,6,6429.170128
59.018636,6,6429.318808
59.05669,6,6429.448059
59.018995,6,6429.59585
58.112323,6,6429.742162
57.94047,5,6429.923469
57.831999,5,6430.179657
58.264143,6,6430.331445
57.837331,5,6430.554964
57.808473,5,6430.669157
57.827605,5,6430.825076
58.356044,6,6431.041535
57.739547,5,6431.237241
57.949107,6,6431.360935
58.322623,6,6431.480947
57.857057,5,6431.637617
56.695459,7,6431.79201
58.090272,6,6431.923922
57.901622,5,6432.172894
56.573037,7,6432.326194
57.784209,5,6432.459894
57.865804,5,6432.611712
57.909337,5,6432.854029
57.844692,5,6432.978149
59.074819,6,6433.113973
58.01192,6,6433.391281
59.07119,6,6433.520433
58.062986,6,6433.625551
57.930237,5,6433.719787
59.077942,6,6433.867045
58.233013,6,6434.005994
57.786185,5,6434.11096
58.215728,6,6434.256824
58.195537,6,6434.397439
58.532948,6,6434.621288
56.483421,7,6434.781993
-8.50044,5,6434.883294
58.506435,6,6435.028169
57.858152,5,6435.151611
56.816174,7,6435.300327
56.17309,7,6435.453649
56.75821,7,6435.61481
59.065807,6,6435.744076
57.370615,6,6435.855947
57.953096,5,6436.020831
58.295544,6,6436.168061
57.775984,5,6436.414873
56.43818,7,6436.568701
58.864809,6,6436.713067
56.360801,7,6436.961713
57.81091,5,6437.155043
57.823637,5,6437.352123
58.700583,6,6437.499237
56.799272,7,6437.753945
58.050844,6,6437.964114
58.288282,6,6438.109189
57.806414,5,6438.201835
58.378324,6,6438.350035
57.733774,5,6438.534469
58.808774,6,6438.634141
58.86009,6,6438.774616
59.043204,6,6438.917304
57.947032,5,6439.09051
58.370379,6,6439.237381
56.708596,7,6439.50738
58.905055,6,6439.688286
57.913494,6,6439.92666
59.073634,6,6440.065437
57.9516,5,6440.235183
59.07945,6,6440.36437
58.007812,6,6440.469454
56.641741,7,6440.659184
56.773296,7,6440.818944
58.778112,6,6441.073177
59.058825,6,6441.19215
59.079071,6,6441.312914
56.923265,7,6441.571115
58.527746,6,6441.715744
57.939069,5,6441.962288
58.045458,6,6442.107976
58.675238,6,6442.267735
58.048091,6,6442.376895
59.007347,6,6442.606913
-5.907293,6,6442.838795
58.017456,6,6442.967744
57.941736,5,6443.194498
57.759145,5,6443.389756
58.700577,6,6443.550065
59.060792,6,6443.674188
58.563193,6,6443.817209
58.316626,6,6443.969308
57.942606,5,6444.198002
56.27563,7,6444.367273
58.259487,6,6444.505136
56.706948,7,6444.663202
56.305526,7,6444.838926
58.234912,6,6445.003959
56.933976,7,6445.261804
58.597583,6,6445.408633
58.843229,6,6445.592043
55.946211,7,6445.74703
57.820383,5,6445.853187
58.578661,6,6446.0315
57.79054,5,6446.129425
57.824113,5,6446.303439
57.819511,5,6446.451163
58.286469,6,6446.570584
57.140663,5,6446.744142
57.985119,6,6446.854261
57.895523,5,6446.946483
58.815237,6,6447.066781
56.675055,7,6447.317001
56.292548,7,6447.519856
57.906766,5,6447.648751
56.874009,7,6447.799474
57.77472,5,6448.049996
56.897611,7,6448.204417
57.950385,5,6448.363275
58.150981,6,6448.583709
56.482784,7,6448.775029
56.825613,7,6449.02335
57.255296,5,6449.217566
57.937074,5,6449.447125
59.072071,6,6449.569571
56.690082,7,6449.822152
56.356239,7,6450.075006
57.88336,5,6450.167647
57.864911,5,6450.358526
56.681014,7,6450.521396
58.893888,6,6450.6533
57.886826,5,6450.888829
59.008806,6,6450.979084
57.73313,5,6451.221205
59.043275,6,6451.35442
57.896948,5,6451.529312
59.069565,6,6451.658315
57.948334,5,6451.902308
56.682694,7,6452.060211
59.074743,6,6452.186516
55.924382,7,6452.334554
58.619166,6,6452.568071
-5.905196,6,6452.795667
56.688945,7,6452.951853
56.142893,7,6453.148503
57.918297,5,6453.338993
57.850165,5,6453.507532
57.939154,5,6453.726115
58.917481,6,6453.830139
57.945887,5,6454.078515
57.952585,5,6454.236483
57.701711,5,6454.410989
57.695919,5,6454.505283
59.004543,6,6454.633732
56.216718,7,6454.874495
58.879106,6,6454.964909
57.956066,6,6455.103456
58.835041,6,6455.234463
56.299006,7,6455.386371
57.940924,5,6455.520866
58.928755,6,6455.62069
57.92677,5,6455.825311
55.940397,7,6456.026613
58.128314,6,6456.152019
59.074261,6,6456.271192
57.921985,5,6456.481927
57.937496,5,6456.65191
58.359305,6,6456.871905
57.824442,5,6456.989217
57.914391,5,6457.159543
58.166874,6,6457.35832
57.867113,5,6457.47007
57.795501,5,6457.644355
59.034879,6,6457.773962
56.434583,7,6457.974693
57.938175,5,6458.202233
57.913563,6,6458.421743
56.350389,7,6458.569167
57.908252,6,6458.756781
58.025315,6,6458.863419
56.180521,7,6459.126498
56.431912,7,6459.279191
57.237526,7,6459.530652
59.080496,6,6459.656618
59.08962,6,6459.78514
57.849808,6,6460.002006
58.836113,6,6460.13369
57.790165,5,6460.391547
58.37018,6,6460.539097
56.490287,7,6460.681225
57.891347,6,6460.879537
59.078312,6,6461.002034
58.285625,6,6461.120136
59.072385,6,6461.238789
56.871706,7,6461.390829
58.607705,6,6461.61531
59.070372,6,6461.739908
59.081718,6,6461.861505
57.91194,5,6462.034349
58.303734,6,6462.242552
59.067515,6,6462.375018
57.915023,5,6462.54091
57.831987,6,6462.668873
56.977868,7,6462.93049
57.833736,5,6463.029147
59.081625,6,6463.144328
57.826064,5,6463.325734
56.885328,7,6463.476066
58.566466,6,6463.65144
58.633437,6,6463.825902
58.755394,6,6463.938051
57.921952,6,6464.074811
55.938005,7,6464.31956
56.414392,7,6464.567854
59.075384,6,6464.686039
57.902211,5,6464.92518
58.983398,6,6465.014091
58.063735,6,6465.157777
58.410166,6,6465.309997
58.423626,6,6465.472172
58.50925,6,6465.703191
57.79504,5,6465.948131
58.946331,6,6466.071782
57.950999,5,6466.315595
57.994814,6,6466.526338
57.951833,5,6466.72328
58.1971,6,6466.846968
57.95137,5,6467.050898
57.113015,7,6467.199227
57.783406,5,6467.303361
58.292427,6,6467.531946
56.318532,7,6467.706862
57.946861,5,6467.872319
58.84544,6,6467.961932
57.890163,5,6468.135927
58.809797,6,6468.285373
56.70042,7,6468.428442
-5.903234,6,6468.788122
57.929753,5,6468.971543
57.938548,5,6469.131855
56.259655,7,6469.357955
57.332704,5,6469.601518
58.800806,6,6469.691233
59.077907,6,6469.816045
57.858595,5,6470.001194
59.080034,6,6470.13247
58.580745,6,6470.276679
57.946976,5,6470.448491
57.947968,5,6470.617788
57.791653,5,6470.739371
58.44918,6,6470.871876
58.75256,6,6471.015122
58.075063,6,6471.238003
57.723511,5,6471.333507
59.080746,6,6471.455759
56.537584,7,6471.709028
57.011061,7,6471.859417
57.929303,5,6471.97736
58.932417,6,6472.085068
59.0268,6,6472.214392
57.853666,5,6472.341203
56.231071,7,6472.543712
58.027486,6,6472.689868
58.507535,6,6472.836903
59.071856,6,6472.971146
58.148207,6,6473.117269
58.122831,6,6473.233441
57.832321,5,6473.48084
57.950795,5,6473.737412
57.93502,5,6473.93988
57.824825,5,6474.109128
57.16498,7,6474.365477
57.902905,5,6474.607623
58.947225,6,6474.747769
57.942722,5,6474.916634
58.205096,6,6475.139437
57.693356,5,6475.263391
57.943604,5,6475.429663
58.130641,6,6475.533497
57.777395,5,6475.631362
58.633957,6,6475.773256
59.013893,6,6475.905494
57.754142,5,6476.085053
57.894021,5,6476.260959
57.858233,6,6476.488988
59.059462,6,6476.61415
56.689584,7,6476.763716
58.33245,6,6476.981047
57.930029,5,6477.124832
57.914949,5,6477.2218
56.305809,7,6477.466841
57.017024,7,6477.71756
58.035514,6,6477.835038
57.216603,5,6477.95854
-5.915882,6,6478.198815
57.903313,5,6478.439929
57.879914,5,6478.690914
57.931913,5,6478.954911
58.987638,6,6479.059673
56.819432,7,6479.198371
57.938596,5,6479.358639
59.021845,6,6479.453794
58.874931,6,6479.54844
57.042071,5,6479.723526
56.653123,7,6479.991935
56.709378,7,6480.134369
58.126743,6,6480.273081
56.523908,7,6480.514127
58.674555,6,6480.75482
57.904405,5,6481.005118
56.986772,7,6481.254356
57.889344,5,6481.424271
57.215031,7,6481.582577
59.082569,6,6481.714416
57.975583,6,6481.853931
57.949623,5,6481.985597
57.940328,5,6482.276928
56.741837,7,6482.425253
58.238582,6,6482.53463
59.071324,6,6482.655094
57.284865,5,6482.812345
57.993613,6,6482.953969
57.945535,5,6483.076598
57.94505,5,6483.238255
55.979601,7,6483.505652
56.28707,7,6483.752138
58.261266,6,6483.893661
56.644327,7,6484.043887
57.815384,5,6484.20952
57.053419,7,6484.35826
59.08957,6,6484.483935
56.787432,7,6484.759527
57.988322,6,6484.955884
56.277158,7,6485.206835
56.830705,7,6485.46081
56.314878,7,6485.730957
58.288197,6,6485.87218
55.638808,7,6486.141545
57.91329,5,6486.324904
58.543566,6,6486.507985
57.947265,5,6486.750365
59.062687,6,6486.879082
57.691563,5,6487.123553
56.822269,7,6487.375238
57.93455,5,6487.534352
57.798853,5,6487.667353
56.624991,7,6487.818756
58.235914,6,6488.035882
58.269802,6,6488.21216
57.779154,5,6488.395381
59.087374,6,6488.526593
57.931513,5,6488.776758
58.675878,6,6489.007689
58.831356,6,6489.235831
56.338861,7,6489.437551
55.924136,7,6489.664117
56.244081,7,6489.82218
58.633459,6,6489.991448
58.662741,6,6490.133799
59.03994,6,6490.224108
56.514575,7,6490.481472
58.770394,6,6490.706108
58.518585,6,6490.930359
59.073396,6,6491.067776
56.224104,7,6491.317902
56.073243,7,6491.466248
57.80725,5,6491.658929
56.605215,7,6491.813142
58.246374,6,6491.917252
58.869953,6,6492.039439
57.923862,5,6492.189685
57.94781,5,6492.361428
58.294504,6,6492.580793
56.489581,7,6492.831236
59.084211,6,6492.958993
58.351382,6,6493.137504
59.075637,6,6493.253813
57.93958,5,6493.370034
58.345308,6,6493.49522
57.766407,5,6493.592263
57.52576,5,6493.778568
59.079735,6,6493.902272
58.216696,6,6494.046993
57.733962,5,6494.256714
57.869551,6,6494.46207
59.077439,6,6494.598614
57.929884,6,6494.734514
59.089259,6,6494.865038
59.069293,6,6494.987861
57.938657,5,6495.160792
57.943122,5,6495.404029
56.499633,7,6495.556671
57.830792,5,6495.676581
57.929597,5,6495.92287
57.773702,5,6496.038045
57.942936,5,6496.135109
56.31301,7,6496.285698
58.998088,6,6496.414553
57.911931,5,6496.671152
57.940171,5,6496.829855
58.929379,6,6496.920749
59.085131,6,6497.051734
56.106706,7,6497.201598
58.822503,6,6497.342174
59.082803,6,6497.461379
57.952359,5,6497.686299
58.363076,6,6497.830025
57.944592,5,6498.052638
58.450572,6,6498.169431
56.372466,7,6498.369704
56.056533,7,6498.519465
58.203773,6,6498.739939
58.980968,6,6498.851087
58.843575,6,6499.088266
57.921523,5,6499.331481
55.997452,7,6499.531836
56.324383,7,6499.680589
57.101344,7,6499.832053
56.930841,7,6500.07543
57.942835,5,6500.17003
57.886527,5,6500.332314
58.604116,6,6500.481297
58.467902,6,6500.597069
58.916044,6,6500.729572
58.004435,6,6500.834758
59.048406,6,6500.962119
57.942353,6,6501.134389
59.048957,6,6501.26246
58.077998,6,6501.463776
58.660124,6,6501.684706
56.769744,7,6501.837949
58.64585,6,6501.981079
59.011868,6,6502.109925
56.921912,7,6502.254567
57.951765,5,6502.378395
59.082619,6,6502.514589
57.997449,6,6502.652149
57.943819,5,6502.82046
57.787042,5,6502.918841
56.602133,7,6503.16803
58.918875,6,6503.2989
57.93641,5,6503.531013
57.943646,5,6503.788544
58.18357,6,6503.928487
58.354262,6,6504.067493
57.709,5,6504.164859
56.795975,7,6504.410635
57.939995,5,6504.652466
59.013872,6,6504.784844
58.759606,6,6504.926473
59.005084,6,6505.017103
59.077587,6,6505.149149
58.883218,6,6505.286366
57.947681,5,6505.512763
57.941628,5,6505.673915
56.554326,7,6505.913863
57.834575,5,6506.086875
56.441403,7,6506.242414
55.989858,7,6506.481773
57.762791,5,6506.758784
58.18202,6,6506.887246
58.02061,6,6507.174995
57.885164,6,6507.328209
58.772825,6,6507.471902
58.915397,6,6507.606249
58.781774,6,6507.758335
56.075805,7,6507.985219
56.272996,7,6508.177571
58.037843,6,6508.356528
56.235741,7,6508.513924
57.889857,6,6508.802388
59.074886,6,6508.934417
59.070734,6,6509.054994
58.9811,6,6509.187957
57.940679,5,6509.307658
57.962607,6,6509.51859
58.051894,6,6509.700665
57.921513,5,6509.894858
57.759234,5,6510.072309
59.076104,6,6510.213902
57.929603,5,6510.462837
57.867174,5,6510.662483
58.169603,6,6510.842251
59.044257,6,6510.971306
59.068611,6,6511.101107
59.025293,6,6511.237388
57.9194,6,6511.351185
56.615371,7,6511.498336
58.320893,6,6511.729759
58.342264,6,6511.880021
59.091343,6,6512.011856
57.955559,5,6512.182164
57.911817,5,6512.352528
58.90795,6,6512.447446
58.956166,6,6512.539244
58.111735,6,6512.683066
57.940358,5,6512.845482
58.184299,6,6513.071147
59.072181,6,6513.209808
58.893176,6,6513.305999
57.827878,5,6513.478538
57.929133,5,6513.618883
57.812301,5,6513.737161
56.632277,7,6513.896965
58.363172,6,6514.118585
58.282398,6,6514.319598
57.940965,5,6514.487621
58.877839,6,6514.604947
57.716148,6,6514.73046
56.763191,7,6514.883908
57.912736,5,6515.124044
57.88366,6,6515.25295
58.445973,6,6515.398145
57.951345,5,6515.619136
56.696867,7,6515.768941
58.975232,6,6515.88261
57.928331,5,6516.01757
58.533946,6,6516.194297
56.2676,7,6516.447678
56.575703,7,6516.692965
57.828652,6,6516.906615
58.002988,6,6517.045233
58.957261,6,6517.279333
57.941781,5,6517.404012
56.613887,7,6517.570211
57.717509,5,6517.700834
59.06398,6,6517.799718
57.191484,5,6518.04252
56.487879,7,6518.197727
57.890436,6,6518.304048
57.942832,5,6518.599979
56.876653,7,6518.753921
57.930464,5,6519.016708
57.932211,5,6519.274114
57.08901,7,6519.42488
58.819405,6,6519.582604
57.798531,5,6519.781512
58.962416,6,6519.916745
59.063857,6,6520.045385
58.539829,6,6520.272729
57.875865,5,6520.532152
58.536882,6,6520.677486
57.93252,5,6520.953706
57.906856,5,6521.047701
59.085711,6,6521.189023
57.91431,6,6521.311815
58.845296,6,6521.541145
59.07412,6,6521.671803
57.933435,5,6521.845905
57.569278,6,6521.964385
58.890141,6,6522.060073
58.221975,6,6522.284798
57.9409,5,6522.548213
57.883463,6,6522.68906
59.073738,6,6522.820102
57.930035,5,6522.981503
57.895967,5,6523.104658
-5.906174,6,6523.526647
59.061533,6,6523.647171
59.067382,6,6523.788551
57.933269,5,6524.032803
57.820673,5,6524.30298
59.066055,6,6524.428298
58.393637,6,6524.576777
58.035907,6,6524.683356
57.851552,5,6524.880782
58.887125,6,6524.975679
57.93522,5,6525.090813
57.216564,7,6525.35247
57.950247,5,6525.652158
57.836405,5,6525.836563
58.939858,6,6525.99223
58.946515,6,6526.127454
58.555763,6,6526.306922
59.074042,6,6526.426154
57.880751,5,6526.534317
57.941959,5,6526.712735
57.931514,5,6526.874276
59.093376,6,6527.005872
56.596135,7,6527.272483
56.942353,7,6527.422125
57.894928,5,6527.687693
59.082189,6,6527.811271
58.940318,6,6527.939486
56.053829,7,6528.090091
57.907577,5,6528.248819
56.284515,7,6528.405198
58.496829,6,6528.635886
57.934427,5,6528.799778
58.276947,6,6528.937996
59.082952,6,6529.054178
57.895436,5,6529.223708
57.984242,6,6529.418112
57.010338,7,6529.669678
57.942169,5,6529.838709
57.943366,5,6529.965945
58.610114,6,6530.137818
59.086563,6,6530.269528
57.72292,5,6530.52637
57.928207,5,6530.734055
57.747245,5,6530.973186
57.939173,5,6531.086378
58.887725,6,6531.221571
57.929492,5,6531.420113
57.856237,6,6531.638142
58.000799,6,6531.779439
57.925913,5,6532.034812
57.948039,5,6532.221786
58.447717,6,6532.347495
59.084804,6,6532.475908
58.129552,6,6532.633972
58.24424,6,6532.794466
58.719848,6,6532.938922
58.696403,6,6533.085262
57.647428,5,6533.338673
56.505409,7,6533.532293
56.13793,7,6533.72117
59.030105,6,6533.851549
58.533422,6,6533.994272
59.08053,6,6534.12475
56.519602,7,6534.282413
59.054415,6,6534.414395
56.136101,7,6534.714249
57.944847,5,6534.912621
57.929773,5,6535.142525
57.846733,5,6535.392167
57.80281,5,6535.585086
58.489706,6,6535.748324
57.88602,5,6535.911041
57.842873,5,6536.033106
57.946539,5,6536.193946
57.941788,5,6536.357871
57.946793,6,6536.575939
57.934717,5,6536.741177
57.929968,5,6536.95249
57.876203,5,6537.130734
57.30276,5,6537.295373
57.782289,5,6537.396024
58.396212,6,6537.570069
58.874798,6,6537.669997
57.898791,5,6537.774163
57.307577,5,6537.936923
58.34149,6,6538.075653
59.0659,6,6538.203875
58.740153,6,6538.371632
58.263922,6,6538.498796
57.9331,5,6538.659035
59.067507,6,6538.77968
56.113372,7,6538.969564
56.035031,7,6539.227126
59.073263,6,6539.360837
56.289167,7,6539.512584
57.937041,5,6539.604923
57.779908,5,6539.760266
57.861265,5,6539.978387
57.944072,5,6540.204162
57.80169,5,6540.301313
57.915496,6,6540.471907
58.917745,6,6540.60864
57.946874,5,6540.763041
56.126935,7,6540.999862
59.071928,6,6541.125538
57.86199,5,6541.318848
59.008393,6,6541.450665
59.051826,6,6541.671778
56.02278,7,6541.920653
57.006296,7,6542.18517
57.912372,5,6542.322143
58.13548,6,6542.493958
57.919101,5,6542.671311
57.949589,5,6542.831505
57.983802,6,6543.061739
57.797728,5,6543.313989
57.981152,6,6543.567341
58.047732,6,6543.705248
57.798865,5,6543.956686
57.819135,5,6544.211505
56.168882,7,6544.361531
59.058068,6,6544.491731
59.073968,6,6544.625919
57.83752,5,6544.875089
56.664922,7,6545.037146
58.98722,6,6545.142821
57.928808,5,6545.236915
56.044715,7,6545.387719
56.441977,7,6545.622575
58.973047,6,6545.754808
57.077716,7,6545.900312
58.423154,6,6546.041084
57.947308,5,6546.272476
57.928203,5,6546.512645
59.026738,6,6546.640458
57.937131,5,6546.884231
56.911628,7,6547.029991
57.895288,5,6547.283115
56.148305,7,6547.511625
57.809492,5,6547.756406
57.792952,5,6548.002902
57.938881,5,6548.172463
57.956297,5,6548.387881
57.914665,5,6548.644818
57.877149,5,6548.842097
57.81282,5,6549.0206
57.933055,5,6549.257642
56.768769,7,6549.410248
57.940671,5,6549.570831
59.071878,6,6549.690508
56.648096,7,6549.844591
57.934695,5,6549.97486
57.933983,5,6550.212229
59.063332,6,6550.340451
58.879781,6,6550.563207
58.777714,6,6550.794801
59.070458,6,6550.914088
56.455163,7,6551.157335
59.079564,6,6551.276552
56.502853,7,6551.421522
59.084593,6,6551.542092
59.075652,6,6551.669478
56.609537,7,6551.829852
58.39249,6,6551.927508
57.80063,5,6552.113147
56.602154,7,6552.268911
58.941669,6,6552.411322
56.023156,7,6552.552016
58.209465,6,6552.717266
59.072547,6,6552.846244
58.381798,6,6553.020213
58.945972,6,6553.122972
57.935341,5,6553.292246
58.644926,6,6553.434322
59.0741,6,6553.551239
57.965778,6,6553.673045
57.882432,5,6553.834771
55.967675,7,6554.096416
57.944281,5,6554.261671
58.90748,6,6554.380968
58.995298,6,6554.558817
58.230581,6,6554.74798
58.975654,6,6554.842628
58.168457,6,6554.95647
56.570565,7,6555.203071
58.945205,6,6555.330416
58.514619,6,6555.543429
56.369386,7,6555.69262
58.023522,6,6555.832295
56.864129,7,6556.096022
58.123664,6,6556.198474
57.033749,7,6556.457234
56.906439,7,6556.59689
57.902525,5,6556.765042
56.651892,7,6556.918811
57.931386,5,6557.00956
57.939757,5,6557.27595
57.944898,5,6557.567948
56.941135,7,6557.820122
58.601544,6,6557.973334
56.575178,7,6558.11586
57.925287,5,6558.277923
58.949307,6,6558.381063
58.858378,6,6558.471484
58.984929,6,6558.705949
56.728369,7,6558.975915
58.292811,6,6559.120135
57.902358,5,6559.240306
58.487103,6,6559.415486
57.949925,5,6559.613003
57.951333,5,6559.860588
58.614892,6,6560.012884
59.078706,6,6560.132301
57.846993,5,6560.378256
56.021549,7,6560.52785
57.837695,5,6560.770611
58.156449,6,6560.874789
57.936098,5,6561.038619
57.804124,5,6561.14084
56.642838,7,6561.333189
59.07937,6,6561.452588
58.374868,6,6561.598991
59.010441,6,6561.73057
58.571086,6,6561.916909
-5.919504,6,6562.275773
57.944444,5,6562.512588
58.592791,6,6562.660927
58.847566,6,6562.757226
56.539889,7,6562.912362
59.084743,6,6563.039543
57.955229,5,6563.249142
57.909841,5,6563.374222
57.759986,5,6563.488988
56.481809,7,6563.728999
56.66699,7,6563.996838
57.948697,5,6564.256142
56.217154,7,6564.406511
57.923188,5,6564.525238
56.265677,7,6564.674862
56.035524,7,6564.833098
59.075833,6,6564.950799
58.790434,6,6565.190244
58.836349,6,6565.282891
58.876424,6,6565.41812
57.830035,5,6565.665878
59.068935,6,6565.788856
57.949303,5,6566.031287
57.936597,5,6566.274285
58.495836,6,6566.418525
57.943551,5,6566.62001
55.913585,7,6566.875593
56.561375,7,6567.023789
57.873965,6,6567.160804
58.641055,6,6567.304708
57.062758,7,6567.451983
59.083541,6,6567.583253
58.363548,6,6567.81006
58.146419,6,6568.036362
58.513583,6,6568.179932
56.011046,7,6568.344501
59.075283,6,6568.46782
59.058182,6,6568.561002
57.494643,6,6568.66561
55.994683,7,6568.88789
58.087718,6,6569.000237
58.143542,6,6569.134496
57.813389,5,6569.377632
58.00252,6,6569.559088
57.903718,5,6569.654462
57.905841,5,6569.830338
56.467492,7,6569.972967
58.703193,6,6570.114586
56.040114,7,6570.355654
59.020416,6,6570.447344
58.967424,6,6570.566241
57.911304,5,6570.738065
57.86069,6,6570.849663
56.842254,7,6570.997892
58.681698,6,6571.140752
56.117667,7,6571.295409
56.472592,7,6571.449959
57.965122,6,6571.710361
59.054008,6,6571.829293
56.902808,7,6571.979594
57.979153,6,6572.147845
57.89693,5,6572.32269
57.907643,5,6572.496443
57.882127,5,6572.750855
58.676812,6,6572.895896
57.901649,5,6573.066335
58.287422,6,6573.254597
57.518042,6,6573.400873
57.919554,6,6573.589912
58.557131,6,6573.775131
57.719154,5,6574.033483
58.36497,6,6574.178745
58.787072,6,6574.323495
57.93695,5,6574.497689
56.779516,7,6574.775563
59.070534,6,6574.903165
57.907967,5,6575.15902
58.620565,6,6575.309579
59.074588,6,6575.425539
57.789506,5,6575.522401
59.009767,6,6575.656637
58.312465,6,6575.798862
55.983941,7,6575.947639
56.522004,7,6576.106152
57.828508,6,6576.322152
58.907556,6,6576.462553
57.939449,5,6576.658054
57.806587,5,6576.768693
58.743529,6,6576.941815
57.806797,5,6577.136086
59.073048,6,6577.25477
57.989518,6,6577.37007
58.803661,6,6577.500793
57.814301,5,6577.672739
57.899175,5,6577.846912
57.895591,5,6578.104258
56.890902,7,6578.260132
57.934225,5,6578.359723
57.90358,5,6578.607153
57.933658,5,6578.865592
57.938785,5,6579.109305
57.93497,5,6579.375588
59.093841,6,6579.507385
57.946047,5,6579.730231
58.826862,6,6579.823313
56.598544,7,6579.975936
57.940407,5,6580.137974
57.048602,7,6580.287955
58.255654,6,6580.465562
58.664338,6,6580.686366
56.202734,7,6580.839964
58.192628,6,6580.978619
58.758419,6,6581.122359
58.195642,6,6581.343501
57.830372,5,6581.521599
58.247244,6,6581.663629
57.875088,5,6581.778811
59.019039,6,6581.910755
59.079734,6,6582.03569
59.002972,6,6582.183473
58.971123,6,6582.324437
57.833586,6,6582.543954
59.04467,6,6582.67671
56.825732,7,6582.841307
57.930802,5,6582.957623
57.846524,6,6583.206269
57.004567,7,6583.384652
59.082968,6,6583.529286
58.138037,6,6583.745739
57.792606,5,6583.858439
57.768835,5,6584.134479
58.213284,6,6584.365411
58.674493,6,6584.597545
58.226403,6,6584.75193
58.627068,6,6584.903197
57.934433,5,6585.151204
58.221152,6,6585.268974
58.29647,6,6585.417294
56.156235,7,6585.572948
59.077432,6,6585.69506
57.823665,5,6585.858321
57.936258,5,6586.036831
57.946517,5,6586.212516
57.912253,5,6586.464496
58.627479,6,6586.643198
57.741399,5,6586.738481
57.746722,5,6586.841205
57.762086,5,6587.090816
57.852298,6,6587.196584
58.161824,6,6587.308997
58.926084,6,6587.543714
57.930867,5,6587.735018
59.046422,6,6587.866719
59.07898,6,6587.983411
57.143082,7,6588.238708
57.932643,5,6588.39858
57.876809,5,6588.656128
57.962441,6,6588.877018
58.77682,6,6589.019333
58.73477,6,6589.153107
56.147043,7,6589.306968
57.95248,5,6589.563423
57.937091,5,6589.697202
57.824173,5,6589.80443
57.087699,5,6590.053427
57.998973,6,6590.198748
55.996928,7,6590.454532
57.782831,5,6590.705981
57.500833,6,6590.935711
57.726458,5,6591.039375
56.711919,7,6591.182131
59.07324,6,6591.303583
58.832187,6,6591.403523
57.779877,5,6591.60692
58.051762,6,6591.746053
59.068992,6,6591.862781
56.006471,7,6592.01902
57.917727,5,6592.25648
57.848572,6,6592.397708
58.001213,6,6592.547232
57.939315,5,6592.791432
57.848813,5,6593.048457
58.967406,6,6593.187137
59.067936,6,6593.329104
58.141614,6,6593.478491
57.790502,5,6593.596968
59.078968,6,6593.726207
58.666737,6,6593.948955
56.596895,7,6594.097525
57.835741,5,6594.268304
58.640857,6,6594.423164
58.872744,6,6594.549958
59.091557,6,6594.690203
57.923511,5,6594.859363
59.06133,6,6594.98811
56.892413,7,6595.195603
57.949127,5,6595.355535
56.318592,7,6595.620404
58.909743,6,6595.719811
56.408078,7,6595.882444
59.059785,6,6596.018139
58.305687,6,6596.207082
57.767708,5,6596.452303
57.898263,6,6596.702806
57.951714,5,6596.878324
57.903253,5,6596.980998
57.778906,5,6597.079957
58.458055,6,6597.309343
59.076485,6,6597.448505
59.017671,6,6597.594619
58.407638,6,6597.83144
59.075603,6,6597.97122
58.255084,6,6598.157229
57.940449,6,6598.428954
59.078307,6,6598.555615
58.315167,6,6598.706599
58.338394,6,6598.898747
58.865101,6,6598.997073
57.702935,5,6599.113708
57.937412,5,6599.239926
58.939603,6,6599.467804
58.232559,6,6599.644998
-5.910239,6,6600.047422
58.140199,6,6600.184835
59.057942,6,6600.315062
57.786697,5,6600.411523
57.793015,5,6600.614701
58.58087,6,6600.845203
57.936795,5,6601.118186
56.538907,7,6601.275272
57.941723,5,6601.442841
59.075008,6,6601.564625
58.393663,6,6601.717973
56.808716,7,6601.985576
58.700389,6,6602.167329
58.804066,6,6602.302537
57.886431,5,6602.469906
57.849738,5,6602.72637
56.862314,7,6602.991057
58.641565,6,6603.227623
59.080437,6,6603.350938
58.255742,6,6603.53578
58.200428,6,6603.713265
58.280244,6,6603.936567
56.722056,7,6604.091886
57.905556,5,6604.258657
59.061241,6,6604.385834
55.919769,7,6604.634698
57.94635,5,6604.768543
59.035432,6,6604.897373
57.946847,5,6605.067166
56.901634,7,6605.212196
57.967785,6,6605.439789
57.92559,5,6605.605121
57.011703,7,6605.855636
57.784868,5,6605.951565
57.351895,6,6606.196875
59.080403,6,6606.336094
56.822431,7,6606.587981
56.65361,7,6606.742617
57.933198,5,6606.8393
57.733699,6,6606.956676
57.837776,5,6607.220198
57.848706,5,6607.473733
57.947859,5,6607.671166
57.852169,5,6607.926122
57.823733,5,6608.022804
57.721878,5,6608.206685
58.42375,6,6608.361256
58.562398,6,6608.536126
57.949985,5,6608.698805
56.720319,7,6608.97657
58.336664,6,6609.157841
57.943328,5,6609.33135
59.085258,6,6609.464952
57.947348,5,6609.707558
57.835268,5,6609.844905
59.081039,6,6609.986786
59.092934,6,6610.117245
57.931532,5,6610.238697
56.81427,7,6610.386182
57.922081,6,6610.508963
56.698735,7,6610.763884
56.367619,7,6610.918774
57.945363,5,6611.163062
57.17956,7,6611.414869
57.086256,7,6611.564722
56.930806,7,6611.816629
58.025224,6,6611.961647
57.596493,5,6612.150018
58.303489,6,6612.373129
57.896152,6,6612.55211
57.291944,5,6612.780445
58.153292,6,6612.920947
57.940208,5,6613.098339
57.998192,6,6613.230017
58.314116,6,6613.373905
58.598678,6,6613.529218
59.082761,6,6613.671355
58.4949,6,6613.823232
59.073775,6,6613.942176
56.292927,7,6614.095358
58.182459,6,6614.214654
57.926232,5,6614.332332
56.012031,7,6614.52468
59.080536,6,6614.65482
56.211696,7,6614.931039
57.900036,5,6615.033716
57.946286,5,6615.281502
56.560158,7,6615.437433
57.550845,6,6615.580193
58.187056,6,6615.721802
57.331473,7,6615.92313
56.615076,7,6616.085115
58.321367,6,6616.22702
58.174417,6,6616.401256
57.806796,5,6616.643672
56.635012,7,6616.914913
59.071868,6,6617.032264
59.043821,6,6617.163305
58.165017,6,6617.381762
56.688365,7,6617.631171
55.248788,7,6617.783244
56.13902,7,6617.942471
56.576993,7,6618.140075
56.922357,7,6618.292434
58.324625,6,6618.435049
56.107403,7,6618.641862
-5.904958,6,6619.065603
57.930446,5,6619.336815
57.940315,5,6619.56408
57.937929,5,6619.813198
56.714304,7,6619.965036
58.730198,6,6620.151385
59.078547,6,6620.27514
59.059114,6,6620.402984
57.705158,5,6620.507452
57.929133,5,6620.753371
58.833625,6,6620.882635
57.946055,5,6621.007136
58.557617,6,6621.155724
59.073789,6,6621.288042
56.294454,7,6621.44128
57.809923,5,6621.541409
59.077581,6,6621.66909
58.864515,6,6621.811803
58.872555,6,6621.940994
56.875316,7,6622.186263
58.528882,6,6622.409949
56.777066,7,6622.703595
57.245959,5,6622.952415
57.097042,7,6623.203366
59.07169,6,6623.341113
56.60777,7,6623.602262
58.93426,6,6623.699647
57.80392,5,6623.958852
58.632007,6,6624.185814
57.871956,5,6624.430198
58.65661,6,6624.610368
57.905782,5,6624.844953
57.94691,5,6625.017254
57.900912,5,6625.18581
57.849803,5,6625.303334
56.560109,7,6625.558629
58.719745,6,6625.78343
59.081016,6,6625.903555
57.785536,5,6626.010391
57.934633,5,6626.178081
55.979502,7,6626.328617
57.927835,5,6626.451433
57.939755,5,6626.698055
59.069933,6,6626.824943
57.933577,5,6626.998214
58.899397,6,6627.09639
57.924731,5,6627.256716
57.936188,5,6627.437474
55.966568,7,6627.722376
58.927943,6,6627.862329
57.880343,5,6628.031483
57.94064,5,6628.165668
57.782259,5,6628.344037
57.020517,7,6628.495224
57.966793,6,6628.60088
59.080646,6,6628.727985
58.078127,6,6628.869291
59.066337,6,6628.993475
57.909186,5,6629.256879
57.716873,5,6629.459211
58.955508,6,6629.554973
57.962865,6,6629.697775
57.811167,5,6629.943576
59.083086,6,6630.075309
57.811629,5,6630.17836
57.821247,5,6630.288363
56.559195,7,6630.449437
-5.908581,6,6630.874111
58.42372,6,6630.992546
57.931313,5,6631.290824
57.949276,6,6631.510835
58.076507,6,6631.698373
57.079458,7,6631.944917
59.081056,6,6632.071465
56.098246,7,6632.227928
58.290468,6,6632.371157
57.925223,5,6632.546439
58.011896,6,6632.764049
57.939493,5,6633.017181
59.025471,6,6633.156578
58.085786,6,6633.29852
57.934775,5,6633.462465
57.935218,5,6633.623019
59.029115,6,6633.753657
56.772533,7,6634.008259
56.028104,7,6634.215148
57.946276,5,6634.390425
55.950215,7,6634.670496
59.084203,6,6634.798254
59.03098,6,6634.918039
58.151476,6,6635.058045
58.649772,6,6635.289052
57.935984,5,6635.403826
57.843601,5,6635.660579
57.875982,5,6635.798146
57.935441,6,6635.942162
56.608967,7,6636.081592
59.07191,6,6636.210608
58.871607,6,6636.346304
59.075012,6,6636.464179
57.95693,5,6636.760233
57.938703,5,6636.917248
59.082718,6,6637.037024
58.876489,6,6637.224888
57.949352,5,6637.463647
58.864778,6,6637.606963
56.276027,7,6637.889455
57.899309,5,6638.055225
59.083728,6,6638.176026
58.958296,6,6638.303441
58.928459,6,6638.438005
58.68953,6,6638.662893
56.304369,7,6638.815958
58.478108,6,6639.038799
58.253352,6,6639.181678
59.072805,6,6639.308078
56.997904,7,6639.576583
57.223379,5,6639.702182
57.940013,5,6639.99363
57.948694,5,6640.242663
59.071616,6,6640.371475
57.942767,5,6640.648523
57.894773,5,6640.900112
57.951366,5,6641.155011
57.864972,5,6641.405223
57.899832,5,6641.660229
57.903511,5,6641.920321
58.663528,6,6642.064925
58.785979,6,6642.197862
56.775489,7,6642.356966
58.541508,6,6642.572289
58.829519,6,6642.794135
56.367189,7,6643.042502
57.887019,5,6643.283007
57.759463,6,6643.477961
56.940325,6,6643.602843
59.068833,6,6643.722505
58.988274,6,6643.813642
57.904602,5,6643.940494
58.022685,6,6644.158619
57.671786,6,6644.301438
56.559204,7,6644.4579
57.947321,5,6644.589397
58.991983,6,6644.758647
57.922855,5,6644.932977
57.946182,5,6645.178601
56.702115,7,6645.32387
58.972412,6,6645.416565
57.792814,5,6645.577094
57.816828,5,6645.832567
56.671117,7,6646.000505
58.005905,6,6646.117785
58.11992,6,6646.234963
57.933158,6,6646.353251
58.250569,6,6646.53909
58.685085,6,6646.670249
57.930815,5,6646.835059
58.231342,6,6646.979206
57.895641,5,6647.147994
56.624095,7,6647.348528
57.914899,5,6647.583675
58.131803,6,6647.812603
58.364805,6,6647.957395
57.928583,5,6648.125978
58.921544,6,6648.225198
56.660479,7,6648.429867
58.755871,6,6648.532543
59.075609,6,6648.664952
58.33193,6,6648.811901
59.063569,6,6648.932396
57.741094,5,6649.044134
58.268789,6,6649.271899
57.293689,5,6649.443145
57.928131,5,6649.712672
57.927611,5,6649.828426
58.19172,6,6649.922431
57.932436,5,6650.171118
57.880373,6,6650.401294
57.370709,6,6650.630626
59.045179,6,6650.728064
56.035804,7,6650.882384
57.940526,5,6651.135728
58.626031,6,6651.283012
57.944618,5,6651.420261
56.439474,7,6651.577045
57.941038,5,6651.808351
56.090639,7,6651.960743
57.917433,5,6652.127022
58.143924,6,6652.310982
58.494989,6,6652.49969
58.606338,6,6652.658439
58.979543,6,6652.798704
57.800645,5,6652.895284
56.221958,7,6653.171135
58.743752,6,6653.407956
56.493959,7,6653.659301
57.844892,5,6653.855486
56.774451,7,6654.11124
58.274526,6,6654.262523
59.075314,6,6654.401878
57.939457,5,6654.523886
59.083129,6,6654.657299
58.908546,6,6654.786697
58.856333,6,6655.018975
57.104443,7,6655.275285
57.953756,5,6655.522386
59.073892,6,6655.648858
56.061467,7,6655.803719
59.070365,6,6655.937884
57.788943,5,6656.118175
58.966083,6,6656.211082
57.939564,5,6656.352641
58.818147,6,6656.578535
57.77144,5,6656.776845
58.590541,6,6656.925726
57.897841,5,6657.214173
57.783076,5,6657.313194
57.950495,5,6657.426705
57.683695,5,6657.662164
57.462027,6,6657.841263
59.005812,6,6658.067777
58.253984,6,6658.212766
58.829624,6,6658.342934
57.946562,5,6658.50701
58.940221,6,6658.638316
59.00757,6,6658.754483
57.918276,5,6658.92953
57.95102,5,6659.095354
57.991152,6,6659.27437
57.909189,5,6659.538404
56.902125,7,6659.690792
57.945909,5,6659.858116
58.061588,6,6660.063488
57.939312,5,6660.301878
58.640652,6,6660.455359
58.944368,6,6660.567012
57.539193,5,6660.877911
56.666699,7,6661.060528
57.905104,5,6661.288596
58.943984,6,6661.433987
57.909968,5,6661.628696
56.225268,7,6661.892761
57.857798,5,6662.068505
57.022757,7,6662.259325
57.907221,5,6662.449549
58.048279,6,6662.599572
57.950785,5,6662.865762
57.818575,5,6663.203832
58.491572,6,6663.41658
57.381336,7,6663.703215
57.298191,6,6663.826971
58.350445,6,6664.013204
56.002522,7,6664.22671
59.045356,6,6664.390131
57.621758,6,6664.623751
58.738999,6,6664.804468
58.641556,6,6665.027655
56.906431,7,6665.219683
57.856174,5,6665.415281
57.794552,5,6665.513802
57.950762,5,6665.778286
57.896293,5,6665.875958
57.941849,5,6666.04653
56.412092,7,6666.205286
56.766225,7,6666.411929
57.955704,5,6666.527348
56.302921,7,6666.783538
58.641901,6,6666.919539
58.90035,6,6667.021709
59.078609,6,6667.147365
56.184277,7,6667.3272
58.20524,6,6667.438249
56.330514,7,6667.68342
58.889967,6,6667.821197
58.858881,6,6667.98088
59.078281,6,6668.128283
59.040253,6,6668.232891
58.976618,6,6668.35063
59.067277,6,6668.488123
59.048933,6,6668.63673
59.084712,6,6668.765347
56.794226,7,6669.007014
57.929809,5,6669.15939
57.860474,5,6669.369196
57.928394,5,6669.630074
57.781303,5,6669.812382
58.642447,6,6669.960962
57.910391,5,6670.210146
57.245863,7,6670.367593
57.730416,5,6670.492718
56.72367,7,6670.648295
58.483967,6,6670.803203
57.940827,5,6671.064444
56.811028,7,6671.320813
57.865773,6,6671.465619
56.787025,7,6671.72385
58.562478,6,6671.876643
57.9208,5,6672.062569
57.944201,5,6672.319818
57.934303,5,6672.422828
57.840955,5,6672.695732
59.07934,6,6672.816559
56.308982,7,6673.054057
58.274988,6,6673.277215
57.931876,5,6673.391217
58.360908,6,6673.536629
57.300984,5,6673.717635
59.091492,6,6673.857517
59.023654,6,6673.991078
58.827091,6,6674.148698
58.605036,6,6674.340127
59.079285,6,6674.465205
57.158692,5,6674.637374
58.945859,6,6674.734595
58.998782,6,6674.87343
57.923593,5,6675.129957
57.937377,5,6675.359374
56.259082,7,6675.515515
57.862586,5,6675.609573
57.016251,7,6675.867573
59.081934,6,6675.992764
58.389424,6,6676.143419
56.45311,7,6676.391953
57.093279,5,6676.649092
59.030792,6,6676.743393
56.062418,7,6677.004108
56.146931,7,6677.166279
58.79599,6,6677.392298
57.951558,5,6677.483992
58.931033,6,6677.624706
58.646965,6,6677.773953
57.936141,5,6677.97425
59.070797,6,6678.104103
58.894052,6,6678.299183
57.828374,5,6678.423389
58.300478,6,6678.573188
59.05787,6,6678.700013
56.427597,7,6678.952021
58.481631,6,6679.140716
56.74843,7,6679.395289
58.939672,6,6679.633989
56.38115,7,6679.894466
56.105152,7,6680.04814
58.131386,6,6680.195689
56.672649,7,6680.476599
58.839249,6,6680.592435
55.944474,7,6680.788347
57.837505,5,6681.04127
58.211739,6,6681.219688
57.792414,5,6681.468001
56.960209,7,6681.723424
56.566993,7,6681.881192
57.854108,5,6681.98904
-7.192707,6,6682.319298
56.505864,7,6682.594124
58.995285,6,6682.813814
55.980802,7,6682.968448
59.03567,6,6683.06212
57.899512,5,6683.162392
56.077548,7,6683.326116
57.832785,5,6683.434349
57.798914,5,6683.552102
56.283484,7,6683.749933
58.01653,6,6683.899923
58.589674,6,6684.048347
58.239443,6,6684.265552
59.070854,6,6684.387611
56.242847,7,6684.648903
56.994905,7,6684.801901
58.905881,6,6684.926467
57.025416,7,6685.19408
58.963102,6,6685.33973
56.629337,7,6685.500973
59.069299,6,6685.621129
59.074446,6,6685.745324
58.940768,6,6685.97222
58.036764,6,6686.153143
58.164249,6,6686.280798
58.793266,6,6686.413875
57.953521,5,6686.57934
57.813145,5,6686.673523
59.092306,6,6686.813546
59.067221,6,6686.944123
59.061649,6,6687.038425
57.940052,5,6687.275484
58.847016,6,6687.503942
57.945362,5,6687.78031
57.814509,5,6687.884486
57.94214,5,6688.13467
58.009547,6,6688.285581
57.931785,5,6688.442346
58.722682,6,6688.54269
56.602256,7,6688.799143
57.86858,5,6689.04811
57.820575,5,6689.216415
57.93941,5,6689.481196
57.780666,5,6689.67713
58.076499,6,6689.795699
58.986641,6,6689.893898
57.902249,5,6690.063374
57.87925,5,6690.226759
56.836704,7,6690.480008
56.047391,7,6690.634152
57.976306,6,6690.743871
58.721015,6,6690.888759
57.951075,5,6691.103417
59.071984,6,6691.231141
59.073705,6,6691.363162
57.798869,5,6691.539756
58.847519,6,6691.680669
57.944228,5,6691.843486
57.998761,6,6692.044744
57.859028,6,6692.173838
55.888834,7,6692.317794
57.928138,5,6692.590193
56.168363,7,6692.741752
59.077879,6,6692.868136
56.71161,7,6693.022385
59.045641,6,6693.157597
58.232565,6,6693.349097
57.82011,5,6693.444247
57.233628,5,6693.663579
59.060387,6,6693.792404
58.983139,6,6693.89112
58.779329,6,6693.983248
58.312792,6,6694.127752
56.629844,7,6694.368547
59.043708,6,6694.501887
56.574469,7,6694.763303
58.85215,6,6694.906649
58.866903,6,6695.040581
57.599989,5,6695.28555
57.947336,5,6695.459116
58.927802,6,6695.604003
58.830518,6,6695.782135
57.799909,5,6695.899128
57.806328,5,6695.990831
57.915464,5,6696.292209
57.951177,6,6696.43915
57.895613,6,6696.6848
58.965351,6,6696.823087
58.829297,6,6696.952569
58.087994,6,6697.093851
59.059391,6,6697.213579
59.023496,6,6697.308163
58.783133,6,6697.4458
59.075444,6,6697.570724
58.31749,6,6697.799475
56.783579,7,6698.052666
58.185115,6,6698.200019
57.932445,6,6698.432611
57.954308,5,6698.594656
57.898073,5,6698.756753
58.17632,6,6698.899578
57.930707,6,6699.041731
56.185945,7,6699.203696
58.64758,6,6699.434596
57.944043,5,6699.602105
57.91132,5,6699.810854
58.997986,6,6700.050738
58.898806,6,6700.183372
58.315324,6,6700.415824
59.074206,6,6700.55396
59.061191,6,6700.68233
55.934794,7,6700.844815
58.420064,6,6700.992906
58.642749,6,6701.217907
57.871338,5,6701.342122
58.931268,6,6701.494292
59.068871,6,6701.627774
57.899453,5,6701.879493
57.787888,5,6702.124004
58.650653,6,6702.278003
58.269921,6,6702.42125
57.81151,5,6702.519822
57.892876,5,6702.768738
57.700202,5,6702.874355
56.631241,7,6703.126617
55.867695,7,6703.384319
58.858854,6,6703.490383
59.080963,6,6703.621177
57.947383,5,6703.795667
57.832294,5,6704.068543
57.902333,5,6704.335531
57.736551,6,6704.558694
57.763104,5,6704.740143
57.845048,5,6704.920845
57.824928,5,6705.065534
59.084392,6,6705.189937
58.437585,6,6705.367567
59.091429,6,6705.48878
57.856423,5,6705.656715
58.177387,6,6705.881944
57.92253,5,6705.998635
58.199399,6,6706.173214
56.627601,7,6706.343036
58.782052,6,6706.568347
56.09863,7,6706.71965
57.858249,6,6706.846226
57.911103,5,6707.095954
57.938581,5,6707.3847
57.950763,5,6707.644418
58.032916,6,6707.78762
57.75165,5,6708.055612
55.948504,7,6708.305681
59.093381,6,6708.442493
57.920674,5,6708.557265
56.494847,7,6708.813837
58.902094,6,6708.955864
57.94644,5,6709.207703
58.578668,6,6709.386585
56.038919,7,6709.539403
58.959066,6,6709.641593
57.9511,6,6709.874729
59.07372,6,6709.99447
58.327165,6,6710.173572
57.747368,5,6710.281728
58.317125,6,6710.414447
56.188875,7,6710.566561
59.018163,6,6710.713635
59.037445,6,6710.844544
56.942013,7,6710.98827
57.944643,5,6711.153645
59.031875,6,6711.247529
58.904481,6,6711.339659
59.087275,6,6711.467277
56.157112,7,6711.621002
58.992085,6,6711.725867
58.386579,6,6711.902269
59.031974,6,6712.129186
58.947383,6,6712.263416
57.949762,5,6712.510286
58.918971,6,6712.698509
56.304581,7,6712.940577
57.858067,5,6713.10613
57.7935,5,6713.216418
58.987492,6,6713.317846
57.950246,5,6713.549763
57.946554,5,6713.799251
59.075986,6,6713.919051
57.941147,5,6714.160557
57.459601,5,6714.334381
57.897782,5,6714.470892
59.031634,6,6714.616532
58.655357,6,6714.760945
57.770966,5,6714.868831
57.853195,5,6715.037389
57.845912,5,6715.148177
57.830825,5,6715.318717
57.941721,5,6715.492753
57.933496,5,6715.766661
56.137087,7,6715.924196
57.525214,6,6716.143203
58.052064,6,6716.277174
59.077789,6,6716.397652
59.062837,6,6716.531575
57.945163,5,6716.777117
57.987364,6,6716.92085
56.602941,7,6717.183297
58.448681,6,6717.338546
57.689445,5,6717.531718
56.076244,7,6717.691776
57.926306,5,6717.942567
59.080285,6,6718.073673
56.912193,7,6718.229413
57.483839,5,6718.328493
59.079084,6,6718.457187
57.91228,5,6718.708873
-5.9058,6,6719.077381
57.789647,5,6719.22359
57.827882,5,6719.418153
58.140694,6,6719.594553
57.795299,5,6719.766875
57.834168,5,6719.946741
59.059225,6,6720.068079
57.748888,5,6720.244153
59.070362,6,6720.365853
57.909636,5,6720.61422
58.838691,6,6720.743384
57.831647,5,6720.928251
58.854882,6,6721.07648
57.945315,5,6721.238014
55.929149,7,6721.390261
57.86159,5,6721.561781
56.193031,7,6721.766746
56.67903,7,6721.933619
59.061812,6,6722.053561
57.596842,5,6722.179461
57.842532,5,6722.432488
57.177604,7,6722.694406
57.951378,5,6723.008123
57.952699,5,6723.267679
56.871546,7,6723.423014
57.84175,5,6723.54642
57.948047,5,6723.718725
56.555785,7,6723.87654
58.801605,6,6724.1036
57.84418,6,6724.330462
57.970014,6,6724.449227
56.384281,7,6724.607593
56.482539,7,6724.861075
56.632184,7,6725.118494
57.815246,5,6725.32443
58.294021,6,6725.468564
57.961461,6,6725.580925
58.601009,6,6725.761674
59.075705,6,6725.896153
57.694299,5,6726.016796
55.94116,7,6726.169948
57.941647,5,6726.338374
59.075614,6,6726.459537
57.996007,6,6726.646275
57.943798,5,6726.893321
58.15341,6,6727.068738
56.685583,7,6727.212095
57.637592,6,6727.358047
58.832173,6,6727.592463
57.935749,5,6727.731419
56.131146,7,6728.009618
56.450654,7,6728.268865
57.801834,6,6728.377069
56.564236,7,6728.526912
59.06417,6,6728.654145
57.93643,5,6728.81397
58.051818,6,6728.956982
58.476277,6,6729.153455
57.939706,5,6729.416812
57.814509,5,6729.620814
57.951134,6,6729.768602
57.946603,5,6730.015209
56.46706,7,6730.29099
58.569328,6,6730.441247
56.071292,7,6730.694093
56.613987,7,6730.851344
58.690941,6,6731.084047
58.417354,6,6731.226959
57.921911,5,6731.350622
56.805681,7,6731.607477
57.940488,5,6731.805743
58.187844,6,6732.032859
57.808571,5,6732.293165
58.99617,6,6732.40956
57.724709,5,6732.649328
56.557112,7,6732.93302
58.109527,6,6733.15992
57.552876,5,6733.354453
58.738642,6,6733.614837
57.642094,5,6733.732991
57.639339,5,6733.835934
58.188482,6,6734.012158
56.137431,7,6734.26509
59.069343,6,6734.394049
57.932281,5,6734.568926
57.894422,6,6734.75623
58.558961,6,6734.936038
57.821183,5,6735.067363
55.170469,7,6735.320476
57.944909,5,6735.481743
58.884422,6,6735.624147
57.957553,5,6735.918218
58.770228,6,6736.143259
57.944545,5,6736.309103
58.851631,6,6736.455087
59.072221,6,6736.580601
59.079948,6,6736.716828
57.916574,5,6736.922973
59.077045,6,6737.047582
58.382708,6,6737.164262
57.574551,5,6737.428997
57.944682,5,6737.752623
58.974767,6,6737.897192
56.239094,7,6738.202313
57.85534,5,6738.498778
57.565491,5,6738.743917
58.992532,6,6738.853109
57.924943,5,6739.048514
56.489256,7,6739.231668
57.730167,5,6739.578053
58.9623,6,6739.749582
58.139439,6,6739.954102
58.94788,6,6740.106054
57.934395,5,6740.346224
57.784201,5,6740.453463
58.586324,6,6740.601773
58.979849,6,6740.700551
58.857328,6,6740.848399
59.078967,6,6740.976116
57.839559,5,6741.172814
57.931768,5,6741.336051
56.693966,7,6741.516317
57.947935,5,6741.723232
58.579515,6,6741.871231
57.628982,5,6742.114878
57.886301,5,6742.277568
57.936837,5,6742.445184
59.076905,6,6742.583775
57.492271,5,6742.836246
57.951008,5,6743.06344
57.944507,5,6743.231943
57.881332,6,6743.382336
58.920447,6,6743.627029
57.67337,5,6743.754671
58.357979,6,6743.848485
56.35972,7,6744.004181
59.032587,6,6744.138045
57.939592,5,6744.391622
57.918761,5,6744.554469
56.7505,7,6744.796509
57.482706,5,6744.963567
59.021863,6,6745.104295
57.861264,5,6745.233868
57.945819,5,6745.498416
58.340672,6,6745.732492
56.466947,7,6745.991928
57.955307,5,6746.21347
57.81771,5,6746.329072
-5.906295,6,6746.756303
58.927502,6,6746.888618
56.18435,7,6747.090364
58.09805,6,6747.237328
56.520564,7,6747.399663
57.807913,5,6747.508648
58.200616,6,6747.680496
57.496749,5,6747.921905
56.893173,7,6748.08815
58.31308,6,6748.328526
56.780023,7,6748.492517
56.656803,7,6748.768114
59.070398,6,6748.90041
56.762428,7,6749.057553
58.188619,6,6749.215368
57.775358,5,6749.478387
56.029037,7,6749.633985
56.638695,7,6749.797431
58.501815,6,6749.946037
57.937064,5,6750.207746
57.74603,5,6750.317899
59.069366,6,6750.444165
57.915477,5,6750.66294
56.356336,7,6750.922139
58.903763,6,6751.070338
59.086355,6,6751.204533
59.067674,6,6751.333288
59.067934,6,6751.457786
57.930396,5,6751.749331
57.922283,5,6752.000226
56.103265,7,6752.154505
58.604458,6,6752.371334
57.84491,5,6752.506985
58.797578,6,6752.646461
59.047779,6,6752.778603
57.89872,5,6753.03953
59.014368,6,6753.210153
57.946427,5,6753.384111
59.072527,6,6753.513812
57.9378,5,6753.759415
57.297934,5,6753.929278
57.936085,6,6754.077557
57.720981,5,6754.184349
57.887141,5,6754.394386
57.946181,5,6754.630873
59.084313,6,6754.762622
57.946604,5,6755.021004
58.946049,6,6755.151206
57.781118,5,6755.248103
56.059674,7,6755.402974
58.957449,6,6755.497487
57.318763,5,6755.74041
56.736567,7,6756.04086
57.951306,5,6756.20803
57.804141,5,6756.399131
57.771992,5,6756.542016
57.828559,5,6756.717359
57.246515,5,6756.891837
59.077456,6,6757.01151
57.576213,5,6757.118065
58.139895,6,6757.264065
57.829415,5,6757.524938
57.863811,6,6757.760532
57.809081,5,6757.944311
57.933751,5,6758.194505
57.914546,5,6758.355357
59.063798,6,6758.484464
56.794619,7,6758.641438
59.079118,6,6758.780204
59.069611,6,6758.903559
57.967132,6,6759.050125
58.196395,6,6759.280663
58.936159,6,6759.41087
57.923056,5,6759.66234
57.952425,5,6759.904953
56.615662,7,6760.160448
56.295085,7,6760.438109
57.948229,5,6760.732266
58.914204,6,6760.827758
58.265471,6,6760.969903
58.268846,6,6761.149108
59.076931,6,6761.273214
58.55722,6,6761.424601
58.731286,6,6761.569955
57.679686,5,6761.798059
58.201977,6,6762.036097
57.951213,5,6762.211783
56.19942,7,6762.509658
55.865486,7,6762.65323
57.920068,5,6762.772268
57.92976,5,6762.86968
57.839909,6,6763.007909
56.642608,7,6763.268746
57.931374,5,6763.389929
57.213336,7,6763.652591
57.03676,7,6763.819539
58.909931,6,6763.94341
56.457275,7,6764.113795
57.885489,5,6764.242782
56.356602,7,6764.445994
57.949133,5,6764.621711
57.938877,5,6764.857706
59.040239,6,6764.981366
57.618753,5,6765.107739
59.031067,6,6765.241315
57.948685,5,6765.497504
57.423566,5,6765.733773
57.310336,5,6765.909623
57.948327,5,6766.077094
57.302721,5,6766.26459
56.264938,7,6766.556262
57.871506,5,6766.721591
56.380544,7,6766.981383
59.07838,6,6767.103456
56.057598,7,6767.314142
57.943424,5,6767.48037
58.878364,6,6767.623013
58.318238,6,6767.780103
58.65209,6,6767.928972
58.541416,6,6768.161567
57.947517,5,6768.357726
57.846083,5,6768.63137
57.934694,5,6768.885006
56.22215,7,6769.145729
58.715717,6,6769.294584
57.938005,5,6769.54312
58.973377,6,6769.63629
58.535855,6,6769.873573
57.856189,5,6770.024515
57.951674,5,6770.257167
57.936049,5,6770.431783
56.919733,7,6770.706178
57.554812,5,6770.813999
59.072187,6,6770.941233
57.946166,5,6771.19435
58.93938,6,6771.289497
56.643465,7,6771.446309
57.943252,5,6771.703521
57.933432,5,6771.800355
56.530724,7,6771.956752
57.916417,5,6772.136411
57.011448,7,6772.289653
56.870828,7,6772.444168
58.785763,6,6772.542344
57.936214,5,6772.666878
57.882437,5,6772.85235
57.886349,5,6773.019053
57.949401,5,6773.182984
58.997563,6,6773.32021
57.71001,5,6773.509429
56.322334,7,6773.668569
57.77099,5,6773.853348
59.07339,6,6773.973601
58.800115,6,6774.108344
55.883195,7,6774.256255
56.616605,7,6774.514754
57.94692,5,6774.691614
57.731083,5,6774.931068
58.942598,6,6775.171893
57.942461,5,6775.295466
57.936079,5,6775.392164
57.947755,5,6775.570664
57.940538,5,6775.77075
58.768986,6,6776.024909
57.884847,5,6776.275398
57.746062,5,6776.475104
59.088727,6,6776.610846
56.385229,7,6776.766249
57.929294,5,6776.93118
59.077989,6,6777.062712
58.228657,6,6777.207163
57.615182,5,6777.33441
56.943466,7,6777.603512
57.887546,5,6777.855268
57.810859,5,6777.952614
57.894985,5,6778.091634
57.939216,5,6778.254059
59.082133,6,6778.388295
58.615046,6,6778.533334
59.070191,6,6778.668629
59.071034,6,6778.804328
57.932112,5,6779.069135
55.895486,7,6779.214778
56.214761,7,6779.369225
58.18003,6,6779.557602
57.855059,5,6779.806454
57.434813,5,6780.047057
57.244986,5,6780.291081
58.089824,6,6780.439738
58.212954,6,6780.590126
56.622673,7,6780.848657
57.870991,5,6781.096414
59.079224,6,6781.236636
59.075354,6,6781.356398
57.943731,5,6781.591794
59.079149,6,6781.724198
57.946276,5,6781.887186
59.080442,6,6782.014155
57.856827,5,6782.20009
57.766537,5,6782.306278
57.443051,5,6782.436311
57.301572,5,6782.701095
58.585256,6,6782.855064
57.143727,7,6783.008408
57.943452,5,6783.179888
57.941154,5,6783.408575
56.74612,7,6783.551014
57.927438,5,6783.750455
55.983504,7,6784.000657
58.534012,6,6784.148742
59.077105,6,6784.271103
57.948435,5,6784.452846
57.936797,5,6784.625095
57.983104,6,6784.850864
58.461845,6,6784.997131
56.706362,7,6785.259741
57.938274,5,6785.420488
58.28796,6,6785.64029
56.127191,7,6785.886386
56.835076,7,6786.040373
56.662165,7,6786.294068
59.065822,6,6786.424975
59.068057,6,6786.553876
57.937551,5,6786.650938
57.742306,6,6786.797501
57.939028,5,6787.034437
57.802679,5,6787.305716
57.774633,5,6787.420429
57.763529,5,6787.612262
59.08164,6,6787.740562
59.070944,6,6787.880124
58.020678,6,6788.1049
58.36454,6,6788.256632
57.849643,5,6788.364881
59.036659,6,6788.455077
55.122694,7,6788.732687
59.067303,6,6788.865086
58.218727,6,6789.050882
59.077418,6,6789.182731
57.946081,5,6789.439589
57.841439,5,6789.68088
56.554791,7,6789.837754
59.007335,6,6790.067318
56.587852,7,6790.332012
