#{"t_start": 1785745432.8403468, "env_id": "None"}
r,l,t
-14.878251,3,3.586543
49.585209,3,4.196486
-12.623283,4,4.66115
-9.886468,5,4.763799
-15.286251,3,4.866343
-15.233172,3,4.938534
-15.474902,3,5.010696
-14.394791,3,5.265073
-15.286251,3,5.351181
-15.474902,3,5.413495
-15.437172,3,5.478404
-14.556902,3,5.539346
-15.182172,3,5.595267
50.044209,3,5.765028
-14.290712,3,5.851614
49.509749,3,6.223392
-14.417172,3,6.307138
-15.361712,3,6.387432
-15.259712,3,6.474589
52.584439,4,6.590308
-12.725283,4,6.939178
-13.142587,4,7.011007
-13.142587,4,7.08015
-15.219902,3,7.150581
-13.703172,3,7.217911
-15.184251,3,7.293373
-15.641172,3,7.372892
-15.219902,3,7.443822
-15.106712,3,7.534094
-14.215251,3,7.642865
-15.286251,3,7.712332
52.63544,4,8.078269
-15.219902,3,8.136057
-15.565712,3,8.25552
-12.885726,4,8.330291
-15.474902,3,8.408022
-15.565712,3,8.511393
-15.386172,3,8.586122
53.29844,4,8.801285
-15.388251,3,8.90631
-15.780902,3,8.982814
-15.106712,3,9.059554
-9.325468,5,9.168969
-15.474902,3,9.248853
-14.556902,3,9.323485
-15.219902,3,9.392562
-14.621172,3,9.45172
-14.723172,3,9.517534
-15.108791,3,9.819504
-14.621172,3,9.882344
-15.031251,3,10.00027
-13.089726,4,10.14081
52.274717,4,10.589448
-15.474902,3,10.652746
-15.576902,3,10.714368
-15.108791,3,10.977494
-14.760902,3,11.03762
-15.335172,3,11.107459
-15.208712,3,11.218688
-15.361712,3,11.320491
-15.286251,3,11.390479
-15.233172,3,11.462472
-14.215251,3,11.57296
-12.674283,4,11.842828
-15.182172,3,11.92243
-15.080172,3,11.98981
-13.140726,4,12.088268
-12.015004,4,12.207939
-15.576902,3,12.275723
-15.184251,3,12.380049
-15.286251,3,12.515619
-14.341712,3,12.614507
-15.286251,3,12.686411
-15.321902,3,12.754359
-15.182172,3,12.811715
52.070717,4,12.913032
-15.182172,3,12.985598
-15.388251,3,13.106385
-15.312791,3,13.18649
50.784749,3,13.56899
-14.443712,3,13.646285
-14.545712,3,13.777855
-15.463712,3,13.870402
-15.490251,3,13.938734
-12.368283,4,14.23615
-15.004712,3,14.297395
-12.530587,4,14.353474
-15.184251,3,14.442576
-15.474902,3,14.513945
-15.004712,3,14.57708
-14.647712,3,14.646452
-14.545712,3,14.742433
-15.233172,3,14.812623
-13.244587,4,14.88343
-15.233172,3,14.95559
-15.463712,3,15.015619
50.146209,3,15.279732
-15.388251,3,15.374838
52.682718,4,15.651133
-14.572251,3,15.774378
-15.133251,3,15.865557
-15.463712,3,16.001427
-15.743172,3,16.066078
-13.627712,3,16.166418
-10.991283,4,16.536087
-15.208712,3,16.605024
-14.572251,3,16.7993
-15.780902,3,16.870569
-15.106712,3,16.972801
-15.335172,3,17.029977
-15.182172,3,17.097592
56.197733,5,17.22442
-13.703172,3,17.285979
-15.372902,3,17.351284
-14.556902,3,17.428412
-15.055712,3,17.500756
-15.286251,3,17.598869
-14.290712,3,17.711271
-12.224587,4,17.78495
-15.335172,3,17.851593
-15.423902,3,17.934013
-12.885726,4,18.03377
-15.576902,3,18.116039
-15.131172,3,18.172825
-15.284172,3,18.226748
-15.031251,3,18.297847
-12.572282,4,18.6143
-13.740902,3,18.687922
-13.448587,4,18.76271
-15.565712,3,18.866277
-15.539172,3,18.925741
-15.539172,3,18.993961
-15.219902,3,19.049173
-15.210791,3,19.398949
-12.324726,4,19.503098
-13.703172,3,19.569205
49.942209,3,20.060714
-15.576902,3,20.142855
-15.219902,3,20.209273
-14.929251,3,20.395274
-15.082251,3,20.537225
-14.723172,3,20.621061
-15.208712,3,20.68569
-15.463712,3,20.767805
-14.647712,3,20.822443
-14.572251,3,20.940869
-14.658902,3,21.01561
-15.208712,3,21.09027
49.687209,3,21.534037
-15.310712,3,21.627491
-9.937468,5,21.740974
-15.082251,3,21.836266
-15.108791,3,21.987077
-15.361712,3,22.068654
-14.454902,3,22.15072
-15.286251,3,22.240372
-14.292791,3,22.729671
-15.388251,3,22.812518
-14.760902,3,22.876959
-15.539172,3,22.947282
49.789209,3,23.350785
-14.417172,3,23.408397
-14.556902,3,23.471008
-15.463712,3,23.586625
-14.417172,3,23.643197
-14.853791,3,23.723705
-15.066902,3,23.780142
-15.168902,3,23.840343
-15.219902,3,23.90193
-14.723172,3,23.958503
-13.344726,4,24.048753
-14.417172,3,24.113971
-15.031251,3,24.206039
-7.818147,5,24.495429
-14.760902,3,24.55739
-13.242726,4,24.636784
-15.233172,3,24.697
-15.437172,3,24.767135
-13.035004,4,24.990433
-14.341712,3,25.057122
-15.106712,3,25.162583
-12.069726,4,25.255967
-14.368251,3,25.325062
-14.723172,3,25.397694
-15.576902,3,25.492563
-14.723172,3,25.556697
-14.443712,3,25.619889
-15.286251,3,25.824007
-11.807283,4,25.893421
-15.157712,3,25.997378
-15.182172,3,26.066037
-11.199004,4,26.160847
-14.215251,3,26.263132
-15.310712,3,26.362775
-14.290712,3,26.430053
-15.474902,3,26.496908
-12.224587,4,26.5814
-15.388251,3,26.709029
-12.224587,4,26.776252
-13.703172,3,26.839351
-14.368251,3,26.909471
-15.474902,3,26.974154
-15.437172,3,27.049819
-15.210791,3,27.132538
-13.344726,4,27.287665
52.53344,4,27.447092
-15.208712,3,27.550397
-15.414791,3,27.781951
-14.953712,3,27.905443
-14.443712,3,27.976197
-14.953712,3,28.051604
-14.556902,3,28.124968
-11.862004,4,28.191195
-15.259712,3,28.308636
-14.394791,3,28.622546
-15.219902,3,28.691439
-9.654147,5,28.814086
-15.437172,3,28.88653
50.044209,3,29.058024
-15.080172,3,29.123768
-15.286251,3,29.209354
-14.190791,3,29.457129
-15.386172,3,29.514859
-15.057791,3,29.752501
-15.233172,3,29.826294
-15.474902,3,29.899454
-15.210791,3,30.254388
-14.647712,3,30.356049
-15.539172,3,30.42639
-15.414791,3,30.559048
-15.106712,3,30.626945
-14.621172,3,30.696229
-15.157712,3,30.797683
-14.290712,3,30.892922
-15.057791,3,31.340723
-14.647712,3,31.430393
-14.760902,3,31.492533
-15.463712,3,31.575944
-14.403902,3,31.651088
-11.70156,4,32.002885
-13.244587,4,32.188754
-15.667712,3,32.247887
49.789209,3,32.715894
-14.292791,3,32.80007
-15.210791,3,32.92459
-14.853791,3,32.981797
-15.321902,3,33.037428
-15.066902,3,33.104178
-15.565712,3,33.207064
53.29844,4,33.454812
-14.904791,3,33.722906
-14.545712,3,33.788829
-14.368251,3,33.884495
55.498853,5,34.143708
-14.368251,3,34.278307
56.860733,5,34.590827
-15.031251,3,34.692585
-8.874028,5,34.806103
-15.565712,3,34.906233
-12.219004,4,35.025617
-14.519172,3,35.108485
-15.259712,3,35.223155
-12.525004,4,35.585083
-14.647712,3,35.685256
-15.055712,3,35.748529
-14.658902,3,35.81375
-14.572251,3,35.893133
-15.310712,3,35.960941
-12.426726,4,36.058991
-12.069726,4,36.155165
-15.437172,3,36.233893
-15.437172,3,36.298338
-14.290712,3,36.441521
50.809209,3,36.920141
-14.519172,3,36.989406
-15.031251,3,37.081179
-15.286251,3,37.175019
-15.474902,3,37.257123
-15.437172,3,37.336234
-14.403902,3,37.406807
-14.519172,3,37.46909
52.83944,4,37.747459
-14.403902,3,37.809454
-13.552251,3,37.957156
-15.159791,3,38.023603
-15.780902,3,38.102847
-15.259712,3,38.180462
-12.117004,4,38.298734
-15.310712,3,38.377399
-15.388251,3,38.523614
49.840209,3,39.018129
-15.031251,3,39.10417
-15.270902,3,39.175504
-15.080172,3,39.250878
-15.057791,3,39.642735
-15.335172,3,39.719338
-15.108791,3,40.053911
-15.641172,3,40.132708
-15.210791,3,40.466882
-15.743172,3,40.542803
-14.190791,3,41.134063
52.172718,4,41.59465
-15.117902,3,41.666393
49.789209,3,42.161097
-15.592251,3,42.31726
-15.423902,3,42.392713
-15.284172,3,42.453819
-15.031251,3,42.542962
-15.004712,3,42.616549
-15.321902,3,42.69889
-14.496791,3,42.967593
-14.953712,3,43.102359
-14.470251,3,43.170833
-11.862004,4,43.298047
-15.184251,3,43.416748
-14.417172,3,43.501385
-14.621172,3,43.566966
-15.321902,3,43.635806
-15.159791,3,43.787385
-12.887587,4,43.877949
-14.470251,3,44.021692
-14.955791,3,44.336116
-13.740902,3,44.41758
-14.215251,3,44.493894
-12.938587,4,44.576331
-15.388251,3,44.672865
-14.760902,3,44.741646
-15.157712,3,44.861721
-14.572251,3,44.947568
-14.496791,3,45.200195
50.146209,3,45.366058
-15.437172,3,45.43886
-15.321902,3,45.5357
-12.428587,4,45.616152
-11.807283,4,45.911458
-15.082251,3,46.017673
-15.539172,3,46.098413
-15.259712,3,46.209966
-14.341712,3,46.29121
-15.463712,3,46.407997
-9.588028,5,46.576535
49.764749,3,47.035887
-12.887587,4,47.123154
-12.936726,4,47.220587
-11.862004,4,47.336963
52.83944,4,47.548041
-15.108791,3,47.867344
-15.388251,3,48.017291
-14.496791,3,48.353903
-13.242726,4,48.473815
-15.270902,3,48.544553
-15.082251,3,48.668789
-14.454902,3,48.745552
-15.159791,3,48.851362
-15.286251,3,48.981883
-15.743172,3,49.044275
-13.448587,4,49.115546
-15.284172,3,49.191745
-15.182172,3,49.262649
-12.882004,4,49.56373
52.83944,4,49.838996
-15.259712,3,49.971402
-15.117902,3,50.051493
-14.366172,3,50.126693
-15.157712,3,50.218178
-15.386172,3,50.309232
56.911733,5,50.448632
-13.244587,4,50.54081
-15.133251,3,50.790738
-13.446726,4,50.894602
49.585209,3,51.180371
-12.326587,4,51.24898
-14.443712,3,51.320626
-14.341712,3,51.687219
-15.235251,3,51.78265
-12.882004,4,51.888305
-14.658902,3,51.958853
-13.740902,3,52.052875
52.482439,4,52.28019
-14.723172,3,52.367759
-15.743172,3,52.42892
-15.080172,3,52.487421
-14.443712,3,52.614297
-15.423902,3,52.697857
-15.006791,3,52.944142
-14.443712,3,53.031466
-15.388251,3,53.127675
-15.474902,3,53.210032
49.585209,3,53.75148
-14.290712,3,54.051213
53.090717,4,54.37736
-15.117902,3,54.461109
-12.989587,4,54.539053
-14.955791,3,54.850168
-15.423902,3,54.91555
-15.259712,3,55.030157
-15.372903,3,55.111736
-15.031251,3,55.189851
-15.057791,3,55.253577
-15.576902,3,55.327249
-13.244587,4,55.418217
-11.599561,4,55.576595
-15.219902,3,55.651804
-12.41556,4,56.028044
-14.572251,3,56.176857
-15.031251,3,56.316885
-14.454902,3,56.382797
50.146209,3,56.863031
-14.341712,3,56.946282
-14.190791,3,57.102116
-14.519172,3,57.185282
-14.215251,3,57.324273
-15.210791,3,57.601348
-14.190791,3,58.067439
-15.335172,3,58.148046
-14.366172,3,58.244517
-12.780004,4,58.330587
52.686439,4,58.590857
-15.641172,3,58.660769
-14.519172,3,58.734018
-15.029172,3,58.804685
49.789209,3,58.958853
-15.388251,3,59.030732
-14.290712,3,59.103223
-15.131172,3,59.163294
-11.862004,4,59.526589
-15.361712,3,59.614435
-15.106712,3,59.685412
-15.233172,3,59.763882
-14.139791,3,59.997045
-15.565712,3,60.094502
-14.368251,3,60.317497
-15.437172,3,60.381502
-14.496791,3,60.560338
50.044209,3,60.749029
52.686439,4,60.983353
-15.157712,3,61.051018
-14.139791,3,61.164484
-15.133251,3,61.294984
56.188114,6,61.750279
-9.121468,5,61.979412
-14.290712,3,62.081214
-15.565712,3,62.151623
-14.519172,3,62.217745
-14.368251,3,62.325108
-15.335172,3,62.405684
-12.120726,4,62.488441
-15.133251,3,62.628567
-14.394791,3,63.018768
-13.476791,3,63.185611
-11.913004,4,63.271012
-14.572251,3,63.36902
-14.443712,3,63.477031
-14.519172,3,63.553292
-14.139791,3,63.977209
53.192717,4,64.094088
-15.057791,3,64.449587
49.789209,3,64.627267
-15.004712,3,64.739187
-15.270902,3,64.817983
-15.117902,3,64.889136
-15.029172,3,64.97984
-15.208712,3,65.139185
-12.326587,4,65.211599
-13.346587,4,65.270515
-14.454902,3,65.336102
-15.286251,3,65.469003
-15.335172,3,65.542819
-15.372902,3,65.613159
-14.621172,3,65.703548
-15.184251,3,65.818299
-15.270902,3,65.929665
-15.539172,3,66.017958
-15.490251,3,66.160339
-15.259712,3,66.243491
-14.368251,3,66.340961
49.840209,3,66.925775
-15.066902,3,66.987656
-14.403902,3,67.066746
-12.419283,4,67.208884
-15.678902,3,67.299616
-12.428587,4,67.369804
-14.519172,3,67.461398
-15.259712,3,67.539512
-15.361712,3,67.637191
-15.490251,3,67.993879
-15.029172,3,68.066505
-14.496791,3,68.161837
-15.361712,3,68.282895
-15.080172,3,68.343609
-15.414791,3,68.623917
-9.784468,5,68.693733
-15.463712,3,68.76584
-15.539172,3,68.829574
-15.539172,3,68.901896
-14.723172,3,68.972771
49.713749,3,69.424771
50.044209,3,69.563601
-12.623283,4,69.743102
-14.723172,3,69.807979
-15.006791,3,70.155159
-14.290712,3,70.249152
-15.057791,3,70.332057
-11.705283,4,70.739975
-15.641172,3,70.840044
-15.006791,3,71.135561
-15.490251,3,71.215053
-15.474902,3,71.288357
-14.556902,3,71.370673
-15.678902,3,71.44931
-12.827283,4,71.783415
-15.388251,3,71.858812
-15.082251,3,71.998544
-11.599561,4,72.47936
-15.057791,3,72.789021
-14.292791,3,73.111391
-13.140726,4,73.227347
-14.366172,3,73.30972
-15.106712,3,73.379276
-15.157712,3,73.495499
-13.344726,4,73.61315
-15.565712,3,73.717817
-15.133251,3,73.847314
-14.417172,3,73.911762
-14.139791,3,74.240609
-14.496791,3,74.542016
-13.552251,3,74.654209
-14.292791,3,75.158404
-14.556902,3,75.245893
-15.335172,3,75.311248
-15.361712,3,75.398927
-15.490251,3,75.525524
-15.463712,3,75.591694
-15.490251,3,75.663988
-13.446726,4,75.779428
-12.576004,4,75.873183
-15.080172,3,75.94876
-14.190791,3,76.304377
-14.496791,3,76.617829
-14.647712,3,76.904485
-15.388251,3,77.102923
-14.572251,3,77.233776
-13.239004,4,77.733364
-14.394791,3,78.010668
-14.290712,3,78.151307
-14.366172,3,78.265322
-14.454902,3,78.360739
-15.080172,3,78.428703
-15.184251,3,78.513866
-12.428587,4,78.621763
-14.853791,3,78.94628
-14.443712,3,79.039871
-13.035004,4,79.136315
-15.361712,3,79.237894
-13.242726,4,79.366108
-15.361712,3,79.473854
-13.193587,4,79.543502
-13.346587,4,79.630337
-15.159791,3,79.79763
-15.182172,3,79.868145
-15.372902,3,79.94613
-14.139791,3,80.249642
-15.270902,3,80.349647
-14.621172,3,80.417837
55.636733,5,80.721862
-11.705283,4,80.828158
-15.388251,3,80.950879
-15.321902,3,81.039798
-15.286251,3,81.169692
-13.242726,4,81.248816
-14.417172,3,81.32169
-15.004712,3,81.416972
-12.729004,4,81.656189
-15.312791,3,81.721843
-14.215251,3,81.797014
-14.496791,3,82.077211
-15.423902,3,82.137155
-15.006791,3,82.225621
52.478717,4,82.412046
-15.592251,3,82.620106
-15.463712,3,82.693085
-15.208712,3,82.840527
-14.760902,3,82.93069
-15.321902,3,83.014942
-15.310712,3,83.151229
-15.106712,3,83.289093
-14.190791,3,83.405073
-15.414791,3,83.546484
-14.647712,3,83.646704
-15.219902,3,83.729737
-15.284172,3,83.800304
-15.437172,3,83.869059
-14.980251,3,84.04701
-14.366172,3,84.131213
-14.266251,3,84.258538
49.789209,3,84.549954
51.523209,3,84.734056
-15.592251,3,84.959737
53.55344,4,85.072206
-14.545712,3,85.18461
-15.335172,3,85.255882
-15.080172,3,85.347681
-14.139791,3,85.62312
-15.423902,3,85.690161
50.605209,3,86.059617
-15.388251,3,86.156886
-15.372902,3,86.225088
-15.235251,3,86.300321
-15.437172,3,86.370105
-14.417172,3,86.434286
-14.760902,3,86.508413
-15.565712,3,86.59647
-14.139791,3,86.866765
-14.658902,3,86.938863
54.216439,4,87.257492
-14.853791,3,87.348559
-15.335172,3,87.431026
-9.843028,5,87.601333
-15.080172,3,87.676592
-13.035004,4,88.073024
-15.080172,3,88.142124
-15.208712,3,88.269158
-15.133251,3,88.378232
-14.572251,3,88.485862
-15.463712,3,88.647847
-15.210791,3,88.959341
-15.057791,3,89.275307
50.197209,3,89.440377
-14.572251,3,89.529157
-15.082251,3,89.658061
-15.286251,3,90.005526
-15.066902,3,90.093325
-13.035004,4,90.254244
-14.621172,3,90.337951
-15.576902,3,90.427146
-14.658902,3,90.503593
-12.011283,4,90.969886
57.304614,5,92.428794
-14.215251,3,92.563717
-12.011283,4,92.742661
-15.117902,3,92.81325
-13.040587,4,92.881763
-14.341712,3,92.970763
-15.361712,3,93.078688
-14.443712,3,93.180693
-14.658902,3,93.264498
-14.266251,3,93.374616
-15.108791,3,93.757243
-12.428587,4,93.854366
-14.658902,3,93.935539
-13.740902,3,94.018811
-14.658902,3,94.101561
-15.259712,3,94.25524
-14.292791,3,94.392067
-14.366172,3,94.482978
-15.057791,3,94.801304
55.804853,5,95.168551
-14.443712,3,95.288444
-14.403902,3,95.358353
-14.519172,3,95.422006
-15.592251,3,95.489853
-15.219902,3,95.550715
-15.437172,3,95.619901
-15.057791,3,95.873863
-15.437172,3,95.938133
-15.414791,3,96.310455
-15.539172,3,96.404034
50.044209,3,96.904347
53.29844,4,97.34499
-15.235251,3,97.538114
-14.647712,3,97.622577
-14.290712,3,97.725311
-15.259712,3,97.823539
-15.312791,3,98.176441
-15.414791,3,98.458175
-14.545712,3,98.551315
-15.004712,3,98.618274
56.488614,5,98.780403
52.737439,4,99.075124
-15.388251,3,99.28633
-14.802791,3,99.388237
-15.678902,3,99.469035
-12.987726,4,99.587032
-14.519172,3,99.658144
-15.157712,3,99.759358
-13.740902,3,99.836805
-15.184251,3,100.238032
-14.403902,3,100.312227
-13.137004,4,100.59935
-15.474902,3,100.686342
-15.361712,3,100.808198
-15.117902,3,100.876564
-14.215251,3,101.061002
-15.490251,3,101.162462
-14.394791,3,101.470876
-10.090468,5,101.571637
-14.556902,3,101.663548
-14.621172,3,101.744701
-12.317282,4,101.890651
-14.292791,3,102.200919
-12.069726,4,102.315298
-12.428587,4,102.389883
-15.055712,3,102.505177
-15.474902,3,102.600383
-14.366172,3,102.665251
-15.463712,3,102.742143
-13.476791,3,102.843304
-15.361712,3,102.90749
52.482439,4,103.158383
-14.215251,3,103.380619
-15.310712,3,103.472517
-15.414791,3,103.562059
-13.740902,3,103.648148
-15.423902,3,103.733114
-14.519172,3,103.82169
-15.565712,3,103.946769
-15.437172,3,104.02234
-15.168902,3,104.115642
-15.539172,3,104.192126
-15.184251,3,104.318497
-14.139791,3,104.610081
-15.235251,3,104.699008
-15.423902,3,104.76438
-15.312791,3,105.086338
-9.988468,5,105.219642
-15.423902,3,105.28091
-14.190791,3,105.385931
-15.780902,3,105.446622
-15.667712,3,105.559323
-14.723172,3,105.651232
-15.210791,3,105.758161
-15.029172,3,105.845948
-12.324726,4,105.958343
-15.388251,3,106.109681
-15.490251,3,106.241405
-15.108791,3,106.346326
-15.219902,3,106.40723
-15.361712,3,106.487044
-15.284172,3,106.560938
-14.760902,3,106.627006
-15.259712,3,106.744889
-15.743172,3,106.838033
50.427749,3,107.287618
53.29844,4,107.509303
-13.552251,3,107.632867
-13.344726,4,107.789603
-15.565712,3,107.858603
-12.678004,4,107.988141
-15.321902,3,108.064649
-15.361712,3,108.149911
-15.210791,3,108.540935
-12.885726,4,108.689775
-15.678902,3,108.775218
-12.725283,4,109.003466
-14.723172,3,109.070465
50.044209,3,109.58476
-12.219004,4,109.72729
-15.004712,3,109.83358
52.686439,4,109.94174
-14.394791,3,110.181755
52.172718,4,110.486658
-15.310712,3,110.88637
49.509749,3,111.265681
-11.497561,4,111.63381
-13.476791,3,111.962213
-15.516791,3,112.256134
-15.490251,3,112.348807
-13.446726,4,112.490594
-14.647712,3,112.55784
-15.576902,3,112.624514
53.29844,4,112.759218
-15.414791,3,113.263602
-15.082251,3,113.452525
-14.647712,3,113.755767
-13.627712,3,113.827905
-11.705283,4,113.971074
-14.443712,3,114.086519
-14.723172,3,114.165335
-15.057791,3,114.439465
-14.760902,3,114.510851
-14.802791,3,114.841419
-14.403902,3,114.90898
-13.476791,3,114.971706
-14.496791,3,115.328958
-15.159791,3,115.590273
-15.057791,3,115.676044
-12.173587,4,115.769082
-15.057791,3,115.8666
-15.474902,3,115.965353
-15.270902,3,116.043797
-15.678902,3,116.131289
-15.321902,3,116.200901
-14.470251,3,116.313931
-13.703172,3,116.378856
-14.929251,3,116.47777
-15.490251,3,116.607574
-14.853791,3,116.693441
-14.545712,3,116.777064
-15.388251,3,116.921846
-12.619561,4,117.26332
-12.470283,4,117.345662
-15.372903,3,117.405876
-14.519172,3,117.469594
-14.658902,3,117.542267
-14.572251,3,117.679983
-15.780902,3,117.766759
-15.057791,3,118.308736
-14.621172,3,118.384747
-15.423902,3,118.471085
-9.400476,6,118.562317
-14.621172,3,118.654232
-15.335172,3,118.728955
52.38044,4,118.93246
-12.572282,4,119.418034
-15.235251,3,119.80091
52.78844,4,119.881751
-14.454902,3,119.945877
49.942209,3,120.108859
-15.321902,3,120.171993
-15.029172,3,120.240631
-14.760902,3,120.316362
-11.510587,4,120.404077
-15.386172,3,120.480274
-15.108791,3,120.848605
-14.454902,3,120.930837
-12.882004,4,121.269986
-15.286251,3,121.614769
-13.448587,4,121.685464
-14.368251,3,121.833332
-14.723172,3,121.903592
-14.215251,3,122.002739
-12.987726,4,122.075203
52.482439,4,122.155695
52.27844,4,122.31932
-15.539172,3,122.360654
-14.556902,3,122.399747
-15.286251,3,122.46651
-14.929251,3,122.538584
-15.437172,3,122.580017
-14.470251,3,122.641088
-14.403902,3,122.688607
-14.760902,3,122.727828
51.523209,3,122.80461
-12.823561,4,122.911075
49.942209,3,123.157953
52.58444,4,123.210098
-15.270902,3,123.258871
-14.802791,3,123.53467
-15.437172,3,123.580243
-14.572251,3,123.64339
-14.955791,3,123.720499
53.55344,4,123.778638
-13.031283,4,123.983491
-14.496791,3,124.02739
-13.091587,4,124.071987
-12.623283,4,124.246183
-12.572282,4,124.488494
-15.474902,3,124.526352
-15.031251,3,124.605274
49.483209,3,124.785466
-15.592251,3,124.917218
-15.159791,3,125.073945
-12.780004,4,125.136497
-15.335172,3,125.183353
-11.909283,4,125.432325
-14.760902,3,125.470293
-14.139791,3,125.508633
-15.372902,3,125.550046
56.758733,5,125.696403
-15.006791,3,125.80847
-14.394791,3,125.861726
-12.933004,4,125.946048
-12.530587,4,125.995018
56.656733,5,126.158091
-14.417172,3,126.203696
-14.290712,3,126.257804
-15.641172,3,126.303383
-15.516791,3,126.447667
-15.474902,3,126.484212
-13.476791,3,126.65747
-15.437172,3,126.694583
-15.184251,3,126.75324
-14.760902,3,126.800756
-15.423902,3,126.847592
-13.346587,4,126.895401
-14.403902,3,126.935601
-11.510587,4,126.974014
-15.372902,3,127.009813
50.809209,3,127.282414
-15.210791,3,127.425723
-15.576902,3,127.471866
-13.137004,4,127.620679
50.503209,3,127.903438
-15.184251,3,128.098009
-13.703172,3,128.144194
-14.139791,3,128.298465
-14.658902,3,128.342161
-15.286251,3,128.454269
52.78844,4,128.521322
-15.131172,3,128.556281
-14.572251,3,128.603623
-15.286251,3,128.660167
-14.403902,3,128.696737
-15.210791,3,128.877904
-9.858147,5,129.055133
-13.740902,3,129.091742
-14.556902,3,129.127051
-12.222726,4,129.179601
-14.470251,3,129.247607
-12.069726,4,129.299239
-12.732726,4,129.34399
-14.417172,3,129.38847
-13.140726,4,129.435661
-15.335172,3,129.48077
-14.470251,3,129.541939
-14.190791,3,129.736868
53.502439,4,129.894499
-13.476791,3,129.939321
52.482439,4,130.036184
57.049614,5,130.121344
-14.658902,3,130.16167
-14.802791,3,130.304717
-14.904791,3,130.446437
52.682718,4,130.529952
-15.184251,3,130.612515
-15.210791,3,130.758576
54.302767,7,130.956665
-15.335172,3,130.994496
-15.259712,3,131.045717
-13.239004,4,131.084775
-11.913004,4,131.12476
-12.674283,4,131.203825
-15.210791,3,131.404607
-14.470251,3,131.462234
-15.474902,3,131.505432
-13.550587,4,131.558258
-14.802791,3,131.726371
-15.335172,3,131.770899
52.427718,4,131.928719
-14.403902,3,131.965502
-15.321902,3,132.005622
-15.576902,3,132.049701
52.070717,4,132.324698
-12.426726,4,132.376372
-14.139791,3,132.516662
56.095733,5,132.599632
-14.723172,3,132.63643
-15.372902,3,132.681968
-15.678902,3,132.723316
-14.904791,3,132.92365
-15.388251,3,132.996598
52.482439,4,133.141402
-12.426726,4,133.19557
-14.417172,3,133.246679
-13.703172,3,133.305377
-13.193587,4,133.357134
-11.705283,4,133.440676
-13.627712,3,133.480564
-15.219902,3,133.520323
-15.286251,3,133.573577
-15.184251,3,133.761234
-10.039468,5,133.878973
-14.556902,3,133.914007
-14.519172,3,133.950776
-13.140726,4,134.017889
-11.654283,4,134.249888
-13.476791,3,134.291762
-15.031251,3,134.381366
-15.210791,3,134.527678
-15.057791,3,134.665691
52.482439,4,134.720753
-15.576902,3,134.76939
-14.980251,3,134.81522
-13.552251,3,134.89143
-15.388251,3,134.936681
-14.496791,3,135.026979
-14.556902,3,135.079463
-14.572251,3,135.188576
-14.443712,3,135.249829
-15.678902,3,135.285764
-15.108791,3,135.371398
-15.388251,3,135.41761
-15.133251,3,135.743481
-15.029172,3,135.80933
-15.437172,3,135.887348
-15.539172,3,135.967722
-15.414791,3,136.281571
-12.836587,4,136.352718
-14.658902,3,136.427696
-14.658902,3,136.491361
-15.106712,3,136.581295
-15.006791,3,136.679316
-15.312791,3,136.843499
56.947614,5,136.962609
-9.886468,5,137.115211
-14.853791,3,137.363887
-15.108791,3,137.452039
-14.190791,3,137.661243
-15.117902,3,137.735125
52.376717,4,138.144019
-15.057791,3,138.416852
-15.388251,3,138.565438
-13.140726,4,138.750701
-14.519172,3,138.815676
52.27844,4,138.937492
-15.474902,3,138.999201
-14.292791,3,139.306577
-13.740902,3,139.394307
-15.108791,3,139.857443
-15.284172,3,139.951758
-15.219902,3,140.0389
-12.419283,4,140.349468
-14.853791,3,140.67852
50.197209,3,141.27395
50.146209,3,141.433796
-15.133251,3,141.566202
-13.038726,4,141.682091
-14.454902,3,141.747991
55.738733,5,141.850627
-15.235251,3,141.961014
-14.470251,3,142.090655
-15.159791,3,142.182086
-15.133251,3,142.285469
-14.215251,3,142.679055
-15.082251,3,142.797976
-13.040587,4,142.879119
-15.082251,3,142.985058
-14.572251,3,143.201743
-15.437172,3,143.262392
-15.006791,3,143.539685
-14.760902,3,143.62522
-15.437172,3,143.709667
-13.140726,4,143.811642
-14.929251,3,143.906296
-15.233172,3,143.995351
-15.210791,3,144.139302
-15.006791,3,144.416874
-13.244587,4,144.500541
-14.519172,3,144.586545
-14.878251,3,144.679183
-13.703172,3,144.747439
-14.470251,3,144.863661
-11.44656,4,145.038838
-14.266251,3,145.144337
-14.290712,3,145.231599
-13.142588,4,145.464842
52.380439,4,145.679361
-12.530587,4,145.745837
-13.703172,3,145.829696
-15.414791,3,145.920047
-12.428587,4,146.003457
-14.368251,3,146.08892
49.993209,3,146.573557
-14.658902,3,146.638453
-13.035004,4,146.722255
-15.516791,3,146.801869
-14.556902,3,146.868446
-10.141468,5,146.968234
-13.627712,3,147.066391
-12.219004,4,147.284131
-15.386172,3,147.350724
-14.519172,3,147.413922
-14.139791,3,147.47789
-15.182172,3,147.546352
-15.372902,3,147.641903
-12.887587,4,147.715865
-15.210791,3,147.999514
-15.388251,3,148.165456
-15.184251,3,148.623393
-14.723172,3,148.713523
-14.760902,3,148.786138
-14.658902,3,148.862411
-14.647712,3,148.949954
49.789209,3,149.480959
-15.184251,3,149.60006
-14.366172,3,149.676169
-12.262561,4,149.856484
-13.740902,3,149.945182
-11.913004,4,150.077613
-15.131172,3,150.155842
-15.388251,3,150.268488
-14.139791,3,150.543743
-15.286251,3,150.773532
-14.760902,3,150.86817
-12.117004,4,151.315991
-15.539172,3,151.408334
-15.286251,3,151.564905
-13.089726,4,151.691717
-15.361712,3,151.762642
-14.878251,3,151.894481
-14.443712,3,152.009557
-14.658902,3,152.088863
-14.853791,3,152.635148
-15.310712,3,152.708189
-13.193587,4,152.799239
-15.592251,3,152.948503
-12.882004,4,153.459688
-12.827283,4,153.875513
-15.219902,3,153.966958
-14.292791,3,154.107152
-13.244587,4,154.204056
-14.341712,3,154.283648
-14.443712,3,154.350161
-12.262561,4,154.783361
-15.437172,3,154.866827
-15.361712,3,154.956379
-14.292791,3,155.583838
-15.108791,3,155.69071
-15.780902,3,155.772343
-9.246147,5,155.926959
-15.414791,3,156.019932
-14.545712,3,156.129738
-13.448587,4,156.232741
-13.627712,3,156.345864
-15.641172,3,156.434375
-15.321902,3,156.512274
-15.321902,3,156.587027
-11.862004,4,156.874595
-15.210791,3,157.158208
-14.496791,3,157.237776
-15.133251,3,157.309582
-9.741028,5,157.380725
-13.091587,4,157.545919
-14.658902,3,157.624454
-15.210791,3,157.722148
-15.437172,3,157.80005
-14.394791,3,158.080776
-15.233172,3,158.151769
-15.210791,3,158.362339
-15.372902,3,158.423736
-14.647712,3,158.495247
-15.388251,3,158.611132
-15.565712,3,158.686427
-14.366172,3,158.743592
54.216439,4,158.888821
-15.414791,3,158.946444
49.687209,3,159.073005
-15.592251,3,159.14122
-15.592251,3,159.24799
-15.388251,3,159.363903
-15.184251,3,159.482104
-15.437172,3,159.555208
53.55344,4,159.783521
-15.312791,3,159.862619
-14.621172,3,159.921952
-13.476791,3,160.006601
-15.474902,3,160.0682
-14.470251,3,160.171914
-15.031251,3,160.312423
-14.366172,3,160.369634
-15.117902,3,160.442282
-14.454902,3,160.514622
-15.157712,3,160.599259
-12.521283,4,160.744757
-15.312791,3,161.040867
-15.006791,3,161.129991
52.070717,4,161.403853
-15.312791,3,161.67467
-15.117902,3,161.747132
-15.182172,3,161.804213
-15.576902,3,161.872138
-14.470251,3,161.959777
-15.286251,3,162.094603
-14.139791,3,162.35613
52.325717,4,162.56458
-15.388251,3,162.623663
-15.437172,3,162.695505
-14.545712,3,162.784845
56.437614,5,162.876252
-15.576902,3,162.937832
-15.284172,3,162.99402
-14.215251,3,163.113464
-15.057791,3,163.198474
-14.190791,3,163.586982
-15.667712,3,163.644723
-14.496791,3,163.774569
-14.980251,3,163.887502
-14.470251,3,163.953882
-15.133251,3,164.133726
-12.936726,4,164.266766
-15.080172,3,164.338624
-13.140726,4,164.408432
-14.368251,3,164.510266
-15.286251,3,164.633796
-15.210791,3,164.916193
-15.463712,3,165.002359
50.503209,3,165.230825
-15.667712,3,165.314183
56.335614,5,165.431464
55.243853,5,165.771974
-14.368251,3,165.870404
-14.366172,3,165.928547
-15.286251,3,166.039392
49.585209,3,166.447487
-14.853791,3,166.661809
-15.219902,3,166.721397
49.891209,3,166.858568
53.090717,4,167.212681
-9.439771,6,167.289122
-13.552251,3,167.37379
-14.266251,3,167.481785
-14.519172,3,167.540902
-14.878251,3,167.642317
-13.703172,3,167.712261
-14.647712,3,167.795903
-10.047028,5,167.89379
-15.335172,3,167.949913
-12.117004,4,168.16209
50.605209,3,168.323665
-15.414791,3,168.392939
-14.394791,3,168.660802
-14.470251,3,168.760787
-15.184251,3,168.822903
-15.372903,3,168.882505
-15.592251,3,169.065367
53.55344,4,169.169125
-15.565712,3,169.2404
-14.760902,3,169.296186
-15.108791,3,169.554915
-15.641172,3,169.612672
-12.887587,4,169.68198
-14.190791,3,169.764042
-15.539172,3,169.834617
-15.182172,3,169.904821
-15.565712,3,169.969861
-14.556902,3,170.025993
-12.831004,4,170.212832
56.911733,5,170.576867
-15.474902,3,170.649155
57.574733,5,170.805896
-12.933004,4,171.132523
-15.208712,3,171.217308
-14.290712,3,171.282543
-15.259712,3,171.355731
-14.341712,3,171.568848
-14.368251,3,171.862373
-13.740902,3,171.920577
-14.368251,3,172.03395
-14.454902,3,172.094149
-15.210791,3,172.387432
-12.222726,4,172.529802
-15.208712,3,172.617509
-15.592251,3,172.697083
-14.760902,3,172.767832
-14.853791,3,173.06223
52.89044,4,173.175853
-15.055712,3,173.235747
-15.335172,3,173.292566
-14.470251,3,173.377373
-13.552251,3,173.494716
-12.623283,4,173.633971
-14.556902,3,173.707966
-14.341712,3,173.773668
-15.006791,3,174.044262
-14.496791,3,174.298066
-15.361712,3,174.383891
-15.516791,3,174.504724
-14.139791,3,174.606564
-15.678902,3,174.665713
-15.490251,3,174.785943
-14.403902,3,174.842868
-15.066902,3,174.901378
-15.414791,3,175.981725
-13.089726,4,176.13954
52.172717,4,176.586414
-14.496791,3,176.734039
-14.572251,3,176.836251
-15.372902,3,176.917985
-14.496791,3,177.228636
50.860209,3,177.369166
-14.904791,3,177.568597
-15.539172,3,177.64193
-15.286251,3,177.710732
-15.310712,3,177.799052
-15.284172,3,177.872671
-15.641172,3,177.943841
-13.552251,3,178.016228
55.840733,5,178.123475
-14.572251,3,178.299529
57.253614,5,178.347243
-14.496791,3,178.42158
-15.490251,3,178.524942
-15.388251,3,178.639119
-14.403902,3,178.706882
-13.140726,4,178.774039
-15.057791,3,179.042763
-15.386172,3,179.101889
-13.448587,4,179.172292
-14.572251,3,179.305891
-15.082251,3,179.604064
-15.388251,3,179.686257
-14.368251,3,179.753863
-14.190791,3,180.03597
-13.552251,3,180.104609
50.707209,3,180.477242
-15.386172,3,180.54736
-12.015004,4,180.617959
-14.647712,3,180.699133
-12.428587,4,180.758666
-15.678902,3,180.826726
-15.678902,3,180.883995
-15.108791,3,180.964455
-15.235251,3,181.063648
-12.725283,4,181.403671
-12.326587,4,181.484147
-14.519172,3,181.551352
-14.572251,3,181.666212
52.631717,4,181.774027
-14.572251,3,182.06399
-15.474902,3,182.122246
-13.740902,3,182.185521
-15.208712,3,182.25208
-15.235251,3,182.358216
55.549853,5,182.666039
-14.647712,3,182.725603
-15.210791,3,182.801459
-15.372902,3,182.862584
-14.366172,3,182.936699
50.503209,3,183.330123
-14.496791,3,183.417404
-15.592251,3,183.590941
-10.141468,5,183.684046
-9.792028,5,183.848729
-15.474902,3,183.915172
-15.423902,3,183.976979
53.196439,4,184.206699
-15.414791,3,184.446748
-15.388251,3,184.541914
-12.938587,4,184.611152
-15.310712,3,184.694974
-15.414791,3,184.755114
-14.417172,3,184.836653
-15.286251,3,184.947046
-14.955791,3,185.357064
-15.006791,3,185.423188
-15.259712,3,185.486313
-14.760902,3,185.542434
-12.882004,4,185.631159
-15.157712,3,185.719917
-15.539172,3,185.779252
-14.139791,3,185.952121
52.325717,4,186.092608
-15.437172,3,186.148204
-14.621172,3,186.20578
50.784749,3,186.554842
-9.784468,5,186.641715
-14.394791,3,186.902257
-14.266251,3,186.990977
-14.853791,3,187.257915
-14.190791,3,187.532288
-15.208712,3,187.614278
-14.470251,3,187.728454
-14.292791,3,188.192408
-15.592251,3,188.286393
52.482439,4,188.545979
-15.184251,3,188.66579
52.274717,4,188.907786
50.427749,3,189.307922
-15.184251,3,189.636497
-12.933004,4,189.731999
-15.678902,3,189.807515
-15.157712,3,189.897969
-15.159791,3,189.976007
-14.139791,3,190.206496
-14.366172,3,190.27835
-15.474902,3,190.361553
-14.621172,3,190.442369
53.55344,4,190.549817
-14.760902,3,190.637748
-15.321902,3,190.71366
-11.803561,4,191.035335
-14.545712,3,191.140893
-14.394791,3,191.199457
-14.496791,3,191.41986
-15.565712,3,191.548254
-15.576902,3,191.613311
-12.117004,4,191.710499
-13.552251,3,191.81462
-15.565712,3,191.92979
-14.723172,3,192.004435
52.988717,4,192.278682
-15.286251,3,192.37136
-15.259712,3,192.444322
-13.244587,4,192.490074
-15.678902,3,192.534812
-14.853791,3,192.833876
-14.403902,3,192.876287
-14.266251,3,192.94684
-12.674283,4,193.02614
52.482439,4,193.1674
-13.476791,3,193.452193
-15.516791,3,193.626101
-13.552251,3,193.704468
-15.678902,3,193.742031
50.503209,3,193.907181
-15.490251,3,193.974067
-15.490251,3,194.02582
-15.004712,3,194.07829
-14.496791,3,194.15401
-14.621172,3,194.198252
-14.394791,3,194.352076
-15.516791,3,194.442325
-11.909283,4,194.620203
-14.394791,3,194.758191
-14.368251,3,194.943053
-15.286251,3,194.995128
-13.552251,3,195.048685
-15.386172,3,195.09309
-15.780902,3,195.130684
-12.674283,4,195.189265
50.503209,3,195.282467
56.029614,5,195.357351
-13.446726,4,195.404568
49.483209,3,195.496437
-15.678902,3,195.539662
-15.743172,3,195.575199
-14.572251,3,195.61765
-14.621172,3,195.66172
-14.454902,3,195.705281
-13.244587,4,195.740851
-14.394791,3,195.917165
-15.310712,3,195.968006
-15.208712,3,196.021613
-15.284172,3,196.065748
-15.463712,3,196.139963
-14.496791,3,196.195244
52.83944,4,196.366826
-14.215251,3,196.41011
-14.394791,3,196.464047
-15.414791,3,196.511849
-14.496791,3,196.790109
-13.142587,4,196.827304
-14.519172,3,196.871073
-12.576004,4,196.946543
-13.035004,4,197.008216
-14.572251,3,197.12992
-15.516791,3,197.327982
-15.780902,3,197.365417
-14.139791,3,197.547573
-7.736706,6,197.595622
-15.057791,3,197.635458
-11.862004,4,197.734295
-14.496791,3,197.911879
-14.403902,3,197.958438
-15.182172,3,198.002783
-14.470251,3,198.062695
-15.361712,3,198.236023
-15.108791,3,198.506814
-13.703172,3,198.545857
51.523209,3,198.6445
-14.572251,3,198.714123
-14.215251,3,198.781398
52.63544,4,198.820441
-11.406726,4,198.872399
53.29844,4,199.044047
-15.210791,3,199.181273
-15.423902,3,199.21743
-12.678004,4,199.278256
49.789209,3,199.360409
52.482439,4,199.529386
-14.955791,3,199.567962
-15.490251,3,199.677112
-14.290712,3,199.723958
-12.011283,4,199.814074
-13.552251,3,199.888655
-15.184251,3,199.956887
-15.463712,3,200.010196
-14.496791,3,200.164513
-15.312791,3,200.300878
-14.760902,3,200.336093
-14.853791,3,200.472862
-14.760902,3,200.518996
-14.266251,3,200.57309
-15.539172,3,200.612566
-15.082251,3,200.669526
-12.72156,4,200.927701
-13.476791,3,201.187307
-15.361712,3,201.247327
-13.552251,3,201.293991
-15.743172,3,201.337362
-15.678902,3,201.374107
56.392114,6,201.452386
-14.417172,3,201.489205
-14.647712,3,201.530237
-14.139791,3,201.737495
-14.341712,3,201.796057
-13.627712,3,201.853956
-13.476791,3,201.990412
-15.006791,3,202.154754
-11.497561,4,202.24412
-12.831004,4,202.314568
-12.525004,4,202.527204
-15.474902,3,202.574765
-15.312791,3,202.621326
-14.647712,3,202.684066
-15.678902,3,202.721178
-12.674283,4,202.932549
-15.335172,3,202.97109
55.651853,5,203.252771
-15.490251,3,203.435686
-15.667712,3,203.48407
-15.641172,3,203.519362
-14.292791,3,203.65391
52.737439,4,203.878009
-14.496791,3,203.914813
-15.031251,3,204.04098
50.784749,3,204.267978
-14.760902,3,204.306528
49.585209,3,204.4072
-14.292791,3,204.453937
-15.780902,3,204.489506
-14.266251,3,204.530593
-14.394791,3,204.573159
-15.565712,3,204.615966
-15.057791,3,204.779276
53.55344,4,204.925843
-12.623283,4,205.009234
-12.219004,4,205.061816
-14.215251,3,205.171471
-15.286251,3,205.226633
-12.827283,4,205.444547
-13.627712,3,205.503131
-5.900706,6,205.548714
-14.215251,3,205.61796
-13.344726,4,205.669096
-12.530587,4,205.704579
-14.394791,3,205.754055
-12.678004,4,205.942864
-15.259712,3,205.996538
50.146209,3,206.092926
-15.312791,3,206.14482
53.196439,4,206.372246
-15.157712,3,206.408981
50.605209,3,206.666026
-12.827283,4,206.717352
-14.215251,3,206.773936
-14.723172,3,206.8085
-13.552251,3,206.874133
-13.448587,4,206.91018
-15.576902,3,206.948236
-15.414791,3,207.121416
-14.519172,3,207.15802
-13.740902,3,207.203787
50.860209,3,207.467909
-14.658902,3,207.502503
-15.259712,3,207.550536
-15.108791,3,207.823154
-15.108791,3,208.108969
-12.72156,4,208.298877
49.993209,3,208.561639
-10.047028,5,208.609707
-15.057791,3,208.745698
52.27844,4,208.804794
-14.929251,3,208.876101
-14.955791,3,209.011959
-12.831004,4,209.259002
-14.572251,3,209.329731
55.600853,5,209.463892
53.502439,4,209.580094
-12.678004,4,209.649017
55.927614,5,209.725109
-15.641172,3,209.770774
-15.388251,3,209.957702
-15.592251,3,210.034885
-14.572251,3,210.081538
-15.490251,3,210.156681
-14.394791,3,210.243949
-14.139791,3,210.295512
-11.705283,4,210.463833
-14.760902,3,210.501543
-15.108791,3,210.553217
-14.290712,3,210.609298
-15.437172,3,210.644842
-15.235251,3,210.756375
52.380439,4,210.907301
-15.474902,3,210.944229
-15.372902,3,210.989151
-13.346587,4,211.026123
-10.039468,5,211.115932
-15.474902,3,211.159981
-15.361712,3,211.202626
-15.006791,3,211.378112
-15.414791,3,211.514257
-14.341712,3,211.550513
-14.572251,3,211.756528
-12.426726,4,211.837179
-14.190791,3,211.972492
-15.108791,3,212.017057
-15.780902,3,212.060966
-14.139791,3,212.144082
-13.740902,3,212.188735
-14.266251,3,212.242491
-15.286251,3,212.301868
-15.286251,3,212.385478
-12.887587,4,212.451586
-15.474902,3,212.489721
-14.139791,3,212.661362
-15.463712,3,212.708027
-15.474902,3,212.743799
-14.368251,3,212.812461
-14.443712,3,212.850406
-15.210791,3,213.024167
-14.647712,3,213.082934
52.53344,4,213.139905
-15.082251,3,213.207972
-14.658902,3,213.251022
56.488614,5,213.332625
-14.496791,3,213.47183
-15.576902,3,213.508908
-14.556902,3,213.546604
-13.476791,3,213.617978
52.380439,4,213.684078
-15.592251,3,213.726649
-14.292791,3,213.80925
-15.168902,3,213.846666
52.427718,4,214.093268
-15.259712,3,214.13384
-12.219004,4,214.211551
-15.539172,3,214.248095
-15.576902,3,214.283142
-15.565712,3,214.32559
-13.035004,4,214.369177
-14.723172,3,214.404716
-14.647712,3,214.443899
-11.654283,4,214.611086
-12.120726,4,214.688849
-15.080172,3,214.732909
52.172717,4,214.855257
-13.476791,3,215.010473
-15.474902,3,215.056488
-13.239004,4,215.200936
-15.312791,3,215.338167
-15.576902,3,215.382727
-14.658902,3,215.420078
-12.572282,4,215.470156
52.529717,4,215.68601
-15.565712,3,215.730268
-12.011283,4,215.907928
57.161294,6,215.9478
-15.678902,3,215.99295
-14.368251,3,216.034513
-15.286251,3,216.145285
-15.414791,3,216.19486
-14.190791,3,216.37329
-14.139791,3,216.421246
-15.565712,3,216.462599
-15.286251,3,216.50649
-15.057791,3,216.686005
-15.219902,3,216.725056
-15.210791,3,216.952765
-15.184251,3,217.014467
-15.321902,3,217.052704
-14.980251,3,217.135002
52.737439,4,217.198024
-14.366172,3,217.241592
-15.286251,3,217.366241
-12.623283,4,217.538804
-14.454902,3,217.576448
-15.516791,3,217.620506
53.400439,4,217.763275
-14.417172,3,217.80934
-14.802791,3,217.946067
-13.089726,4,218.007151
-14.470251,3,218.119511
-14.215251,3,218.199104
-12.72156,4,218.39009
-15.159791,3,218.46906
-14.955791,3,218.652529
-14.572251,3,218.696804
-15.678902,3,218.734379
-15.474902,3,218.778913
-15.414791,3,218.814452
-15.576902,3,218.852713
-15.361712,3,218.900534
-8.634147,5,219.067182
-12.173587,4,219.114253
-14.368251,3,219.343067
-15.259712,3,219.3953
-14.368251,3,219.442391
-15.437172,3,219.480949
-15.780902,3,219.522507
52.58444,4,219.662344
-12.987726,4,219.702895
-14.572251,3,219.757131
52.53344,4,219.822732
-15.080172,3,219.860327
-13.552251,3,219.928432
-15.057791,3,220.070254
-15.031251,3,220.146871
-12.530587,4,220.190167
-9.231028,5,220.336921
-9.129028,5,220.384492
-14.760902,3,220.430053
-13.091587,4,220.46676
-15.641172,3,220.50284
-15.539172,3,220.546138
-15.474902,3,220.584299
-14.980251,3,220.641508
-14.368251,3,220.709286
-15.414791,3,220.943832
-14.292791,3,220.988001
-15.057791,3,221.032179
53.294717,4,221.134238
52.482439,4,221.197719
49.509749,3,221.422775
53.55344,4,221.532509
-15.321902,3,221.571421
-14.290712,3,221.621903
-14.341712,3,221.675578
-14.366172,3,221.718979
-13.703172,3,221.763299
-15.539172,3,221.807127
-14.955791,3,221.966712
-15.474902,3,222.013273
-14.496791,3,222.179121
-15.219902,3,222.224968
52.53344,4,222.284699
-12.117004,4,222.5462
53.502439,4,222.757214
-14.621172,3,222.805802
-15.361712,3,222.865729
-9.129028,5,222.912685
-15.184251,3,222.977398
-14.496791,3,223.028466
-15.414791,3,223.196093
-11.199004,4,223.252198
-13.446726,4,223.319465
-14.403902,3,223.356841
-15.474902,3,223.400447
-14.519172,3,223.435376
-13.244587,4,223.547336
49.687209,3,223.879187
-14.470251,3,223.952859
56.131614,5,224.028699
-15.004712,3,224.064885
-14.496791,3,224.203051
-13.740902,3,224.246752
-15.004712,3,224.291402
-15.490251,3,224.410924
-15.321902,3,224.449495
-15.361712,3,224.488196
-14.139791,3,224.655218
-15.208712,3,224.691746
-14.366172,3,224.734863
-14.443712,3,224.788068
50.733749,3,225.014082
-14.292791,3,225.178407
-14.904791,3,225.255773
-15.565712,3,225.29143
-14.368251,3,225.360374
-15.259712,3,225.403953
-15.388251,3,225.475275
-14.341712,3,225.535902
-15.286251,3,225.603118
-14.366172,3,225.638868
-15.490251,3,225.751305
-9.070468,5,225.821181
49.789209,3,225.920119
-15.414791,3,226.05462
49.483209,3,226.214706
50.860209,3,226.497726
-13.346587,4,226.541289
-15.463712,3,226.608541
-14.760902,3,226.64608
49.789209,3,226.733161
-8.838147,5,226.95827
-14.215251,3,227.069891
-15.210791,3,227.125789
-15.423902,3,227.1692
-13.627712,3,227.209106
-13.244587,4,227.25419
-15.235251,3,227.327891
52.83944,4,227.472399
-15.321902,3,227.509279
-15.388251,3,227.57449
-12.326587,4,227.611445
-9.043476,6,227.772361
-14.470251,3,227.845399
-15.576902,3,227.882766
-13.627712,3,227.936913
-15.743172,3,227.972886
56.335614,5,228.025637
-14.403902,3,228.061532
-14.760902,3,228.096573
-14.215251,3,228.14877
56.947614,5,228.225404
-14.556902,3,228.261486
-14.572251,3,228.451047
-13.137004,4,228.50518
-14.878251,3,228.582784
-15.565712,3,228.622856
-15.667712,3,228.674948
-14.266251,3,228.805865
52.482439,4,228.879007
-14.290712,3,228.918061
-13.448587,4,228.961873
-14.853791,3,229.09733
-14.760902,3,229.13521
-15.312791,3,229.398261
-15.286251,3,229.5295
-13.703172,3,229.566797
52.380439,4,229.714963
-14.658902,3,229.753047
-15.080172,3,229.788589
-15.286251,3,229.858688
-13.552251,3,229.970088
-15.210791,3,230.138887
-12.530587,4,230.175038
-14.647712,3,230.242517
-13.242726,4,230.318564
55.636733,5,230.550102
-15.743172,3,230.59517
-15.235251,3,230.648024
-15.641172,3,230.682611
-15.057791,3,230.96638
-15.286251,3,231.024389
-15.463712,3,231.185184
-15.210791,3,231.236257
-13.740902,3,231.274365
-15.004712,3,231.318915
-13.740902,3,231.35518
52.482439,4,231.418264
-15.437172,3,231.462963
-14.292791,3,231.618963
-15.388251,3,231.673986
-15.284172,3,231.716056
-15.490251,3,231.946839
-15.576902,3,231.992001
-14.647712,3,232.046661
-14.572251,3,232.089502
-13.137004,4,232.250406
-8.407468,5,232.294929
-15.414791,3,232.331239
-15.667712,3,232.379301
53.502439,4,232.53257
-14.545712,3,232.574972
-15.474902,3,232.613228
-14.417172,3,232.648776
-13.703172,3,232.692732
-15.463712,3,232.73834
-14.953712,3,232.778907
-14.454902,3,232.815954
-14.647712,3,232.860294
50.860209,3,232.935949
-12.933004,4,232.984632
-11.44656,4,233.067368
-15.474902,3,233.104002
-13.142587,4,233.140554
-8.878771,6,233.209763
-15.463712,3,233.262821
-12.732726,4,233.310256
-14.403902,3,233.346305
-15.235251,3,233.389017
-15.286251,3,233.512451
-14.955791,3,233.651758
-14.266251,3,233.715379
-14.760902,3,233.752736
-11.705283,4,233.80438
-15.388251,3,233.849138
-15.157712,3,233.901456
-14.556902,3,233.940691
-14.647712,3,234.00877
-15.184251,3,234.087737
-14.403902,3,234.126428
-14.290712,3,234.201072
-15.490251,3,234.278065
-14.572251,3,234.342282
-13.703172,3,234.378362
50.631749,3,234.612096
-14.658902,3,234.650252
-14.215251,3,234.715418
-14.368251,3,234.792686
-15.490251,3,234.980081
-15.516791,3,235.042859
-14.470251,3,235.26784
57.049614,5,235.392194
-13.242726,4,235.452951
-15.641172,3,235.489007
-15.233172,3,235.525666
-13.476791,3,235.585039
50.860209,3,235.847901
-9.945028,5,236.108398
-15.386172,3,236.145121
-15.490251,3,236.930023
-14.394791,3,237.106417
-14.417172,3,237.142727
-13.142587,4,237.188324
-14.760902,3,237.225093
-15.463712,3,237.270359
57.304614,5,237.353971
-14.545712,3,237.415055
49.840209,3,237.616685
-14.470251,3,237.686276
-14.454902,3,237.731949
-14.470251,3,237.775466
-10.000771,6,237.845215
-14.519172,3,237.884383
50.605209,3,238.159129
-15.159791,3,238.204048
-14.723172,3,238.240736
-15.490251,3,238.313101
-13.703172,3,238.352162
-14.496791,3,238.389321
-15.117902,3,238.426878
-14.470251,3,238.501136
-15.312791,3,238.643287
-13.089726,4,238.703991
-15.310712,3,238.761494
-12.219004,4,238.81064
53.55344,4,238.950037
-12.933004,4,239.165375
-15.437172,3,239.202462
52.53344,4,239.263142
-14.470251,3,239.448641
-13.552251,3,239.5015
-15.667712,3,239.542731
-14.190791,3,239.726391
-13.550587,4,239.762893
-14.454902,3,239.808003
-14.292791,3,239.968508
-13.476791,3,240.105799
-13.476791,3,240.154588
-14.394791,3,240.258056
54.008717,4,240.391375
-9.945028,5,240.449943
-15.641172,3,240.495919
57.304614,5,240.570054
-12.426726,4,240.633252
-14.496791,3,240.781836
-14.368251,3,240.829589
50.529749,3,241.065087
-11.510587,4,241.11016
-12.015004,4,241.292883
-12.929283,4,241.474017
52.584439,4,241.539956
-14.394791,3,241.591756
-15.490251,3,241.709421
-14.545712,3,241.756258
-15.414791,3,241.922629
53.345717,4,242.10116
-15.592251,3,242.15575
-14.556902,3,242.199877
-12.929283,4,242.369506
-14.470251,3,242.59778
56.335614,5,242.650633
-14.496791,3,242.830174
-14.572251,3,242.872429
52.988717,4,242.978024
49.483209,3,243.247757
-15.516791,3,243.298328
-14.496791,3,243.489444
-15.516791,3,243.537995
-13.627712,3,243.591102
-15.133251,3,243.633303
-12.517561,4,243.720212
52.27844,4,243.861191
49.993209,3,244.100783
-15.423902,3,244.138371
-14.556902,3,244.180939
-12.933004,4,244.331599
-14.190791,3,244.510528
-15.004712,3,244.690306
-15.361712,3,244.74598
-14.341712,3,244.782886
-14.470251,3,244.856532
-10.345468,5,244.917284
52.737439,4,244.98441
-15.159791,3,245.122225
-13.740902,3,245.159956
-14.470251,3,245.254082
-15.235251,3,245.312167
-14.647712,3,245.358577
-15.133251,3,245.412859
-14.572251,3,245.540781
-14.292791,3,245.602601
-14.394791,3,245.742183
49.840209,3,246.009546
-13.740902,3,246.047378
-15.667712,3,246.090882
-14.572251,3,246.16105
-15.565712,3,246.206751
-15.108791,3,246.251854
-14.556902,3,246.296633
-15.182172,3,246.333155
-15.576902,3,246.368849
-15.539172,3,246.414412
-14.621172,3,246.452971
-15.312791,3,246.715736
-14.953712,3,246.777444
-14.723172,3,246.82149
-11.803561,4,247.018976
50.427749,3,247.246905
-14.496791,3,247.415094
-15.312791,3,247.503035
-15.312791,3,247.5571
53.345717,4,247.769511
-15.565712,3,247.948886
50.503209,3,248.182689
52.070717,4,248.303384
50.197209,3,248.421157
-14.139791,3,248.556854
59.099294,6,248.602905
-14.417172,3,248.64107
55.840733,5,248.760478
-10.991283,4,248.836073
-15.286251,3,248.909991
50.503209,3,249.177966
-15.539172,3,249.21501
-15.312791,3,249.260575
-14.443712,3,249.299628
-15.235251,3,249.367004
-15.414791,3,249.554301
-14.658902,3,249.592432
-14.545712,3,249.629714
52.27844,4,249.701228
52.274717,4,249.860709
-12.313561,4,250.162286
-14.572251,3,250.282793
-12.783726,4,250.409398
-15.270902,3,250.484527
-14.454902,3,250.565206
50.860209,3,250.771604
-14.496791,3,250.967279
-14.853791,3,251.17455
58.283294,6,251.248285
-15.208712,3,251.322197
-15.388251,3,251.367219
54.008717,4,251.606155
-14.417172,3,251.668286
-13.346587,4,251.72908
-12.011283,4,251.911145
-15.159791,3,251.969908
-14.760902,3,252.00901
-14.496791,3,252.191925
54.216439,4,252.26975
-14.190791,3,252.308289
-15.108791,3,252.594729
-14.955791,3,252.739597
-15.335172,3,252.776713
-14.572251,3,252.834831
-15.131172,3,252.882556
-15.576902,3,252.927443
-12.173587,4,252.966085
49.483209,3,253.22557
-13.476791,3,253.272153
-14.215251,3,253.314343
-13.703172,3,253.352035
54.216439,4,253.50239
-15.184251,3,253.587898
-12.368283,4,253.752902
-12.623283,4,253.944504
53.29844,4,254.121201
-15.414791,3,254.298885
-12.619561,4,254.386111
49.687209,3,254.549758
51.968717,4,254.762683
-14.760902,3,254.800244
-14.266251,3,254.918695
-15.312791,3,255.056388
-15.312791,3,255.232543
57.967614,5,255.406445
50.860209,3,255.516031
-14.496791,3,255.579924
-12.674283,4,255.79628
-14.190791,3,255.884913
49.064059,8,256.101608
-12.219004,4,256.146696
-14.394791,3,256.309578
-15.539172,3,256.354818
-8.532147,5,256.632848
-14.647712,3,256.676179
-14.292791,3,256.844159
-12.324726,4,256.941243
-15.184251,3,257.003559
-15.312791,3,257.049485
-14.215251,3,257.117754
-13.476791,3,257.302332
-15.210791,3,257.40048
-13.448587,4,257.437521
-14.266251,3,257.485121
-15.312791,3,257.521612
-12.011283,4,257.605299
-14.366172,3,257.65196
-14.572251,3,257.788414
-15.386172,3,257.825473
-14.394791,3,257.961162
-15.208712,3,258.009098
-14.394791,3,258.153268
-14.572251,3,258.219125
-13.627712,3,258.266915
-15.210791,3,258.318988
-15.286251,3,258.368681
-15.210791,3,258.507209
-14.139791,3,258.674968
-15.286251,3,258.863427
50.860209,3,259.679554
-15.210791,3,260.119649
-15.159791,3,260.705522
-9.247476,6,261.033202
51.523209,3,261.352589
-13.627712,3,261.427089
-14.292791,3,261.733232
-15.490251,3,261.840882
-13.344726,4,261.981748
-15.516791,3,262.12029
-11.705283,4,262.292074
-15.463712,3,262.356164
-15.780902,3,262.436769
49.585209,3,262.618536
-9.231028,5,262.710109
-14.266251,3,262.843523
-14.572251,3,262.969944
-12.011283,4,263.298759
52.53344,4,263.472712
-12.623283,4,263.627551
-15.388251,3,263.715964
-13.346587,4,263.782824
-14.496791,3,264.121938
52.380439,4,264.378443
52.380439,4,264.532092
-13.344726,4,264.618835
-15.490251,3,264.730587
-15.312791,3,264.972021
-15.082251,3,265.144448
-12.623283,4,265.274699
56.674704,6,265.629963
-12.428587,4,265.738534
-14.545712,3,265.849936
-12.326587,4,265.917964
52.176439,4,266.373015
-14.496791,3,266.695571
49.687209,3,267.240017
53.29844,4,267.353598
49.713749,3,267.842345
52.176439,4,268.35847
-15.474902,3,268.459885
-15.474902,3,268.543252
-9.363267,5,268.720254
-15.592251,3,268.838936
-15.080172,3,268.917224
50.605209,3,269.458564
-15.678902,3,269.537082
-13.476791,3,269.879782
-15.437172,3,269.949719
-14.647712,3,270.051558
-14.470251,3,270.18519
-13.740902,3,270.267164
50.860209,3,270.454484
52.53344,4,270.713655
-15.667712,3,270.807212
-15.463712,3,270.911579
52.53344,4,271.187791
-14.621172,3,271.286287
52.482439,4,271.482595
-13.552251,3,271.616799
-13.552251,3,271.687489
-14.572251,3,271.788291
-14.443712,3,271.92075
-15.386172,3,271.990462
-14.139791,3,272.301943
50.503209,3,272.483033
50.860209,3,272.658244
51.968717,4,272.833513
-14.723172,3,272.925436
-14.496791,3,273.051955
-13.703172,3,273.135249
-15.592251,3,273.48575
-14.417172,3,273.590076
-13.244587,4,273.703053
-15.312791,3,273.989821
-15.210791,3,274.305375
-15.335172,3,274.382077
-15.335172,3,274.445317
-15.576902,3,274.544339
-12.823561,4,274.88317
-9.654147,5,275.060156
-12.173587,4,275.147539
-15.641172,3,275.218804
-15.159791,3,275.598161
56.911733,5,275.803219
-15.131172,3,275.897363
56.911733,5,276.02959
-14.290712,3,276.132232
-14.545712,3,276.198411
-14.368251,3,276.333684
54.59938,7,276.760458
-15.780902,3,276.832212
-15.006791,3,277.081743
53.090717,4,277.481201
-14.760902,3,277.557757
-15.210791,3,277.667948
-14.368251,3,277.824443
-15.184251,3,278.195892
-9.886468,5,278.320756
-14.366172,3,278.392415
-14.190791,3,278.672186
-15.133251,3,278.8371
50.605209,3,279.007206
57.304614,5,279.130999
53.400439,4,279.399579
-15.159791,3,279.685825
-15.474902,3,279.775855
-12.780004,4,279.844664
-9.363267,5,280.320515
-15.437172,3,280.396318
-15.386172,3,280.462779
50.044209,3,280.756757
-14.658902,3,280.84166
-14.723172,3,280.907913
-14.572251,3,280.999069
50.860209,3,281.185495
-14.760902,3,281.249309
-12.120726,4,281.33059
49.789209,3,281.806039
-15.743172,3,281.866153
-14.266251,3,281.950204
-15.235251,3,282.040266
-14.647712,3,282.129867
-14.470251,3,282.25689
-13.193587,4,282.326978
-12.428587,4,282.383215
-15.310712,3,282.477138
52.737439,4,282.596241
-15.235251,3,282.761977
-14.496791,3,283.06948
-15.388251,3,283.412505
-15.667712,3,283.490866
-13.031283,4,283.635258
-12.678004,4,283.745252
-15.516791,3,283.826679
52.482439,4,284.079697
54.216439,4,284.390436
-14.572251,3,284.534687
-15.286251,3,284.656417
-14.470251,3,284.752553
-15.184251,3,284.830902
-15.474902,3,284.89833
57.490704,6,285.027794
-13.476791,3,285.202303
-14.496791,3,285.517586
-15.361712,3,285.580352
-14.647712,3,285.677067
-14.647712,3,285.762359
-14.955791,3,285.858295
52.27844,4,285.990226
-12.324726,4,286.097548
-12.224587,4,286.182138
-14.556902,3,286.270869
-10.991283,4,286.350676
-13.031283,4,286.500923
-14.658902,3,286.570751
-14.341712,3,286.841547
-14.955791,3,286.941317
-15.082251,3,287.038895
-15.057791,3,287.39136
-14.496791,3,287.46568
-8.878771,6,287.568798
-13.550587,4,287.65294
-15.743172,3,287.755799
-15.592251,3,287.887026
-14.368251,3,288.065498
-13.703172,3,288.145703
-13.137004,4,288.50169
-15.108791,3,288.574488
-15.182172,3,288.650608
-15.210791,3,288.736107
-13.137004,4,288.844869
-14.572251,3,288.99725
58.181294,6,289.15836
-15.592251,3,289.27917
-14.853791,3,289.587986
54.59938,7,289.9785
51.447749,3,290.359993
-13.740902,3,290.429867
-14.647712,3,290.537004
-15.006791,3,290.621699
-12.674283,4,291.015234
-14.215251,3,291.103527
-8.913886,6,291.604838
-13.552251,3,291.711528
50.707209,3,291.869407
-15.286251,3,291.957965
-14.496791,3,292.226507
-15.210791,3,292.30219
-14.366172,3,292.361315
-15.321902,3,292.450109
-14.470251,3,292.546068
-14.760902,3,292.610152
-14.878251,3,292.691791
56.250154,7,292.781776
-14.723172,3,292.845479
-14.621172,3,292.916269
52.176439,4,293.190241
-11.70156,4,293.371149
56.758733,5,293.642678
57.967614,5,293.785394
-15.159791,3,293.873033
52.376717,4,294.172266
-15.388251,3,294.351792
-13.703172,3,294.411054
52.27844,4,294.681645
-14.215251,3,294.772574
-15.208712,3,294.914454
57.161294,6,295.00012
-14.443712,3,295.098123
-9.588028,5,295.19747
-14.572251,3,295.543453
-15.490251,3,295.669714
-15.312791,3,296.007709
50.860209,3,296.471167
-14.572251,3,296.617711
-14.760902,3,296.714031
-14.394791,3,296.808483
-13.703172,3,296.884715
-14.980251,3,296.978393
56.947614,5,297.138516
-15.361712,3,297.254465
-14.292791,3,297.352204
-11.909283,4,297.746965
50.503209,3,298.156837
-12.011283,4,298.431755
52.27844,4,298.581959
-15.386172,3,298.643382
-12.530587,4,298.688707
-14.723172,3,298.729421
-15.286251,3,298.779505
49.483209,3,299.034852
-13.137004,4,299.11299
-15.312791,3,299.259655
-15.743172,3,299.306452
-15.210791,3,299.380609
-15.414791,3,299.444592
57.773294,6,299.514582
49.585209,3,299.624737
-9.690028,5,299.687829
-14.403902,3,299.727147
-15.463712,3,299.774495
-12.16056,4,299.997976
-15.539172,3,300.037595
-15.490251,3,300.115723
-15.386172,3,300.157838
-15.159791,3,300.226626
-12.929283,4,300.31758
-15.780902,3,300.362799
-14.394791,3,300.55842
-14.470251,3,300.61914
-14.139791,3,300.675385
-15.388251,3,300.739224
52.482439,4,300.872937
-14.341712,3,300.929845
-14.139791,3,300.978661
-14.496791,3,301.039664
-15.235251,3,301.131106
-14.190791,3,301.338516
-15.414791,3,301.631156
-14.368251,3,301.713528
-14.496791,3,301.913368
-14.215251,3,301.990569
-15.576902,3,302.042026
-15.386172,3,302.084531
-8.407468,5,302.175634
-14.341712,3,302.229621
-14.470251,3,302.288602
-15.066902,3,302.330672
-15.423902,3,302.372202
57.365294,6,302.4446
-13.142587,4,302.493852
-11.510587,4,302.534765
-15.474902,3,302.575603
-14.215251,3,302.651042
53.55344,4,302.733545
-14.621172,3,302.78488
-14.368251,3,302.852495
-14.470251,3,302.932188
-12.619561,4,303.03168
-13.448587,4,303.072568
-15.423902,3,303.115001
-15.080172,3,303.156005
54.216439,4,303.385611
-15.235251,3,303.455904
-14.139791,3,303.598976
-15.108791,3,303.745756
52.83944,4,303.983687
-15.108791,3,304.05181
-12.725283,4,304.148823
-15.286251,3,304.226486
-13.089726,4,304.277524
-14.545712,3,304.334841
-15.780902,3,304.383088
-14.215251,3,304.445902
-10.447468,5,304.516888
-14.647712,3,304.56484
-13.476791,3,304.758301
-13.740902,3,304.797093
-13.627712,3,304.844869
-15.361712,3,304.899958
-15.210791,3,305.083665
-14.496791,3,305.230546
-14.572251,3,305.305929
53.196439,4,305.370775
52.070717,4,305.599593
53.196439,4,305.776207
49.509749,3,306.010139
-15.414791,3,306.078625
-15.286251,3,306.129846
-15.414791,3,306.18202
-14.292791,3,306.285215
-15.361712,3,306.325933
-14.723172,3,306.365098
-14.519172,3,306.412024
-9.843028,5,306.465287
-15.210791,3,306.60861
-14.496791,3,306.663266
-15.490251,3,306.740448
-13.346587,4,306.780904
-13.476791,3,306.947772
-14.621172,3,306.987734
-15.490251,3,307.051778
-11.199004,4,307.094519
-15.286251,3,307.172697
-15.108791,3,307.402024
-15.006791,3,307.587918
-14.215251,3,307.633845
-12.783726,4,307.680579
-14.496791,3,307.866647
-14.496791,3,307.922368
52.176439,4,308.002632
-14.368251,3,308.058657
-15.312791,3,308.145555
53.090717,4,308.245248
-14.556902,3,308.290973
-15.312791,3,308.437391
-14.647712,3,308.495606
-15.516791,3,308.551651
-15.678902,3,308.603913
-14.139791,3,308.670548
-15.321902,3,308.710946
-14.292791,3,308.859019
-14.394791,3,309.052861
-14.929251,3,309.113384
-13.476791,3,309.299148
-14.368251,3,309.368156
-15.259712,3,309.441575
53.196439,4,309.605518
-15.312791,3,309.771243
55.243853,5,309.913736
50.503209,3,310.180117
52.172718,4,310.336637
-14.454902,3,310.383547
-15.592251,3,310.443124
-15.641172,3,310.490203
-14.394791,3,310.701243
-14.215251,3,310.794513
56.131614,5,310.875808
-14.545712,3,310.933676
50.809209,3,311.214991
-14.266251,3,311.445299
-15.057791,3,311.525363
-12.069726,4,311.593307
-14.394791,3,311.63194
-15.235251,3,311.708431
-14.417172,3,311.756598
-15.576902,3,311.798932
57.031704,6,311.838866
-11.510587,4,311.886157
-13.476791,3,311.925142
-15.490251,3,311.98614
-14.470251,3,312.102945
-14.139791,3,312.177879
-15.057791,3,312.332997
-12.936726,4,312.381983
-15.157712,3,312.444513
-15.157712,3,312.489076
-11.44656,4,312.769875
52.376717,4,313.043317
-12.882004,4,313.270712
-15.082251,3,313.353967
-15.423902,3,313.393628
-15.414791,3,313.473281
-13.627712,3,313.516463
-14.496791,3,313.591302
-15.780902,3,313.629228
-12.426726,4,313.682079
-14.556902,3,313.728412
-15.388251,3,313.845429
-15.372902,3,313.892749
-14.621172,3,313.931575
-15.414791,3,313.994826
-14.496791,3,314.165299
53.55344,4,315.24169
58.181294,6,315.321049
-15.474902,3,315.361334
-14.723172,3,315.408349
-12.011283,4,315.493174
-15.463712,3,315.564958
-14.366172,3,315.610532
57.490704,6,315.766468
49.611749,3,316.003476
-13.627712,3,316.075841
-13.740902,3,316.114947
-11.807283,4,316.203815
-13.476791,3,316.390376
-14.760902,3,316.439809
-14.496791,3,316.498994
-14.621172,3,316.546918
53.29844,4,316.622039
-14.290712,3,316.659782
-15.423902,3,316.697057
-12.530587,4,316.744706
56.554733,5,316.818744
-15.108791,3,316.962691
-14.496791,3,317.106041
-14.290712,3,317.281711
-15.210791,3,317.463629
56.284614,5,317.542726
-14.139791,3,317.626031
-14.496791,3,317.816989
-15.006791,3,317.980882
-14.470251,3,318.027931
-14.760902,3,318.066802
52.78844,4,318.1314
53.196439,4,318.364643
-14.572251,3,318.410702
-15.437172,3,318.448761
-15.388251,3,318.506883
-15.592251,3,318.562469
-14.496791,3,318.728493
54.216439,4,318.79862
50.529749,3,319.029996
-14.394791,3,319.236064
50.809209,3,319.518443
-13.740902,3,319.566029
55.840733,5,319.731741
49.483209,3,320.01826
-14.266251,3,320.093439
-14.760902,3,320.140022
-13.552251,3,320.257321
57.592704,6,320.392516
-14.368251,3,320.524717
57.967614,5,320.605615
-14.955791,3,320.802526
-6.920706,6,320.835075
-14.394791,3,320.881657
-12.262561,4,320.968793
53.502439,4,321.042894
-12.428587,4,321.082278
-7.960771,6,321.230522
54.216439,4,321.297122
-15.423902,3,321.335785
-15.667712,3,321.390237
-14.572251,3,321.4504
-14.190791,3,321.503459
57.922114,6,321.5884
52.89044,4,321.670305
-14.190791,3,321.70786
52.83944,4,321.867259
-15.423902,3,321.905382
-15.386172,3,321.951863
-13.552251,3,322.08382
-13.089726,4,322.149452
-12.823561,4,322.239528
-15.678902,3,322.27888
-13.740902,3,322.31571
-14.519172,3,322.353217
52.27844,4,322.500905
-15.592251,3,322.549319
-13.552251,3,322.684733
-14.496791,3,322.749374
-15.108791,3,323.033203
55.026154,7,323.156974
-14.647712,3,323.218552
-12.72156,4,323.490762
-14.647712,3,323.551434
-14.394791,3,323.693218
-14.190791,3,323.881539
-13.552251,3,323.926596
50.503209,3,324.011013
-14.658902,3,324.049146
-15.414791,3,324.135674
52.380439,4,324.366514
57.967614,5,324.448861
-15.159791,3,324.502943
-15.312791,3,324.55302
-15.372902,3,324.592059
-14.658902,3,324.638139
53.29844,4,324.757378
-14.394791,3,324.937668
-14.723172,3,324.975731
50.605209,3,325.085397
54.216439,4,325.31466
-14.760902,3,325.352017
-14.496791,3,325.55587
-14.658902,3,325.592904
49.407749,3,325.829959
-11.510587,4,325.868432
50.503209,3,325.953519
-15.310712,3,326.008602
-14.292791,3,326.067151
-6.818706,6,326.142707
-15.210791,3,326.181272
-15.539172,3,326.21883
-15.006791,3,326.356534
-15.565712,3,326.418952
-8.53646,7,326.468033
-15.286251,3,326.523101
-14.556902,3,326.562176
-11.803561,4,326.648309
-15.210791,3,326.806845
56.029614,5,326.890459
-14.519172,3,326.92803
-12.011283,4,327.012442
-11.654283,4,327.172597
-15.388251,3,327.288721
-14.658902,3,327.335782
-13.476791,3,327.497459
-14.572251,3,327.547029
52.686439,4,327.694688
-15.310712,3,327.749272
-15.490251,3,327.804835
-15.516791,3,327.988533
49.713749,3,328.225935
-14.470251,3,328.270002
-15.576902,3,328.317058
-15.210791,3,328.490792
-12.326587,4,328.530909
49.840209,3,328.699601
-14.394791,3,328.748161
54.216439,4,328.898832
-14.496791,3,329.177674
-14.417172,3,329.226739
-15.641172,3,329.273804
-14.556902,3,329.31286
52.176439,4,329.391458
-14.572251,3,329.438525
49.483209,3,329.694795
-13.476791,3,329.889772
53.196439,4,330.037817
50.503209,3,330.325845
53.29844,4,330.403129
-15.159791,3,330.573309
-13.242726,4,330.630032
-14.341712,3,330.694106
-15.490251,3,330.86106
-14.496791,3,330.915795
-14.496791,3,331.061904
53.345717,4,331.338851
-13.552251,3,331.393409
-12.827283,4,331.633235
49.789209,3,331.8558
-15.780902,3,331.901044
49.789209,3,332.143403
50.605209,3,332.415377
-12.61956,4,332.719363
-14.368251,3,332.800993
-15.539172,3,332.849584
-14.723172,3,332.902451
-15.667712,3,332.949376
-13.476791,3,333.14025
-12.530587,4,333.190331
-14.572251,3,333.245902
-14.454902,3,333.284959
-15.474902,3,333.33352
50.197209,3,333.433291
-14.556902,3,333.472399
-15.286251,3,333.605927
49.891209,3,333.898319
50.605209,3,334.162773
-14.572251,3,334.273416
52.529717,4,334.380407
-13.476791,3,334.429645
-11.70156,4,334.518161
-14.572251,3,334.573544
-14.572251,3,334.662995
-13.476791,3,334.837397
-13.091587,4,334.886648
53.196439,4,335.035136
-11.497561,4,335.123272
-14.215251,3,335.191908
-13.137004,4,335.311154
-14.572251,3,335.509
-8.838147,5,335.691196
-12.426726,4,335.744769
-11.909283,4,335.956514
-15.667712,3,336.012594
51.523209,3,336.198822
-14.572251,3,336.261577
-15.310712,3,336.321161
-15.388251,3,336.516437
-15.386172,3,336.556473
-15.490251,3,336.634067
56.641614,5,336.712244
-15.312791,3,336.893512
57.967614,5,337.066706
-11.510587,4,337.10582
-14.572251,3,337.257382
-13.627712,3,337.458566
55.534733,5,337.609243
-15.516791,3,337.755521
53.345717,4,337.91238
52.380439,4,338.072604
-13.740902,3,338.111822
-15.312791,3,338.158633
59.099294,6,338.201177
-14.292791,3,338.248342
54.008717,4,338.399683
-14.290712,3,338.457345
-14.368251,3,338.582088
-14.658902,3,338.622421
-14.878251,3,338.671498
-13.140726,4,338.733228
-15.743172,3,338.773144
-12.011283,4,338.861941
-9.427468,5,338.938298
-15.312791,3,339.12181
-15.592251,3,339.238369
-12.827283,4,339.476795
-12.011283,4,339.565477
-15.361712,3,339.644065
-14.394791,3,339.727682
-15.388251,3,339.796069
-13.476791,3,339.966965
-15.159791,3,340.145802
-15.057791,3,340.313287
57.967614,5,340.506224
-15.592251,3,340.586154
-14.190791,3,340.735045
-8.736147,5,340.947228
56.911733,5,340.991854
53.090717,4,341.175225
-15.780902,3,341.217537
-14.292791,3,341.269737
-13.703172,3,341.310293
52.176439,4,341.385679
-13.740902,3,341.425292
-13.476791,3,341.499876
52.58444,4,341.643169
-14.403902,3,341.68323
56.131614,5,341.811417
-13.552251,3,341.930624
52.27844,4,342.046323
-14.368251,3,342.092412
-14.904791,3,342.140129
-15.031251,3,342.252307
-15.667712,3,342.310014
53.55344,4,342.395585
55.345853,5,342.699512
-12.011283,4,342.940399
-15.259712,3,343.011279
-12.015004,4,343.079505
-14.496791,3,343.24262
-12.011283,4,343.39289
-11.913004,4,343.44802
49.585209,3,343.538896
54.216439,4,343.661382
-14.292791,3,343.737474
49.713749,3,343.97479
-14.292791,3,344.191992
-15.743172,3,344.242149
57.490704,6,344.296408
56.947614,5,344.369311
-11.913004,4,344.512382
-11.913004,4,344.58112
58.079294,6,344.651209
54.216439,4,344.807501
-12.530587,4,344.85594
-14.496791,3,345.015073
-14.266251,3,345.061787
50.860209,3,345.35291
52.27844,4,345.413723
50.044209,3,345.650146
-15.210791,3,345.690869
-15.361712,3,345.755028
-14.621172,3,345.803732
-15.159791,3,345.953132
-15.388251,3,346.006769
-14.572251,3,346.079946
-10.991283,4,346.308378
-13.091587,4,346.357602
50.503209,3,346.640861
-11.803561,4,346.835652
-14.621172,3,346.873919
-15.082251,3,346.919603
-15.490251,3,346.994817
50.503209,3,347.266029
56.284614,5,347.348602
-11.406726,4,347.506138
-12.929283,4,347.727926
-14.496791,3,347.906018
-15.312791,3,347.953888
-14.417172,3,348.003347
-15.159791,3,348.18478
-14.572251,3,348.230841
-12.426726,4,348.301924
-15.743172,3,348.350801
-12.262561,4,348.648074
-12.326587,4,348.69517
58.079294,6,348.738953
50.503209,3,349.009678
-15.133251,3,349.081759
-14.572251,3,349.140848
-15.414791,3,349.193708
-15.182424,8,349.392416
-14.394791,3,349.583217
-15.310712,3,349.637301
-12.619561,4,349.722496
58.079294,6,349.803974
-14.647712,3,349.852278
51.523209,3,350.19703
-12.219004,4,350.410308
56.76954,7,350.466072
-15.780902,3,350.512208
52.63544,4,350.588814
-11.70156,4,350.800465
53.29844,4,351.038252
53.400439,4,351.283713
52.53344,4,351.439414
-15.210791,3,351.635171
-15.743172,3,351.673758
-15.159791,3,351.815962
-13.344726,4,351.893377
-15.335172,3,351.942111
-15.592251,3,352.02371
52.482439,4,352.24808
56.947614,5,352.407233
-14.496791,3,352.469928
-11.70156,4,352.787815
-13.627712,3,352.837943
-15.423902,3,352.877141
-15.423902,3,352.923178
-14.496791,3,353.060037
-15.233172,3,353.10508
-11.406726,4,353.169694
-9.223468,5,353.226254
-10.149028,5,353.279829
-12.989587,4,353.317881
-11.803561,4,353.587351
-11.909283,4,353.66899
-15.210791,3,353.74304
-15.159791,3,353.882321
-15.210791,3,354.058815
50.503209,3,354.241514
-14.496791,3,354.378306
-14.443712,3,354.441394
-14.572251,3,354.503745
-15.312791,3,354.556319
-14.723172,3,354.594372
-12.324726,4,354.636655
-13.476791,3,354.775385
-13.031283,4,354.826944
-14.760902,3,354.865986
-13.476791,3,354.917546
-11.406726,4,355.018192
-14.139791,3,355.066284
-14.290712,3,355.106866
-14.368251,3,355.190178
56.554733,5,355.331821
50.503209,3,355.473512
56.947614,5,355.545087
-15.108791,3,355.725222
-15.414791,3,355.893404
52.27844,4,355.951972
-13.448587,4,355.997026
-14.760902,3,356.033564
-14.572251,3,356.09064
-15.565712,3,356.137706
-8.760886,6,356.223304
-14.658902,3,356.260848
-14.658902,3,356.299909
-13.476791,3,356.465634
-10.149028,5,356.533511
-14.496791,3,356.710361
-15.490251,3,356.755221
-9.988468,5,356.956589
55.927614,5,357.008658
-13.137004,4,357.258556
-13.627712,3,357.305086
-14.658902,3,357.353713
-12.72156,4,357.437501
-10.345468,5,357.489651
-8.623771,6,357.651682
53.196439,4,357.879478
-15.414791,3,358.146278
-13.476791,3,358.342809
-15.437172,3,358.390394
-15.490251,3,358.48751
-15.210791,3,358.664288
-14.394791,3,358.714356
-14.139791,3,358.900499
-12.623283,4,358.978235
-13.346587,4,359.110286
-10.243468,5,359.167907
-15.006791,3,359.30935
-14.454902,3,359.357294
-15.108791,3,359.400876
-15.539172,3,359.439725
-12.834726,4,359.480294
-14.723172,3,359.525438
-13.552251,3,359.583497
-15.159791,3,359.631056
-14.572251,3,359.699159
-15.057791,3,359.85865
52.27844,4,360.012056
-14.647712,3,360.053382
-14.470251,3,360.108237
-13.552251,3,360.182473
52.325717,4,360.387413
-14.723172,3,360.433969
-15.159791,3,360.613586
-15.388251,3,360.699933
-9.427468,5,360.74667
-13.552251,3,360.924919
-11.199004,4,361.126887
53.55344,4,361.186454
-14.292791,3,361.318635
-14.572251,3,361.388865
-13.476791,3,361.536519
-15.386172,3,361.587087
-15.780902,3,361.628656
-14.470251,3,361.761305
53.196439,4,361.912751
-13.740902,3,361.953795
52.380439,4,362.068431
-13.476791,3,362.132007
-13.476791,3,362.289478
57.967614,5,362.376073
49.483209,3,362.653967
-14.190791,3,362.711387
55.345853,5,362.865585
-14.190791,3,362.916757
55.927614,5,363.031402
52.482439,4,363.110001
54.914767,7,363.188667
-13.703172,3,363.225909
-14.572251,3,363.356194
-15.312791,3,363.495446
-9.057267,5,363.581553
-14.955791,3,363.663136
-14.496791,3,363.723714
51.274956,8,363.769753
49.483209,3,363.87389
-13.552251,3,364.060596
53.196439,4,364.126357
-12.428587,4,364.172901
-14.470251,3,364.226976
-11.199004,4,364.367111
-11.803561,4,364.559318
-8.407468,5,364.606408
-14.139791,3,364.782602
-13.476791,3,364.836658
-12.46656,4,364.928275
-14.556902,3,364.973841
51.447749,3,365.208721
-11.803561,4,365.301816
-12.619561,4,365.605281
-8.584476,6,365.778003
-14.394791,3,365.950694
-12.219004,4,366.053823
53.196439,4,366.166968
-14.470251,3,366.27994
-13.242726,4,366.343998
-14.139791,3,366.435123
53.55344,4,366.661466
53.400439,4,366.80743
53.55344,4,366.945642
-12.428587,4,366.985384
-14.621172,3,367.022111
-15.678902,3,367.060983
-14.723172,3,367.098644
-14.139791,3,367.146705
-14.496791,3,367.196259
-12.219004,4,367.2414
-12.674283,4,367.456465
-15.780902,3,367.496063
-14.368251,3,367.546612
-12.72156,4,367.84526
-9.129028,5,367.895503
-14.647712,3,367.933008
-15.565712,3,367.980239
-15.516791,3,368.143874
52.53344,4,368.280726
-14.290712,3,368.319897
-14.647712,3,368.395985
52.176439,4,368.526529
52.380439,4,368.666327
-15.463712,3,368.712667
56.131614,5,368.830809
-12.530587,4,368.870381
-15.310712,3,368.907424
-14.496791,3,369.045568
-15.423902,3,369.083616
-7.818147,5,369.261363
-15.474902,3,369.300456
50.605209,3,369.566655
-12.428587,4,369.613793
-8.980771,6,369.698175
-14.760902,3,369.737224
-14.723172,3,369.782274
-15.210791,3,369.83533
-13.703172,3,369.881917
-7.032386,5,370.175425
-15.490251,3,370.233149
-13.740902,3,370.272215
-14.394791,3,370.32429
-15.576902,3,370.360819
53.29844,4,370.508361
58.079294,6,370.627907
-15.414791,3,370.949979
-15.057791,3,371.072646
-14.929251,3,371.190225
-14.266251,3,371.39817
58.079294,6,371.546241
-8.776771,6,371.718728
-7.666476,6,372.045661
-14.403902,3,372.128525
-14.394791,3,372.411872
-14.496791,3,372.90178
-15.157712,3,373.153495
-14.190791,3,373.284177
-14.496791,3,373.379474
-9.465267,5,373.533886
-14.292791,3,373.606189
-9.796771,6,373.727807
-15.210791,3,374.070594
-12.428587,4,374.159607
-13.627712,3,374.25374
-8.925028,5,374.356485
-15.159791,3,374.58734
-14.470251,3,374.697605
-15.066902,3,374.765671
-12.324726,4,374.878602
-14.496791,3,374.94627
-15.312791,3,375.081004
-15.490251,3,375.165222
-14.190791,3,375.275171
-14.658902,3,375.388505
-8.241267,5,375.777614
-14.496791,3,375.920726
54.216439,4,376.362619
-14.572251,3,376.485921
-15.312791,3,376.647629
52.27844,4,376.761416
53.196439,4,377.027601
-14.139791,3,377.35731
-15.592251,3,377.502324
56.911733,5,377.852938
52.176439,4,377.958771
-15.474902,3,378.026305
-12.120726,4,378.149588
-14.215251,3,378.261659
-10.991283,4,378.597492
-15.678902,3,378.678363
-14.190791,3,378.792612
57.049614,5,378.875045
-14.470251,3,379.077287
52.482439,4,379.288351
-14.556902,3,379.376707
-15.312791,3,379.571284
-14.572251,3,379.702609
-15.414791,3,380.073057
-14.723172,3,380.155372
57.490704,6,380.311739
-15.490251,3,380.366417
50.503209,3,380.459136
-11.862004,4,380.523099
53.196439,4,380.570555
-13.446726,4,381.565232
-11.70156,4,381.89329
-13.740902,3,381.933176
-13.552251,3,382.122823
52.176439,4,382.26052
56.284614,5,382.370749
-12.011283,4,382.513983
51.523209,3,382.581094
56.131614,5,382.629172
-13.552251,3,382.682671
-14.215251,3,382.730337
57.049614,5,382.784053
-15.490251,3,382.839384
53.55344,4,382.994491
-11.803561,4,383.085683
-15.490251,3,383.137684
-14.658902,3,383.173942
-12.426726,4,383.222771
-13.031283,4,383.30767
51.523209,3,383.402151
50.809209,3,383.660295
-15.286251,3,383.772366
-14.572251,3,383.841559
-11.803561,4,384.032067
49.483209,3,384.129405
-11.803561,4,384.317031
-15.641172,3,384.365083
-13.031283,4,384.559343
-14.496791,3,384.83773
57.78954,7,384.895794
49.585209,3,385.143966
52.070717,4,385.231761
-15.168902,3,385.278001
-14.496791,3,385.455461
-6.818706,6,385.578702
57.847704,6,385.658883
56.947614,5,385.718484
-15.414791,3,385.898271
-15.474902,3,385.93878
-15.004712,3,385.983883
-15.184251,3,386.062567
-14.760902,3,386.10321
56.029614,5,386.25227
-9.14846,7,386.310525
57.253614,5,386.363228
-12.428587,4,386.408593
-15.592251,3,386.483291
-15.031251,3,386.552509
-13.552251,3,386.610954
-14.572251,3,386.672174
-15.780902,3,386.718571
50.605209,3,386.848772
49.942209,3,386.952707
-12.313561,4,387.041851
-10.243468,5,387.101361
-13.476791,3,387.237547
-11.913004,4,387.298149
-13.550587,4,387.345203
-15.780902,3,387.391462
-14.723172,3,387.437747
55.322767,7,387.483887
-14.454902,3,387.529332
-15.159791,3,387.712999
50.503209,3,387.975851
-14.545712,3,388.023249
-14.572251,3,388.102386
49.942209,3,388.360804
-14.394791,3,388.436539
-13.740902,3,388.47559
51.523209,3,388.606669
-15.641172,3,388.654205
53.212956,8,388.951098
-14.139791,3,389.09038
-14.723172,3,389.127998
52.63544,4,389.20438
49.585209,3,389.452376
-13.627712,3,389.495713
55.534733,5,389.633755
-14.572251,3,389.707375
-14.723172,3,389.745715
-14.572251,3,389.817436
-15.414791,3,389.871623
52.482439,4,389.99194
-13.552251,3,390.046263
-15.743172,3,390.083942
-15.210791,3,390.133698
50.529749,3,390.359143
-14.760902,3,390.398045
-13.476791,3,390.443774
54.659767,7,390.655579
-14.545712,3,390.710373
57.304614,5,390.772947
52.988717,4,390.93737
-14.190791,3,390.982519
-12.224587,4,391.045175
-14.266251,3,391.156386
-14.394791,3,391.205588
-15.667712,3,391.276834
-15.667712,3,391.340035
-8.838147,5,391.420192
52.396956,8,391.632672
-14.572251,3,391.688504
-12.117004,4,391.743607
54.008717,4,391.861565
-14.292791,3,392.024335
57.967614,5,392.135542
-13.703172,3,392.183576
55.891733,5,392.22784
-14.394791,3,392.277086
-14.190791,3,392.338873
54.216439,4,392.384429
-12.015004,4,392.439553
-15.312791,3,392.501642
56.947614,5,392.612787
59.099294,6,392.662415
-15.423902,3,392.710837
-14.496791,3,392.856114
57.066154,7,392.938085
53.090717,4,393.095316
-12.011283,4,393.177461
-14.403902,3,393.223561
-15.516791,3,393.311207
-15.592251,3,393.425467
-14.929251,3,393.505277
-14.394791,3,393.554071
-13.740902,3,393.591303
56.437614,5,393.666534
54.216439,4,393.822445
-13.446726,4,393.863148
-13.476791,3,393.911415
-14.496791,3,393.957686
-14.545712,3,394.015995
-14.496791,3,394.153069
-15.667712,3,394.190161
-14.292791,3,394.244058
57.059294,6,394.3444
-15.388251,3,394.389954
56.554733,5,394.484012
-13.476791,3,394.658331
-15.235251,3,394.714437
-14.658902,3,394.759493
-15.539172,3,394.807347
-14.647712,3,394.861804
-15.743172,3,394.899856
53.196439,4,395.127394
56.947614,5,395.36566
57.967614,5,395.410741
-14.215251,3,395.460693
54.008717,4,395.677123
-14.496791,3,395.845515
-15.516791,3,395.981813
-14.215251,3,396.095353
56.131614,5,396.161933
-13.552251,3,396.228669
54.216439,4,396.373375
55.534733,5,396.53547
-12.929283,4,396.588051
-12.823561,4,396.679868
50.707209,3,396.828719
-12.219004,4,396.894351
-14.266251,3,396.975268
-14.394791,3,397.115498
55.74954,7,397.164556
-13.627712,3,397.207389
-13.703172,3,397.244465
49.687209,3,397.510932
57.574733,5,397.682172
56.554733,5,397.809101
-12.623283,4,397.98115
-15.414791,3,398.028303
-7.950386,5,398.310205
-12.933004,4,398.501138
54.216439,4,398.644575
-8.23046,7,398.676122
57.967614,5,398.73024
-11.654283,4,398.815341
-8.838147,5,399.100717
49.993209,3,399.345458
57.574733,5,399.41259
50.733749,3,399.641627
56.947614,5,399.695767
-13.346587,4,399.74434
-11.510587,4,399.781888
-14.290712,3,399.835234
-14.572251,3,399.900015
56.554733,5,399.982974
-6.614706,6,400.031548
-13.476791,3,400.081336
55.636733,5,400.205604
-13.476791,3,400.272012
53.55344,4,400.383952
-13.552251,3,400.462072
-15.312791,3,400.642628
-15.474902,3,400.681695
-13.476791,3,400.750011
57.967614,5,400.899036
-14.647712,3,400.941086
51.968717,4,401.105382
-13.346587,4,401.237727
-10.783561,4,401.516207
-15.490251,3,401.59421
-15.210791,3,401.676071
53.196439,4,401.735358
-15.159791,3,401.910093
-14.572251,3,402.022877
-14.760902,3,402.060236
57.253614,5,402.104539
-14.955791,3,402.369478
53.196439,4,402.51073
-15.159791,3,402.708354
-11.510587,4,402.745902
58.079294,6,402.783451
49.585209,3,403.04997
53.400439,4,403.170315
-8.838147,5,403.333719
52.176439,4,403.400762
-8.838147,5,403.439611
-15.055712,3,403.50113
49.840209,3,403.767125
57.151614,5,403.814373
-14.290712,3,403.864141
-13.627712,3,403.911103
50.503209,3,404.229672
52.274717,4,404.412721
-15.565712,3,404.490225
-14.760902,3,404.52945
-9.654147,5,404.701082
57.967614,5,404.812891
-15.414791,3,404.984126
-13.550587,4,405.022844
-14.760902,3,405.060001
-14.853791,3,405.196733
54.216439,4,405.280151
56.947614,5,405.390232
50.503209,3,405.5625
50.605209,3,405.826508
53.502439,4,406.013738
53.29844,4,406.12854
-14.572251,3,406.178291
-14.139791,3,406.215687
-15.474902,3,406.253498
-15.235251,3,406.382746
-13.193587,4,406.51251
-15.576902,3,406.558532
-14.496791,3,406.694508
-12.426726,4,406.738703
55.891733,5,406.964074
50.503209,3,407.23086
-14.760902,3,407.279783
-14.496791,3,407.455659
-12.219004,4,407.719942
-13.476791,3,407.783533
58.436294,6,407.846125
-14.496791,3,407.911398
-9.297147,5,408.084116
-13.242726,4,408.143243
-14.496791,3,408.188237
-14.760902,3,408.233204
-15.286251,3,408.293465
49.585209,3,408.369152
53.196439,4,408.513582
-14.496791,3,408.778812
57.059294,6,408.827899
57.78954,7,408.900059
56.250154,7,408.963942
-15.743172,3,409.009966
53.196439,4,409.148861
-15.361712,3,409.205285
-12.224587,4,409.251733
-15.372902,3,409.288383
-9.706476,6,409.417282
-11.803561,4,409.613779
-13.552251,3,409.667945
-7.425267,5,409.751862
50.503209,3,409.852929
52.380439,4,410.009766
53.29844,4,410.128399
-15.516791,3,410.197001
-11.803561,4,410.282065
-14.658902,3,410.323091
-12.530587,4,410.360376
-13.703172,3,410.399147
-12.219004,4,410.519958
50.503209,3,410.753651
-14.658902,3,410.80071
-13.703172,3,410.838322
56.233614,5,410.881043
59.099294,6,410.918102
56.947614,5,410.999908
51.523209,3,411.129804
57.967614,5,411.205279
49.891209,3,411.46635
49.483209,3,411.55821
-14.470251,3,411.63024
-12.530587,4,411.668915
-15.270902,3,411.716875
-14.496791,3,411.796973
53.196439,4,411.863885
-13.552251,3,411.918726
49.840209,3,412.185504
-14.496791,3,412.260441
-9.706476,6,412.322152
-14.760902,3,412.360202
-13.552251,3,412.453946
-15.780902,3,412.501024
57.049614,5,412.565259
-15.386424,8,412.730869
-15.031251,3,412.785411
53.29844,4,412.928056
-14.139791,3,413.102067
-15.474902,3,413.148675
-14.723172,3,413.184576
53.196439,4,413.335597
-14.139791,3,413.401248
-11.909283,4,413.628568
-13.476791,3,413.708378
50.503209,3,413.862759
-13.448587,4,413.90098
-14.215251,3,413.956456
55.927614,5,414.027505
52.172717,4,414.284208
-13.552251,3,414.351997
-15.159791,3,414.437082
-13.552251,3,414.630692
54.216439,4,414.706581
50.860209,3,414.811247
-13.476791,3,414.863359
-15.235251,3,414.924467
52.176439,4,414.982098
52.737439,4,415.117428
56.758733,5,415.281242
-14.394791,3,415.462958
-13.476791,3,415.601971
55.128154,7,415.654685
50.503209,3,415.74538
-14.266251,3,415.800977
-13.627712,3,415.852653
-15.463712,3,415.922861
58.510704,6,416.094851
-14.215251,3,416.138266
-15.641172,3,416.184003
-14.139791,3,416.363611
-15.516791,3,416.41982
-13.346587,4,416.584016
-14.647712,3,416.627805
-12.117004,4,416.688154
-13.552251,3,416.744617
-14.496791,3,416.929864
56.415524,6,417.095437
-13.476791,3,417.271307
-15.159791,3,417.439805
-15.210791,3,417.492379
-9.450147,5,417.579984
49.789209,3,417.686183
-14.496791,3,417.871434
-11.803561,4,418.044384
-15.310712,3,418.107699
51.523209,3,418.36889
-14.292791,3,418.511319
-14.723172,3,418.5511
-15.414791,3,418.72436
55.85154,7,418.779409
-11.803561,4,418.870653
-14.215251,3,418.948879
-14.545712,3,418.996426
50.503209,3,419.264661
-14.139791,3,419.317745
-14.292791,3,419.37387
52.988717,4,419.472657
52.63544,4,419.57149
-14.496791,3,419.767806
-12.46656,4,419.876336
-14.454902,3,419.915875
-14.723172,3,419.964604
-14.647712,3,420.033691
-14.341712,3,420.074251
-13.476791,3,420.112304
-11.199004,4,420.264534
-15.361712,3,420.328611
-12.929283,4,420.541908
50.503209,3,420.89048
59.099294,6,421.098273
-13.552251,3,421.1393
-13.552251,3,421.326268
-14.403902,3,421.37849
-13.740902,3,421.416546
57.967614,5,421.461593
-15.516791,3,421.601394
-14.496791,3,421.670992
-15.159791,3,421.74534
-14.443712,3,421.789462
-14.292791,3,422.055738
-14.621172,3,422.0956
-13.140726,4,422.173002
58.510704,6,422.237597
-14.394791,3,422.430911
55.840733,5,422.49347
-14.470251,3,422.549318
-13.740902,3,422.588593
-14.572251,3,422.641976
51.968717,4,422.81342
53.196439,4,422.905294
57.967614,5,422.958949
-9.894028,5,423.058981
57.253614,5,423.130081
50.427749,3,423.355523
-13.627712,3,423.420546
-13.193587,4,423.459614
-14.190791,3,423.505655
49.840209,3,423.745674
-12.015004,4,423.824259
-14.292791,3,423.997694
-14.394791,3,424.044755
55.141853,5,424.243013
-15.592251,3,424.323161
54.216439,4,424.555468
-14.443712,3,424.602904
-15.372902,3,424.640937
-14.496791,3,424.690773
-12.222726,4,424.760522
-15.210791,3,424.937708
-11.199004,4,424.984248
49.840209,3,425.078934
55.927614,5,425.127754
-14.723172,3,425.164385
-15.780902,3,425.201937
-12.173587,4,425.312566
-14.292791,3,425.472855
-15.388251,3,425.528526
-12.61956,4,425.619306
-15.576902,3,425.657865
-13.627712,3,425.704929
-13.703172,3,425.741976
56.947614,5,425.803067
-14.139791,3,425.854124
-13.476791,3,426.131112
51.523209,3,426.219995
-14.980251,3,426.294092
56.947614,5,426.375707
-15.576902,3,426.422809
-14.723172,3,426.461452
-14.647712,3,426.541028
-9.427468,5,426.670607
-15.066902,3,426.718232
-15.235251,3,426.765784
-8.23046,7,427.028926
-15.057791,3,427.075788
-11.909283,4,427.161832
55.322767,7,427.230699
-15.286251,3,427.275752
56.572704,6,427.340508
-14.760902,3,427.388055
-15.592251,3,427.441835
-14.470251,3,427.507915
-12.530587,4,427.547283
-15.743172,3,427.583921
54.216439,4,427.735799
52.988717,4,427.825519
-14.215251,3,427.906168
-14.139791,3,428.042793
-9.858147,5,428.188475
-15.235251,3,428.377166
56.947614,5,428.41775
50.809209,3,428.65923
-14.496791,3,428.721292
-13.344726,4,428.768868
52.53344,4,428.909412
-11.909283,4,428.975501
-11.199004,4,429.05677
-11.406726,4,429.126156
-14.760902,3,429.163604
53.196439,4,429.227789
-14.572251,3,429.271895
51.447749,3,429.507773
-13.627712,3,429.56844
-14.760902,3,429.607486
-15.592251,3,429.663049
53.196439,4,429.818817
56.386614,5,429.887312
53.55344,4,429.943302
-15.516791,3,430.082612
51.968717,4,430.25912
49.483209,3,430.486729
-12.011283,4,430.651585
50.631749,3,430.881497
50.503209,3,430.974818
-11.510587,4,431.012378
-14.454902,3,431.051929
49.789209,3,431.320037
56.656733,5,431.388794
-14.723172,3,431.429322
-15.423902,3,431.474138
51.523209,3,431.56825
-14.621172,3,431.606787
-14.496791,3,431.661348
-15.414791,3,431.798689
56.947614,5,431.860238
-14.723172,3,431.908796
-14.292791,3,431.963371
51.523209,3,432.234621
-15.414791,3,432.37354
-14.760902,3,432.421593
-14.366172,3,432.459633
-14.496791,3,432.598781
57.574733,5,432.67587
-14.853791,3,432.742932
-8.980771,6,432.857621
-12.882004,4,432.924372
-11.497561,4,433.016582
-8.407468,5,433.061619
-15.210791,3,433.113186
-15.184251,3,433.191781
-15.516791,3,433.33308
-14.470251,3,433.393326
-14.290712,3,433.430367
50.427749,3,433.663357
52.27844,4,433.72794
53.400439,4,433.950404
-11.44656,4,434.249246
49.687209,3,434.329556
-20.940631,9,434.396219
50.733749,3,434.635511
49.483209,3,434.773683
53.196439,4,434.891406
-14.290712,3,434.935504
-10.783561,4,435.127672
-14.403902,3,435.168211
-30.162927,10,435.228751
-15.516791,3,435.404303
-14.572251,3,435.480719
-14.496791,3,435.652447
53.196439,4,435.849367
-14.190791,3,435.92445
-14.723172,3,435.969565
52.176439,4,436.198084
-13.552251,3,436.387113
-14.341712,3,436.449462
53.196439,4,436.663821
-12.885726,4,436.718409
54.008717,4,436.92865
-15.414791,3,437.065803
-13.140726,4,437.12487
-9.427468,5,437.169928
-9.694771,6,437.227028
-13.193587,4,437.27561
-14.572251,3,437.336793
56.656733,5,437.455917
-14.647712,3,437.49345
-15.780902,3,437.533015
-13.035004,4,437.800261
57.574733,5,437.874596
-14.139791,3,438.090348
-13.476791,3,438.967703
-13.552251,3,439.033973
-14.496791,3,439.099185
57.967614,5,439.15242
-15.133251,3,439.2902
-13.476791,3,439.470931
-13.476791,3,439.646555
53.196439,4,439.997048
-14.572251,3,440.078289
-13.552251,3,440.132498
-14.496791,3,440.22291
-13.476791,3,440.273666
-14.190791,3,440.452109
54.216439,4,440.604269
49.585209,3,440.864452
-14.470251,3,440.996179
-13.740902,3,441.035716
-6.920706,6,441.099326
-15.286251,3,441.23089
-9.502476,6,441.403085
-14.394791,3,441.479113
-13.740902,3,441.519384
-6.818706,6,441.672729
-10.783561,4,441.76084
-13.552251,3,441.823517
-14.292791,3,441.888685
52.53344,4,442.035906
-15.780902,3,442.075459
52.27844,4,442.246276
-10.783561,4,442.348059
-10.783561,4,442.440118
56.131614,5,442.521305
-13.476791,3,442.670789
-13.552251,3,442.81786
54.216439,4,443.121496
55.636733,5,443.241728
-12.46656,4,443.331511
-8.23046,7,443.384265
-14.496791,3,443.523954
-14.496791,3,443.573491
-13.031283,4,443.654616
-11.510587,4,443.694719
-15.516791,3,443.74663
-14.760902,3,443.792694
-14.572251,3,443.851765
-9.231028,5,444.051792
-11.909283,4,444.133793
49.585209,3,444.235
-12.530587,4,444.284093
53.400439,4,444.397927
-15.463712,3,444.441452
-10.991283,4,444.594679
-15.667712,3,444.65043
53.196439,4,444.708679
-15.159791,3,444.847917
-7.666476,6,445.026674
-14.760902,3,445.068423
-13.552251,3,445.151518
57.059294,6,445.226284
-11.803561,4,445.538888
52.988717,4,445.715564
56.947614,5,445.844309
-12.426726,4,445.896889
55.927614,5,445.984455
51.376956,8,446.053919
-14.496791,3,446.257149
-13.476791,3,446.399286
-15.516791,3,446.446854
-7.87346,7,446.475904
-15.592251,3,446.528942
-12.46656,4,446.620148
-11.599561,4,446.81605
-12.426726,4,446.865589
53.196439,4,446.931161
-28.034641,10,447.028751
-8.953846,7,447.088819
50.809209,3,447.228159
-14.496791,3,447.375884
50.707209,3,447.541925
-14.572251,3,447.598988
56.674704,6,447.637525
-13.476791,3,447.829227
-14.496791,3,448.031907
-14.403902,3,448.070981
56.554733,5,448.116051
-12.173587,4,448.162602
52.176439,4,448.390156
-14.572251,3,448.46299
-11.406726,4,448.524585
-13.703172,3,448.570272
-13.703172,3,448.616815
53.196439,4,448.738443
-13.627712,3,448.7995
-12.173587,4,448.837762
-14.496791,3,448.927855
-14.723172,3,448.966392
-12.069726,4,449.028161
-13.476791,3,449.076705
50.427749,3,449.312988
-12.219004,4,449.499512
-11.406726,4,449.557079
54.216439,4,449.716566
-13.476791,3,449.764633
-15.235251,3,449.822728
-13.552251,3,449.872273
-15.210791,3,449.924315
-12.219004,4,449.979877
49.585209,3,450.162978
-11.599561,4,450.250123
37.985359,10,450.303914
57.253614,5,450.447232
-15.159791,3,450.590538
-11.510587,4,450.637869
50.605209,3,450.903737
57.059294,6,450.978035
-15.463712,3,451.02558
-14.470251,3,451.161747
57.574733,5,451.280061
-12.011283,4,451.440035
58.385294,6,451.497877
54.216439,4,451.547462
-8.868386,5,451.865763
52.176439,4,452.016407
55.534733,5,452.130012
-8.94446,7,452.161679
-13.740902,3,452.206361
56.284614,5,452.283442
-15.108791,3,452.422308
-14.394791,3,452.508313
-14.556902,3,452.546849
-15.516791,3,452.597389
-13.476791,3,452.635634
-14.292791,3,452.689516
56.131614,5,452.732547
-13.552251,3,452.797119
-14.496791,3,452.935601
51.523209,3,453.203436
-9.231028,5,453.256997
-14.394791,3,453.436176
-15.414791,3,453.615885
-10.991283,4,453.839485
-15.286251,3,453.973368
-15.516791,3,454.140492
-11.705283,4,454.339376
57.574733,5,454.494634
-14.139791,3,454.546191
-14.394791,3,454.81794
-5.900706,6,454.888104
-8.838147,5,455.10132
-13.448587,4,455.140073
54.216439,4,455.208977
-15.516791,3,455.258194
-14.292791,3,455.296546
-28.697641,10,455.357648
52.47599,8,455.398185
-14.572251,3,455.589771
-6.920706,6,455.648201
-15.678902,3,455.68826
-14.572251,3,455.74184
-13.740902,3,455.779378
-14.496791,3,455.821038
-13.627712,3,455.867159
53.400439,4,456.01763
-15.780902,3,456.057375
-12.368283,4,456.237608
-14.190791,3,456.296242
-14.572251,3,456.374848
-12.011283,4,456.473959
52.27844,4,456.631617
-8.838147,5,456.8103
-11.199004,4,456.86936
-13.476791,3,457.056066
-14.572251,3,457.130042
-13.740902,3,457.177591
57.922114,6,457.261495
-14.292791,3,457.352489
-15.133251,3,457.408137
54.216439,4,457.55736
-15.414791,3,457.692987
-11.510587,4,457.729528
-14.496791,3,457.894078
54.216439,4,457.948743
-11.425313,7,458.036311
-15.667712,3,458.100891
-8.052386,5,458.43715
54.216439,4,458.512267
57.161294,6,458.589658
53.55344,4,458.734259
57.78954,7,458.785666
50.605209,3,458.88855
-11.406726,4,458.939378
-14.139791,3,458.990711
-14.496791,3,459.047116
56.947614,5,459.209903
54.216439,4,459.32734
-14.572251,3,459.400183
-13.552251,3,459.489775
-11.406726,4,459.531821
57.263294,6,459.581341
57.967614,5,459.664493
-11.787044,8,459.696845
-8.380476,6,459.891718
52.529717,4,460.043526
57.78954,7,460.112703
54.216439,4,460.26188
44.977369,9,460.321596
-13.552251,3,460.400474
52.988717,4,460.503065
-12.823561,4,460.711984
53.196439,4,460.774169
52.176439,4,460.853741
-15.159791,3,460.99868
-14.760902,3,461.040069
-12.011283,4,461.116324
-14.368251,3,461.163365
-12.836587,4,461.201931
-13.627712,3,461.253514
-14.394791,3,461.30796
-14.292791,3,461.49422
-11.199004,4,461.542761
-13.740902,3,461.592646
56.947614,5,461.779691
-8.407468,5,461.826237
-8.407468,5,461.884339
52.89044,4,462.037205
-12.426726,4,462.089273
-14.443712,3,462.222618
-9.792028,5,462.418571
-13.476791,3,462.597002
58.079294,6,462.679012
-14.496791,3,462.819133
-14.647712,3,462.868896
-13.476791,3,463.010808
-15.516791,3,463.228796
-14.496791,3,463.284708
-15.159791,3,463.423836
-13.476791,3,463.48966
58.385294,6,463.573972
53.196439,4,463.728817
-13.703172,3,463.777249
57.967614,5,463.893266
52.38044,4,463.954956
-15.423902,3,463.994503
-14.266251,3,464.122165
56.947614,5,464.310098
-13.476791,3,464.496158
-10.345468,5,464.54175
-7.666476,6,464.590451
-14.394791,3,464.652173
53.196439,4,464.718214
-15.210791,3,464.771845
-14.760902,3,464.81199
-11.510587,4,464.857529
56.554733,5,465.010229
-7.838706,6,465.048914
-15.312791,3,465.114272
53.192717,4,465.296946
56.284614,5,465.461963
-14.760902,3,465.508382
-13.552251,3,465.706078
-15.284424,8,465.793596
50.503209,3,466.069723
57.78954,7,466.144513
-14.621172,3,466.192037
-15.437172,3,466.240484
-13.476791,3,466.290073
-13.476791,3,466.504896
-14.394791,3,466.543447
-9.677233,7,466.633016
58.079294,6,466.683057
-14.496791,3,466.950417
-15.414791,3,467.043042
52.53344,4,467.099873
-15.641172,3,467.139408
-14.496791,3,467.294851
-7.032386,5,467.618164
-6.920706,6,467.67392
-14.955791,3,467.723475
-14.572251,3,467.8011
-15.743172,3,467.852347
-14.496791,3,467.906059
51.523209,3,468.18917
54.216439,4,468.262167
53.502439,4,468.434169
-8.686476,6,468.474274
54.216439,4,468.591571
-13.476791,3,468.773281
53.29844,4,468.922941
-10.783561,4,469.135756
-8.776771,6,469.184117
-13.550587,4,469.23278
52.988717,4,469.418855
54.008717,4,469.493495
51.523209,3,469.673206
-29.448927,10,469.752784
-13.344726,4,469.819949
-15.210791,3,469.878529
57.967614,5,469.937593
-15.184251,3,470.006436
56.947614,5,470.164918
-14.572251,3,470.352648
-12.530587,4,470.422734
-7.666476,6,470.614443
-14.139791,3,470.772724
-12.705044,8,470.801225
-14.572251,3,471.031419
-15.780902,3,471.069241
-15.490251,3,471.131613
-14.394791,3,471.311341
-13.476791,3,471.474493
-12.780004,4,471.550227
-14.496791,3,471.599957
54.216439,4,471.753019
-13.703172,3,471.792077
-13.476791,3,471.844416
-11.803561,4,472.159624
-15.539172,3,472.199289
51.523209,3,472.368284
-14.190791,3,472.41582
-15.516791,3,472.55779
-15.516791,3,472.618349
50.707209,3,472.869817
-14.394791,3,473.04707
-13.740902,3,473.097228
-14.496791,3,473.147265
53.29844,4,473.284037
-14.394791,3,473.452903
-14.292791,3,473.491959
49.483209,3,473.814208
53.196439,4,473.957965
58.181294,6,474.041278
56.248733,5,474.183465
-15.286251,3,474.26006
-14.723172,3,474.299141
-14.760902,3,474.338099
-15.592251,3,474.410589
49.789209,3,474.643854
-12.011283,4,474.732989
-9.427468,5,474.81754
52.27844,4,474.99223
-13.476791,3,475.043305
50.605209,3,475.131056
49.789209,3,475.375947
57.967614,5,475.461526
-14.572251,3,475.513581
-8.838147,5,475.716281
53.29844,4,475.947225
-30.150315,10,476.038818
-13.627712,3,476.080935
-14.368251,3,476.127134
-12.426726,4,476.168135
-20.685631,9,476.232749
51.523209,3,476.310358
-7.425267,5,476.395963
53.196439,4,476.628827
50.503209,3,476.848798
57.518294,6,476.900844
-14.647712,3,476.966539
-14.292791,3,477.016595
-14.519172,3,477.055114
-14.760902,3,477.104239
49.483209,3,477.29305
57.365294,6,477.363642
-9.325468,5,477.445204
43.957369,9,477.503245
-13.476791,3,477.682458
-10.345468,5,477.729209
-14.139791,3,477.914742
-14.760902,3,477.954781
-15.667712,3,478.025866
-11.803561,4,478.295625
56.05554,7,478.344166
-14.366424,8,478.384198
49.483209,3,478.557877
-15.592251,3,478.615927
-14.394791,3,478.887297
-12.011283,4,479.105175
55.424767,7,479.216455
-14.292791,3,479.379855
49.585209,3,479.681808
57.967614,5,479.732359
-11.913004,4,480.01369
54.216439,4,480.16198
-7.21046,7,480.190508
-13.476791,3,480.237063
-9.796771,6,480.291253
-13.142588,4,480.337814
-14.292791,3,480.540837
-13.476791,3,480.683739
-13.703172,3,480.722798
55.638154,7,480.796067
59.099294,6,480.877899
-10.991283,4,481.070871
52.176439,4,481.217021
50.503209,3,481.495989
45.283369,9,481.589495
51.523209,3,481.71452
54.216439,4,481.795156
-12.530587,4,481.845477
-7.21046,7,481.958136
-13.038726,4,482.001672
-14.292791,3,482.03922
59.099294,6,482.126316
49.840209,3,482.40286
-15.780902,3,482.452059
-13.740902,3,482.489612
-14.215251,3,482.562176
-9.231028,5,482.632915
50.503209,3,482.892775
50.503209,3,483.161626
-14.496791,3,483.217747
-9.427468,5,483.311566
26.234543,12,483.545819
-7.21046,7,483.819582
-12.933004,4,483.995271
-14.394791,3,484.136678
-14.723172,3,484.176213
-14.760902,3,484.214026
-15.286251,3,484.276685
-13.040587,4,484.324734
-14.647712,3,484.371276
57.967614,5,484.406821
57.592704,6,484.488962
-8.211028,5,484.703128
-13.552251,3,484.898055
-14.545712,3,484.936088
-9.349476,6,485.116082
53.502439,4,485.262578
-8.980771,6,485.33368
43.691531,9,485.452842
51.447749,3,485.686016
-13.552251,3,485.732073
-15.108791,3,485.784232
55.534733,5,485.936205
50.427749,3,486.171643
-12.419283,4,486.252128
53.196439,4,486.367722
-12.426726,4,486.417543
-14.341712,3,486.459386
-13.740902,3,486.49696
-8.634147,5,486.6943
-8.838147,5,486.783975
-13.476791,3,486.848039
-11.70156,4,487.049208
-14.417172,3,487.097069
54.216439,4,487.324694
-13.552251,3,487.460404
51.076025,8,487.573629
-7.407296,6,487.993863
50.503209,3,488.095991
-13.476791,3,488.154091
-15.539172,3,488.201954
-14.470251,3,488.25754
-14.496791,3,488.424718
53.400439,4,488.474019
-15.516791,3,488.615822
-9.427468,5,488.716026
-13.740902,3,488.76507
54.216439,4,488.906405
-14.519172,3,488.956473
-13.476791,3,489.131489
-15.437172,3,489.179949
56.902114,6,489.402249
54.216439,4,489.468325
-15.516791,3,489.543883
-12.72156,4,489.632113
54.008717,4,489.849818
-15.490251,3,489.908013
54.216439,4,489.973585
-14.266251,3,490.042672
50.084059,8,490.219234
-13.703172,3,490.268292
-15.210791,3,490.435993
54.216439,4,490.502092
57.569294,6,490.574158
-12.324726,4,490.65277
53.196439,4,490.72938
-14.647712,3,490.789968
49.483209,3,491.068853
-12.929283,4,491.162392
55.927614,5,491.290878
49.840209,3,491.54425
-14.760902,3,491.58328
57.78954,7,491.624826
-14.760902,3,491.661869
-11.803561,4,491.75495
-13.476791,3,491.893677
-14.139791,3,492.076207
52.988717,4,492.18387
49.483209,3,492.454831
-11.497561,4,492.737517
51.523209,3,492.923953
53.400439,4,493.062532
57.049614,5,493.230556
54.216439,4,493.460448
-14.443712,3,493.521015
-14.496791,3,493.581555
-13.476791,3,493.720695
-14.760902,3,493.759841
56.947614,5,493.837933
58.079294,6,493.914522
-8.052386,5,494.184475
50.503209,3,494.450709
-11.705283,4,494.626582
-13.740902,3,494.666149
57.847704,6,494.743668
-13.627712,3,494.786122
55.927614,5,494.833677
-8.980771,6,495.595973
-13.476791,3,495.674729
-13.035004,4,495.968588
55.230154,7,496.05444
-14.394791,3,496.109639
-13.476791,3,496.24929
53.196439,4,496.480027
58.510704,6,496.547128
51.523209,3,496.635078
-14.760902,3,496.686353
-14.290712,3,496.751994
56.046154,7,496.820114
53.29844,4,496.968052
55.927614,5,497.083918
-14.496791,3,497.170319
-13.476791,3,497.285896
-13.346587,4,497.333467
58.079294,6,497.377514
-7.960771,6,497.429245
54.216439,4,497.662833
57.574733,5,497.766443
-15.743172,3,497.807473
-14.572251,3,497.885982
53.29844,4,498.089025
53.29844,4,498.164593
-13.476791,3,498.305239
54.216439,4,498.375298
50.809209,3,498.653161
53.196439,4,498.812995
37.552134,10,499.014937
-11.782313,7,499.189893
-12.426726,4,499.248
-10.447468,5,499.341106
-13.476791,3,499.417115
-11.510587,4,499.464655
53.196439,4,499.593653
56.947614,5,499.676696
-14.403902,3,499.716226
-6.920706,6,499.821092
54.216439,4,499.973762
57.049614,5,500.09239
50.605209,3,500.297646
58.079294,6,500.354194
-14.572251,3,500.424781
54.216439,4,500.492846
-10.405313,7,500.564226
57.574733,5,500.777798
54.216439,4,500.878899
-15.516791,3,501.05812
-13.476791,3,501.136735
-14.190791,3,501.434245
54.216439,4,501.500818
53.196439,4,501.574881
-14.647712,3,501.619267
36.736134,10,501.752512
54.216439,4,501.986787
-13.552251,3,502.043412
-12.725283,4,502.262386
-7.818147,5,502.469411
56.554733,5,502.68173
-13.476791,3,502.737825
56.554733,5,502.808085
-9.706476,6,502.912981
-12.222726,4,502.956526
-11.862004,4,503.089229
-15.490251,3,503.158567
-14.496791,3,503.427913
-8.23046,7,503.461939
-14.760902,3,503.508017
-14.760902,3,503.556849
55.526767,7,503.780992
-11.199004,4,503.840199
-8.23046,7,503.871723
50.503209,3,504.066012
-14.394791,3,504.127978
56.947614,5,504.199368
-13.476791,3,504.341567
52.380439,4,504.406285
-11.909283,4,504.488403
54.216439,4,504.66473
53.196439,4,504.71228
-8.097886,6,504.898659
56.87154,7,505.074455
-7.818147,5,505.158768
57.151614,5,505.281019
-14.496791,3,505.423795
-10.991283,4,505.552931
-8.211028,5,505.631509
57.78954,7,505.71911
-13.476791,3,505.884463
-13.740902,3,505.923565
-14.496791,3,506.207389
58.079294,6,506.281466
-13.476791,3,506.562345
-7.87346,7,506.894122
-13.476791,3,506.943712
-14.403902,3,506.991246
-14.658902,3,507.039351
-14.496791,3,507.109981
-7.509296,6,507.36613
54.216439,4,507.570792
-13.031283,4,507.624311
-13.476791,3,507.729937
-15.576902,3,507.777489
54.216439,4,508.006252
-13.476791,3,508.192619
57.967614,5,508.362806
-13.476791,3,508.415414
51.523209,3,508.517216
-14.470251,3,508.596304
-14.496791,3,508.646357
-12.428587,4,508.684887
-13.552251,3,508.754469
-12.011283,4,508.957854
56.947614,5,509.192658
-8.851846,7,509.2262
53.090717,4,509.30461
57.066154,7,509.379724
-13.740902,3,509.420258
58.436294,6,509.485407
56.76954,7,509.552495
-15.516791,3,509.693157
54.216439,4,509.838524
-13.089726,4,509.902084
-11.787044,8,509.962824
-14.394791,3,510.019367
-14.572251,3,510.090945
-13.627712,3,510.150265
-14.496791,3,510.291249
-13.740902,3,510.332332
-21.845564,9,510.443026
56.029614,5,510.52387
-14.394791,3,510.814652
-13.740902,3,510.865228
-8.766386,5,511.239687
-13.550587,4,511.278749
-8.12846,7,511.422402
-15.592251,3,511.478701
49.268059,8,511.700525
-13.552251,3,511.758502
59.099294,6,511.818678
-13.091587,4,511.889083
52.549956,8,512.118174
56.947614,5,512.199531
-13.476791,3,512.248102
53.196439,4,512.321431
54.008717,4,512.426421
-13.552251,3,512.518019
-13.476791,3,512.557166
-8.838147,5,512.737011
-13.552251,3,512.808161
-28.530927,10,512.937809
50.631749,3,513.166514
56.947614,5,513.35427
53.29844,4,513.508665
-9.427468,5,513.580649
-14.496791,3,513.72226
-8.953846,7,513.789706
57.151614,5,513.866653
-15.516791,3,513.920372
-13.476791,3,513.968936
-9.231028,5,514.019479
-8.211028,5,514.067535
-14.545712,3,514.140607
-5.900706,6,514.312603
54.216439,4,514.383461
57.049614,5,514.444554
-11.199004,4,514.497425
-14.292791,3,514.63875
-10.783561,4,514.835499
-14.368251,3,514.902224
-15.388251,3,514.956101
53.196439,4,515.038228
-14.496791,3,515.089282
-8.878771,6,515.161848
50.503209,3,515.434988
49.942209,3,515.54323
-15.490251,3,515.623827
56.161853,5,515.796661
53.345717,4,515.883742
-11.803561,4,515.977859
-11.199004,4,516.029937
55.636733,5,516.140084
-8.407468,5,516.236322
-13.476791,3,516.37957
-15.516791,3,516.558603
55.636733,5,516.629899
-12.011283,4,516.813224
-8.211028,5,516.862802
-11.70156,4,516.950402
54.216439,4,517.093225
-15.516791,3,517.273646
-15.057791,3,517.454005
-15.678902,3,517.50455
-12.011283,4,517.688287
-11.510587,4,517.73785
57.490704,6,517.8502
-14.394791,3,517.889958
58.510704,6,518.075316
58.510704,6,518.194538
-13.476791,3,518.283044
-14.496791,3,518.569439
54.216439,4,518.806212
50.503209,3,518.972198
55.738733,5,519.126239
-13.476791,3,519.267447
52.988717,4,519.544828
51.523209,3,519.638981
-14.215251,3,519.696046
-14.658902,3,519.736653
-14.292791,3,519.776711
-12.324726,4,519.849778
-11.803561,4,520.014449
-14.470251,3,520.059994
-7.838706,6,520.156729
-14.760902,3,520.206086
-13.448587,4,520.243142
-11.787044,8,520.276707
-10.000771,6,520.372715
-15.539172,3,520.410769
-13.740902,3,520.450304
57.847704,6,520.587461
-14.394791,3,520.73422
-13.552251,3,520.801317
-14.658902,3,520.854943
57.049614,5,521.004624
51.172956,8,521.207357
-8.211028,5,521.266931
54.216439,4,521.494683
-13.476791,3,521.544748
-14.647712,3,521.603316
55.882114,6,521.820944
-14.723172,3,521.859978
-13.476791,3,522.034751
-13.703172,3,522.074314
-14.403902,3,522.113367
-14.723172,3,522.151921
56.284614,5,522.305584
-13.476791,3,522.360934
-19.716631,9,522.394979
44.751693,9,522.484084
-13.476791,3,522.66953
57.574733,5,522.821101
51.523209,3,523.099529
-14.496791,3,523.282388
53.502439,4,523.442501
-11.807283,4,523.498066
-14.394791,3,523.704259
54.008717,4,523.772525
54.216439,4,523.968889
53.196439,4,524.130658
-15.312791,3,524.227433
58.510704,6,524.311059
-13.740902,3,524.358657
-7.032386,5,524.632218
57.967614,5,524.708537
-10.991283,4,524.92196
-14.139791,3,525.112877
56.554733,5,525.258743
-15.780902,3,525.298485
57.967614,5,525.380762
42.915693,9,525.46159
-13.476791,3,525.63097
-13.476791,3,525.913049
-14.496791,3,526.079766
56.947614,5,526.162207
52.53344,4,526.397267
-12.428587,4,526.446324
53.196439,4,526.602253
53.29844,4,526.839082
-11.199004,4,527.12121
53.196439,4,527.282377
-13.552251,3,527.364465
-10.40062,7,527.579305
-19.002631,9,527.705576
-13.740902,3,527.74653
-14.647712,3,527.789301
59.099294,6,527.837864
-9.756147,5,528.049597
58.079294,6,528.101119
-14.647712,3,528.1592
55.74954,7,528.20625
-7.21046,7,528.235657
-13.740902,3,528.275244
49.585209,3,528.35736
-15.490251,3,528.432943
50.784749,3,528.664443
-14.496791,3,528.840306
-14.496791,3,529.028469
-14.572251,3,529.132855
-15.490251,3,529.217463
58.385294,6,529.298567
-14.572251,3,529.361628
58.510704,6,529.434978
51.523209,3,529.548136
43.731693,9,529.753385
-14.496791,3,529.903623
56.029614,5,529.964722
53.196439,4,530.070845
-10.991283,4,530.289544
58.079294,6,530.404341
-13.552251,3,530.454984
-14.394791,3,530.727717
-15.414791,3,530.800274
55.927614,5,530.918
-11.199004,4,530.974852
-13.476791,3,531.157079
-13.627712,3,531.206639
56.87154,7,531.279726
-28.530927,10,531.332051
-14.394791,3,531.508389
59.099294,6,531.558013
51.523209,3,531.647604
-13.476791,3,531.82081
-7.960771,6,531.873398
57.574733,5,532.077631
56.386614,5,532.159234
-13.703172,3,532.206998
-14.572251,3,532.261751
56.76954,7,532.398583
-14.190791,3,532.600586
54.216439,4,532.730184
-11.654283,4,532.912665
-7.791886,6,533.13302
-15.743172,3,533.185082
58.079294,6,533.267437
-13.476791,3,533.326958
-7.425267,5,533.622307
-9.231028,5,533.790728
-15.414791,3,534.070534
-33.888116,11,534.144272
-15.210791,3,534.211351
57.574733,5,534.290955
-13.031283,4,534.376058
52.176439,4,534.507932
-8.407468,5,534.566188
53.196439,4,534.72331
53.29844,4,534.886468
56.947614,5,534.969976
51.447749,3,535.207342
-14.215251,3,535.266095
-14.470251,3,535.329165
-14.341712,3,535.39351
-13.552251,3,535.458593
-14.647712,3,535.509166
-13.703172,3,535.551214
56.902114,6,535.659837
-13.740902,3,535.710897
-15.108791,3,535.767987
-14.394791,3,535.83406
-12.426726,4,535.896972
-12.011283,4,536.083238
53.502439,4,536.257231
57.967614,5,536.338327
57.259114,6,536.521818
-14.955791,3,536.581506
51.739025,8,536.723165
-14.647712,3,536.786254
56.148154,7,536.89966
-14.723172,3,536.947351
-13.193587,4,536.992387
-13.476791,3,537.042954
57.967614,5,537.249508
56.554733,5,537.333729
57.967614,5,537.449162
-8.211028,5,537.64046
54.008717,4,537.822202
57.967614,5,538.013919
57.151614,5,538.133571
-14.266251,3,538.178924
-8.851846,7,538.284381
-9.858147,5,538.371228
-11.510587,4,538.421034
56.554733,5,538.506488
59.099294,6,538.556552
54.008717,4,538.666699
-15.210791,3,538.721557
-14.572251,3,538.784596
-14.394791,3,538.837416
-13.031283,4,538.922377
-14.955791,3,538.993526
50.860209,3,539.244421
-15.286251,3,539.324435
57.574733,5,539.469784
-13.476791,3,539.611986
-15.731941,8,539.704981
-15.210791,3,539.75317
-14.292791,3,539.80531
49.483209,3,539.999746
-14.572251,3,540.064814
37.552134,10,540.14193
54.008717,4,540.367546
-13.550587,4,540.418861
-12.807044,8,540.492309
53.196439,4,540.604133
-13.703172,3,540.653025
54.216439,4,540.821349
-14.760902,3,540.872915
-14.394791,3,540.924985
57.059294,6,541.008642
53.212956,8,541.088748
56.947614,5,541.125192
59.099294,6,541.193005
-14.470251,3,541.250979
-14.723172,3,541.302038
-13.476791,3,541.448211
-11.406726,4,541.499766
-14.470251,3,541.549845
-10.991283,4,541.789652
-14.496791,3,541.846743
52.988717,4,541.942564
-13.476791,3,542.028163
59.099294,6,542.098075
-14.723172,3,542.141119
-11.705283,4,542.196319
-14.572251,3,542.28393
59.099294,6,542.360049
50.503209,3,542.556442
-15.780902,3,542.596982
-13.476791,3,542.651574
-7.960771,6,542.784877
-11.803561,4,542.879515
-9.231028,5,542.978149
-14.621172,3,543.029209
-14.496791,3,543.242943
54.216439,4,543.315042
56.148154,7,543.386652
-14.394791,3,543.430206
-15.516791,3,543.613191
54.216439,4,543.680613
57.07554,7,543.724665
-14.394791,3,543.797273
-15.414791,3,543.847358
-11.599561,4,543.937443
-12.834726,4,543.980995
-11.199004,4,544.271788
-7.666476,6,544.355479
-8.980771,6,544.408731
-22.202564,9,544.584128
56.161853,5,544.801959
-14.394791,3,545.070289
-14.496791,3,545.214459
-13.476791,3,545.393424
-14.545712,3,545.435179
-14.292791,3,545.602533
52.53344,4,545.760746
-13.627712,3,545.803794
-14.760902,3,545.853359
54.216439,4,546.087584
-14.215251,3,546.164685
59.099294,6,546.24279
-7.818147,5,546.412546
-14.496791,3,546.59685
57.049614,5,546.674868
51.376956,8,546.733632
-7.818147,5,546.777575
-14.190791,3,547.040183
-13.552251,3,547.118771
-13.552251,3,547.179858
-12.530587,4,547.220418
57.263294,6,547.333078
-11.406726,4,547.379138
-39.152737,14,547.441206
-10.40062,7,547.494418
-14.572251,3,547.580592
-14.760902,3,547.624361
-20.838631,9,547.655412
-14.723172,3,547.705498
57.78954,7,547.785102
-13.740902,3,547.827665
50.733749,3,548.05629
-39.200833,13,548.242605
-12.117004,4,548.416552
-8.343267,5,549.578352
-10.251028,5,549.646662
-11.199004,4,549.936361
-13.476791,3,549.986318
52.192956,8,550.043908
-11.803561,4,550.13678
-8.407468,5,550.238421
51.523209,3,550.33839
-15.565712,3,550.38693
-13.476791,3,550.439009
-13.476791,3,550.719079
-13.552251,3,550.967601
-14.292791,3,551.066813
49.585209,3,551.188269
54.216439,4,551.250341
-11.199004,4,551.327055
-14.496791,3,551.42263
-14.572251,3,551.558753
56.947614,5,551.638346
59.099294,6,551.695161
-9.427468,5,551.744119
53.196439,4,551.896432
-9.742313,7,552.209187
-14.341712,3,552.250729
-13.552251,3,552.332333
53.55344,4,552.377899
-13.476791,3,552.589642
56.554733,5,552.827451
-12.929283,4,552.925561
-14.572251,3,552.974128
-14.443712,3,553.054723
-7.933846,7,553.158354
51.523209,3,553.270008
-8.407468,5,553.315055
37.985359,10,553.377969
53.196439,4,553.443042
-12.219004,4,553.503444
44.354531,9,553.625054
-39.415785,17,553.645592
-11.599561,4,553.911411
-14.394791,3,553.952467
-14.292791,3,554.019914
-13.552251,3,554.076994
57.592704,6,554.161097
-10.991283,4,554.220672
45.997369,9,554.281764
-13.476791,3,554.381006
50.719025,8,554.491953
53.196439,4,554.552216
53.196439,4,554.711356
-8.407468,5,554.774966
-7.21046,7,554.834293
56.947614,5,554.912074
-15.386424,8,555.124895
-13.476791,3,555.178971
53.29844,4,555.351632
53.196439,4,555.417125
49.483209,3,555.527532
-37.93949,12,555.781895
-38.425599,13,555.833971
54.216439,4,556.008346
59.099294,6,556.094287
50.503209,3,556.217285
57.967614,5,556.300481
-13.476791,3,556.44637
57.592704,6,556.491133
56.342767,7,556.615432
-13.476791,3,556.757882
52.498956,8,556.829494
-11.199004,4,556.878669
58.079294,6,556.947687
-10.991283,4,557.147487
57.490704,6,557.269337
-9.945028,5,557.328747
50.084059,8,557.493039
58.079294,6,557.540669
-13.476791,3,557.59224
-11.787044,8,557.65243
57.490704,6,557.74003
-15.516791,3,557.791583
-7.960771,6,557.950902
53.29844,4,558.11543
52.192956,8,558.243917
-13.476791,3,558.428964
-7.077886,6,558.51323
56.947614,5,558.712312
-11.787044,8,558.841974
52.988717,4,559.128432
57.967614,5,559.194816
-8.407468,5,559.242377
-13.627712,3,559.286802
-14.760902,3,559.328688
58.510704,6,559.416921
59.099294,6,559.551242
-5.900706,6,559.602123
57.049614,5,559.684356
57.151614,5,559.808029
52.988717,4,559.967891
-14.366424,8,560.176529
-10.783561,4,560.265203
-14.760902,3,560.306521
52.988717,4,560.583536
-14.496791,3,560.639321
-13.476791,3,560.795507
-13.703172,3,560.847072
-13.740902,3,560.897369
31.111884,11,560.944857
57.066154,7,561.023405
58.510704,6,561.160073
-8.407468,5,561.221658
56.947614,5,561.303784
55.322767,7,561.425493
57.161294,6,561.507609
53.29844,4,561.580701
-7.21046,7,561.708643
-9.144147,5,561.968557
-13.740902,3,562.012605
58.079294,6,562.079195
-7.960771,6,562.138399
-5.900706,6,562.172951
57.967614,5,562.315323
59.099294,6,562.397535
56.87154,7,562.468725
56.554733,5,562.541472
-14.292791,3,562.596323
53.502439,4,562.664967
-11.510587,4,562.707178
57.059294,6,562.775267
-10.991283,4,562.82683
-13.476791,3,563.007424
-7.960771,6,563.080746
-13.476791,3,563.270018
-6.489296,6,563.579992
53.196439,4,563.649341
54.216439,4,563.799054
58.079294,6,563.880658
50.503209,3,564.125685
50.503209,3,564.395289
54.216439,4,564.639879
53.196439,4,564.709689
-14.496791,3,564.853374
56.878704,6,564.974543
-13.476791,3,565.165603
57.967614,5,565.25071
-14.545712,3,565.297284
58.510704,6,565.52055
56.250154,7,565.605149
-15.516791,3,565.745038
-10.783561,4,565.81814
59.099294,6,565.881496
57.78954,7,565.933715
-14.572251,3,566.121794
-14.496791,3,566.216865
58.510704,6,566.370332
57.967614,5,566.416396
-13.476791,3,566.472972
56.947614,5,566.629652
49.789209,3,566.827394
-14.394791,3,566.902992
54.216439,4,566.969092
-15.414791,3,567.157041
-15.516791,3,567.302874
-9.427468,5,567.351958
56.656733,5,567.441704
-11.787044,8,567.553257
-10.991283,4,567.737997
-13.703172,3,567.790939
56.758733,5,567.918138
-15.516791,3,568.064332
-14.470251,3,568.110401
-10.29862,7,568.198592
58.079294,6,568.241783
54.216439,4,568.389526
-11.70156,4,568.69375
-13.552251,3,568.777084
56.947614,5,568.86106
-13.476791,3,569.071867
51.447749,3,569.315054
-14.139791,3,569.482995
58.079294,6,569.806553
44.354531,9,569.871876
-13.703172,3,569.911183
-11.510587,4,569.963237
-14.496791,3,570.243068
-13.703172,3,570.285164
57.967614,5,570.411818
37.552134,10,570.518967
-12.224587,4,570.592055
56.758733,5,570.779285
-21.042631,9,570.824865
57.967614,5,570.987209
57.967614,5,571.112684
-15.437172,3,571.16077
-8.407468,5,571.209283
57.78954,7,571.260015
57.365294,6,571.331025
-13.476791,3,571.506796
-11.803561,4,571.604444
58.079294,6,571.653521
-14.496791,3,571.803811
-13.476791,3,571.856377
56.947614,5,571.988046
-9.742313,7,572.13299
58.510704,6,572.224416
-13.476791,3,572.37006
57.967614,5,572.449006
53.294717,4,572.684856
56.554733,5,572.807963
-13.476791,3,572.955509
56.947614,5,573.03648
56.313524,6,573.138454
-12.219004,4,573.232269
-13.476791,3,573.292859
44.977369,9,573.409012
-14.394791,3,573.486578
54.216439,4,573.601459
45.374531,9,573.847322
57.066154,7,573.909896
-14.292791,3,573.991973
57.967614,5,574.125369
50.427749,3,574.354453
53.196439,4,574.588261
-12.807044,8,574.642822
-13.627712,3,574.694031
-13.740902,3,574.735579
56.656733,5,574.797657
53.400439,4,574.947345
-7.818147,5,575.019434
57.78954,7,575.071004
-14.647712,3,575.129416
-11.705283,4,575.213787
-14.139791,3,575.264893
-14.760902,3,575.305785
-8.343267,5,575.396412
-10.762313,7,575.449133
53.212956,8,575.557891
57.78954,7,575.629337
54.216439,4,575.705838
56.554733,5,575.776421
-8.211028,5,575.847696
30.870601,11,575.918726
-14.496791,3,576.104461
-20.441469,9,576.1557
-13.476791,3,576.197991
-13.703172,3,576.239036
-13.346587,4,576.279087
50.503209,3,576.583037
50.503209,3,576.935526
51.523209,3,577.031155
-15.210791,3,577.090729
55.984114,6,577.325845
-13.242726,4,577.375055
-13.476791,3,577.499717
57.78954,7,577.570322
-13.552251,3,577.634902
-13.476791,3,577.784087
-7.666476,6,577.973974
-14.556902,3,578.029631
53.29844,4,578.281491
58.510704,6,578.339204
-14.572251,3,578.536485
53.196439,4,578.693442
53.196439,4,578.739679
57.967614,5,578.814964
-13.703172,3,578.868129
50.503209,3,579.14194
57.967614,5,579.190343
-15.474902,3,579.241772
-10.991283,4,579.298256
57.967614,5,579.428047
-10.783561,4,579.552573
-7.425267,5,579.644684
59.099294,6,579.689813
54.216439,4,579.833791
-14.572251,3,579.970174
-14.266251,3,580.044807
51.523209,3,580.309237
49.483209,3,580.577557
44.977369,9,581.05149
52.380439,4,581.206711
45.997369,9,581.274223
50.503209,3,581.380951
51.523209,3,581.571989
56.029614,5,581.658384
50.503209,3,581.937232
-8.925028,5,581.989988
-14.368251,3,582.036434
54.216439,4,582.270477
-15.208712,3,582.330318
-13.476791,3,582.51484
45.181369,9,582.765424
-13.552251,3,582.851278
56.290114,6,583.099243
-10.783561,4,583.384103
-13.552251,3,583.458496
50.503209,3,583.588028
-14.190791,3,583.768031
56.10654,7,583.815384
-14.496791,3,583.879575
57.922114,6,584.044761
54.216439,4,584.095582
54.216439,4,584.168339
45.374531,9,584.250837
-13.476791,3,584.562777
59.099294,6,584.638369
54.216439,4,584.705616
-15.516791,3,584.764303
-14.266251,3,584.843601
57.967614,5,585.042563
-12.827282,4,585.142603
-11.406726,4,585.21025
-14.292791,3,585.361299
-11.599561,4,585.438912
-7.21046,7,585.588507
35.945359,10,585.711734
57.574733,5,585.847688
57.967614,5,585.907291
-14.572251,3,585.980914
-12.224587,4,586.022043
-35.631966,11,586.124117
-10.783561,4,586.223586
-14.470251,3,586.301751
-13.476791,3,586.357363
-10.783561,4,586.570775
43.312855,9,586.740686
-11.654283,4,586.913258
54.216439,4,587.063782
36.838135,10,587.113356
-13.703172,3,587.167425
-14.760902,3,587.210484
52.737439,4,587.362155
-14.760902,3,587.416735
57.059294,6,587.527588
59.099294,6,587.605952
-14.292791,3,587.753535
50.503209,3,587.909296
56.76954,7,587.963434
-8.776771,6,588.015135
56.76954,7,588.088259
-14.443712,3,588.130933
51.523209,3,588.434772
57.967614,5,588.579033
-7.21046,7,588.645343
-14.190791,3,588.719459
-14.366424,8,588.764042
-13.476791,3,588.831765
56.947614,5,588.915316
58.079294,6,588.97967
-15.414791,3,589.022022
55.628767,7,589.178184
56.656733,5,589.340002
56.911733,5,589.473616
-7.21046,7,589.527486
53.29844,4,589.686582
57.967614,5,589.764235
57.967614,5,589.94398
45.079369,9,590.168564
-13.476791,3,590.34411
59.099294,6,590.396681
-13.740902,3,590.439463
58.385294,6,590.514565
-15.780902,3,590.55663
-8.343267,5,590.843168
52.192956,8,590.916754
-14.496791,3,590.995399
54.008717,4,591.194805
-13.476791,3,591.343115
59.099294,6,591.408731
57.78954,7,591.45029
57.066154,7,591.501366
-20.022631,9,591.555444
30.448884,11,591.624739
57.967614,5,591.745462
-39.152737,14,591.80651
53.55344,4,591.876643
56.947614,5,592.00595
-11.406726,4,592.071421
-13.476791,3,592.159451
-14.496791,3,592.340793
57.922114,6,592.548847
-7.21046,7,592.675408
52.89044,4,592.862191
-14.139791,3,592.963707
-8.407468,5,593.012926
-11.803561,4,593.21811
-12.426726,4,593.286699
51.523209,3,593.587676
56.161853,5,593.818827
-14.394791,3,594.003716
-14.760902,3,594.048716
-11.803561,4,594.143492
53.196439,4,594.386777
-14.496791,3,594.440553
50.503209,3,594.524145
59.099294,6,594.582724
-12.426726,4,594.641799
57.78954,7,594.719932
-14.647712,3,594.784169
51.523209,3,594.971842
-14.658902,3,595.021527
-13.703172,3,595.073299
-13.552251,3,595.120146
-13.703172,3,595.168697
-10.991283,4,595.419661
-8.878771,6,595.484918
57.059294,6,595.565834
-9.796771,6,595.634431
53.196439,4,595.79427
-13.740902,3,595.835295
-13.476791,3,595.931128
57.574733,5,596.082758
-14.394791,3,596.228501
-14.621172,3,596.281571
-14.519172,3,596.320453
-13.476791,3,596.529076
-38.39648,13,596.584015
57.416294,6,596.658623
59.099294,6,596.78779
-35.149399,11,596.858877
45.997369,9,596.916928
54.216439,4,597.038063
57.967614,5,597.123052
-11.70156,4,597.330024
-13.703172,3,597.369935
-11.787044,8,598.118573
56.284614,5,598.368544
-11.199004,4,598.418594
51.523209,3,598.531021
-11.705283,4,598.748947
56.947614,5,598.835528
-14.139791,3,599.010828
57.78954,7,599.065141
-38.408128,13,599.113346
53.400439,4,599.185427
57.967614,5,599.244592
-11.510587,4,599.29528
55.026154,7,599.373653
-10.991283,4,599.467915
57.967614,5,599.511033
52.482439,4,599.668684
-13.627712,3,599.711833
54.216439,4,599.801943
-7.077886,6,600.117197
-8.407468,5,600.199056
57.922114,6,600.268125
58.510704,6,600.48572
-11.199004,4,600.542991
-36.447966,11,600.595545
-9.325468,5,600.665628
-14.470251,3,600.724757
56.233614,5,600.894951
-14.496791,3,600.955526
-13.740902,3,600.99947
-10.991283,4,601.151748
52.192956,8,601.234572
45.374531,9,601.304857
58.079294,6,601.416743
-15.516791,3,601.564356
-19.818631,9,601.619629
58.079294,6,601.704098
-13.552251,3,601.753409
54.216439,4,601.909593
58.385294,6,601.979165
-12.530587,4,602.02084
57.967614,5,602.064475
57.967614,5,602.112072
56.97354,7,602.162862
54.216439,4,602.22545
-14.139791,3,602.424088
54.216439,4,602.580264
-14.496791,3,602.763518
-14.496791,3,602.820614
-13.476791,3,602.872679
57.151614,5,602.992124
-5.900706,6,603.025169
52.192956,8,603.310017
57.967614,5,603.395108
-8.970386,5,603.76868
-11.803561,4,603.862628
-12.011283,4,604.083973
54.216439,4,604.279707
57.253614,5,604.361294
-13.725044,8,604.394349
-13.476791,3,604.453414
56.029614,5,604.584789
57.967614,5,604.629874
-7.407296,6,604.679939
-13.476791,3,604.967578
52.192956,8,605.021661
-13.476791,3,605.07274
52.27844,4,605.221917
-15.386424,8,605.409687
53.196439,4,605.587384
56.947614,5,605.707553
45.997369,9,605.776129
-7.481706,6,605.911321
-14.394791,3,606.065587
57.967614,5,606.114167
49.483209,3,606.201872
-11.406726,4,606.249563
-14.496791,3,606.297134
55.74954,7,606.346732
-13.476791,3,606.532852
59.099294,6,606.583582
-13.476791,3,606.72672
58.079294,6,606.938685
52.27844,4,607.091355
-11.787044,8,607.125061
57.967614,5,607.289761
56.87154,7,607.591168
-12.52401,8,607.650275
-9.427468,5,607.696928
27.254543,12,607.789536
-14.621172,3,607.841613
-13.476791,3,607.899699
-15.780902,3,607.939741
53.29844,4,608.006891
-13.740902,3,608.046936
59.099294,6,608.099515
50.503209,3,608.197607
59.099294,6,608.2754
54.216439,4,608.423227
57.967614,5,608.488317
-11.199004,4,608.565403
57.049614,5,608.635626
-13.476791,3,608.830938
53.29844,4,608.905552
-34.129399,11,609.174435
-15.312791,3,609.35467
56.97354,7,609.425601
57.967614,5,609.47483
57.490704,6,609.543227
-12.530587,4,609.585293
53.196439,4,609.691391
57.967614,5,609.805282
53.196439,4,609.940608
51.523209,3,610.203972
-13.703172,3,610.245036
49.687209,3,610.518535
-13.552251,3,610.562081
52.988717,4,610.749797
-11.199004,4,610.793364
-10.762313,7,610.836179
-8.052386,5,611.13906
51.739025,8,611.273221
53.196439,4,611.388335
-35.650608,11,611.449811
56.76954,7,611.5342
51.65999,8,611.627224
55.322767,7,611.707165
-8.211028,5,611.768324
-14.139791,3,611.937764
-13.476791,3,612.124192
-7.032386,5,612.392271
54.216439,4,612.458492
54.008717,4,612.619666
51.523209,3,612.715455
-13.476791,3,612.897184
-14.394791,3,613.184733
54.216439,4,613.332481
-9.027028,5,613.405302
-8.12846,7,613.435345
-13.476791,3,613.614522
52.176439,4,613.727687
-11.803561,4,613.918466
-11.199004,4,614.001536
-10.783561,4,614.097264
-14.496791,3,614.139019
-13.476791,3,614.280213
-10.783561,4,614.374357
-15.516791,3,614.424563
-7.940706,6,614.529708
45.997369,9,614.58177
-19.625469,9,614.633833
-13.476791,3,614.683899
57.490704,6,614.771525
54.216439,4,614.9203
-13.740902,3,614.959843
-14.292791,3,615.018494
37.985359,10,615.136889
-13.476791,3,615.181037
57.416294,6,615.343714
-9.325468,5,615.398944
58.510704,6,615.483594
54.216439,4,615.555772
-13.552251,3,615.612362
-13.740902,3,615.653448
-8.736147,5,615.872004
-11.909283,4,616.050451
57.967614,5,616.125589
57.967614,5,616.216067
-15.284172,3,616.260623
54.216439,4,616.421975
-14.292791,3,616.602663
-14.394791,3,616.659747
-14.443712,3,616.707808
59.099294,6,616.790401
-7.21046,7,617.05272
53.196439,4,617.199402
57.574733,5,617.364193
53.502439,4,617.432268
58.079294,6,617.472313
-10.783561,4,617.671551
-19.002631,9,617.714147
53.29844,4,617.883937
57.967614,5,617.961231
-20.871145,9,618.053335
57.967614,5,618.13293
50.503209,3,618.405375
-14.496791,3,618.588588
-14.496791,3,618.765783
-11.406726,4,618.85193
-10.783561,4,619.098881
57.78954,7,619.17146
-13.627712,3,619.248542
-13.476791,3,619.533295
43.957369,9,619.589355
53.55344,4,619.824781
59.099294,6,619.900886
45.997369,9,620.225373
-11.787044,8,620.261935
-39.404833,13,620.355711
-11.803561,4,620.449975
56.947614,5,620.530623
-13.476791,3,620.581336
-12.530587,4,620.619886
-12.705044,8,620.648098
56.470704,6,620.723845
56.76954,7,620.814972
-14.572251,3,621.011081
-15.516791,3,621.197333
-15.516791,3,621.252947
-14.139791,3,621.393168
-14.496791,3,621.488286
-13.703172,3,621.531843
51.523209,3,621.808161
51.523209,3,621.982396
53.196439,4,622.129572
54.216439,4,622.278734
-14.470251,3,622.470452
-14.658902,3,622.513035
53.212956,8,622.578206
54.216439,4,622.700837
-9.427468,5,622.765478
58.079294,6,622.886113
35.945359,10,623.024267
51.523209,3,623.300013
49.483209,3,623.451674
57.922114,6,623.59839
-9.325468,5,623.697006
59.099294,6,623.749573
56.947614,5,623.867059
57.12654,7,623.921117
-40.294785,16,623.976272
37.985359,10,624.028838
-14.496791,3,624.170529
57.922114,6,624.348751
-12.426726,4,624.404816
58.510704,6,624.544534
54.216439,4,624.690194
-8.647846,7,624.791198
-13.476791,3,624.843449
58.079294,6,624.892787
55.927614,5,624.937182
59.099294,6,625.012637
-13.476791,3,625.070877
-15.312791,3,625.278856
57.574733,5,625.505218
51.523209,3,625.775593
56.947614,5,625.854185
50.503209,3,625.976918
-14.394791,3,626.248468
57.049614,5,626.320068
-12.823561,4,626.54987
-19.625469,9,626.603414
-14.292791,3,626.78728
-6.716706,6,626.889431
57.78954,7,626.964021
-13.476791,3,627.02008
37.985359,10,627.087645
-14.470251,3,627.145073
-14.496791,3,627.239208
-14.292791,3,627.283256
-6.489296,6,627.545247
57.967614,5,627.71141
-7.960771,6,627.856087
50.809209,3,628.202285
-10.783561,4,628.292806
-12.426726,4,628.361228
58.079294,6,628.440448
-8.980771,6,628.4933
56.947614,5,628.650843
-34.611966,11,628.825237
-14.496791,3,628.902342
28.274543,12,629.003506
-13.552251,3,629.07811
58.510704,6,629.259872
-14.496791,3,629.309183
-14.572251,3,629.363242
54.216439,4,629.433333
54.216439,4,629.550054
-13.476791,3,629.690021
51.523209,3,629.960121
-14.496791,3,630.011683
-12.224587,4,630.052244
-14.496791,3,630.192485
54.216439,4,630.333093
-14.723172,3,630.383146
54.543687,7,630.509479
54.216439,4,630.577055
55.534733,5,630.655138
-10.660313,7,630.911457
-13.740902,3,630.965039
-7.032386,5,631.021116
-11.909283,4,631.118242
-14.470251,3,631.238761
31.111884,11,631.311925
57.78954,7,631.360723
-14.496791,3,631.50071
57.066154,7,631.572377
-8.715386,5,631.922447
-10.991283,4,632.013058
-14.647712,3,632.085635
-10.991283,4,632.269193
57.049614,5,632.328768
54.216439,4,632.439394
-13.476791,3,632.505971
53.196439,4,632.629121
-14.470251,3,632.762698
-7.032386,5,632.836274
58.510704,6,633.000571
-10.783561,4,633.090156
58.510704,6,633.183604
-10.783561,4,633.275712
-13.552251,3,633.335324
57.059294,6,633.378397
54.216439,4,633.534047
-14.292791,3,633.575106
57.967614,5,633.639729
-5.900706,6,633.704047
56.758733,5,633.822727
52.192956,8,633.897321
28.274543,12,634.127263
-12.011283,4,634.20185
53.212956,8,634.257684
50.503209,3,634.527476
-9.231028,5,634.593392
-8.445267,5,634.750997
53.196439,4,634.850158
56.656733,5,634.998918
-9.858147,5,635.083921
-14.190791,3,635.268321
-15.516791,3,635.334764
51.523209,3,635.514439
58.079294,6,635.593696
-14.139791,3,635.672939
-13.552251,3,635.729398
-13.476791,3,635.819274
57.049614,5,635.889369
-13.476791,3,635.952664
-14.572251,3,636.015738
28.274543,12,636.068299
-9.677233,7,636.251963
-8.407468,5,636.331194
-14.496791,3,636.581464
53.29844,4,636.798418
53.212956,8,636.87849
-11.787044,8,637.041222
50.719025,8,637.235608
54.59938,7,637.41756
-8.878771,6,637.616998
-13.476791,3,637.677293
-13.552251,3,637.88258
-13.476791,3,638.073802
56.947614,5,638.251499
56.76954,7,638.362658
56.947614,5,638.478278
54.216439,4,638.553905
-12.015004,4,638.773156
-13.54401,8,638.920581
53.196439,4,639.07576
53.196439,4,639.237435
-5.900706,6,639.273075
-39.123589,14,639.37902
54.008717,4,639.494538
-9.742313,7,639.700021
44.751693,9,639.901465
59.099294,6,640.010585
-11.705283,4,640.096175
45.997369,9,640.317931
57.967614,5,640.482129
50.503209,3,640.68837
-7.21046,7,640.728939
-13.476791,3,640.920597
-7.21046,7,641.180833
54.216439,4,641.295874
-13.627712,3,641.340941
-14.496791,3,641.52916
-37.73549,12,641.727385
53.196439,4,641.881578
57.967614,5,641.995222
52.988717,4,642.287875
-11.199004,4,642.451074
-19.920631,9,642.547692
54.216439,4,642.611775
53.196439,4,642.758388
57.78954,7,642.81583
-8.23046,7,642.961171
-6.818706,6,643.099457
58.079294,6,643.179226
56.76954,7,643.234925
-10.783561,4,643.33271
56.263853,5,643.454724
-39.056506,12,643.559976
59.099294,6,643.619157
-7.509296,6,643.675139
-15.284424,8,643.833291
56.656733,5,643.954298
-8.407468,5,644.024974
56.758733,5,644.103236
-8.211028,5,644.274098
-10.783561,4,644.47871
56.76954,7,644.549393
57.967614,5,644.755697
-11.803561,4,644.851424
56.947614,5,644.96839
56.947614,5,645.063507
-13.552251,3,645.180812
-12.428587,4,645.251948
-12.011283,4,646.288126
45.374531,9,646.364804
56.76954,7,646.424646
-13.476791,3,646.596903
-12.52401,8,646.645636
-11.787044,8,646.679425
56.947614,5,646.846325
54.216439,4,646.996126
-14.496791,3,647.043437
54.216439,4,647.231566
-10.783561,4,647.327574
-13.476791,3,647.472483
-13.476791,3,647.659926
-8.211028,5,647.721995
-5.900706,6,647.793594
-14.496791,3,647.845379
55.927614,5,648.044114
-13.476791,3,648.117316
59.099294,6,648.170897
31.111884,11,648.29815
56.656733,5,648.37578
-14.572251,3,648.460438
57.416294,6,648.506024
54.90538,7,648.749845
-13.476791,3,648.813931
54.216439,4,648.881526
57.967614,5,648.957112
45.997369,9,649.289973
54.216439,4,649.454684
57.574733,5,649.602368
-40.396785,16,649.66151
50.784749,3,649.893356
57.967614,5,649.950671
-10.783561,4,650.057303
53.212956,8,650.267205
-13.627712,3,650.331291
29.850601,11,650.50464
53.29844,4,650.731999
36.965359,10,650.803601
-12.426726,4,650.872193
-10.40062,7,650.947273
37.985359,10,651.025875
56.233614,5,651.227533
25.595167,13,651.635663
-7.818147,5,651.69698
54.216439,4,651.84526
57.967614,5,652.01041
51.523209,3,652.105032
-14.658902,3,652.147084
-13.476791,3,652.335337
-8.211028,5,652.387066
58.079294,6,652.448644
53.212956,8,652.783754
37.552134,10,652.835171
57.967614,5,652.915478
-14.394791,3,652.999635
31.111884,11,653.164009
54.216439,4,653.312713
-41.192737,14,653.361296
-36.822474,12,653.460091
-14.545712,3,653.598833
58.079294,6,653.649905
-14.496791,3,653.813735
56.554733,5,653.945866
56.947614,5,654.069999
-7.425267,5,654.161211
-13.476791,3,654.352005
57.967614,5,654.436153
56.76954,7,654.519288
-19.920631,9,654.641935
53.196439,4,654.798616
-14.496791,3,654.942272
-13.476791,3,655.121609
-39.123589,14,655.179725
-8.211028,5,655.270828
-14.760902,3,655.312866
-9.427468,5,655.375465
54.216439,4,655.54866
53.212956,8,655.613229
50.503209,3,655.891107
-5.900706,6,655.928658
-11.199004,4,656.149979
-13.476791,3,656.241918
-11.510587,4,656.293979
-8.23046,7,656.555758
45.374531,9,656.602317
-10.783561,4,656.810073
55.679767,7,656.962773
51.523209,3,657.240104
56.947614,5,657.290667
-11.510587,4,657.343727
56.947614,5,657.42582
54.216439,4,657.54946
53.29844,4,657.685106
54.216439,4,657.750732
-13.552251,3,657.952025
-14.545712,3,658.002605
54.008717,4,658.096219
-13.703172,3,658.137775
-7.933846,7,658.406099
-12.823561,4,658.504264
50.503209,3,658.611056
-39.423837,15,658.668644
-27.014641,10,658.702681
-14.139791,3,658.761773
-7.818147,5,658.945473
-12.011283,4,659.140844
-15.516791,3,659.288848
56.87154,7,659.494107
-10.345468,5,659.55117
-14.723172,3,659.600953
58.181294,6,659.645012
50.605209,3,659.738611
54.216439,4,659.857969
54.216439,4,659.935092
-13.740902,3,659.975668
-13.627712,3,660.027817
45.374531,9,660.098445
50.503209,3,660.382535
57.78954,7,660.439119
-14.496791,3,660.495806
-11.510587,4,660.550516
45.997369,9,660.600115
56.76954,7,660.656446
36.965359,10,660.710521
49.801025,8,660.993885
-5.900706,6,661.305502
-15.516791,3,661.503263
-10.783561,4,661.705897
53.212956,8,661.777285
-13.476791,3,661.839104
53.29844,4,661.940355
-15.210791,3,661.997445
54.008717,4,662.290392
56.046154,7,662.371481
-14.496791,3,662.41904
52.192956,8,662.484645
-13.552251,3,662.542549
-36.822474,12,662.630762
-5.900706,6,662.746408
-15.414791,3,662.888862
50.633576,8,663.103436
54.216439,4,663.251253
-13.703172,3,663.30556
57.967614,5,663.367723
58.079294,6,663.445958
51.523209,3,663.713721
54.216439,4,663.872043
-11.787044,8,663.986364
51.447749,3,664.217106
-8.23046,7,664.360159
54.216439,4,664.513688
-14.496791,3,664.588681
50.503209,3,664.692865
-8.838147,5,664.88891
52.176439,4,665.047408
-14.292791,3,665.237339
-8.329476,6,665.435494
-11.510587,4,665.492796
-14.496791,3,665.552584
57.574733,5,665.635663
-13.476791,3,665.810377
53.196439,4,665.877489
-40.172737,14,666.050684
-14.496791,3,666.193899
-13.476791,3,666.248456
56.76954,7,666.296005
-10.991283,4,666.499529
-9.14846,7,666.531594
57.78954,7,666.617549
-14.496791,3,666.672816
-14.139791,3,666.810862
-14.572251,3,666.927576
-14.723172,3,666.969356
50.503209,3,667.158883
-14.496791,3,667.217695
-13.476791,3,667.403446
59.099294,6,667.468549
-14.496791,3,667.640707
54.216439,4,667.835919
58.079294,6,667.916031
-14.496791,3,667.970984
57.049614,5,668.084157
-11.199004,4,668.309645
58.385294,6,668.392253
-13.476791,3,668.439487
59.099294,6,668.533123
53.196439,4,668.684885
37.985359,10,668.73745
57.78954,7,668.784024
57.049614,5,668.865643
-13.476791,3,669.021649
53.196439,4,669.08754
57.967614,5,669.166089
-20.022631,9,669.233443
-27.88109,10,669.499907
57.253614,5,669.584921
-13.476791,3,669.767626
53.090717,4,669.924889
-7.21046,7,669.959445
-13.446726,4,670.011516
53.29844,4,670.090638
56.947614,5,670.209995
-14.496791,3,670.292695
-13.476791,3,670.432723
59.099294,6,670.513239
54.216439,4,670.690617
56.947614,5,670.807355
-15.516791,3,670.995147
-12.219004,4,671.055368
54.216439,4,671.199019
53.196439,4,671.396286
56.827704,6,671.457553
36.965359,10,671.53117
-13.476791,3,671.615636
-11.787044,8,671.653109
54.008717,4,671.817337
-10.783561,4,672.019076
-12.426726,4,672.078635
57.574733,5,672.15473
50.503209,3,672.495167
53.196439,4,672.571771
-10.783561,4,672.839766
-10.783561,4,672.933927
57.181853,5,673.014539
55.636733,5,673.215754
56.947614,5,673.377951
57.78954,7,673.431009
-39.404833,13,673.529613
54.216439,4,673.672182
-8.953846,7,673.785782
-13.552251,3,673.901904
52.396956,8,673.977494
-13.476791,3,674.020046
53.55344,4,674.175259
58.079294,6,674.240242
-10.783561,4,674.337326
-14.470251,3,674.400359
56.947614,5,674.588065
54.216439,4,674.740382
-39.478785,16,674.795977
50.503209,3,674.868701
52.274717,4,675.0865
-7.032386,5,675.369205
-11.199004,4,675.441572
57.78954,7,675.505421
54.008717,4,675.654626
-14.470251,3,675.725706
43.334531,9,675.779305
52.47599,8,675.905978
53.29844,4,676.051624
-10.991283,4,676.239322
45.997369,9,676.311904
37.11891,10,676.442019
-13.476791,3,676.58567
57.967614,5,676.635725
-5.900706,6,676.671788
-13.476791,3,676.882295
58.079294,6,676.954998
-13.476791,3,677.097412
52.47599,8,677.147441
-13.031283,4,677.228878
-9.38062,7,677.400111
-6.614706,6,677.532757
57.78954,7,677.591528
56.947614,5,677.775209
54.59938,7,678.073125
56.947614,5,678.242038
-7.21046,7,678.278598
54.216439,4,678.324643
-13.476791,3,678.515594
53.196439,4,678.637817
-14.496791,3,678.735636
-11.803561,4,678.930742
-13.476791,3,679.11627
36.45591,10,679.193876
-9.742313,7,679.337564
-14.496791,3,679.504113
54.216439,4,679.57281
-34.732608,11,679.641577
-14.394791,3,679.784885
57.78954,7,679.836459
-27.014641,10,679.86857
-15.017941,8,679.929649
45.374531,9,680.065501
57.78954,7,680.111224
-14.647712,3,680.151638
56.947614,5,680.271927
-13.476791,3,680.313054
-8.736147,5,680.495806
-12.426726,4,680.542861
-8.407468,5,680.638495
-37.881015,12,680.753623
-14.496791,3,680.960931
30.870601,11,681.182845
-8.407468,5,681.228899
54.216439,4,681.374053
49.699025,8,681.534877
-14.394791,3,681.673039
51.523209,3,681.838791
50.821025,8,681.888853
-7.21046,7,682.029
-11.787044,8,682.064553
53.212956,8,682.222413
53.196439,4,682.364971
59.099294,6,682.521257
56.554733,5,682.631239
59.099294,6,682.683782
-15.108791,3,682.862842
-13.476791,3,682.933915
50.503209,3,683.193857
59.099294,6,683.256072
37.985359,10,683.323183
-11.787044,8,683.504379
-9.231028,5,683.65398
-11.406726,4,683.704052
56.947614,5,683.788652
56.342767,7,684.042432
-13.476791,3,684.184388
53.400439,4,684.331156
-11.803561,4,684.422293
55.61938,7,684.505402
44.977369,9,684.578571
-21.182564,9,684.780801
-13.997941,8,684.979562
-13.476791,3,685.24754
59.099294,6,685.296599
58.385294,6,685.367693
-12.72156,4,685.539921
-13.703172,3,685.591677
59.099294,6,685.665252
31.111884,11,685.833969
55.61938,7,685.999874
56.046154,7,686.201837
54.008717,4,686.362604
-12.426726,4,686.418855
-14.760902,3,686.471535
57.574733,5,686.55114
-14.572251,3,686.634022
56.947614,5,686.702579
53.196439,4,686.846158
57.967614,5,686.965962
53.196439,4,687.057575
53.196439,4,687.175713
57.967614,5,687.222796
-10.783561,4,687.317399
59.099294,6,687.389989
-15.516791,3,687.431536
-13.476791,3,687.47859
-14.496791,3,687.533656
59.099294,6,687.591715
56.947614,5,687.746224
57.694704,6,687.830265
-14.621172,3,687.880873
54.216439,4,687.999705
57.574733,5,688.119173
-27.014641,10,688.174729
-13.476791,3,688.235306
59.099294,6,688.295305
57.967614,5,688.378907
53.212956,8,688.584294
51.523209,3,688.693434
-13.476791,3,688.965719
-12.011283,4,689.164912
54.216439,4,689.518555
56.470704,6,689.642526
57.78954,7,689.80269
53.400439,4,689.960908
56.76954,7,690.09921
45.997369,9,690.232397
-13.552251,3,690.344758
55.526767,7,690.548499
37.11891,10,690.713914
-13.476791,3,690.813328
-7.21046,7,690.910789
-14.760902,3,691.003359
54.216439,4,691.145429
-14.760902,3,691.228324
54.216439,4,691.650409
57.78954,7,691.739321
57.574733,5,691.905402
-8.23046,7,692.100289
54.216439,4,692.644915
52.988717,4,693.056568
54.216439,4,694.548363
54.008717,4,694.881841
-11.199004,4,695.092987
51.523209,3,695.297333
58.181294,6,695.440231
-12.530587,4,695.551691
-13.740902,3,695.658619
53.400439,4,695.932235
-5.900706,6,696.196214
43.731693,9,696.524275
-14.394791,3,696.794007
45.997369,9,696.90191
-14.280975,8,697.64874
-13.476791,3,697.825009
56.947614,5,698.029346
-6.716706,6,698.146718
58.079294,6,698.297622
57.967614,5,698.472154
56.76954,7,698.599559
50.503209,3,698.764492
57.78954,7,698.86623
-10.783561,4,699.032498
57.78954,7,699.161346
-15.516791,3,699.765353
-5.900706,6,699.946535
28.274543,12,700.197977
-6.489296,6,700.811174
-14.292791,3,701.030135
45.997369,9,701.134167
57.574733,5,701.272129
-11.787044,8,701.429699
-11.406726,4,701.58593
-13.476791,3,702.03609
50.821025,8,702.581023
56.554733,5,702.893611
51.523209,3,703.354098
-39.152737,14,703.513037
-14.760902,3,703.646085
57.066154,7,703.907584
-13.476791,3,704.347834
-8.23046,7,704.41924
54.216439,4,704.576179
-13.552251,3,704.788896
54.216439,4,705.089391
59.099294,6,705.22349
-20.022631,9,705.38216
57.967614,5,705.789634
51.523209,3,706.031302
58.510704,6,706.164006
-14.496791,3,706.826224
53.196439,4,707.300809
-14.139791,3,707.606161
57.066154,7,707.967626
50.503209,3,708.622753
50.809209,3,709.273643
55.74954,7,709.478884
-14.470251,3,709.626456
59.099294,6,709.713751
37.985359,10,709.848978
57.967614,5,709.98067
-13.476791,3,710.124228
45.997369,9,710.392187
44.977369,9,710.892
-14.139791,3,711.074353
-14.496791,3,711.243987
56.76954,7,711.401741
50.707209,3,711.88023
-11.803561,4,712.144699
43.957369,9,712.278008
-13.476791,3,712.736636
-8.12846,7,713.837753
-14.572251,3,713.976699
-12.807044,8,714.122453
-13.476791,3,714.539016
56.554733,5,714.713992
-13.476791,3,715.353552
53.212956,8,715.498456
-11.497561,4,715.921302
-14.496791,3,716.052685
58.283294,6,716.392918
51.968717,4,716.630553
57.253614,5,716.8311
-14.394791,3,716.989893
-14.572251,3,717.10803
36.965359,10,717.323204
-13.476791,3,717.780068
56.76954,7,717.937723
53.400439,4,718.256223
59.099294,6,718.467926
59.099294,6,718.610915
-14.496791,3,718.928332
49.483209,3,719.144043
-14.496791,3,719.560134
-39.428535,16,719.70116
-10.783561,4,719.931547
-13.476791,3,720.056411
53.196439,4,720.546774
54.216439,4,721.108851
53.212956,8,721.265066
57.967614,5,721.621937
-38.384833,13,721.91616
52.27844,4,722.469232
-13.476791,3,722.616219
-11.787044,8,722.808645
57.967614,5,723.100002
59.099294,6,723.333611
-13.476791,3,723.541879
-14.496791,3,723.964771
-29.283865,10,724.250442
57.967614,5,724.462044
-8.23046,7,724.626327
-13.552251,3,724.740534
-14.496791,3,725.21281
51.523209,3,725.425962
57.967614,5,725.931162
57.967614,5,726.422501
56.947614,5,726.60589
-13.827044,8,726.746293
57.490704,6,726.837695
-13.552251,3,727.07092
37.552134,10,727.317761
37.552134,10,727.504112
52.192956,8,727.742199
-13.627712,3,727.890932
59.099294,6,728.071005
55.927614,5,728.473496
53.29844,4,728.632185
-13.476791,3,728.769638
-8.481147,5,729.18151
-14.496791,3,729.594905
54.216439,4,729.780447
-14.496791,3,730.22557
-14.470251,3,730.53379
-13.552251,3,730.719811
-14.139791,3,730.836715
-11.406726,4,730.94368
-10.000771,6,731.474439
51.523209,3,731.904662
53.196439,4,732.259361
-20.022631,9,732.351015
59.099294,6,732.459067
-12.705044,8,733.448155
-13.476791,3,733.76809
-12.426726,4,733.925542
-14.723172,3,734.027976
51.172956,8,734.27901
57.490704,6,734.475954
-13.703172,3,734.601629
56.947614,5,734.794851
57.967614,5,735.165101
53.212956,8,735.276347
51.523209,3,735.504877
54.216439,4,735.974766
56.263853,5,736.440943
-7.21046,7,736.774056
-13.476791,3,736.930734
-7.933846,7,737.040838
54.216439,4,737.170912
56.947614,5,737.338359
-14.394791,3,737.450759
-12.807044,8,738.067948
-15.592251,3,738.192509
59.099294,6,738.618482
51.523209,3,739.200544
51.739025,8,739.555506
53.502439,4,739.85359
-10.783561,4,740.322891
-14.572251,3,740.480371
-14.496791,3,740.645548
-14.572251,3,740.786371
-14.496791,3,741.122814
58.510704,6,741.338282
57.967614,5,741.535045
50.503209,3,741.921371
57.967614,5,742.342329
43.731693,9,742.520634
-13.476791,3,742.733979
-14.496791,3,742.864849
56.554733,5,743.067675
51.55799,8,743.263475
54.216439,4,743.425743
-14.496791,3,743.606746
45.997369,9,743.756463
58.079294,6,743.936164
59.099294,6,744.059212
-8.953846,7,744.330109
57.967614,5,744.410469
-13.476791,3,744.524195
-11.803561,4,745.002731
-15.516791,3,745.316756
54.216439,4,745.609349
-6.920706,6,745.912097
54.216439,4,746.210462
36.532134,10,746.374463
57.967614,5,746.510775
53.196439,4,746.656336
44.977369,9,746.838882
-11.803561,4,747.04819
51.523209,3,747.625586
-13.476791,3,747.972941
54.008717,4,748.446376
-10.783561,4,748.70138
56.947614,5,748.90135
-8.407468,5,749.044375
57.059294,6,749.17001
-14.496791,3,749.384708
-9.769846,7,749.56266
-13.476791,3,750.021598
-8.407468,5,750.15374
56.947614,5,750.442833
30.295884,11,750.572097
-14.139791,3,751.027755
57.967614,5,751.397085
-8.343267,5,751.830428
53.29844,4,752.140356
56.76954,7,752.250163
58.079294,6,752.423489
-13.627712,3,752.510134
-13.476791,3,752.565191
-13.476791,3,752.611326
54.216439,4,752.787752
58.510704,6,752.959515
57.967614,5,753.144627
-28.034641,10,753.208355
54.216439,4,753.268077
37.985359,10,753.341454
-14.190791,3,753.401851
56.947614,5,753.633684
36.965359,10,753.707669
-7.21046,7,753.820518
53.196439,4,754.054223
-13.476791,3,754.28791
45.374531,9,754.472408
-10.783561,4,754.972736
58.079294,6,755.282538
44.977369,9,755.422031
54.008717,4,755.80812
57.967614,5,756.022768
57.78954,7,756.21926
-14.394791,3,756.318421
54.216439,4,756.696035
-39.404833,13,756.928473
-7.848386,5,757.789937
-10.991283,4,758.264004
-36.725457,12,758.753069
54.216439,4,758.963485
-15.516791,3,759.167913
-15.463712,3,759.326837
-15.516791,3,759.702625
-7.032386,5,760.535454
-10.762313,7,760.780811
53.196439,4,761.12658
57.967614,5,761.329945
55.927614,5,761.475305
56.76954,7,762.039956
-14.572251,3,762.184009
-19.002631,9,762.350496
59.099294,6,762.475515
56.554733,5,762.609597
30.448884,11,762.814292
-13.627712,3,762.951303
-10.783561,4,763.188433
53.212956,8,763.338745
51.739025,8,763.748528
-13.552251,3,763.962297
-13.476791,3,764.218545
49.483209,3,764.873454
-8.838147,5,765.303356
-14.341712,3,765.722231
-14.496791,3,766.06859
-14.496791,3,766.238902
57.967614,5,766.516858
57.066154,7,766.670006
57.059294,6,766.930233
-12.222726,4,767.116759
54.216439,4,767.436508
51.739025,8,767.623232
-14.496791,3,768.079053
-14.190791,3,768.408386
59.099294,6,768.578478
-14.496791,3,768.982637
-10.991283,4,769.423117
-15.312791,3,769.841507
56.947614,5,770.012191
54.216439,4,770.280047
54.216439,4,770.429677
57.78954,7,770.506707
54.216439,4,770.580373
-19.665631,9,770.62331
-7.21046,7,770.658864
54.216439,4,770.733427
56.76954,7,770.810419
-14.394791,3,770.97394
-12.426726,4,771.058994
53.196439,4,771.283444
56.947614,5,771.468454
57.066154,7,771.538916
-7.032386,5,771.8861
57.967614,5,771.968027
-14.572251,3,772.068949
-14.496791,3,772.126453
-9.742313,7,772.341982
52.192956,8,772.417932
-13.476791,3,772.474316
-10.660313,7,772.564739
-13.476791,3,772.709005
-14.496791,3,772.903808
-15.592251,3,772.953103
-13.476791,3,773.070051
-14.394791,3,773.122661
-6.716706,6,773.230225
-7.21046,7,773.265061
-10.783561,4,773.565986
56.76954,7,773.865272
-13.476791,3,773.921094
-8.953846,7,774.021318
57.181853,5,774.248059
-13.740902,3,774.290722
-13.740902,3,774.344271
-13.476791,3,774.63537
-14.496791,3,774.70965
53.212956,8,774.778795
-14.496791,3,774.923962
57.181853,5,775.148946
-7.21046,7,775.290657
-11.199004,4,775.341297
54.216439,4,775.560001
59.099294,6,775.612544
28.274543,12,775.714871
45.997369,9,775.8478
-13.552251,3,775.988115
53.196439,4,776.054755
-10.991283,4,776.140353
-13.476791,3,776.201406
57.967614,5,776.252988
56.76954,7,776.330138
50.503209,3,776.590387
-13.476791,3,776.792586
-14.572251,3,776.839927
-7.425267,5,777.035085
51.523209,3,777.371152
54.216439,4,777.536319
54.216439,4,777.606158
56.554733,5,777.753103
44.751693,9,778.002472
-10.991283,4,778.179239
56.029614,5,778.261324
57.967614,5,778.347928
57.574733,5,778.47801
57.967614,5,778.564178
-8.23046,7,778.710285
-14.496791,3,778.780662
30.091884,11,778.989439
-13.476791,3,779.175257
44.977369,9,779.303592
-13.627712,3,779.468685
58.510704,6,779.800262
57.967614,5,780.032547
-14.647712,3,780.263826
51.523209,3,781.055231
-13.476791,3,781.481698
58.079294,6,781.713837
57.574733,5,782.025705
54.216439,4,782.341839
30.091884,11,782.530641
29.377884,11,782.858703
-12.530587,4,782.988112
-11.199004,4,783.629858
-12.807044,8,783.701461
56.947614,5,784.028893
57.967614,5,784.293754
56.352154,7,784.43795
-11.803561,4,784.692379
57.78954,7,784.826657
-5.900706,6,785.203859
-13.260975,8,785.923098
-14.394791,3,786.349289
-12.011283,4,786.596232
-12.705044,8,786.700413
52.988717,4,787.002237
-12.807044,8,787.140642
-13.476791,3,787.367306
-15.108791,3,787.660338
53.196439,4,788.220354
-6.920706,6,788.306792
52.27844,4,788.67271
58.181294,6,788.857311
-14.496791,3,789.26089
52.192956,8,789.787948
54.216439,4,789.947258
-7.21046,7,790.040477
56.161853,5,790.352252
53.196439,4,790.567669
58.079294,6,790.708561
53.196439,4,791.071995
-13.476791,3,791.190483
-13.476791,3,791.388141
-13.703172,3,792.735486
53.212956,8,792.875852
-12.015004,4,793.05841
52.47599,8,793.501446
59.099294,6,793.638257
51.447749,3,794.239228
-13.476791,3,794.366943
-8.445267,5,795.007977
-13.476791,3,795.460059
-10.991283,4,795.993319
37.985359,10,796.161187
-8.052386,5,796.874445
54.216439,4,797.218278
58.079294,6,797.498122
54.216439,4,797.79929
-15.516791,3,797.999889
-34.370683,11,799.013749
-19.002631,9,799.266603
56.947614,5,799.466842
54.216439,4,799.614029
-11.909283,4,800.101268
45.181369,9,800.630915
-11.199004,4,800.746075
-13.476791,3,801.086366
45.374531,9,801.206824
-13.552251,3,801.316727
-19.625469,9,801.403177
-11.199004,4,801.940044
-12.827283,4,802.343326
59.099294,6,802.484912
-13.476791,3,802.925391
57.574733,5,803.232536
-13.476791,3,803.387317
55.927614,5,803.575472
-13.476791,3,803.980318
-13.476791,3,804.100261
-14.496791,3,804.248513
-13.476791,3,804.57311
59.099294,6,804.757136
56.947614,5,805.123351
36.685685,10,805.50106
-11.787044,8,805.582072
56.947614,5,805.953731
57.78954,7,806.120867
59.099294,6,806.292131
45.374531,9,806.447412
-14.190791,3,806.815204
-13.476791,3,806.975469
-14.496791,3,807.090951
45.374531,9,807.195402
-19.625469,9,807.456768
57.066154,7,807.582866
54.216439,4,807.749255
57.490704,6,807.874462
50.503209,3,808.246992
-13.703172,3,808.34945
-14.139791,3,808.763748
57.967614,5,808.930346
-10.991283,4,809.136611
54.216439,4,809.493005
53.212956,8,809.670328
59.099294,6,809.83515
51.523209,3,810.373997
50.503209,3,811.016791
51.523209,3,811.403791
59.099294,6,811.535227
-11.199004,4,811.69408
-14.366424,8,812.12425
56.76954,7,812.375335
53.196439,4,812.535718
51.580956,8,813.041945
54.216439,4,813.300387
56.947614,5,813.571692
54.008717,4,814.148743
53.196439,4,814.331063
53.212956,8,814.516728
-13.476791,3,814.747013
57.967614,5,815.278863
57.967614,5,815.682085
-20.248307,9,816.123698
-13.552251,3,816.309789
-8.211028,5,816.755235
56.250154,7,816.905295
-19.920631,9,817.165446
58.510704,6,817.66469
-13.476791,3,817.990916
-21.182564,9,818.390021
-13.552251,3,818.585828
-8.838147,5,818.802291
-11.909283,4,819.366666
58.079294,6,819.657052
57.78954,7,820.09104
-9.231028,5,820.317008
54.216439,4,820.528147
28.274543,12,820.817526
-12.530587,4,820.968316
49.483209,3,821.194846
-13.476791,3,821.635651
55.927614,5,822.017233
-8.211028,5,822.479862
53.196439,4,822.778824
57.967614,5,823.013204
57.78954,7,823.147089
57.78954,7,823.283053
57.574733,5,823.637692
-10.991283,4,824.11248
-11.803561,4,824.732901
-8.407468,5,824.861835
44.977369,9,825.073358
-8.211028,5,825.819052
30.091884,11,826.024626
44.059369,9,826.379611
58.079294,6,826.425761
52.176439,4,826.588849
-13.740902,3,826.637335
-39.866737,14,826.719241
37.985359,10,826.768518
57.967614,5,826.968295
-13.476791,3,827.121064
-10.991283,4,827.402808
-13.997941,8,827.499388
-14.647712,3,827.541862
-29.550927,10,827.597108
30.091884,11,827.682376
-36.91949,12,827.956892
50.503209,3,828.242887
-14.496791,3,828.300241
57.967614,5,828.387229
57.574733,5,828.540983
-7.960771,6,828.617616
-14.496791,3,828.76085
57.967614,5,828.815659
-13.476791,3,828.873793
51.45599,8,828.950294
57.922114,6,829.010701
58.079294,6,829.091844
-7.960771,6,829.150437
53.29844,4,829.23466
-13.476791,3,829.292941
52.47599,8,829.36089
56.947614,5,829.490884
27.458543,12,829.723309
-10.991283,4,829.784053
54.216439,4,829.908713
-13.627712,3,829.971449
58.510704,6,830.159593
56.76954,7,830.24099
51.523209,3,830.333858
-14.496791,3,830.383376
57.967614,5,830.462561
57.066154,7,830.512499
57.967614,5,830.591225
51.523209,3,830.685554
53.212956,8,830.740124
53.212956,8,831.04718
54.216439,4,831.191
51.739025,8,831.237361
37.985359,10,831.308469
-11.199004,4,831.375885
58.079294,6,831.450163
56.947614,5,831.619293
-11.199004,4,831.670859
-39.152737,14,831.860602
43.817436,9,832.017329
29.850601,11,832.121463
-10.991283,4,832.186935
-14.496791,3,832.240743
29.850601,11,832.378467
-8.211028,5,832.482232
-20.022631,9,832.589783
56.947614,5,832.741458
45.181369,9,832.841682
45.374531,9,832.93216
57.967614,5,833.05338
-12.72156,4,833.150014
52.988717,4,833.419053
30.091884,11,833.594543
56.87154,7,833.676826
-36.725457,12,833.87324
57.78954,7,834.17917
-7.818147,5,834.394822
53.212956,8,834.472786
45.997369,9,834.781483
57.967614,5,834.824528
-39.05072,14,834.884701
53.212956,8,834.94948
51.523209,3,835.235461
-11.803561,4,835.33669
49.483209,3,835.533333
30.870601,11,835.761138
57.592704,6,835.829733
-39.152737,14,835.872458
-8.12846,7,836.026254
-13.476791,3,836.101952
26.615167,13,836.490343
-27.014641,10,836.603387
57.78954,7,836.677036
44.977369,9,836.813684
56.572704,6,836.888341
-13.476791,3,836.94491
-13.627712,3,836.996996
-20.441469,9,837.066588
-13.740902,3,837.111171
29.609317,11,837.238345
57.066154,7,837.31309
53.196439,4,837.382684
-12.011283,4,837.479504
-10.783561,4,837.686136
54.216439,4,837.732682
57.967614,5,837.939697
-15.516791,3,838.114159
-35.752608,11,838.188601
45.997369,9,838.290741
-13.476791,3,838.440033
-13.476791,3,838.521512
-9.129028,5,838.589603
-8.380476,6,838.675988
57.967614,5,838.732945
-13.476791,3,838.786761
58.079294,6,838.86771
59.099294,6,838.941157
-13.476791,3,839.127059
-11.803561,4,839.335461
59.099294,6,839.417079
58.079294,6,839.461213
-10.783561,4,839.560355
54.216439,4,839.640823
-5.900706,6,839.731776
45.374531,9,839.786683
53.196439,4,839.851867
56.554733,5,840.092862
58.510704,6,840.162573
-14.496791,3,840.305129
-13.476791,3,840.605121
-10.991283,4,840.697588
-13.476791,3,840.795937
52.27844,4,840.915461
-13.476791,3,841.06604
58.079294,6,841.181675
-14.496791,3,841.260875
59.099294,6,841.341051
50.503209,3,841.626467
-9.465267,5,841.832672
57.574733,5,841.954042
-7.032386,5,842.249485
-13.476791,3,842.315361
-13.552251,3,842.380035
57.78954,7,842.457073
57.967614,5,842.506301
59.099294,6,842.583384
57.066154,7,842.641047
-12.807044,8,842.691495
-19.002631,9,842.734971
53.196439,4,842.823989
54.216439,4,842.893964
51.55799,8,842.981911
-7.960771,6,843.080823
-39.445599,13,843.138424
37.985359,10,843.255627
56.947614,5,843.388387
53.196439,4,843.512502
57.066154,7,843.711022
56.947614,5,843.790611
-13.476791,3,843.88975
51.45599,8,843.963831
56.947614,5,844.04143
54.008717,4,844.156022
-13.476791,3,844.344034
-9.231028,5,844.437328
-13.552251,3,844.560975
57.066154,7,844.63963
58.510704,6,844.771084
57.066154,7,844.819188
-13.476791,3,844.968394
56.947614,5,845.154146
58.079294,6,845.275552
36.965359,10,845.367204
51.523209,3,845.700281
52.988717,4,845.837289
55.61938,7,846.047082
-10.762313,7,846.255226
57.922114,6,846.335987
-8.23046,7,846.420805
58.181294,6,846.481462
-13.627712,3,846.54354
-14.572251,3,846.590958
57.922114,6,846.686603
30.870601,11,846.771552
57.967614,5,846.837447
-10.783561,4,846.936065
-5.900706,6,846.969346
58.079294,6,847.083609
59.099294,6,847.132372
58.385294,6,847.19596
57.922114,6,847.255021
-13.476791,3,847.299131
57.967614,5,847.339707
57.574733,5,847.506037
51.447749,3,847.74376
-7.21046,7,847.84676
-13.740902,3,847.892812
54.216439,4,847.956494
-11.199004,4,848.06213
57.967614,5,848.182641
-11.803561,4,848.259899
-13.476791,3,848.335519
-14.394791,3,848.392547
54.008717,4,848.462654
56.947614,5,848.550441
54.216439,4,848.775996
57.967614,5,848.850989
-9.325468,5,848.989742
-34.370683,11,849.185835
-39.404833,13,849.494773
52.47599,8,849.828499
52.192956,8,850.027259
-13.476791,3,850.610447
59.099294,6,850.79379
-13.552251,3,850.950386
59.099294,6,851.156334
54.008717,4,851.555339
56.947614,5,851.766697
-6.489296,6,852.552271
53.212956,8,852.695833
-8.052386,5,853.4697
-13.476791,3,853.935377
-14.658902,3,854.085473
56.947614,5,854.294077
-39.423837,15,854.404787
-13.476791,3,854.778659
-15.210791,3,855.12712
54.216439,4,855.695165
-11.199004,4,855.830014
-10.783561,4,856.500537
36.532134,10,856.840816
-14.723172,3,856.95035
54.216439,4,857.492634
57.78954,7,857.68111
-15.414791,3,858.161225
-7.21046,7,858.276913
-7.032386,5,858.940686
-13.552251,3,859.09475
-14.572251,3,859.566846
53.196439,4,859.851068
54.008717,4,860.191879
-8.052386,5,860.954192
54.216439,4,861.358075
-13.627712,3,861.483618
51.002059,8,861.727081
-14.368251,3,861.851453
-7.21046,7,861.997786
57.574733,5,862.326998
27.254543,12,862.859256
-7.21046,7,863.240948
-15.210791,3,863.956364
-13.476791,3,864.099313
-13.476791,3,864.342873
-10.991283,4,864.769678
-13.476791,3,865.159463
-12.324726,4,865.447693
53.196439,4,865.661768
28.274543,12,865.90047
51.523209,3,866.452071
-21.268307,9,868.49692
45.997369,9,868.65006
-13.476791,3,869.093891
-5.900706,6,869.257324
-15.388251,3,869.481766
54.008717,4,869.922547
58.079294,6,870.439594
59.099294,6,870.592124
52.47599,8,870.809105
53.090717,4,871.324945
-13.476791,3,871.674101
30.870601,11,871.901313
59.099294,6,872.061194
57.967614,5,872.26715
-13.627712,3,872.462291
-14.496791,3,872.710615
56.947614,5,872.905801
28.274543,12,873.36943
-14.394791,3,873.794591
-34.129399,11,874.109622
-10.991283,4,874.345583
30.870601,11,874.488097
57.78954,7,874.652515
54.008717,4,875.153216
56.947614,5,875.520033
-8.407468,5,875.74255
-13.627712,3,875.8761
-14.496791,3,876.037664
30.870601,11,876.587727
-13.476791,3,876.726656
-7.21046,7,876.842174
54.216439,4,877.145797
53.196439,4,877.66631
-7.21046,7,877.774725
-8.407468,5,877.877959
54.216439,4,878.090382
-12.219004,4,878.251486
-13.552251,3,878.369434
-11.803561,4,878.829094
54.216439,4,879.01205
57.967614,5,879.364547
-11.406726,4,879.511747
57.574733,5,879.960965
56.029614,5,880.249731
54.216439,4,880.622426
56.76954,7,880.742069
-14.496791,3,880.935546
57.78954,7,881.062526
-13.476791,3,881.466107
58.079294,6,881.636914
56.947614,5,881.846678
57.78954,7,882.010992
57.78954,7,882.51095
58.283294,6,882.677402
58.079294,6,882.874921
-7.425267,5,883.883608
54.216439,4,884.272215
57.78954,7,884.497014
-8.851846,7,884.778725
57.049614,5,884.996567
-10.783561,4,885.530977
-38.39648,13,885.816013
45.374531,9,885.970826
-14.496791,3,886.130936
-8.686476,6,886.531052
-8.23046,7,886.692011
53.212956,8,886.910443
-39.41648,13,887.464128
45.997369,9,887.636301
59.099294,6,887.78597
-14.394791,3,887.882417
35.945359,10,888.115171
52.47599,8,888.302414
49.483209,3,888.964942
56.902114,6,889.168811
54.216439,4,889.665756
-13.476791,3,889.839065
54.216439,4,890.424545
-14.496791,3,890.791865
-30.162927,10,890.925153
54.216439,4,891.305294
57.967614,5,891.455755
-12.52401,8,891.748734
-39.428535,16,891.930742
-13.552251,3,892.523554
51.523209,3,892.998483
57.967614,5,893.14394
-13.476791,3,893.534129
-12.807044,8,893.654322
-29.550927,10,893.809384
-13.703172,3,893.949419
-13.476791,3,894.134248
-13.476791,3,894.66029
-14.496791,3,895.298781
-34.732608,11,895.963266
-10.783561,4,896.232269
-38.39648,13,896.427442
-13.476791,3,896.567719
-10.991283,4,896.79942
-41.163589,14,896.952462
-13.476791,3,897.36925
58.079294,6,897.497588
54.216439,4,897.823647
-13.476791,3,898.31496
-6.818706,6,898.514294
-19.625469,9,898.663059
-14.394791,3,898.764077
-27.014641,10,899.112779
-11.406726,4,899.24294
58.079294,6,899.506468
-38.765457,12,899.992887
-14.496791,3,900.412319
52.27844,4,900.638596
57.78954,7,900.814707
-7.032386,5,901.554902
-13.476791,3,901.766872
-13.476791,3,902.391706
-11.199004,4,902.664441
-11.510587,4,902.930585
-14.394791,3,903.255281
53.196439,4,903.544127
-12.603044,8,903.987784
57.78954,7,904.130786
-12.011283,4,904.358096
53.212956,8,905.010966
-10.783561,4,905.417381
57.574733,5,905.578834
31.111884,11,906.116076
54.216439,4,906.437147
-15.414791,3,906.885185
-13.476791,3,907.020503
-7.21046,7,907.224749
-13.476791,3,907.539952
54.216439,4,907.887376
-40.142535,16,908.026908
-15.414791,3,908.149981
-13.031283,4,908.51933
-12.52401,8,908.954178
53.502439,4,909.259121
-13.476791,3,909.606303
57.12654,7,910.11205
45.997369,9,910.271947
-12.015004,4,910.673783
57.574733,5,910.836867
-14.572251,3,910.95928
-9.072386,5,911.541306
-14.496791,3,911.937736
51.447749,3,912.407943
-13.476791,3,912.572483
31.111884,11,912.725093
-37.842474,12,912.97027
54.216439,4,913.269572
-13.552251,3,913.44256
58.079294,6,913.658419
51.523209,3,913.918191
-14.760902,3,914.072165
53.196439,4,914.247838
-10.991283,4,914.607144
57.967614,5,914.715343
-14.572251,3,915.156963
55.927614,5,915.469506
56.342767,7,915.875247
-6.489296,6,916.002741
45.997369,9,916.174358
-10.783561,4,916.560909
44.977369,9,916.693411
44.977369,9,916.900255
-14.572251,3,917.0968
57.967614,5,917.289814
55.927614,5,917.414306
45.997369,9,917.670196
-19.002631,9,918.094709
-12.823561,4,918.577573
53.196439,4,918.749325
50.503209,3,919.317431
52.192956,8,919.541899
59.099294,6,919.699002
54.216439,4,920.010274
54.216439,4,920.322692
28.177526,12,920.73765
-13.476791,3,921.237314
57.066154,7,921.406204
-36.91949,12,921.529118
-7.933846,7,922.056904
-13.476791,3,922.2777
-13.740902,3,922.392555
51.447749,3,922.860583
-38.384833,13,923.109199
50.503209,3,923.69462
51.523209,3,924.35394
56.902114,6,924.79212
59.099294,6,924.955791
56.947614,5,925.362945
-13.627712,3,925.468103
59.099294,6,925.960354
-11.803561,4,926.197431
51.523209,3,926.702417
37.552134,10,926.870285
54.216439,4,927.290442
-8.211028,5,927.454797
58.510704,6,927.715932
-12.807044,8,927.94002
-7.032386,5,928.597759
59.099294,6,928.805223
-11.406726,4,929.033598
-13.703172,3,929.150324
57.922114,6,929.514563
-7.425267,5,929.95097
53.29844,4,930.288995
54.216439,4,930.580513
56.947614,5,930.944667
-8.482476,6,931.334935
51.523209,3,931.844721
-13.476791,3,932.235068
50.503209,3,932.653977
30.193884,11,932.864902
-8.407468,5,933.008455
53.29844,4,933.379338
-12.015004,4,933.991387
-13.476791,3,934.385733
29.850601,11,935.197716
29.850601,11,935.413324
57.967614,5,935.947833
-15.667712,3,936.069497
-10.762313,7,936.527857
54.008717,4,936.919366
56.947614,5,937.257198
-6.920706,6,937.997659
-13.476791,3,938.12597
54.216439,4,938.459128
53.196439,4,938.927731
58.079294,6,939.070937
56.947614,5,939.227792
-13.627712,3,939.337625
54.216439,4,939.502892
-7.933846,7,940.369464
54.008717,4,940.522605
54.216439,4,940.632433
57.574733,5,940.885619
45.374531,9,941.015618
-34.611966,11,941.296289
57.181853,5,941.539075
56.76954,7,941.641473
57.967614,5,941.77772
-13.476791,3,942.118904
57.967614,5,942.421239
-14.572251,3,942.596669
-8.052386,5,943.289156
-11.803561,4,943.581885
54.216439,4,943.877221
58.079294,6,944.019385
51.523209,3,944.474562
57.967614,5,944.929646
37.985359,10,945.07292
-8.838147,5,945.197819
-13.476791,3,945.663951
-38.419775,13,945.80574
55.927614,5,946.004648
31.111884,11,946.163319
54.008717,4,946.600303
-12.426726,4,946.827718
-7.933846,7,946.982852
56.342767,7,947.113315
36.965359,10,947.329566
-9.14846,7,947.605407
-13.703172,3,947.772469
57.049614,5,947.906998
-12.120726,4,948.064566
45.997369,9,948.341911
-13.476791,3,948.864767
31.111884,11,949.063696
-13.476791,3,949.280106
57.490704,6,949.674303
58.079294,6,949.903429
56.860733,5,950.302084
-13.44201,8,950.408372
52.988717,4,951.095741
-10.991283,4,951.500557
52.192956,8,951.583451
58.079294,6,951.738291
57.059294,6,951.835088
52.192956,8,951.927625
37.985359,10,951.987125
-10.40062,7,952.19296
57.967614,5,952.367097
56.947614,5,952.496443
50.860209,3,952.696725
57.066154,7,952.751578
-14.496791,3,952.939672
57.967614,5,952.996094
-13.703172,3,953.040273
-12.929283,4,953.224978
-39.277626,17,953.275741
-11.787044,8,953.534889
-13.627712,3,953.595929
57.574733,5,953.675092
50.503209,3,953.787195
-5.900706,6,953.845768
-13.476791,3,953.904959
51.55799,8,953.996492
-13.476791,3,954.288215
57.78954,7,954.364324
54.008717,4,954.617541
57.967614,5,954.757231
-14.496791,3,954.90629
56.656733,5,954.981488
-12.426726,4,955.051031
55.738733,5,955.174645
59.099294,6,955.248492
57.574733,5,955.375414
-21.687145,9,955.471897
31.111884,11,955.56517
-29.334315,10,955.964883
-13.476791,3,956.18056
-11.199004,4,956.445151
57.049614,5,956.49504
-13.476791,3,956.670901
56.87154,7,956.782292
57.066154,7,956.945663
51.523209,3,957.230454
-10.783561,4,957.362387
54.216439,4,957.448101
58.079294,6,957.498358
31.111884,11,957.594955
-6.920706,6,957.652518
-13.476791,3,957.722276
-13.476791,3,957.780544
-13.476791,3,957.839859
55.74954,7,957.915215
-20.022631,9,958.012621
57.490704,6,958.065662
57.967614,5,958.151494
-10.783561,4,958.249715
54.216439,4,958.496381
-14.496791,3,958.643425
-13.627712,3,958.692366
-11.406726,4,958.748571
52.192956,8,958.803676
-13.476791,3,958.950879
-14.723172,3,958.99378
-11.70156,4,959.218528
56.947614,5,959.296917
52.27844,4,959.456893
-13.260975,8,959.853049
-14.572251,3,959.938199
59.099294,6,960.054396
-11.787044,8,960.163632
59.099294,6,960.231393
37.11891,10,960.315695
52.176439,4,960.468145
53.29844,4,960.551155
-13.476791,3,960.737316
-11.803561,4,960.856731
51.523209,3,960.952456
52.176439,4,961.075165
59.099294,6,961.134948
30.193884,11,961.269423
-5.900706,6,961.377156
-39.478785,16,961.426301
56.947614,5,961.51552
-27.677641,10,961.674918
57.592704,6,961.762372
-11.803561,4,961.983504
-13.476791,3,962.02931
56.76954,7,962.999477
57.78954,7,963.191916
-14.572251,3,963.439699
-14.496791,3,963.690133
57.78954,7,963.883798
51.523209,3,964.229598
-7.21046,7,964.898356
-12.705044,8,965.222905
54.59938,7,965.41781
-10.991283,4,965.804933
-19.002631,9,966.025526
57.066154,7,966.22524
-36.725457,12,966.83243
57.967614,5,967.175667
56.470704,6,967.380066
59.099294,6,967.495368
-19.002631,9,967.74246
-8.052386,5,967.996777
44.977369,9,968.127609
57.066154,7,968.320679
53.090717,4,968.841793
57.78954,7,969.036008
-38.39648,13,969.485242
-13.552251,3,969.730039
-9.742313,7,970.104694
-38.384833,13,970.399434
-14.572251,3,970.578201
45.374531,9,970.738782
-13.476791,3,970.957251
-14.647712,3,971.087087
-14.496791,3,971.329766
52.47599,8,971.544209
57.967614,5,971.762988
57.574733,5,972.160657
59.099294,6,972.337079
54.216439,4,972.887532
53.196439,4,973.145685
-12.011283,4,973.678421
-12.52401,8,973.783841
50.503209,3,973.99329
57.78954,7,974.138066
54.216439,4,974.450813
58.079294,6,974.636885
57.967614,5,974.764169
54.008717,4,975.054303
45.997369,9,975.222929
54.216439,4,975.370858
-13.552251,3,975.509673
-10.783561,4,975.914468
-11.807283,4,976.404342
-13.476791,3,976.858234
56.947614,5,977.326359
56.76954,7,977.973898
31.111884,11,978.28161
43.833693,9,978.412143
-10.991283,4,978.796709
59.099294,6,978.898637
56.342767,7,979.339458
54.216439,4,979.493804
-13.476791,3,979.916661
-11.909283,4,980.140836
-13.740902,3,980.293564
57.967614,5,980.434081
51.523209,3,980.875079
53.29844,4,981.057357
44.977369,9,981.240493
-7.21046,7,981.530087
57.967614,5,982.00137
51.523209,3,982.456219
56.046154,7,982.77171
37.985359,10,982.900212
-11.803561,4,983.224694
54.216439,4,983.513794
57.78954,7,983.688238
59.099294,6,983.880967
51.447749,3,984.424534
-12.807044,8,985.023179
-19.625469,9,985.261483
53.196439,4,985.627156
31.111884,11,985.805152
58.079294,6,985.971987
31.111884,11,986.106022
57.967614,5,986.395588
-10.783561,4,986.855443
57.066154,7,986.959954
-13.476791,3,987.363021
57.967614,5,987.520122
-5.900706,6,987.733821
-14.572251,3,987.878158
-13.552251,3,988.160778
-13.552251,3,988.269666
56.947614,5,988.455335
53.29844,4,988.578764
-14.572251,3,988.81625
-7.21046,7,989.016966
-7.21046,7,989.295171
54.216439,4,989.448419
53.196439,4,989.77861
57.967614,5,989.934975
56.76954,7,990.05104
56.046154,7,990.163459
54.008717,4,990.72177
57.967614,5,990.91429
-11.787044,8,991.30363
57.967614,5,991.604261
56.97354,7,991.765992
53.212956,8,991.9404
31.111884,11,992.159049
44.751693,9,992.827992
-13.552251,3,993.014528
57.967614,5,993.19189
-36.725457,12,993.763036
54.216439,4,993.88112
57.574733,5,994.028996
53.090717,4,994.491122
53.29844,4,994.691661
53.212956,8,995.202967
-15.516791,3,995.637014
56.76954,7,995.773913
57.592704,6,995.903694
57.78954,7,996.116763
-14.572251,3,996.331255
59.099294,6,996.60584
56.656733,5,996.878394
57.967614,5,997.074759
26.234543,12,997.448305
56.554733,5,997.850243
54.216439,4,998.064769
57.049614,5,998.273393
-10.991283,4,998.715301
-14.572251,3,998.846547
-13.552251,3,999.066763
54.216439,4,999.650759
57.049614,5,999.832173
57.574733,5,1000.024983
57.574733,5,1000.400586
56.76954,7,1000.596311
-10.783561,4,1001.109801
-13.476791,3,1001.780659
53.196439,4,1002.137899
56.674704,6,1002.296573
-14.470251,3,1002.477873
58.510704,6,1002.614177
-7.666476,6,1002.964642
52.176439,4,1003.455287
51.002059,8,1004.078795
54.216439,4,1004.472802
-12.52401,8,1004.847161
-10.783561,4,1005.140309
-19.002631,9,1005.428724
52.176439,4,1005.976079
53.196439,4,1006.385718
-8.407468,5,1006.563159
51.523209,3,1006.975027
-14.470251,3,1007.17681
59.099294,6,1007.396326
-10.991283,4,1007.897779
-38.384833,13,1008.323105
-7.818147,5,1008.585468
57.967614,5,1008.794127
53.196439,4,1009.161823
-11.803561,4,1009.633525
-13.552251,3,1009.802395
28.274543,12,1010.064996
-12.52401,8,1010.242689
-13.476791,3,1010.610569
37.552134,10,1010.784352
44.977369,9,1010.949172
-10.783561,4,1011.427553
57.967614,5,1011.630967
-13.627712,3,1011.795123
51.523209,3,1012.015723
-13.476791,3,1012.405274
53.212956,8,1012.633176
58.510704,6,1012.809104
57.151614,5,1013.006859
54.216439,4,1013.26334
51.172956,8,1013.482215
57.967614,5,1013.679919
51.523209,3,1013.907658
-13.476791,3,1014.262749
30.629317,11,1014.520002
36.965359,10,1014.594201
31.111884,11,1014.815362
36.532134,10,1014.915427
54.216439,4,1015.172134
-10.783561,4,1015.277564
-28.748641,10,1015.336756
-11.787044,8,1015.448795
-38.395785,17,1015.478206
-28.530927,10,1015.671085
54.216439,4,1015.827615
-13.448587,4,1015.872439
45.997369,9,1015.931974
-13.476791,3,1016.145828
56.656733,5,1016.332277
56.947614,5,1016.388807
28.274543,12,1016.537599
-15.414791,3,1016.683346
-13.552251,3,1016.745291
-14.496791,3,1016.939917
53.196439,4,1017.093261
53.212956,8,1017.1675
-13.476791,3,1017.268672
50.503209,3,1017.461117
56.656733,5,1017.557994
58.510704,6,1017.696858
-40.114442,14,1017.746207
37.985359,10,1017.804012
-14.496791,3,1018.086074
52.47599,8,1018.142947
-13.476791,3,1018.335691
31.111884,11,1018.475182
-12.52401,8,1018.608202
59.099294,6,1018.72442
-38.408128,13,1018.778707
35.945359,10,1018.835776
-14.647712,3,1018.895298
53.196439,4,1019.051535
-13.552251,3,1019.117134
57.967614,5,1019.316792
-7.425267,5,1019.373676
57.574733,5,1019.512127
51.523209,3,1019.626031
-5.900706,6,1019.696712
-14.394791,3,1019.741935
54.216439,4,1019.895936
54.216439,4,1019.970146
53.196439,4,1020.040506
-14.368251,3,1020.105234
-9.38062,7,1020.175345
57.922114,6,1020.247597
53.196439,4,1020.395435
-13.552251,3,1020.461569
53.212956,8,1020.510176
54.008717,4,1020.590158
-10.991283,4,1020.792241
-13.476791,3,1020.835965
58.079294,6,1020.951251
53.196439,4,1021.111509
53.212956,8,1021.185158
59.099294,6,1021.278184
-35.149399,11,1021.47241
57.574733,5,1021.662062
-13.552251,3,1021.727211
-14.394791,3,1021.786386
-14.572251,3,1021.85819
-20.022631,9,1022.160077
51.523209,3,1022.400427
-10.783561,4,1022.488065
-7.818147,5,1022.579367
56.656733,5,1022.632525
57.574733,5,1022.688473
-11.803561,4,1022.78615
-37.643457,12,1023.012428
59.099294,6,1023.05517
57.181853,5,1023.287828
57.967614,5,1023.490304
51.523209,3,1023.77829
59.099294,6,1023.850325
-5.900706,6,1023.89039
53.212956,8,1023.947053
53.196439,4,1024.106695
53.196439,4,1024.25249
56.76954,7,1024.311095
-15.516791,3,1024.363224
57.78954,7,1024.436681
-8.980771,6,1024.532065
-9.325468,5,1024.58516
37.985359,10,1024.644339
56.947614,5,1024.8493
-13.476791,3,1024.945599
-13.552251,3,1025.068995
57.161294,6,1025.163208
-7.950386,5,1025.215934
-13.476791,3,1025.360247
-13.552251,3,1025.444044
-8.052386,5,1025.763128
-39.326128,13,1025.831601
-9.223468,5,1025.937605
53.090717,4,1026.095829
57.967614,5,1026.237798
54.216439,4,1026.357119
53.212956,8,1026.567834
58.079294,6,1026.704662
-13.476791,3,1026.850697
57.490704,6,1026.93627
-19.920631,9,1027.152174
-10.783561,4,1027.493711
-13.552251,3,1027.638392
51.45599,8,1027.70935
58.510704,6,1027.770292
57.066154,7,1027.85758
-13.476791,3,1027.998595
-12.807044,8,1028.276711
-15.516791,3,1028.422951
-12.011283,4,1028.516413
50.503209,3,1028.777104
27.254543,12,1028.867501
-10.991283,4,1029.107462
57.07554,7,1029.166734
54.216439,4,1029.412096
57.967614,5,1029.481697
56.365853,5,1029.703416
-10.783561,4,1029.912249
-14.496791,3,1030.100033
-37.83749,12,1030.282199
56.76954,7,1030.335015
-11.807283,4,1030.397637
56.947614,5,1030.481405
54.008717,4,1030.608477
56.554733,5,1030.783922
-14.496791,3,1030.876051
52.988717,4,1031.118806
57.967614,5,1031.187238
57.967614,5,1031.258328
51.172956,8,1031.314843
56.76954,7,1031.376534
59.099294,6,1031.462063
-14.647712,3,1031.513057
53.212956,8,1031.573419
53.196439,4,1031.660931
53.29844,4,1031.812058
52.47599,8,1031.900579
-14.394791,3,1032.064407
53.196439,4,1032.14789
54.216439,4,1032.219052
57.967614,5,1032.406382
54.216439,4,1032.53674
29.915317,11,1032.721033
57.78954,7,1032.780172
57.967614,5,1032.966561
-13.476791,3,1033.139425
-5.900706,6,1033.209271
45.997369,9,1033.270017
-13.476791,3,1033.348366
53.212956,8,1033.462362
54.216439,4,1033.705369
59.099294,6,1033.820376
57.07554,7,1033.878949
-5.900706,6,1033.918046
-11.199004,4,1033.975831
53.196439,4,1034.10254
-13.476791,3,1034.250254
57.967614,5,1034.334997
54.216439,4,1034.51568
50.503209,3,1034.61218
57.574733,5,1034.776208
57.78954,7,1034.856208
-7.425267,5,1035.172166
-15.312791,3,1035.229071
59.099294,6,1035.309114
-10.783561,4,1035.414494
-14.572251,3,1035.462223
-8.211028,5,1035.527144
-13.552251,3,1035.605659
52.192956,8,1035.720313
50.503209,3,1035.817687
56.947614,5,1035.898886
53.196439,4,1036.035659
54.216439,4,1036.180202
-13.552251,3,1036.253993
-12.219004,4,1036.306067
-20.543469,9,1036.434943
53.196439,4,1036.509198
59.099294,6,1037.358212
59.099294,6,1037.525327
57.967614,5,1037.649334
54.216439,4,1037.813333
54.008717,4,1037.987031
54.216439,4,1038.152053
56.029614,5,1038.261531
57.967614,5,1038.46101
58.510704,6,1038.606612
54.216439,4,1038.851278
-13.476791,3,1038.998703
57.967614,5,1039.156176
57.967614,5,1039.210191
59.099294,6,1039.280318
58.510704,6,1039.334818
57.151614,5,1039.424278
57.78954,7,1039.642223
53.090717,4,1039.7487
53.212956,8,1039.840593
-9.231028,5,1039.90866
54.008717,4,1040.017831
-13.476791,3,1040.19084
-5.900706,6,1040.246938
-13.552251,3,1040.321315
-13.476791,3,1040.382532
57.78954,7,1040.697409
57.253614,5,1040.742641
57.78954,7,1040.796596
-9.38062,7,1040.975038
-13.552251,3,1041.026036
-14.496791,3,1041.17181
53.212956,8,1041.232521
44.751693,9,1041.457741
56.902114,6,1041.611857
53.196439,4,1041.861113
52.192956,8,1041.948558
59.099294,6,1042.028633
58.510704,6,1042.258759
-14.470251,3,1042.31134
57.967614,5,1042.460295
53.212956,8,1042.507987
57.967614,5,1042.632565
30.091884,11,1042.882044
30.091884,11,1042.954685
-14.496791,3,1043.021797
57.967614,5,1043.218603
52.47599,8,1043.279061
-10.991283,4,1043.46714
-13.476791,3,1043.652305
54.216439,4,1043.807501
31.111884,11,1043.901038
58.510704,6,1044.135987
-14.496791,3,1044.200101
57.967614,5,1044.277266
54.216439,4,1044.435778
56.947614,5,1044.635061
-13.476791,3,1044.796894
-14.496791,3,1044.990683
58.079294,6,1045.062559
57.78954,7,1045.131736
-13.476791,3,1045.218042
-10.991283,4,1045.341465
-13.552251,3,1045.406471
56.947614,5,1045.500229
36.965359,10,1045.576549
51.523209,3,1045.936066
56.76954,7,1046.053485
-13.552251,3,1046.132488
52.47599,8,1046.188791
-13.476791,3,1046.382316
52.988717,4,1046.543381
57.181853,5,1046.655391
54.216439,4,1046.807274
51.968717,4,1046.91041
54.216439,4,1047.038697
57.967614,5,1047.098075
59.099294,6,1047.183562
57.066154,7,1047.245541
-13.552251,3,1047.297241
59.099294,6,1047.361302
54.216439,4,1047.515469
-8.211028,5,1047.798319
58.079294,6,1047.887734
-15.516791,3,1047.950661
-40.398735,15,1048.01457
-14.470251,3,1048.078388
54.008717,4,1048.302643
57.416294,6,1048.388231
52.192956,8,1048.478719
37.552134,10,1048.621314
-13.476791,3,1048.689461
-14.496791,3,1048.865778
56.656733,5,1048.951621
53.196439,4,1049.080992
51.523209,3,1049.262074
-10.783561,4,1049.58701
45.374531,9,1049.654487
59.099294,6,1049.715198
50.503209,3,1049.967727
-10.783561,4,1050.180601
58.510704,6,1050.256215
59.099294,6,1050.340499
-7.933846,7,1050.407502
57.066154,7,1050.544226
56.554733,5,1050.742961
57.967614,5,1050.873423
57.967614,5,1051.094864
56.554733,5,1051.185771
45.997369,9,1051.415983
-10.40062,7,1051.466716
-14.496791,3,1051.731481
52.176439,4,1051.868056
54.216439,4,1052.00419
-14.496791,3,1052.154719
-13.476791,3,1052.300583
57.967614,5,1052.352841
-7.21046,7,1052.414253
-11.803561,4,1052.519548
-13.476791,3,1052.574384
-13.476791,3,1052.780273
-14.496791,3,1052.849332
50.503209,3,1053.09065
-27.014641,10,1053.153198
54.008717,4,1053.328694
-14.394791,3,1053.508386
58.079294,6,1053.576695
50.503209,3,1053.870316
58.079294,6,1053.955823
45.997369,9,1054.004998
-14.572251,3,1054.088716
30.193884,11,1054.170862
57.967614,5,1054.338835
-12.52401,8,1054.455565
-15.312791,3,1054.660275
55.927614,5,1054.826017
-37.842474,12,1054.912681
59.099294,6,1054.994986
45.997369,9,1055.066934
55.74954,7,1055.14699
57.78954,7,1055.287532
57.967614,5,1055.418268
57.490704,6,1055.56951
57.78954,7,1055.623608
-14.496791,3,1055.816579
57.967614,5,1055.913577
-8.445267,5,1056.235705
-13.740902,3,1056.281796
-13.476791,3,1056.359255
53.196439,4,1056.604414
56.76954,7,1056.658199
-15.312791,3,1056.825163
44.354531,9,1056.908507
58.079294,6,1056.98386
50.503209,3,1057.092301
-7.032386,5,1057.462895
59.099294,6,1057.554569
-11.909283,4,1057.790705
-8.851846,7,1057.856036
57.574733,5,1058.00783
57.967614,5,1058.148836
-13.725044,8,1058.237818
-10.991283,4,1058.487898
-7.933846,7,1058.612254
58.079294,6,1058.706085
31.111884,11,1058.80215
-14.496791,3,1058.949741
-10.783561,4,1059.055545
-12.011283,4,1059.289007
51.523209,3,1059.5868
52.294956,8,1059.670419
58.079294,6,1059.756755
-13.476791,3,1059.851552
56.554733,5,1059.936821
57.78954,7,1060.024984
56.947614,5,1060.212593
50.605209,3,1060.486988
59.099294,6,1060.538979
-10.783561,4,1060.64033
56.947614,5,1060.701709
45.374531,9,1060.760996
50.605209,3,1061.047683
31.111884,11,1061.142362
58.510704,6,1061.190607
57.574733,5,1061.271008
57.78954,7,1061.344124
-11.199004,4,1061.459373
-8.052386,5,1061.775839
52.192956,8,1061.829028
-7.666476,6,1061.906238
-14.496791,3,1061.959349
57.066154,7,1062.016605
-13.476791,3,1062.209621
-14.366424,8,1062.260316
45.374531,9,1062.317882
57.78954,7,1062.413644
30.091884,11,1062.466529
52.192956,8,1062.583104
-8.407468,5,1062.650494
57.78954,7,1062.726881
-13.552251,3,1062.836169
51.002059,8,1063.043013
58.079294,6,1063.125185
-11.803561,4,1063.334784
57.066154,7,1063.391888
57.78954,7,1063.486274
56.148154,7,1063.546218
56.342767,7,1063.676068
-14.545712,3,1063.750497
51.523209,3,1063.858088
57.574733,5,1063.941533
54.216439,4,1064.023794
54.216439,4,1064.187994
56.947614,5,1064.32439
37.985359,10,1064.408269
-27.014641,10,1064.541366
57.181853,5,1064.605972
37.985359,10,1064.697921
50.503209,3,1064.803274
59.099294,6,1064.888518
28.274543,12,1064.982639
57.967614,5,1065.066966
-13.703172,3,1065.11236
-13.476791,3,1065.313728
-14.496791,3,1065.598308
53.212956,8,1065.65785
52.192956,8,1065.71267
-10.991283,4,1065.898632
59.099294,6,1065.994518
57.78954,7,1066.051678
-11.406726,4,1066.116105
-13.476791,3,1066.314604
-10.783561,4,1066.429341
57.78954,7,1066.491198
57.967614,5,1066.584505
-14.496791,3,1066.765101
50.503209,3,1066.975611
-13.552251,3,1067.106719
-9.38062,7,1067.446579
-22.100564,9,1067.509127
59.099294,6,1067.56047
-13.740902,3,1067.608365
-14.496791,3,1067.787879
-7.21046,7,1067.880934
-10.783561,4,1068.093891
57.78954,7,1068.160484
57.592704,6,1068.225707
52.192956,8,1068.309622
57.967614,5,1068.568852
50.605209,3,1068.667644
52.192956,8,1068.88913
-8.12846,7,1068.948668
49.483209,3,1069.049538
-8.052386,5,1069.376748
53.196439,4,1069.597822
-8.953846,7,1069.709728
57.967614,5,1069.802276
-7.818147,5,1069.859106
53.212956,8,1069.923251
-5.900706,6,1069.990651
30.193884,11,1070.0418
56.947614,5,1070.12838
57.967614,5,1070.290626
56.342767,7,1070.413153
-13.476791,3,1070.509626
-14.496791,3,1070.61664
-9.667846,7,1070.697907
-20.871145,9,1070.905932
52.176439,4,1071.15295
52.27844,4,1071.231753
50.186059,8,1071.3907
-14.496791,3,1071.451734
58.079294,6,1071.51177
56.554733,5,1071.588684
54.216439,4,1071.687491
-10.783561,4,1071.903365
57.967614,5,1071.994141
53.090717,4,1072.21981
57.78954,7,1072.295531
53.55344,4,1072.368217
54.216439,4,1072.612885
56.554733,5,1072.732034
57.78954,7,1072.79403
-9.427468,5,1072.858958
58.510704,6,1073.055172
57.181853,5,1073.262099
53.212956,8,1073.352234
54.216439,4,1073.418344
57.78954,7,1073.493007
-14.496791,3,1073.643863
56.76954,7,1073.698881
-11.406726,4,1073.759726
-13.476791,3,1073.944087
57.574733,5,1074.087744
-13.552251,3,1074.333576
-13.476791,3,1074.394846
-13.627712,3,1074.45806
54.216439,4,1074.5824
57.574733,5,1074.727377
54.216439,4,1074.892592
31.111884,11,1074.969846
56.76954,7,1075.052843
-13.552251,3,1075.162105
57.967614,5,1075.244203
-14.496791,3,1075.437124
54.216439,4,1075.518828
-14.394791,3,1075.594595
58.510704,6,1075.674976
57.967614,5,1075.795971
52.47599,8,1075.854766
57.967614,5,1075.934268
58.079294,6,1076.065832
-12.324726,4,1076.124032
-13.476791,3,1076.321379
-13.476791,3,1076.3906
30.091884,11,1076.49131
54.216439,4,1076.559743
31.111884,11,1076.63759
30.870601,11,1076.765996
-13.552251,3,1076.835637
52.47599,8,1076.903964
-13.476791,3,1076.986641
51.172956,8,1077.050673
-15.516791,3,1077.120673
-14.496791,3,1077.185577
-13.627712,3,1077.268178
-11.70156,4,1077.349795
58.385294,6,1077.441238
57.967614,5,1077.608442
57.78954,7,1077.669024
-13.552251,3,1077.743137
-12.011283,4,1077.922771
-10.991283,4,1078.12951
-13.476791,3,1078.317719
-14.519172,3,1078.363948
31.111884,11,1078.416325
-15.516791,3,1078.599098
57.78954,7,1078.659621
-11.803561,4,1078.871095
-13.476791,3,1078.949859
52.47599,8,1079.038323
49.483209,3,1079.16433
-37.842474,12,1079.269219
36.45591,10,1079.445057
57.967614,5,1079.524912
57.967614,5,1079.593838
57.592704,6,1079.64782
53.192717,4,1079.724588
54.216439,4,1079.874703
56.046154,7,1079.970667
-14.496791,3,1080.051434
57.967614,5,1080.136041
54.216439,4,1080.204304
-15.516791,3,1080.249718
-12.72156,4,1080.331315
-13.552251,3,1080.469869
59.099294,6,1080.542687
54.008717,4,1080.698915
-7.666476,6,1080.874857
-8.686476,6,1080.969784
-13.552251,3,1081.024767
-12.823561,4,1081.128547
45.997369,9,1081.219232
53.212956,8,1081.313344
57.181853,5,1081.545592
51.523209,3,1081.644932
29.071884,11,1081.905584
54.216439,4,1082.058848
54.008717,4,1082.211342
59.099294,6,1082.259788
-14.496791,3,1082.455948
59.099294,6,1082.513572
-10.991283,4,1082.680887
57.574733,5,1082.831399
54.216439,4,1083.078525
55.927614,5,1083.167729
-14.394791,3,1083.314912
57.967614,5,1083.376259
53.196439,4,1083.503961
54.216439,4,1083.680855
57.967614,5,1083.808629
-10.991283,4,1084.74922
37.985359,10,1084.834202
45.997369,9,1084.91379
53.212956,8,1084.975356
59.099294,6,1085.072359
52.47599,8,1085.164878
-38.384833,13,1085.384096
59.099294,6,1085.501967
53.212956,8,1085.56498
54.216439,4,1085.807135
-20.441469,9,1085.869149
-13.476791,3,1085.931243
59.099294,6,1086.019791
-13.703172,3,1086.078544
53.502439,4,1086.239794
57.967614,5,1086.431245
54.216439,4,1086.518885
54.216439,4,1086.667453
58.079294,6,1086.729105
-7.21046,7,1086.81396
45.374531,9,1086.884196
-14.496791,3,1086.951979
53.090717,4,1087.113302
58.510704,6,1087.159538
28.274543,12,1087.302309
-12.426726,4,1087.4138
50.503209,3,1087.703066
57.967614,5,1087.909169
-38.384833,13,1088.019656
-7.933846,7,1088.081163
57.78954,7,1088.15867
26.615167,13,1088.407049
37.552134,10,1088.537202
-12.219004,4,1088.642997
58.079294,6,1088.721835
-13.476791,3,1088.914575
-14.394791,3,1089.076776
58.079294,6,1089.166444
-13.031283,4,1089.402668
57.181853,5,1089.570908
-13.552251,3,1089.649078
-7.21046,7,1089.942271
-19.920631,9,1090.041689
57.574733,5,1090.114787
57.967614,5,1090.202141
59.099294,6,1090.336221
57.066154,7,1090.431719
51.523209,3,1090.714851
57.574733,5,1090.798564
37.985359,10,1090.886422
54.008717,4,1090.985217
-6.489296,6,1091.04648
45.997369,9,1091.103496
-10.762313,7,1091.170073
50.503209,3,1091.452062
54.216439,4,1091.586276
59.099294,6,1091.706
56.554733,5,1091.844365
-14.496791,3,1092.121637
57.78954,7,1092.190851
58.510704,6,1092.25188
44.456531,9,1092.381776
45.997369,9,1092.433186
51.739025,8,1092.606399
57.967614,5,1092.682585
-14.496791,3,1092.876328
54.216439,4,1092.964148
54.216439,4,1093.119693
51.523209,3,1093.402257
56.76954,7,1093.524855
54.008717,4,1093.703338
-10.783561,4,1093.922189
59.099294,6,1094.002162
-13.552251,3,1094.082583
57.78954,7,1094.301955
-7.21046,7,1094.366416
54.008717,4,1094.482515
56.947614,5,1094.569863
-13.476791,3,1094.855265
57.922114,6,1094.987553
57.967614,5,1095.127199
-19.625469,9,1095.251976
-13.476791,3,1095.532049
-13.476791,3,1095.682383
53.090717,4,1095.927554
-38.384833,13,1096.040929
55.74954,7,1096.129167
54.216439,4,1096.195387
57.967614,5,1096.360941
59.099294,6,1096.45306
36.634135,10,1096.597229
51.739025,8,1096.692443
-12.326587,4,1096.741317
54.216439,4,1096.968696
57.967614,5,1097.199441
56.947614,5,1097.258084
-14.394791,3,1097.453624
52.47599,8,1097.543096
56.76954,7,1097.623005
57.967614,5,1097.81093
51.739025,8,1097.896595
-13.476791,3,1097.990801
54.008717,4,1098.152215
-12.117004,4,1098.37366
54.216439,4,1098.621745
-36.725457,12,1098.724137
56.046154,7,1098.799411
57.967614,5,1098.889154
57.967614,5,1098.973188
57.574733,5,1099.09335
31.111884,11,1099.372787
-39.423837,15,1099.425363
-8.407468,5,1099.545265
-13.703172,3,1099.593005
-11.199004,4,1099.672456
54.008717,4,1099.889901
28.274543,12,1100.028364
-9.325468,5,1100.123083
-14.496791,3,1100.292607
53.196439,4,1100.421068
-14.470251,3,1100.489449
58.510704,6,1100.572961
35.945359,10,1100.645924
45.079369,9,1100.718185
37.985359,10,1100.806176
57.78954,7,1100.889891
57.574733,5,1101.023751
36.532134,10,1101.176047
-15.539172,3,1101.221838
58.079294,6,1101.284615
57.967614,5,1101.349341
45.997369,9,1101.645855
45.997369,9,1101.732728
54.216439,4,1101.806272
-10.991283,4,1101.898415
-38.39648,13,1102.076367
53.196439,4,1102.153627
51.523209,3,1102.428115
37.985359,10,1102.516561
54.216439,4,1102.69676
-39.123589,14,1102.759536
51.523209,3,1102.929554
54.216439,4,1103.077056
-12.011283,4,1103.266958
-11.199004,4,1103.334679
28.177526,12,1103.47114
58.510704,6,1103.531862
45.997369,9,1103.774036
-12.219004,4,1104.021166
53.212956,8,1104.348416
57.574733,5,1104.434366
57.490704,6,1104.490058
-13.476791,3,1104.648238
52.47599,8,1104.727378
57.967614,5,1104.931182
53.212956,8,1105.245386
56.947614,5,1105.407434
-10.991283,4,1105.502807
54.008717,4,1105.607147
45.997369,9,1105.672389
37.985359,10,1105.747005
-13.552251,3,1105.839402
-40.172737,14,1105.896389
31.111884,11,1106.064493
-39.152737,14,1106.244261
-27.447866,10,1106.364908
54.216439,4,1106.510043
51.523209,3,1106.798859
54.216439,4,1106.906126
-13.476791,3,1107.109618
37.552134,10,1107.178397
-13.476791,3,1107.331012
54.216439,4,1107.487497
52.192956,8,1107.544165
58.079294,6,1107.591815
59.099294,6,1107.673324
58.079294,6,1107.858479
58.510704,6,1107.946725
57.78954,7,1108.074868
45.997369,9,1108.137539
45.997369,9,1108.350814
44.977369,9,1108.417591
-13.703172,3,1108.460846
45.374531,9,1108.682388
-11.803561,4,1108.891554
58.510704,6,1109.012002
59.099294,6,1109.127526
58.079294,6,1109.18487
52.47599,8,1109.256005
-10.783561,4,1109.463586
56.947614,5,1109.553907
51.523209,3,1109.645551
45.997369,9,1109.701108
-14.496791,3,1109.764421
31.111884,11,1109.826496
-12.219004,4,1109.891244
56.148154,7,1109.949037
-13.031283,4,1110.152055
53.29844,4,1110.390059
51.523209,3,1110.497847
54.216439,4,1110.65471
54.008717,4,1110.756757
-12.807044,8,1110.943179
54.008717,4,1111.215932
57.78954,7,1111.307858
53.212956,8,1111.371974
57.967614,5,1111.54564
28.274543,12,1111.638973
-13.476791,3,1111.715069
-14.368251,3,1111.792234
36.965359,10,1111.85469
31.111884,11,1111.996959
57.592704,6,1112.080227
-10.783561,4,1112.360962
-8.584476,6,1112.554523
30.870601,11,1112.685972
-8.23046,7,1112.8284
-27.014641,10,1112.971507
-39.05072,14,1113.024179
44.456531,9,1113.11578
-8.12846,7,1113.189114
59.099294,6,1113.24242
37.985359,10,1113.305211
-13.476791,3,1113.355295
-14.496791,3,1113.544129
-13.476791,3,1113.745976
-13.476791,3,1113.810903
57.967614,5,1113.950292
52.27844,4,1114.034916
-13.552251,3,1114.08702
51.523209,3,1114.294236
45.997369,9,1114.376443
-8.851846,7,1114.500906
58.079294,6,1114.595145
59.099294,6,1114.670947
57.78954,7,1114.979083
56.947614,5,1115.143207
31.111884,11,1115.397477
-5.900706,6,1115.456445
-13.476791,3,1115.648552
31.111884,11,1115.743092
-13.552251,3,1115.82546
59.099294,6,1115.907298
-14.496791,3,1116.090979
-11.909283,4,1116.166028
-14.496791,3,1116.312226
-38.384833,13,1116.529009
50.503209,3,1116.808999
58.510704,6,1116.95107
57.967614,5,1117.043157
-10.783561,4,1117.145278
54.216439,4,1117.299632
-7.407296,6,1117.355586
-13.552251,3,1117.422056
59.099294,6,1117.476122
58.079294,6,1117.565868
-7.425267,5,1117.861413
57.78954,7,1117.937132
-13.476791,3,1118.02705
-13.476791,3,1118.171175
52.192956,8,1118.485086
57.78954,7,1118.566767
-40.172737,14,1118.691596
53.29844,4,1118.838301
57.967614,5,1118.89868
50.503209,3,1119.175265
-13.476791,3,1119.281847
-14.496791,3,1119.481695
37.552134,10,1119.557318
-8.838147,5,1119.652066
57.574733,5,1119.831604
-13.476791,3,1120.023744
-14.572251,3,1120.105729
45.374531,9,1120.178739
55.927614,5,1120.327436
-10.991283,4,1120.569883
56.947614,5,1120.692336
-13.476791,3,1120.866862
-14.496791,3,1121.016179
54.216439,4,1121.100215
-13.476791,3,1121.261143
-8.211028,5,1121.318238
-13.476791,3,1121.424941
-13.552251,3,1121.495728
-11.199004,4,1121.633775
53.212956,8,1121.724445
53.196439,4,1121.885184
57.78954,7,1121.941258
57.967614,5,1121.992094
-10.783561,4,1122.095493
57.967614,5,1122.191381
59.099294,6,1122.353806
27.254543,12,1122.48802
59.099294,6,1122.551105
31.111884,11,1122.646153
53.212956,8,1122.737727
26.615167,13,1123.083615
57.049614,5,1123.221979
57.967614,5,1123.425133
58.079294,6,1123.491339
56.656733,5,1123.58705
-9.129028,5,1123.691338
-13.476791,3,1123.885169
53.212956,8,1124.248894
55.74954,7,1124.318489
45.374531,9,1124.387338
53.196439,4,1124.470141
59.099294,6,1124.548631
-13.476791,3,1124.768232
-10.783561,4,1124.894129
57.049614,5,1124.995622
58.510704,6,1125.126576
-7.933846,7,1125.229411
57.78954,7,1125.285793
30.091884,11,1125.421921
-13.552251,3,1125.476318
56.76954,7,1125.606158
59.099294,6,1125.747808
56.554733,5,1125.825521
26.615167,13,1126.073235
-8.686476,6,1126.173353
-8.407468,5,1126.232339
45.374531,9,1126.289865
57.574733,5,1126.355218
57.967614,5,1126.431016
-13.476791,3,1126.497408
57.967614,5,1126.700369
27.06051,12,1126.900121
52.192956,8,1127.118125
28.274543,12,1127.218383
56.947614,5,1127.351731
37.552134,10,1127.450508
50.503209,3,1127.735105
-5.900706,6,1127.810457
58.510704,6,1127.931772
-14.394791,3,1128.771246
37.985359,10,1128.867875
-10.783561,4,1128.956373
-13.552251,3,1129.121907
50.503209,3,1129.411212
58.079294,6,1129.501491
56.76954,7,1129.583351
-14.394791,3,1129.649568
-13.552251,3,1129.729862
-14.470251,3,1129.78348
53.196439,4,1129.859567
57.592704,6,1129.999656
-14.266251,3,1130.066949
59.099294,6,1130.132626
-13.552251,3,1130.203572
-13.476791,3,1130.35138
59.099294,6,1130.438681
45.997369,9,1130.509818
58.079294,6,1130.649866
-14.496791,3,1130.718706
56.554733,5,1130.821384
-13.54401,8,1130.88883
57.922114,6,1131.077325
-14.496791,3,1131.381392
54.216439,4,1131.573865
56.554733,5,1131.772076
-19.625469,9,1131.837745
-13.552251,3,1131.907209
-7.818147,5,1132.102331
37.985359,10,1132.200002
54.216439,4,1132.34645
59.099294,6,1132.401383
57.490704,6,1132.484624
57.181853,5,1132.64345
30.091884,11,1132.744906
57.967614,5,1132.905783
-11.199004,4,1133.005086
59.099294,6,1133.09314
-9.38062,7,1133.191416
57.78954,7,1133.249838
54.216439,4,1133.397234
58.079294,6,1133.456886
52.47599,8,1133.544355
57.574733,5,1133.695063
57.049614,5,1133.834245
-12.117004,4,1133.891159
54.216439,4,1133.989444
53.196439,4,1134.145465
-15.388251,3,1134.200545
53.29844,4,1134.353507
57.967614,5,1134.440138
57.967614,5,1134.629455
57.78954,7,1135.076202
28.177526,12,1135.248506
55.74954,7,1135.512312
44.354531,9,1135.60915
45.374531,9,1135.700513
-27.014641,10,1135.771156
-12.705044,8,1135.868875
-10.991283,4,1135.935954
31.111884,11,1136.073519
-13.552251,3,1136.129234
50.503209,3,1136.406061
-14.572251,3,1136.488106
-14.496791,3,1136.552311
-5.900706,6,1136.702624
52.192956,8,1136.772698
-13.476791,3,1136.875302
53.196439,4,1137.119615
57.574733,5,1137.189566
53.212956,8,1137.269255
54.216439,4,1137.42399
-37.016506,12,1137.55187
-15.592251,3,1137.616688
-8.23046,7,1137.735451
-7.407296,6,1137.794722
57.78954,7,1137.844694
31.111884,11,1137.909152
45.374531,9,1137.971388
-19.625469,9,1138.0988
-14.496791,3,1138.24837
58.510704,6,1138.388918
59.099294,6,1138.457548
-19.002631,9,1138.519956
53.212956,8,1138.622197
56.947614,5,1138.717481
-27.014641,10,1138.805473
-10.783561,4,1139.024633
50.503209,3,1139.209363
53.196439,4,1139.451147
-7.933846,7,1139.563966
-12.705044,8,1139.603137
50.529749,3,1139.834123
54.216439,4,1140.013337
59.099294,6,1140.132172
57.967614,5,1140.295183
-13.476791,3,1140.442385
58.079294,6,1140.537877
-13.552251,3,1140.607577
53.29844,4,1140.685267
59.099294,6,1140.835766
54.216439,4,1140.989864
57.78954,7,1141.074573
-10.783561,4,1141.183977
-13.552251,3,1141.259658
53.196439,4,1141.385931
-14.572251,3,1141.5353
-13.552251,3,1141.61373
57.78954,7,1141.984621
-7.933846,7,1142.32161
55.74954,7,1142.379733
-28.314315,10,1142.5344
-12.725283,4,1142.747303
57.967614,5,1142.839958
-13.476791,3,1142.890222
-12.011283,4,1143.078193
-13.476791,3,1143.153665
52.176439,4,1143.303518
53.196439,4,1143.437471
53.196439,4,1143.679144
-19.002631,9,1143.883501
59.099294,6,1143.971851
54.216439,4,1144.215538
50.605209,3,1144.478449
59.099294,6,1144.542571
52.988717,4,1144.665555
53.212956,8,1144.825867
54.216439,4,1144.983252
45.997369,9,1145.283524
53.29844,4,1145.445399
58.510704,6,1145.542406
37.985359,10,1145.623872
53.400439,4,1145.77242
44.977369,9,1145.870244
51.523209,3,1146.071669
45.079369,9,1146.401553
58.079294,6,1146.463132
54.216439,4,1146.596012
-12.530587,4,1146.644133
56.342767,7,1146.869441
-13.476791,3,1146.947317
36.965359,10,1147.179815
-7.21046,7,1147.287524
53.196439,4,1147.37271
57.574733,5,1147.428836
57.574733,5,1147.506418
54.216439,4,1147.740093
59.099294,6,1147.827837
-9.14846,7,1147.909984
54.216439,4,1148.062215
-7.21046,7,1148.515211
52.192956,8,1148.59779
44.977369,9,1148.679644
54.216439,4,1148.83196
-19.002631,9,1148.908176
27.254543,12,1149.002803
57.78954,7,1149.396629
56.947614,5,1149.487974
-13.552251,3,1149.559314
-14.496791,3,1149.667498
45.997369,9,1149.744543
30.091884,11,1150.001401
57.967614,5,1150.19242
-10.783561,4,1150.295801
51.523209,3,1150.579914
-13.552251,3,1150.640478
59.099294,6,1150.690038
45.997369,9,1150.750258
-11.909283,4,1150.997725
57.967614,5,1151.090476
-14.470251,3,1151.165647
-10.783561,4,1151.269889
-12.530587,4,1151.349809
53.196439,4,1151.478922
51.523209,3,1151.577764
53.212956,8,1151.656793
57.066154,7,1151.743706
-38.384833,13,1151.946649
54.216439,4,1152.078252
-11.787044,8,1152.219223
-7.818147,5,1152.314882
44.977369,9,1152.374983
53.212956,8,1152.45522
53.29844,4,1152.527154
-8.23046,7,1152.67234
57.967614,5,1152.885349
-10.783561,4,1153.196378
-13.476791,3,1153.384974
57.967614,5,1153.549522
57.059294,6,1153.663474
45.079369,9,1153.72904
57.574733,5,1153.968059
53.212956,8,1154.025842
53.29844,4,1154.17439
30.870601,11,1154.468284
-14.496791,3,1154.545642
-12.52401,8,1154.607677
57.967614,5,1154.804631
56.947614,5,1154.969602
59.099294,6,1155.044714
55.927614,5,1155.132903
57.78954,7,1155.247792
53.212956,8,1155.319541
56.947614,5,1155.405865
51.447749,3,1155.639171
54.216439,4,1155.790215
-9.129028,5,1156.011583
-9.742313,7,1156.076703
56.947614,5,1156.279344
-11.909283,4,1156.506285
30.091884,11,1156.710512
-13.476791,3,1156.903692
57.78954,7,1156.96164
51.523209,3,1157.245995
-13.703172,3,1157.296646
45.079369,9,1157.458064
-15.414791,3,1157.627069
52.172718,4,1157.706433
-13.476791,3,1157.776304
45.079369,9,1157.82795
54.216439,4,1157.969151
57.574733,5,1158.038702
51.523209,3,1158.145669
59.099294,6,1158.239729
-13.552251,3,1158.30933
-10.991283,4,1158.543808
30.091884,11,1158.629558
54.216439,4,1158.773875
-13.476791,3,1158.970745
-10.991283,4,1159.052075
-13.552251,3,1159.140224
-10.783561,4,1159.24496
57.967614,5,1159.369808
54.216439,4,1159.606777
57.004114,6,1159.690317
51.523209,3,1159.972109
58.510704,6,1160.045651
-5.900706,6,1160.158556
-13.476791,3,1160.2557
-7.21046,7,1160.339299
57.967614,5,1160.502522
-13.476791,3,1160.715955
54.216439,4,1160.957164
-10.783561,4,1161.073869
58.510704,6,1161.209949
-14.496791,3,1161.278929
56.947614,5,1161.440118
-38.384833,13,1161.841354
57.967614,5,1161.931717
51.523209,3,1162.168111
-10.991283,4,1162.264994
57.574733,5,1162.505467
45.997369,9,1162.575628
54.216439,4,1162.790097
-13.476791,3,1162.980226
51.968717,4,1163.119344
57.967614,5,1163.178052
44.128855,9,1163.368317
-19.002631,9,1163.408375
54.216439,4,1163.564281
54.216439,4,1163.720301
30.091884,11,1163.801619
56.046154,7,1163.855714
-12.011283,4,1164.040145
58.510704,6,1164.141489
-27.014641,10,1164.204233
54.216439,4,1164.301419
55.927614,5,1164.429622
-13.476791,3,1164.621326
59.099294,6,1164.684206
-19.625469,9,1164.741981
56.76954,7,1164.882275
37.985359,10,1164.941764
37.552134,10,1165.004971
53.196439,4,1165.244629
54.216439,4,1165.392842
56.947614,5,1165.553665
57.967614,5,1165.71977
-13.476791,3,1165.870585
51.523209,3,1166.123993
57.967614,5,1166.319949
57.574733,5,1166.520517
57.967614,5,1166.646777
-13.552251,3,1166.702885
56.947614,5,1166.759556
-11.199004,4,1166.991682
59.099294,6,1167.083272
53.29844,4,1167.316893
-7.21046,7,1167.38903
57.78954,7,1167.454141
56.656733,5,1167.534044
-19.625469,9,1167.593816
54.216439,4,1167.74687
57.066154,7,1167.888345
57.574733,5,1167.975783
-15.388251,3,1168.042475
-11.787044,8,1168.163141
53.29844,4,1168.253922
59.099294,6,1168.311825
55.636733,5,1168.476291
52.47599,8,1168.565435
30.870601,11,1168.686211
56.76954,7,1168.766119
54.216439,4,1168.90687
-7.21046,7,1169.079139
45.997369,9,1169.202304
56.947614,5,1169.29809
54.216439,4,1169.463355
44.354531,9,1169.531535
-13.476791,3,1169.741719
56.656733,5,1169.802668
56.87154,7,1169.878422
-29.130315,10,1169.93175
-7.21046,7,1170.011437
54.216439,4,1170.092828
57.967614,5,1170.175754
56.656733,5,1170.235966
-8.851846,7,1170.298908
56.947614,5,1170.395458
-13.476791,3,1170.535738
58.079294,6,1170.630432
37.552134,10,1170.769308
31.111884,11,1170.858582
53.196439,4,1171.007471
50.503209,3,1171.295621
43.957369,9,1171.370095
53.212956,8,1171.435023
-12.011283,4,1171.633439
30.629317,11,1171.880874
-28.314315,10,1171.985893
51.523209,3,1172.100196
54.216439,4,1172.25337
57.161294,6,1172.31499
-7.21046,7,1172.367651
-13.476791,3,1172.513539
-21.789145,9,1172.644863
-13.476791,3,1172.796196
57.967614,5,1172.881496
52.176439,4,1173.035186
-36.725457,12,1173.28166
-11.803561,4,1173.390496
58.510704,6,1173.470783
-14.496791,3,1173.618071
-8.12846,7,1173.686694
57.574733,5,1173.856221
56.554733,5,1174.020136
-14.496791,3,1174.10519
-10.991283,4,1174.295348
-13.552251,3,1174.363393
57.967614,5,1174.528855
57.967614,5,1174.617499
56.947614,5,1174.672444
54.216439,4,1174.917962
-14.496791,3,1175.127308
37.552134,10,1175.226152
-19.002631,9,1175.296172
-21.182564,9,1175.507547
54.008717,4,1175.623287
51.523209,3,1175.84241
51.523209,3,1175.995965
57.967614,5,1176.198174
-19.002631,9,1176.452514
59.099294,6,1177.41231
58.079294,6,1177.530273
57.967614,5,1177.630041
54.216439,4,1177.795778
31.111884,11,1177.901619
53.212956,8,1177.9894
54.008717,4,1178.169632
36.965359,10,1178.23162
45.079369,9,1178.476123
-13.476791,3,1178.676497
-10.991283,4,1178.910967
53.212956,8,1179.048427
54.216439,4,1179.185106
-10.991283,4,1179.393192
-19.002631,9,1179.45796
-14.394791,3,1179.62864
37.985359,10,1179.698382
-7.032386,5,1179.970686
-13.476791,3,1180.028997
51.447749,3,1180.263742
57.78954,7,1180.327003
37.985359,10,1180.399042
50.529749,3,1180.633892
56.342767,7,1180.78975
57.049614,5,1180.859494
-5.900706,6,1181.103673
51.523209,3,1181.376508
57.490704,6,1181.456397
57.78954,7,1181.54208
57.967614,5,1181.656949
-12.929283,4,1181.749237
53.196439,4,1181.820417
53.400439,4,1181.893732
44.977369,9,1181.966919
53.196439,4,1182.045373
57.967614,5,1182.141994
-14.394791,3,1182.200534
57.490704,6,1182.284476
53.196439,4,1182.460645
51.523209,3,1182.734644
-12.011283,4,1182.905679
-10.762313,7,1183.084544
54.216439,4,1183.236745
30.091884,11,1183.498946
53.196439,4,1183.627581
54.216439,4,1183.719495
-14.572251,3,1183.945537
-27.932641,10,1184.216897
58.079294,6,1184.340311
45.374531,9,1184.424695
57.066154,7,1184.484693
54.216439,4,1184.730399
57.967614,5,1184.862711
54.216439,4,1184.937569
30.091884,11,1185.021878
54.008717,4,1185.119511
59.099294,6,1185.173537
-13.476791,3,1185.237434
51.523209,3,1185.480937
57.967614,5,1185.574327
57.574733,5,1185.664388
-13.552251,3,1185.76017
-14.470251,3,1185.816424
56.656733,5,1185.898573
-10.783561,4,1186.110095
57.967614,5,1186.17079
59.099294,6,1186.295228
45.997369,9,1186.416154
53.212956,8,1186.490205
50.503209,3,1186.590091
-12.011283,4,1186.821761
-14.496791,3,1186.998541
57.967614,5,1187.092143
57.78954,7,1187.150669
57.78954,7,1187.216881
-14.572251,3,1187.301022
45.997369,9,1187.369691
-37.065015,12,1187.438552
51.523209,3,1187.540862
51.172956,8,1187.614471
-10.991283,4,1187.722513
43.957369,9,1187.935472
-13.476791,3,1187.997846
-10.991283,4,1188.096287
44.977369,9,1188.16888
-14.496791,3,1188.239798
57.78954,7,1188.300015
54.216439,4,1188.442895
36.965359,10,1188.57247
51.45599,8,1188.641939
57.967614,5,1188.776216
57.967614,5,1188.910152
52.988717,4,1189.013157
57.049614,5,1189.177549
-40.424833,13,1189.289593
57.066154,7,1189.383858
-14.496791,3,1189.492809
-9.231028,5,1189.602089
59.099294,6,1189.669059
-10.991283,4,1189.873017
-14.496791,3,1190.145476
-19.625469,9,1190.278324
-13.703172,3,1190.357029
54.216439,4,1190.632004
57.78954,7,1190.73071
57.574733,5,1190.835964
-7.818147,5,1190.986382
-13.476791,3,1191.245853
54.216439,4,1191.324691
54.008717,4,1191.486223
51.523209,3,1191.891051
56.76954,7,1192.116863
53.196439,4,1192.389756
57.78954,7,1192.767839
57.066154,7,1192.923524
-13.552251,3,1193.105256
56.656733,5,1193.32287
57.78954,7,1193.765786
-10.783561,4,1194.36184
54.216439,4,1194.878646
-9.742313,7,1195.039346
58.510704,6,1195.243905
-14.496791,3,1195.444205
-8.12846,7,1195.825976
56.342767,7,1196.031766
57.967614,5,1196.263743
54.216439,4,1196.582489
56.148154,7,1196.787334
-13.476791,3,1197.088411
57.049614,5,1197.207821
-13.476791,3,1197.380741
-14.496791,3,1197.7823
57.066154,7,1198.00478
-13.476791,3,1198.70522
52.192956,8,1199.428295
54.216439,4,1199.565011
59.099294,6,1199.775551
-12.117004,4,1199.962153
-10.991283,4,1200.106294
-7.933846,7,1200.215778
27.356543,12,1200.922268
45.997369,9,1201.060975
56.342767,7,1201.324312
-14.394791,3,1201.693865
53.212956,8,1201.856256
54.216439,4,1202.355163
-7.818147,5,1202.778381
52.47599,8,1202.963393
45.997369,9,1203.157672
-15.516791,3,1203.367754
53.212956,8,1203.815393
-9.742313,7,1204.169968
56.656733,5,1204.3597
53.212956,8,1204.51477
-7.933846,7,1204.616807
-13.552251,3,1204.750068
57.574733,5,1204.934175
57.592704,6,1205.115385
55.74954,7,1205.292888
50.503209,3,1205.534551
53.212956,8,1205.675822
-14.496791,3,1205.844431
58.510704,6,1206.064504
-14.394791,3,1206.719052
-13.476791,3,1207.182458
57.967614,5,1207.385779
53.212956,8,1207.509042
-13.476791,3,1207.810684
51.739025,8,1208.049953
-7.032386,5,1208.709522
53.196439,4,1208.865007
51.523209,3,1209.452744
-36.822474,12,1209.670476
44.751693,9,1209.88553
57.967614,5,1210.215971
-13.476791,3,1210.42407
-13.476791,3,1210.59845
54.216439,4,1210.925151
59.099294,6,1211.107479
-13.552251,3,1211.368995
57.967614,5,1211.66921
53.212956,8,1211.870153
59.099294,6,1212.015718
37.552134,10,1212.187455
-11.787044,8,1212.341932
57.78954,7,1212.566086
57.049614,5,1212.783328
31.111884,11,1212.953068
-10.783561,4,1213.434177
52.47599,8,1213.658346
56.342767,7,1213.938415
-13.552251,3,1214.117076
-14.496791,3,1214.571147
-13.476791,3,1214.978411
58.510704,6,1215.177319
57.066154,7,1215.765514
51.523209,3,1216.225454
54.216439,4,1216.742826
58.079294,6,1217.067199
53.29844,4,1217.257451
-14.139791,3,1217.441088
-7.032386,5,1218.059629
-13.035004,4,1218.180474
-13.552251,3,1218.302507
45.997369,9,1218.413215
56.656733,5,1218.675402
-15.312791,3,1218.799808
-13.552251,3,1218.903982
59.099294,6,1219.054492
58.510704,6,1219.406281
56.148154,7,1219.499812
45.997369,9,1219.613863
54.216439,4,1220.033338
-14.470251,3,1220.194886
57.161294,6,1220.329333
-13.740902,3,1220.40845
-14.470251,3,1220.5242
53.212956,8,1220.63319
57.574733,5,1220.84944
28.274543,12,1221.019084
-14.470251,3,1221.141197
59.099294,6,1221.249533
-14.496791,3,1221.58466
57.967614,5,1221.71702
56.656733,5,1221.952318
56.554733,5,1222.100585
-13.627712,3,1222.226898
53.29844,4,1222.424802
-13.476791,3,1222.716348
57.78954,7,1222.854908
-10.783561,4,1223.266106
59.099294,6,1223.407998
-10.783561,4,1223.58761
-7.21046,7,1224.079339
-13.476791,3,1224.344906
-38.39648,13,1224.724616
30.091884,11,1225.132407
53.212956,8,1225.320327
56.947614,5,1225.642939
-13.627712,3,1225.745664
59.099294,6,1225.922652
45.374531,9,1226.094418
59.099294,6,1226.226161
53.196439,4,1226.563034
50.503209,3,1227.10819
-14.394791,3,1227.283488
57.574733,5,1227.467314
-13.476791,3,1227.815943
57.967614,5,1227.952289
51.523209,3,1228.120164
54.216439,4,1228.411101
-13.552251,3,1228.591215
-12.823561,4,1228.772921
57.574733,5,1228.910052
50.503209,3,1229.495749
27.254543,12,1230.177817
54.008717,4,1230.54465
-11.787044,8,1230.819419
-36.822474,12,1231.026352
56.947614,5,1231.352918
52.176439,4,1231.616598
59.099294,6,1231.768123
51.45599,8,1231.949377
-13.476791,3,1232.149832
-11.909283,4,1232.596306
-11.807283,4,1233.023628
-13.552251,3,1233.171014
51.523209,3,1233.652625
53.212956,8,1233.789813
-14.394791,3,1233.94806
57.574733,5,1234.104519
-7.077886,6,1234.303439
57.490704,6,1234.464903
-10.783561,4,1234.81269
58.181294,6,1235.152796
-14.470251,3,1235.300757
-27.88109,10,1235.684522
58.181294,6,1235.83441
52.27844,4,1235.920709
54.216439,4,1236.341448
36.965359,10,1236.502427
-13.552251,3,1236.634502
59.099294,6,1236.751343
45.997369,9,1236.904263
56.76954,7,1237.051108
-20.022631,9,1237.555157
51.523209,3,1237.992363
57.967614,5,1238.092577
54.008717,4,1238.492639
-13.476791,3,1238.835503
57.78954,7,1238.956019
-14.496791,3,1239.099747
54.216439,4,1239.38609
59.099294,6,1239.571659
45.997369,9,1239.792917
-11.199004,4,1239.934371
57.967614,5,1240.088415
57.574733,5,1240.316615
51.447749,3,1240.773501
57.066154,7,1240.920694
54.216439,4,1241.374471
-13.552251,3,1241.527337
57.967614,5,1241.869481
53.212956,8,1242.015862
-6.920706,6,1242.150086
59.099294,6,1242.255647
-7.21046,7,1242.44609
57.967614,5,1242.645916
-11.803561,4,1243.249686
52.47599,8,1243.399747
54.216439,4,1243.654178
57.78954,7,1243.800165
-10.783561,4,1243.989391
-10.991283,4,1244.208373
57.574733,5,1244.348809
-13.476791,3,1244.619037
54.216439,4,1244.887978
57.78954,7,1245.028458
37.985359,10,1245.147311
-14.470251,3,1245.254625
53.212956,8,1245.812423
-10.783561,4,1245.994602
37.985359,10,1246.109076
-12.807044,8,1246.202473
57.967614,5,1246.537213
59.099294,6,1246.680862
51.523209,3,1247.140992
50.427749,3,1247.576813
-13.476791,3,1247.699967
-10.783561,4,1247.8911
56.656733,5,1248.150559
57.967614,5,1248.290256
53.196439,4,1248.78814
57.967614,5,1249.054501
-12.807044,8,1249.301381
-13.552251,3,1249.705373
-8.407468,5,1249.849965
-27.88109,10,1250.369274
-13.476791,3,1250.68519
37.552134,10,1250.848739
57.967614,5,1251.148816
-15.312791,3,1251.28354
-10.991283,4,1251.460976
54.216439,4,1251.718602
51.523209,3,1252.04907
51.523209,3,1252.267814
-13.476791,3,1252.388131
-11.909283,4,1252.505629
-13.476791,3,1252.991248
57.066154,7,1253.206895
-13.476791,3,1253.728006
-13.476791,3,1253.829612
44.977369,9,1253.930447
-13.740902,3,1254.018458
59.099294,6,1254.184248
57.066154,7,1254.332863
-11.787044,8,1254.415447
51.523209,3,1254.587717
54.216439,4,1254.863897
57.78954,7,1254.968277
45.997369,9,1255.102674
57.78954,7,1255.270453
-10.783561,4,1255.464213
44.456531,9,1255.596031
57.066154,7,1255.764468
-13.44201,8,1255.995392
-13.476791,3,1256.109951
-13.552251,3,1256.278261
37.552134,10,1256.493135
57.967614,5,1256.837856
45.997369,9,1257.092439
57.78954,7,1257.218059
57.574733,5,1257.3652
56.911733,5,1258.808295
-13.552251,3,1258.980319
51.523209,3,1259.290892
-12.929283,4,1259.461461
-7.21046,7,1259.657629
-8.23046,7,1259.874621
-11.510587,4,1259.964212
56.947614,5,1260.282095
57.967614,5,1260.520174
-13.552251,3,1260.636849
58.079294,6,1260.786672
-10.991283,4,1261.181183
45.997369,9,1261.300772
57.922114,6,1261.620064
57.066154,7,1261.953213
29.173884,11,1262.077136
-13.552251,3,1262.187907
54.216439,4,1262.481351
58.079294,6,1262.649137
50.605209,3,1262.833541
57.066154,7,1263.034802
54.216439,4,1263.483971
-19.625469,9,1263.710458
-14.394791,3,1263.965555
57.78954,7,1264.096366
-11.406726,4,1264.241616
54.216439,4,1264.958405
-13.476791,3,1265.360749
56.947614,5,1265.598243
-14.496791,3,1265.75283
53.196439,4,1265.884515
54.216439,4,1266.122889
57.181853,5,1266.485624
54.008717,4,1267.114166
-8.12846,7,1267.200325
53.212956,8,1267.62679
-13.476791,3,1268.023737
-14.366424,8,1268.388183
59.099294,6,1268.539693
58.079294,6,1268.706969
45.997369,9,1268.886835
-9.742313,7,1269.144109
57.78954,7,1269.291784
51.447749,3,1269.718874
45.997369,9,1269.83951
53.212956,8,1270.020198
56.947614,5,1270.28143
59.099294,6,1270.483795
58.079294,6,1270.661405
-13.476791,3,1270.78697
27.254543,12,1270.985542
53.196439,4,1271.419791
37.985359,10,1271.5556
-13.476791,3,1271.682728
58.510704,6,1271.834915
-15.286251,3,1271.981713
-14.470251,3,1272.108219
-10.991283,4,1272.471512
45.997369,9,1272.648735
37.985359,10,1272.810301
-19.002631,9,1272.884818
-10.991283,4,1273.21953
58.079294,6,1273.604607
59.099294,6,1273.7359
58.510704,6,1273.863494
-20.248307,9,1274.171107
37.985359,10,1274.282807
-7.21046,7,1274.345358
-12.011283,4,1274.654386
54.216439,4,1274.785666
-9.616846,7,1274.888702
53.196439,4,1275.010531
45.997369,9,1275.458933
59.099294,6,1275.60859
56.656733,5,1275.92392
58.510704,6,1276.108371
57.066154,7,1276.316921
37.985359,10,1276.492667
-10.783561,4,1276.919342
57.490704,6,1277.159992
-5.900706,6,1277.339955
51.523209,3,1277.562762
53.196439,4,1277.810027
53.196439,4,1278.086737
56.947614,5,1278.440773
31.111884,11,1278.674914
-14.496791,3,1278.836856
57.78954,7,1279.191094
54.216439,4,1279.479122
-20.022631,9,1279.648847
57.78954,7,1279.778308
-14.470251,3,1279.95917
-14.215251,3,1280.05435
52.294956,8,1280.208961
59.099294,6,1280.325163
57.78954,7,1280.473209
-14.496791,3,1280.677779
-12.52401,8,1280.787808
59.099294,6,1280.902024
57.967614,5,1281.078662
54.216439,4,1281.396738
59.099294,6,1281.516311
37.985359,10,1281.6532
-10.991283,4,1281.861496
-19.002631,9,1282.003228
57.253614,5,1282.332637
57.967614,5,1282.571929
-38.39648,13,1282.947174
53.196439,4,1283.258244
56.76954,7,1283.378935
-10.991283,4,1283.663689
50.605209,3,1283.862713
-14.470251,3,1283.959574
53.29844,4,1284.044129
-8.23046,7,1284.259169
58.079294,6,1284.362962
36.965359,10,1284.522803
-7.933846,7,1284.659431
-13.552251,3,1284.721845
31.111884,11,1284.828538
57.574733,5,1284.975663
58.510704,6,1285.035938
-10.991283,4,1285.157951
58.510704,6,1285.297854
-8.052386,5,1285.35785
-14.496791,3,1285.53344
-7.21046,7,1285.581621
-14.496791,3,1285.793156
37.985359,10,1285.859657
-20.022631,9,1286.024266
36.685685,10,1286.151129
-15.312791,3,1286.216816
52.294956,8,1286.307765
59.099294,6,1286.402859
52.176439,4,1286.487154
51.523209,3,1286.664322
57.574733,5,1286.857435
44.456531,9,1286.91676
-13.552251,3,1286.973548
-11.787044,8,1287.250146
-14.496791,3,1287.3413
53.090717,4,1287.438057
57.490704,6,1287.537946
57.066154,7,1287.619496
58.079294,6,1287.711661
-13.476791,3,1287.868145
49.982059,8,1288.0232
54.216439,4,1288.18492
-11.787044,8,1288.226774
-13.476791,3,1288.318769
-7.032386,5,1288.625724
56.947614,5,1288.901165
56.947614,5,1289.091447
51.523209,3,1289.200796
-11.787044,8,1289.335043
-11.909283,4,1289.548672
57.78954,7,1289.654918
57.574733,5,1289.883612
37.985359,10,1289.987852
-8.12846,7,1290.04118
57.967614,5,1290.101794
-12.324726,4,1290.182884
59.099294,6,1290.282983
45.997369,9,1290.349744
51.45599,8,1290.431088
53.196439,4,1290.706687
57.78954,7,1290.816207
-7.21046,7,1290.864704
-19.625469,9,1290.939814
37.552134,10,1291.055384
54.216439,4,1291.171842
57.78954,7,1291.337397
-27.014641,10,1291.485402
-11.909283,4,1291.702059
-5.900706,6,1291.777439
-11.787044,8,1291.987315
57.490704,6,1292.063239
57.78954,7,1292.12869
-13.552251,3,1292.209209
-13.476791,3,1292.420049
37.552134,10,1292.522742
57.967614,5,1292.726214
56.342767,7,1292.895889
-13.552251,3,1292.97867
58.510704,6,1293.035976
57.967614,5,1293.137537
45.374531,9,1293.330651
56.947614,5,1293.468959
59.099294,6,1293.61889
54.216439,4,1293.7703
51.002059,8,1293.997992
57.574733,5,1294.150137
-13.703172,3,1294.206853
28.274543,12,1294.306185
37.552134,10,1294.372895
53.196439,4,1294.539184
-35.149399,11,1294.817442
57.049614,5,1295.040588
-13.552251,3,1295.101646
-7.21046,7,1295.374461
54.216439,4,1295.554699
51.447749,3,1295.801327
45.997369,9,1295.871173
57.78954,7,1295.946033
-10.783561,4,1296.05812
53.212956,8,1296.136253
54.008717,4,1296.306713
-7.077886,6,1296.568415
53.196439,4,1296.650255
58.510704,6,1296.71699
50.503209,3,1297.018253
59.099294,6,1297.11056
53.212956,8,1297.180879
57.78954,7,1297.497018
53.212956,8,1297.557841
37.11891,10,1297.714063
-11.787044,8,1297.758927
45.374531,9,1297.853068
53.212956,8,1297.947089
51.523209,3,1298.244564
37.985359,10,1298.320956
31.111884,11,1298.409142
45.997369,9,1298.500753
53.212956,8,1298.582037
54.216439,4,1298.824521
-14.470251,3,1298.89522
59.099294,6,1298.987671
58.510704,6,1299.127152
59.099294,6,1299.191344
-13.476791,3,1299.309168
57.78954,7,1299.37939
51.523209,3,1299.6776
57.592704,6,1299.742883
53.196439,4,1299.987351
58.510704,6,1300.145866
53.196439,4,1300.289559
57.967614,5,1300.397811
59.099294,6,1300.454912
56.554733,5,1300.539463
-28.365865,10,1300.793525
54.216439,4,1300.883109
-14.496791,3,1301.006403
-7.21046,7,1301.14806
52.47599,8,1301.299202
54.216439,4,1301.470683
51.172956,8,1301.56705
57.78954,7,1301.658128
53.212956,8,1301.730721
57.967614,5,1301.905166
59.099294,6,1301.995801
-9.38062,7,1302.222226
54.008717,4,1302.472046
53.212956,8,1302.537981
-6.818706,6,1302.679489
57.967614,5,1302.844797
57.78954,7,1302.911052
57.574733,5,1303.095037
54.216439,4,1303.176669
57.967614,5,1303.316518
45.997369,9,1303.376083
57.922114,6,1303.448508
-11.803561,4,1303.673005
52.192956,8,1303.975692
-13.552251,3,1304.092893
-13.552251,3,1304.183782
57.78954,7,1304.247725
59.099294,6,1304.387092
57.78954,7,1304.476306
-11.909283,4,1304.568263
58.181294,6,1304.634513
57.967614,5,1304.743066
-7.818147,5,1304.853229
57.967614,5,1305.004197
59.099294,6,1305.139886
57.967614,5,1305.211171
-7.21046,7,1305.286413
-10.783561,4,1305.408941
53.090717,4,1305.622201
-10.783561,4,1305.843934
53.212956,8,1305.917953
58.079294,6,1306.026259
57.967614,5,1306.221153
59.099294,6,1306.316574
28.177526,12,1306.514386
54.216439,4,1306.66231
-11.787044,8,1306.871077
59.099294,6,1306.97521
-37.065015,12,1307.065756
57.066154,7,1307.143484
57.967614,5,1307.291301
59.099294,6,1307.384094
52.47599,8,1307.453069
-13.476791,3,1307.549345
-13.552251,3,1307.717643
56.87154,7,1307.798301
57.967614,5,1307.876622
45.997369,9,1307.947563
-13.476791,3,1308.160605
58.079294,6,1308.300056
-10.783561,4,1308.412866
54.216439,4,1308.676054
-15.516791,3,1308.840901
57.78954,7,1308.938361
56.342767,7,1309.068301
-38.39648,13,1309.314707
53.212956,8,1309.379274
57.967614,5,1309.523715
58.510704,6,1309.634417
-19.625469,9,1309.746197
58.079294,6,1309.844968
54.216439,4,1310.024197
57.967614,5,1310.126401
57.490704,6,1310.281986
56.947614,5,1310.498525
-7.21046,7,1310.656352
-21.182564,9,1310.863733
54.216439,4,1310.948903
-21.182564,9,1311.111722
-6.489296,6,1311.175048
57.967614,5,1311.399903
53.212956,8,1311.505368
56.947614,5,1311.591388
-10.783561,4,1311.701127
57.78954,7,1311.853058
58.510704,6,1311.943908
54.216439,4,1312.203517
52.47599,8,1312.315585
58.510704,6,1312.48169
58.510704,6,1312.556235
-13.476791,3,1312.766496
45.997369,9,1312.918834
30.091884,11,1313.166191
-13.552251,3,1313.244331
57.967614,5,1313.341676
57.922114,6,1313.426422
54.216439,4,1313.501611
53.196439,4,1313.589514
-13.476791,3,1313.776712
53.212956,8,1314.131659
54.216439,4,1314.295815
56.554733,5,1314.55551
54.216439,4,1314.720105
-7.21046,7,1314.769168
54.216439,4,1314.861469
-11.787044,8,1316.073221
-13.476791,3,1316.34545
-19.920631,9,1316.515435
57.574733,5,1316.609472
-14.496791,3,1316.689646
45.079369,9,1316.775359
-13.476791,3,1316.991754
54.216439,4,1317.263667
56.342767,7,1317.359535
-14.545712,3,1317.411618
53.212956,8,1317.511679
-10.991283,4,1317.603365
59.099294,6,1317.711383
52.192956,8,1317.806227
-20.543469,9,1317.955172
-19.002631,9,1318.08587
53.212956,8,1318.16579
57.967614,5,1318.273092
53.212956,8,1318.366124
-14.496791,3,1318.436507
53.196439,4,1318.61218
37.985359,10,1318.786381
-13.997941,8,1318.957225
37.985359,10,1319.062993
36.965359,10,1319.157062
54.008717,4,1319.337231
37.985359,10,1319.424806
-13.476791,3,1319.534854
59.099294,6,1319.674068
-11.807283,4,1319.937375
53.212956,8,1320.031505
36.634135,10,1320.228122
57.967614,5,1320.318507
56.947614,5,1320.429479
59.099294,6,1320.527345
57.333524,6,1320.876112
58.510704,6,1321.024749
57.967614,5,1321.170871
53.212956,8,1321.259137
57.181853,5,1321.354198
-13.476791,3,1321.557842
-13.552251,3,1321.691254
-7.21046,7,1321.746023
-13.552251,3,1321.813324
-8.23046,7,1321.920389
59.099294,6,1322.005104
58.510704,6,1322.14632
-7.21046,7,1322.316387
51.523209,3,1322.65308
54.216439,4,1322.737132
56.342767,7,1322.949178
-11.787044,8,1323.289255
45.997369,9,1323.390364
-10.783561,4,1323.514265
-7.032386,5,1323.879322
57.574733,5,1324.045631
-7.425267,5,1324.117366
45.997369,9,1324.191242
54.216439,4,1324.466345
45.997369,9,1324.74509
57.967614,5,1325.045067
45.374531,9,1325.236004
54.008717,4,1325.505861
54.216439,4,1325.760781
59.099294,6,1325.883185
59.099294,6,1326.006747
58.510704,6,1326.08909
-14.496791,3,1326.3114
57.967614,5,1326.421568
57.922114,6,1326.509271
-13.476791,3,1326.678326
-7.032386,5,1327.008427
57.967614,5,1327.157933
54.216439,4,1327.334226
57.967614,5,1327.487003
-7.933846,7,1327.629035
43.731693,9,1327.821322
31.111884,11,1327.969451
-7.032386,5,1328.282209
-13.476791,3,1328.509088
-13.476791,3,1328.67196
56.76954,7,1328.768639
57.78954,7,1328.864083
57.78954,7,1329.101461
57.490704,6,1329.198354
57.066154,7,1329.357862
-10.991283,4,1329.601712
54.216439,4,1329.89641
57.181853,5,1330.113158
-7.666476,6,1330.229539
37.11891,10,1330.320579
51.55799,8,1330.403797
50.821025,8,1330.470391
53.212956,8,1330.553035
57.967614,5,1330.638451
57.066154,7,1330.713566
54.216439,4,1330.795367
51.523209,3,1330.888499
56.947614,5,1331.062376
45.997369,9,1331.16558
59.099294,6,1331.249407
59.099294,6,1331.389224
56.76954,7,1331.461447
57.967614,5,1331.567358
58.510704,6,1331.649708
57.78954,7,1331.704448
52.47599,8,1331.773456
-13.552251,3,1331.855188
54.008717,4,1332.031865
-13.552251,3,1332.097828
59.099294,6,1332.221517
56.656733,5,1332.3586
52.47599,8,1332.427884
58.510704,6,1332.529359
57.967614,5,1332.590482
45.374531,9,1332.699952
44.977369,9,1332.773798
-9.38062,7,1332.981944
59.099294,6,1333.054151
57.78954,7,1333.155344
54.216439,4,1333.317992
-13.552251,3,1333.393457
-7.425267,5,1333.640404
-7.21046,7,1333.774897
27.157526,12,1333.938462
53.212956,8,1334.043185
-13.476791,3,1334.337026
54.216439,4,1334.51903
-13.476791,3,1334.585325
57.78954,7,1334.65451
57.922114,6,1334.856876
53.212956,8,1334.926212
57.78954,7,1335.16387
56.76954,7,1335.24357
57.78954,7,1335.31617
-13.552251,3,1335.407123
57.574733,5,1335.600219
52.192956,8,1335.702084
57.78954,7,1335.798461
57.574733,5,1335.893693
37.552134,10,1335.993134
-13.476791,3,1336.232511
56.947614,5,1336.428791
57.967614,5,1336.642126
54.216439,4,1336.885958
-19.002631,9,1337.098254
57.967614,5,1337.247128
-11.70156,4,1337.484742
57.967614,5,1337.589482
51.523209,3,1337.930302
51.523209,3,1338.247077
-13.552251,3,1338.340079
-12.52401,8,1338.410259
45.997369,9,1338.477271
-10.991283,4,1338.736494
53.212956,8,1338.805092
-10.991283,4,1339.055953
51.55799,8,1339.158304
-36.725457,12,1339.399584
-11.787044,8,1339.537077
45.997369,9,1339.608956
-7.21046,7,1339.688332
59.099294,6,1339.864811
-13.476791,3,1340.20324
49.585209,3,1340.524755
54.216439,4,1340.702113
28.177526,12,1341.087914
-15.017941,8,1341.323312
57.574733,5,1341.412195
58.510704,6,1341.490762
54.216439,4,1341.680152
-7.933846,7,1341.794002
50.633576,8,1341.958696
-13.552251,3,1342.040145
57.967614,5,1342.151898
-11.787044,8,1342.250948
53.196439,4,1342.324092
-13.476791,3,1342.545047
-13.476791,3,1342.646672
51.523209,3,1342.957321
57.967614,5,1343.108981
57.967614,5,1343.348845
57.574733,5,1343.608382
56.76954,7,1343.677906
57.78954,7,1343.744607
57.967614,5,1343.809972
57.967614,5,1343.895338
31.111884,11,1344.006211
57.967614,5,1344.072617
45.997369,9,1344.19176
59.099294,6,1344.288644
43.108855,9,1344.504005
59.099294,6,1344.599867
56.554733,5,1344.846884
-13.476791,3,1345.012453
-7.425267,5,1345.188013
57.78954,7,1345.295816
53.212956,8,1345.359993
54.216439,4,1345.531176
45.997369,9,1345.608435
57.967614,5,1345.77109
-13.476791,3,1345.980402
53.196439,4,1346.259931
58.181294,6,1346.330287
-5.900706,6,1346.401144
54.008717,4,1346.576802
-5.900706,6,1346.646374
-7.933846,7,1346.795231
59.099294,6,1346.939568
54.216439,4,1347.119549
57.967614,5,1347.283954
-10.991283,4,1347.531045
57.574733,5,1347.655839
-13.476791,3,1347.754534
-20.543469,9,1347.824139
-7.032386,5,1348.205053
56.342767,7,1348.306333
-13.476791,3,1348.413694
53.212956,8,1348.654269
-14.366424,8,1348.901353
57.574733,5,1349.034078
56.76954,7,1349.1227
52.47599,8,1349.188155
-13.476791,3,1349.360523
54.008717,4,1349.490613
57.574733,5,1349.671913
59.099294,6,1349.756896
57.574733,5,1349.944994
57.181853,5,1350.157053
57.967614,5,1350.297211
-7.21046,7,1350.369414
-13.476791,3,1350.62563
30.870601,11,1350.794786
54.216439,4,1350.933697
37.985359,10,1351.004938
49.585209,3,1351.126583
57.066154,7,1351.293764
56.947614,5,1351.460457
57.574733,5,1351.672679
-10.783561,4,1351.910339
54.216439,4,1352.36692
-11.787044,8,1352.524282
-13.703172,3,1352.585634
-7.21046,7,1352.636659
-7.077886,6,1352.756419
51.523209,3,1353.040824
57.004114,6,1353.148034
45.997369,9,1353.299417
57.967614,5,1353.440313
-8.851846,7,1353.559281
-13.627712,3,1353.769592
-6.489296,6,1354.253403
57.181853,5,1354.412135
-5.900706,6,1354.499934
53.212956,8,1354.601748
-13.476791,3,1354.768122
57.066154,7,1354.88378
-14.394791,3,1354.946071
56.947614,5,1355.143921
59.099294,6,1355.242193
45.997369,9,1355.340692
58.181294,6,1355.443579
57.967614,5,1355.558609
58.510704,6,1355.676337
57.967614,5,1355.787471
-7.032386,5,1356.120727
56.947614,5,1356.333497
53.212956,8,1356.493445
58.510704,6,1356.57279
57.574733,5,1356.755504
37.985359,10,1356.840258
44.977369,9,1356.923482
37.985359,10,1357.090317
51.447749,3,1357.350917
-10.783561,4,1357.670438
52.192956,8,1357.752093
-6.489296,6,1357.852519
-10.783561,4,1357.96986
53.090717,4,1358.102257
56.947614,5,1358.21103
-11.909283,4,1358.308642
-11.787044,8,1358.725577
-10.783561,4,1358.965024
57.967614,5,1359.038635
51.45599,8,1359.147699
56.76954,7,1359.21222
57.78954,7,1359.312553
51.523209,3,1359.631476
59.099294,6,1359.724644
45.997369,9,1359.816333
59.099294,6,1359.95866
58.079294,6,1360.103574
-10.783561,4,1360.415668
54.216439,4,1360.653443
36.965359,10,1360.824867
53.29844,4,1360.991119
59.099294,6,1361.059707
-13.627712,3,1361.114026
57.574733,5,1361.189548
-7.933846,7,1361.31668
-14.470251,3,1361.378325
-8.211028,5,1361.61444
-13.476791,3,1361.693515
-13.552251,3,1361.807858
57.066154,7,1361.888594
58.510704,6,1361.99028
56.947614,5,1362.128711
57.78954,7,1362.202272
57.967614,5,1362.264795
-7.407296,6,1362.332038
52.47599,8,1362.393714
-14.470251,3,1362.478166
-13.552251,3,1362.712719
-13.476791,3,1362.880457
57.78954,7,1362.948537
54.216439,4,1363.135751
54.216439,4,1363.218618
-7.21046,7,1363.572177
59.099294,6,1363.675393
31.111884,11,1363.79466
57.574733,5,1363.997935
-13.627712,3,1364.084891
45.374531,9,1364.202028
-5.900706,6,1364.342808
37.11891,10,1364.516813
-13.476791,3,1364.628353
-38.39648,13,1364.901584
57.967614,5,1365.008936
57.967614,5,1365.07565
54.216439,4,1365.176479
53.212956,8,1365.279626
45.997369,9,1365.376635
57.967614,5,1365.528216
57.574733,5,1365.70095
-37.065015,12,1365.767892
28.274543,12,1366.09606
54.216439,4,1366.270193
57.059294,6,1366.40279
-36.91949,12,1366.47051
36.965359,10,1366.553776
37.552134,10,1366.63796
-11.787044,8,1366.763699
54.008717,4,1366.878673
-13.476791,3,1367.002492
58.510704,6,1367.864738
56.148154,7,1367.998923
-10.991283,4,1368.266123
-13.476791,3,1368.456201
45.997369,9,1368.599664
-10.991283,4,1368.882402
45.374531,9,1368.987847
-11.787044,8,1369.067211
31.111884,11,1369.131781
57.967614,5,1369.23699
58.510704,6,1369.335727
57.066154,7,1369.401567
54.216439,4,1369.579607
-11.787044,8,1369.931746
37.985359,10,1370.034133
57.967614,5,1370.147367
59.099294,6,1370.248093
53.212956,8,1370.357102
54.216439,4,1370.514389
57.78954,7,1370.629038
-14.366424,8,1370.711258
-13.552251,3,1370.796378
59.099294,6,1370.898789
-13.476791,3,1370.972953
-7.032386,5,1371.374722
57.066154,7,1371.444408
58.510704,6,1371.620718
45.997369,9,1371.720176
54.216439,4,1371.86025
43.731693,9,1372.098168
57.78954,7,1372.205083
51.45599,8,1372.305582
53.212956,8,1372.656492
-11.199004,4,1372.769256
58.510704,6,1372.841774
57.78954,7,1373.088327
57.967614,5,1373.320426
57.967614,5,1373.519068
58.510704,6,1373.614176
53.212956,8,1373.75205
57.967614,5,1373.956255
45.374531,9,1374.017335
58.079294,6,1374.156297
-10.783561,4,1374.278068
-13.476791,3,1374.494064
-13.476791,3,1374.575721
37.552134,10,1374.677462
50.633576,8,1374.878032
-13.552251,3,1374.958581
57.967614,5,1375.108193
52.47599,8,1375.181204
57.574733,5,1375.283386
-13.476791,3,1375.441502
44.751693,9,1375.65843
-8.838147,5,1375.723895
57.967614,5,1375.819673
-27.014641,10,1375.957766
51.523209,3,1376.271305
45.997369,9,1376.362232
56.76954,7,1376.436758
-10.783561,4,1376.670847
53.196439,4,1376.819708
-13.476791,3,1376.982559
-7.21046,7,1377.119431
51.523209,3,1377.333745
30.870601,11,1377.519981
37.985359,10,1377.601522
59.099294,6,1377.696893
45.997369,9,1377.788146
-11.787044,8,1377.880629
-10.991283,4,1378.09156
58.510704,6,1378.195302
44.128855,9,1378.37777
-7.21046,7,1378.552541
57.967614,5,1378.61986
-35.650608,11,1378.845972
45.374531,9,1378.940027
54.216439,4,1379.093918
-13.552251,3,1379.192193
31.111884,11,1379.264759
57.78954,7,1379.334101
58.079294,6,1379.407981
56.76954,7,1379.507722
57.574733,5,1379.671246
57.574733,5,1379.836991
53.212956,8,1380.167047
-11.787044,8,1380.224477
-10.783561,4,1380.351136
57.78954,7,1380.455957
59.099294,6,1380.563965
45.997369,9,1380.644523
57.78954,7,1380.744053
53.212956,8,1380.861876
-11.787044,8,1380.945674
57.592704,6,1381.022305
56.76954,7,1381.120818
-8.23046,7,1381.48493
-7.425267,5,1381.706761
-13.552251,3,1381.879573
58.079294,6,1381.955918
58.510704,6,1382.062991
59.099294,6,1382.147193
57.78954,7,1382.315145
57.066154,7,1382.382704
31.111884,11,1382.490174
57.78954,7,1382.567402
45.374531,9,1382.653965
-5.900706,6,1382.793724
51.739025,8,1382.952921
51.523209,3,1383.254933
53.212956,8,1383.366432
-11.787044,8,1383.47268
57.574733,5,1383.562854
59.099294,6,1383.635995
57.78954,7,1383.724789
57.967614,5,1383.82655
53.212956,8,1383.935582
-13.476791,3,1384.009046
57.574733,5,1384.144065
59.099294,6,1384.201172
53.212956,8,1384.285834
57.592704,6,1384.350202
54.008717,4,1384.535814
57.922114,6,1384.721178
56.046154,7,1384.816014
57.78954,7,1385.256983
57.967614,5,1385.444465
57.967614,5,1385.508178
-7.21046,7,1385.561602
53.212956,8,1385.652627
45.997369,9,1385.722679
37.11891,10,1385.902152
-10.783561,4,1386.124063
45.997369,9,1386.380463
-13.476791,3,1386.533924
57.592704,6,1386.59059
57.333524,6,1386.753687
-13.476791,3,1386.834774
-6.489296,6,1386.904371
56.148154,7,1386.964343
37.985359,10,1387.038463
56.592532,5,1387.281832
-10.991283,4,1387.532659
-13.476791,3,1387.741778
-14.496791,3,1387.828392
59.099294,6,1387.920379
-10.783561,4,1388.144782
58.510704,6,1388.208124
56.76954,7,1388.30987
53.212956,8,1388.377319
54.216439,4,1388.536012
-13.552251,3,1388.619824
-11.803561,4,1388.866466
-11.70156,4,1389.097921
-10.991283,4,1389.334071
57.967614,5,1389.451542
57.967614,5,1389.545321
45.997369,9,1389.612456
57.967614,5,1389.780256
57.066154,7,1389.869999
44.354531,9,1389.962589
52.192956,8,1390.037923
57.967614,5,1390.300686
53.196439,4,1390.433845
44.354531,9,1390.504582
-10.783561,4,1390.817298
57.066154,7,1390.882384
44.977369,9,1390.997092
37.552134,10,1391.119806
56.76954,7,1391.239998
57.78954,7,1391.311664
54.008717,4,1391.425778
51.739025,8,1391.511919
-10.991283,4,1391.599273
57.78954,7,1392.112803
54.008717,4,1392.234143
-13.476791,3,1392.5391
57.967614,5,1392.682252
57.78954,7,1393.017165
53.212956,8,1393.082033
57.066154,7,1393.176903
-12.705044,8,1393.266167
-10.783561,4,1393.506276
59.099294,6,1393.610717
52.47599,8,1393.703959
-13.476791,3,1393.868117
-13.552251,3,1394.131183
-11.787044,8,1394.416145
57.574733,5,1394.481219
56.947614,5,1394.587837
57.78954,7,1394.688003
53.212956,8,1394.92516
57.922114,6,1395.022857
45.997369,9,1395.103001
37.552134,10,1395.197081
-11.787044,8,1395.323967
-19.002631,9,1395.399021
57.967614,5,1395.508056
-10.991283,4,1395.719049
57.694704,6,1395.782622
-13.552251,3,1395.850271
37.552134,10,1396.042592
53.212956,8,1396.124908
-10.991283,4,1396.194145
59.099294,6,1396.255683
57.967614,5,1396.479167
45.997369,9,1396.561709
54.216439,4,1396.709096
59.099294,6,1396.78414
-13.476791,3,1397.097362
58.510704,6,1397.214983
56.947614,5,1397.407358
28.274543,12,1397.545969
57.333524,6,1397.749079
57.967614,5,1397.859229
-14.470251,3,1397.933835
37.985359,10,1398.052143
45.374531,9,1398.160466
52.47599,8,1398.266107
59.099294,6,1398.369002
59.099294,6,1398.440048
57.78954,7,1398.681697
-34.732608,11,1398.752835
-39.404833,13,1398.882371
53.090717,4,1398.977526
-10.783561,4,1399.102519
57.78954,7,1399.360109
54.216439,4,1399.472948
59.099294,6,1399.570855
-36.822474,12,1399.701509
57.967614,5,1399.80824
57.78954,7,1399.907907
59.099294,6,1400.007288
28.274543,12,1400.177585
57.78954,7,1400.457997
57.967614,5,1400.649987
50.821025,8,1400.758374
57.967614,5,1400.824854
57.574733,5,1400.99615
-19.002631,9,1401.075047
-13.476791,3,1401.175504
-7.21046,7,1401.273929
-13.476791,3,1401.359356
58.079294,6,1401.438182
53.212956,8,1401.505295
57.967614,5,1401.661582
59.099294,6,1401.734201
-10.991283,4,1401.94662
57.967614,5,1402.159148
-7.933846,7,1402.237972
45.997369,9,1402.324507
52.47599,8,1402.437474
51.523209,3,1402.568235
53.212956,8,1402.641906
-7.425267,5,1402.989386
37.985359,10,1403.105583
54.008717,4,1403.370418
56.342767,7,1403.460035
52.192956,8,1403.608743
-10.783561,4,1403.965125
57.574733,5,1404.067202
54.216439,4,1404.312295
-12.807044,8,1404.433318
45.997369,9,1404.511003
53.090717,4,1404.629655
57.78954,7,1404.740299
54.216439,4,1404.898782
-6.489296,6,1404.969929
55.61938,7,1405.07489
-14.470251,3,1405.176516
59.099294,6,1405.244429
54.216439,4,1405.333905
-19.002631,9,1405.504329
-7.077886,6,1405.616127
57.066154,7,1405.691074
53.196439,4,1405.973945
59.099294,6,1406.074018
-10.991283,4,1406.327703
58.079294,6,1406.434926
-10.991283,4,1406.612832
57.574733,5,1406.709519
54.216439,4,1406.830036
54.216439,4,1407.106883
-10.991283,4,1407.369127
57.967614,5,1407.553107
57.066154,7,1407.700924
56.76954,7,1407.776285
31.111884,11,1408.067313
-7.933846,7,1408.18628
58.079294,6,1408.268323
57.967614,5,1408.372433
-7.21046,7,1408.458878
45.997369,9,1408.572482
54.216439,4,1408.65865
-13.476791,3,1408.873347
58.079294,6,1409.016971
45.997369,9,1409.108361
53.196439,4,1409.357956
45.374531,9,1409.525948
-11.787044,8,1409.679573
54.216439,4,1409.821295
54.216439,4,1410.052178
-11.199004,4,1410.275827
57.78954,7,1410.368726
54.216439,4,1410.544292
-11.787044,8,1410.705193
-5.900706,6,1410.858869
37.985359,10,1410.932116
56.656733,5,1411.150693
37.552134,10,1411.273328
53.212956,8,1411.351681
57.490704,6,1411.46408
59.099294,6,1411.572467
-10.783561,4,1411.696422
54.216439,4,1411.937326
-12.52401,8,1412.290517
57.967614,5,1412.396043
-10.783561,4,1412.516575
59.099294,6,1412.650641
-10.783561,4,1412.773268
-7.425267,5,1413.068473
-8.052386,5,1413.400967
59.099294,6,1413.480696
-10.783561,4,1413.706569
29.850601,11,1413.882829
56.554733,5,1413.986332
51.523209,3,1414.309618
-7.21046,7,1414.362194
51.447749,3,1415.477426
-7.077886,6,1415.671949
-10.991283,4,1415.862897
57.967614,5,1415.963127
54.216439,4,1416.03227
-13.552251,3,1416.117283
54.216439,4,1416.207554
-10.783561,4,1416.442285
59.099294,6,1416.669681
58.079294,6,1416.741775
59.099294,6,1416.838359
45.997369,9,1416.9308
57.592704,6,1417.007071
37.985359,10,1417.241759
52.47599,8,1417.334366
45.997369,9,1417.416932
57.78954,7,1417.516356
58.510704,6,1417.581884
57.574733,5,1417.735268
-11.803561,4,1417.969449
45.997369,9,1418.095564
54.216439,4,1418.190247
53.212956,8,1418.290423
52.47599,8,1418.39713
58.510704,6,1418.472963
-13.552251,3,1418.681057
57.78954,7,1418.787286
53.212956,8,1418.857117
59.099294,6,1419.001419
-7.818147,5,1419.117075
-19.002631,9,1419.249446
-19.002631,9,1419.325508
57.967614,5,1419.435629
-12.52401,8,1419.553174
53.212956,8,1419.656285
57.967614,5,1419.75165
-11.787044,8,1419.923352
59.099294,6,1420.023165
57.574733,5,1420.114301
59.099294,6,1420.262117
57.78954,7,1420.347311
57.967614,5,1420.560294
45.997369,9,1420.644072
59.099294,6,1420.721946
-13.476791,3,1420.894227
-13.476791,3,1421.126638
-13.552251,3,1421.195432
37.552134,10,1421.271459
56.342767,7,1421.386565
-13.476791,3,1421.464457
54.216439,4,1421.65264
-13.627712,3,1421.836742
37.985359,10,1421.914786
44.751693,9,1422.012987
57.78954,7,1422.078821
-13.476791,3,1422.284832
59.099294,6,1422.377469
-12.219004,4,1422.608434
58.510704,6,1422.747827
54.216439,4,1423.022805
54.008717,4,1423.217803
54.216439,4,1423.304506
-13.476791,3,1423.392771
-12.52401,8,1423.46924
57.78954,7,1423.541068
57.574733,5,1423.715341
-12.52401,8,1423.804876
57.78954,7,1423.970649
45.374531,9,1424.119167
-7.21046,7,1424.469321
-20.871145,9,1424.583279
37.985359,10,1424.659555
57.78954,7,1424.740758
56.947614,5,1424.932814
59.099294,6,1425.072273
57.78954,7,1425.177755
-10.783561,4,1425.306945
57.922114,6,1425.404838
54.216439,4,1425.581134
57.574733,5,1425.751218
59.099294,6,1425.997838
54.216439,4,1426.182919
54.216439,4,1426.299494
-10.783561,4,1426.420354
59.099294,6,1426.510594
57.574733,5,1426.614377
-20.022631,9,1426.742895
57.78954,7,1426.851543
57.574733,5,1426.939642
53.196439,4,1427.104803
57.066154,7,1427.194932
57.78954,7,1427.269979
57.967614,5,1427.369736
57.78954,7,1427.463165
56.947614,5,1427.632922
-5.900706,6,1427.76413
-11.787044,8,1427.876331
59.099294,6,1427.969751
57.78954,7,1428.051808
53.212956,8,1428.140466
-13.476791,3,1428.235182
53.212956,8,1428.340722
37.552134,10,1428.412202
59.099294,6,1428.489294
52.47599,8,1428.547286
44.977369,9,1428.622737
44.977369,9,1428.68685
57.181853,5,1428.844742
58.510704,6,1428.922409
57.574733,5,1429.08957
56.656733,5,1429.254339
57.78954,7,1429.322738
-28.530927,10,1429.470115
-11.787044,8,1429.53065
57.78954,7,1429.615853
45.997369,9,1429.724358
53.29844,4,1429.807168
59.099294,6,1429.90341
51.523209,3,1430.269094
45.997369,9,1430.415569
57.574733,5,1430.546861
-12.52401,8,1430.620644
54.216439,4,1430.704163
-13.476791,3,1430.789085
57.967614,5,1430.887672
54.008717,4,1431.023492
-7.21046,7,1431.091954
57.967614,5,1431.180043
57.78954,7,1431.28317
28.274543,12,1431.419811
-6.489296,6,1431.497568
58.510704,6,1431.592223
-6.489296,6,1431.687663
57.066154,7,1431.777275
57.967614,5,1431.919128
-7.21046,7,1431.989373
-13.627712,3,1432.070108
57.78954,7,1432.155735
-13.476791,3,1432.238623
58.510704,6,1432.301301
51.523209,3,1432.591555
57.967614,5,1432.736076
-13.552251,3,1432.895911
-13.476791,3,1433.018712
-8.407468,5,1433.145634
-5.900706,6,1433.240229
52.47599,8,1433.380788
57.78954,7,1433.477334
36.532134,10,1433.567746
57.066154,7,1433.639728
37.985359,10,1433.730849
-13.476791,3,1433.817536
52.47599,8,1433.890348
54.216439,4,1434.067354
-13.997941,8,1434.160057
57.967614,5,1434.394563
51.002059,8,1434.572535
57.78954,7,1434.866827
-14.366424,8,1435.109476
51.739025,8,1435.369189
53.212956,8,1435.476418
-13.476791,3,1435.690392
57.967614,5,1435.788593
54.216439,4,1435.884264
31.111884,11,1436.1676
-10.783561,4,1436.289505
-11.787044,8,1436.438498
-13.476791,3,1436.493292
37.985359,10,1436.574231
37.985359,10,1436.649941
57.78954,7,1436.71678
59.099294,6,1436.780892
-13.476791,3,1437.002023
53.212956,8,1437.108657
-7.032386,5,1437.408784
57.066154,7,1437.486598
54.216439,4,1437.746091
57.78954,7,1437.833048
53.212956,8,1437.896632
-13.552251,3,1437.962882
-13.552251,3,1438.056631
52.192956,8,1438.189234
-11.787044,8,1438.260371
57.967614,5,1438.359034
-13.552251,3,1438.440116
-13.552251,3,1438.510242
59.099294,6,1438.597679
37.985359,10,1438.698807
-13.476791,3,1438.788405
-14.496791,3,1438.982126
-12.807044,8,1439.098752
59.099294,6,1439.186435
59.099294,6,1439.254662
-11.406726,4,1439.351346
-19.002631,9,1439.581653
45.997369,9,1439.642274
54.216439,4,1439.81513
54.216439,4,1440.220029
-11.787044,8,1440.384685
59.099294,6,1440.616547
43.731693,9,1440.702999
-13.476791,3,1440.784708
54.216439,4,1440.959661
-13.476791,3,1441.125281
-8.657233,7,1441.497751
-7.21046,7,1441.557418
59.099294,6,1441.620245
45.997369,9,1441.79468
57.78954,7,1441.899988
-10.991283,4,1441.9677
59.099294,6,1442.103552
58.079294,6,1442.332299
53.212956,8,1442.414519
53.090717,4,1442.569421
51.523209,3,1442.866914
57.78954,7,1442.93907
58.510704,6,1443.046313
53.090717,4,1443.189737
53.212956,8,1443.250101
54.216439,4,1443.343032
-13.552251,3,1443.422443
-7.425267,5,1443.752109
52.47599,8,1443.815066
57.78954,7,1443.963643
-13.552251,3,1444.209208
37.552134,10,1444.317243
59.099294,6,1444.420787
-19.625469,9,1444.531427
-7.032386,5,1444.873543
-12.52401,8,1444.959538
-14.496791,3,1445.040237
57.066154,7,1445.184956
54.216439,4,1445.269698
54.008717,4,1445.362122
59.099294,6,1445.594064
51.523209,3,1445.898398
54.216439,4,1446.061353
58.510704,6,1446.124413
57.967614,5,1446.231456
58.510704,6,1446.376706
-13.476791,3,1446.470387
53.212956,8,1446.539879
57.78954,7,1446.636685
-13.476791,3,1446.736063
57.78954,7,1446.870705
59.099294,6,1446.949758
-13.552251,3,1447.037757
37.552134,10,1447.148028
-13.552251,3,1447.315542
57.967614,5,1447.489114
53.212956,8,1447.552269
-11.787044,8,1447.622919
58.079294,6,1447.727636
-5.900706,6,1447.830455
59.099294,6,1447.90783
-13.552251,3,1447.983038
-19.002631,9,1448.234742
57.967614,5,1448.298308
-19.002631,9,1448.35434
53.212956,8,1448.41535
-14.496791,3,1448.495069
59.099294,6,1448.600927
57.967614,5,1448.707127
-7.21046,7,1448.819501
-13.552251,3,1448.909884
51.523209,3,1449.220814
-12.52401,8,1449.32338
56.947614,5,1449.428362
57.78954,7,1449.522545
-10.783561,4,1449.752536
59.099294,6,1449.861073
53.212956,8,1449.943184
57.967614,5,1450.007807
-7.032386,5,1450.299861
-13.476791,3,1450.404867
-13.476791,3,1450.601101
59.099294,6,1450.658681
57.78954,7,1450.740937
57.967614,5,1450.971538
57.574733,5,1451.126223
-10.991283,4,1451.198444
57.967614,5,1451.299232
57.78954,7,1451.36536
58.079294,6,1451.430971
54.008717,4,1451.596744
-13.476791,3,1451.679199
-7.032386,5,1451.99818
59.099294,6,1452.082646
56.947614,5,1452.175411
58.510704,6,1452.243333
58.510704,6,1452.340545
45.374531,9,1452.484526
37.985359,10,1452.553258
-8.343267,5,1452.830613
56.342767,7,1452.98489
-19.002631,9,1453.120969
-11.787044,8,1453.208847
-22.202564,9,1453.326719
44.128855,9,1453.515416
59.099294,6,1453.605556
52.47599,8,1453.685595
57.181853,5,1453.865465
51.523209,3,1454.142607
-13.476791,3,1454.213001
45.997369,9,1454.31171
59.099294,6,1454.448038
45.374531,9,1454.542425
-10.783561,4,1454.768118
53.196439,4,1454.907593
-19.002631,9,1455.051438
-7.032386,5,1455.378513
-5.900706,6,1455.449823
59.099294,6,1455.555509
-19.002631,9,1455.898621
57.574733,5,1456.081056
-34.611966,11,1456.160135
37.11891,10,1456.428756
57.066154,7,1456.529322
-7.21046,7,1456.706985
-13.476791,3,1456.858458
54.216439,4,1456.951238
57.066154,7,1457.011841
-13.552251,3,1457.123295
59.099294,6,1457.256517
57.574733,5,1457.462331
57.967614,5,1457.565566
58.510704,6,1457.659584
45.997369,9,1457.732936
-28.314315,10,1457.851281
57.78954,7,1457.909318
37.985359,10,1457.991959
59.099294,6,1458.125267
-34.732608,11,1458.204902
44.456531,9,1458.297586
58.079294,6,1458.361318
-7.960771,6,1458.563383
58.510704,6,1459.583281
54.216439,4,1459.898845
57.574733,5,1460.066398
57.574733,5,1460.166044
57.066154,7,1460.249372
54.216439,4,1460.332019
59.099294,6,1460.435693
51.523209,3,1460.522673
-7.21046,7,1460.623914
57.967614,5,1460.733149
57.78954,7,1460.864448
57.967614,5,1460.966345
-7.032386,5,1461.292028
-10.783561,4,1461.517201
37.985359,10,1461.596454
51.002059,8,1461.73776
52.47599,8,1461.834808
59.099294,6,1461.90354
57.78954,7,1462.009745
57.574733,5,1462.095632
53.212956,8,1462.19892
54.008717,4,1462.430387
37.552134,10,1462.535
56.76954,7,1462.603109
58.510704,6,1462.669972
57.78954,7,1462.775868
58.079294,6,1462.908922
-7.933846,7,1463.050189
51.739025,8,1463.119389
50.529749,3,1463.364493
57.574733,5,1463.533721
53.212956,8,1463.614776
57.922114,6,1463.774659
59.099294,6,1463.843867
-10.783561,4,1463.957173
51.739025,8,1464.093384
57.574733,5,1464.174763
58.510704,6,1464.247657
53.212956,8,1464.317452
-13.627712,3,1464.376939
57.967614,5,1464.483947
57.78954,7,1464.588365
54.216439,4,1464.742446
-11.406726,4,1464.802023
-5.900706,6,1464.869719
57.78954,7,1464.967733
-7.933846,7,1465.044583
59.099294,6,1465.121295
59.099294,6,1465.212806
59.099294,6,1465.317877
58.510704,6,1465.467786
52.192956,8,1465.532483
45.374531,9,1465.599391
53.212956,8,1465.683269
52.47599,8,1465.755537
59.099294,6,1465.830855
57.967614,5,1465.939443
53.212956,8,1466.004929
57.967614,5,1466.12294
57.967614,5,1466.212302
-13.552251,3,1466.277015
57.967614,5,1466.4433
52.47599,8,1466.543523
-13.476791,3,1466.703582
-7.425267,5,1466.820801
56.947614,5,1466.941242
57.574733,5,1467.149331
53.212956,8,1467.24804
31.111884,11,1467.352268
57.967614,5,1467.4619
-13.552251,3,1467.560834
52.47599,8,1467.632432
-7.933846,7,1467.753413
56.76954,7,1467.85302
53.196439,4,1468.123631
53.212956,8,1468.222953
-13.476791,3,1468.384636
57.574733,5,1468.558416
57.78954,7,1468.622105
-11.787044,8,1468.703176
57.967614,5,1468.847185
59.099294,6,1468.950516
59.099294,6,1469.055036
52.47599,8,1469.137584
37.552134,10,1469.20236
45.997369,9,1469.298012
45.997369,9,1469.367222
-11.787044,8,1469.500286
-28.530927,10,1469.590577
53.212956,8,1469.689234
59.099294,6,1469.779005
57.066154,7,1469.83772
37.985359,10,1469.911224
-13.476791,3,1469.98327
57.78954,7,1470.078019
52.47599,8,1470.175041
-11.787044,8,1470.270512
-7.032386,5,1470.561945
-7.032386,5,1470.888328
57.967614,5,1471.025354
-7.21046,7,1471.312648
-13.476791,3,1471.472293
57.066154,7,1471.550502
57.967614,5,1471.624608
57.574733,5,1471.73576
-11.787044,8,1471.786553
-13.476791,3,1471.997961
57.78954,7,1472.082113
-10.991283,4,1472.317736
37.985359,10,1472.435663
-7.818147,5,1472.511452
-10.991283,4,1472.763593
-13.552251,3,1472.880305
56.947614,5,1472.980586
54.216439,4,1473.122013
-8.851846,7,1473.190623
57.066154,7,1473.286865
-13.627712,3,1473.348476
59.099294,6,1473.432103
52.192956,8,1473.533205
-11.787044,8,1473.734632
51.739025,8,1473.840996
31.111884,11,1473.946959
59.099294,6,1474.044838
54.008717,4,1474.280295
53.212956,8,1474.359053
-12.52401,8,1474.455953
-10.783561,4,1474.580865
54.216439,4,1474.824799
57.574733,5,1475.023181
54.008717,4,1475.198673
58.510704,6,1475.297328
-7.425267,5,1475.624654
57.574733,5,1475.773864
-10.991283,4,1475.887682
45.997369,9,1475.968843
53.212956,8,1476.039574
53.212956,8,1476.195113
59.099294,6,1476.302675
57.967614,5,1476.384009
-7.818147,5,1476.61132
57.066154,7,1476.671978
-13.552251,3,1476.737735
57.967614,5,1476.836232
57.574733,5,1476.986765
57.78954,7,1477.223888
54.008717,4,1477.453241
58.510704,6,1477.541157
59.099294,6,1477.605377
57.922114,6,1477.872507
57.78954,7,1477.974761
57.78954,7,1478.054639
59.099294,6,1478.155773
-7.032386,5,1478.455933
57.574733,5,1478.626688
59.099294,6,1478.729343
56.342767,7,1478.805979
54.008717,4,1478.901005
59.099294,6,1478.97122
57.967614,5,1479.11493
53.196439,4,1479.286517
57.574733,5,1479.369453
58.510704,6,1479.46593
51.523209,3,1479.735927
45.997369,9,1479.837729
54.008717,4,1480.027993
-12.807044,8,1480.111269
-11.787044,8,1480.198463
45.997369,9,1480.290742
57.967614,5,1480.49204
57.78954,7,1480.57619
54.216439,4,1480.711211
-13.552251,3,1480.795851
57.967614,5,1480.898317
57.78954,7,1480.983922
56.76954,7,1481.04316
58.510704,6,1481.115095
-13.476791,3,1481.272744
53.212956,8,1481.3484
59.099294,6,1481.457419
57.78954,7,1481.531853
57.967614,5,1481.674713
54.216439,4,1481.822344
54.216439,4,1481.96015
-5.900706,6,1482.012142
54.216439,4,1482.17801
52.47599,8,1482.248663
57.967614,5,1482.333512
59.099294,6,1482.429749
58.079294,6,1482.499111
-13.552251,3,1482.574686
57.78954,7,1482.66822
57.78954,7,1482.768264
-20.871145,9,1482.887142
57.78954,7,1483.01737
53.090717,4,1483.183619
53.212956,8,1483.652815
56.947614,5,1483.881316
57.78954,7,1483.941888
57.181853,5,1484.175288
36.965359,10,1484.27536
57.967614,5,1484.341976
52.192956,8,1484.443336
58.510704,6,1484.560056
57.066154,7,1484.646417
-13.476791,3,1484.716235
59.099294,6,1484.794986
54.216439,4,1484.933227
59.099294,6,1485.026186
56.947614,5,1485.128975
57.967614,5,1485.35322
-13.476791,3,1485.45114
-11.787044,8,1485.550031
45.374531,9,1485.616854
45.997369,9,1485.784042
59.099294,6,1485.894967
57.78954,7,1485.998709
57.066154,7,1486.085241
-7.21046,7,1486.17978
-13.476791,3,1486.443804
54.216439,4,1486.602159
59.099294,6,1486.675018
59.099294,6,1486.768943
51.447749,3,1487.026073
-13.552251,3,1487.187722
54.008717,4,1487.276252
57.066154,7,1487.363974
56.947614,5,1487.511043
-10.991283,4,1487.731348
53.212956,8,1487.810039
53.196439,4,1488.071261
37.985359,10,1488.188533
52.47599,8,1488.342787
57.78954,7,1488.427774
-10.783561,4,1488.548199
44.128855,9,1488.71373
56.342767,7,1488.827697
-11.909283,4,1488.915945
53.29844,4,1489.028962
54.216439,4,1489.311485
-11.803561,4,1489.610857
53.196439,4,1489.693212
45.374531,9,1489.790886
54.008717,4,1490.029244
-5.900706,6,1490.1039
57.967614,5,1490.20823
-10.991283,4,1490.446267
54.216439,4,1490.703268
57.967614,5,1490.864755
45.997369,9,1490.94982
-12.52401,8,1491.01161
57.78954,7,1491.35636
53.212956,8,1491.705036
57.967614,5,1491.892692
53.212956,8,1491.991341
45.997369,9,1492.077986
59.099294,6,1492.176545
57.78954,7,1492.266134
59.099294,6,1492.322792
58.510704,6,1492.489302
-13.476791,3,1492.561538
58.510704,6,1492.746791
59.099294,6,1492.828869
57.78954,7,1492.910773
57.967614,5,1493.095095
-11.199004,4,1493.328628
51.523209,3,1493.438404
-8.851846,7,1493.538752
59.099294,6,1493.657153
57.181853,5,1493.786313
57.967614,5,1493.934824
53.212956,8,1494.028871
57.967614,5,1494.252706
58.079294,6,1494.436754
52.47599,8,1494.538784
56.76954,7,1494.63424
58.510704,6,1494.723328
-5.900706,6,1494.794291
-13.552251,3,1494.864168
-13.476791,3,1495.166883
37.11891,10,1495.266619
37.552134,10,1495.372475
54.008717,4,1495.490804
52.47599,8,1495.555679
31.111884,11,1495.631547
58.510704,6,1495.69866
53.212956,8,1495.785125
53.212956,8,1495.85844
54.216439,4,1496.001665
-7.21046,7,1496.099907
51.523209,3,1496.403893
56.76954,7,1496.472987
31.111884,11,1496.572829
-10.783561,4,1496.692178
-7.21046,7,1496.775157
57.78954,7,1496.847053
-12.807044,8,1496.931797
45.997369,9,1497.009251
37.985359,10,1497.096956
57.967614,5,1497.236933
54.008717,4,1497.346709
53.212956,8,1497.415279
54.216439,4,1497.509788
54.216439,4,1497.648393
58.510704,6,1497.752222
59.099294,6,1497.839898
-7.666476,6,1498.05864
45.997369,9,1498.128455
-19.002631,9,1498.239954
-19.002631,9,1498.371933
59.099294,6,1498.470208
-11.787044,8,1498.534985
-12.52401,8,1498.610661
-13.552251,3,1498.683765
-19.625469,9,1498.812095
57.967614,5,1498.98605
57.967614,5,1499.089273
45.374531,9,1499.20612
51.739025,8,1499.390877
59.099294,6,1499.453809
54.216439,4,1499.648592
45.997369,9,1499.736103
57.78954,7,1500.10047
-11.787044,8,1500.17253
57.78954,7,1500.27823
-19.002631,9,1500.616501
57.574733,5,1500.713913
57.574733,5,1500.920861
37.985359,10,1501.008347
-13.703172,3,1501.064085
58.510704,6,1501.180552
-13.476791,3,1501.392489
54.216439,4,1501.619053
57.574733,5,1501.712122
57.78954,7,1502.655283
45.997369,9,1502.79807
44.977369,9,1502.865143
54.008717,4,1503.103692
57.78954,7,1503.261498
57.78954,7,1503.364288
57.78954,7,1503.470295
59.099294,6,1503.715134
59.099294,6,1503.854936
54.008717,4,1504.053719
59.099294,6,1504.193745
45.374531,9,1504.30609
59.099294,6,1504.406437
37.552134,10,1504.561564
-10.991283,4,1504.743307
54.216439,4,1504.808363
-5.900706,6,1504.963864
53.196439,4,1505.226852
59.099294,6,1505.300146
59.099294,6,1505.387888
57.967614,5,1505.465281
54.008717,4,1505.593624
57.967614,5,1505.795934
54.216439,4,1505.939668
45.374531,9,1506.043435
57.967614,5,1506.193342
-11.787044,8,1506.34541
37.985359,10,1506.453935
53.212956,8,1506.528246
54.008717,4,1506.642344
57.967614,5,1506.751436
-13.552251,3,1506.82952
-7.21046,7,1506.943749
53.212956,8,1507.027858
51.002059,8,1507.129866
54.008717,4,1507.241172
52.47599,8,1507.32884
-13.476791,3,1507.489033
51.523209,3,1507.598933
57.78954,7,1507.667021
54.008717,4,1507.829296
-6.489296,6,1507.900293
-11.787044,8,1507.953852
-13.476791,3,1508.173909
57.574733,5,1508.270842
-7.21046,7,1508.371482
57.78954,7,1508.459848
54.216439,4,1508.610763
58.510704,6,1508.701131
-13.476791,3,1508.788455
-7.21046,7,1508.855093
-11.909283,4,1508.947995
57.066154,7,1509.033928
57.967614,5,1509.105753
-13.552251,3,1509.18228
-13.552251,3,1509.271701
53.212956,8,1509.369474
57.066154,7,1509.459127
54.216439,4,1509.54837
58.510704,6,1509.643369
59.099294,6,1509.748192
57.967614,5,1509.839246
58.510704,6,1509.95248
54.216439,4,1510.079401
-7.21046,7,1510.207759
57.066154,7,1510.309361
59.099294,6,1510.423085
45.997369,9,1510.661702
-7.933846,7,1510.732276
57.967614,5,1510.803954
57.967614,5,1510.963949
59.099294,6,1511.064389
53.212956,8,1511.399879
57.967614,5,1511.502257
59.099294,6,1511.640126
-13.552251,3,1511.742918
59.099294,6,1511.826323
57.78954,7,1511.925771
57.574733,5,1512.074393
59.099294,6,1512.148392
54.216439,4,1512.311949
-5.900706,6,1512.611231
37.552134,10,1512.712495
59.099294,6,1512.793298
57.78954,7,1512.902599
52.192956,8,1512.968772
51.55799,8,1513.064024
-7.933846,7,1513.178048
58.510704,6,1513.243724
-10.991283,4,1513.357391
57.574733,5,1513.423142
57.967614,5,1513.595029
-5.900706,6,1513.911258
58.510704,6,1513.975618
58.510704,6,1514.126341
45.997369,9,1514.223104
57.574733,5,1514.318416
58.510704,6,1514.470323
57.592704,6,1514.560089
-13.476791,3,1514.737462
-10.783561,4,1514.962908
57.78954,7,1515.118659
58.510704,6,1515.183776
57.78954,7,1515.252645
57.490704,6,1515.333221
58.079294,6,1515.43597
54.008717,4,1515.543193
-13.552251,3,1515.62108
57.922114,6,1515.81856
54.216439,4,1515.93191
-11.199004,4,1516.000234
-7.509296,6,1516.075725
37.985359,10,1516.162133
57.78954,7,1516.302447
53.212956,8,1516.393214
44.751693,9,1516.463585
54.008717,4,1516.578941
54.216439,4,1516.740461
57.066154,7,1516.834494
58.510704,6,1517.003311
59.099294,6,1517.092679
53.212956,8,1517.168629
57.181853,5,1517.34343
-11.787044,8,1517.499068
-12.52401,8,1517.635311
54.216439,4,1517.800421
57.78954,7,1517.93889
57.967614,5,1518.082619
54.216439,4,1518.260577
57.78954,7,1518.339056
58.510704,6,1518.416893
-13.627712,3,1518.61251
59.099294,6,1518.67791
36.736134,10,1518.769623
51.523209,3,1519.072147
-7.425267,5,1519.527311
57.78954,7,1519.615393
58.510704,6,1519.712213
-13.476791,3,1519.794343
57.967614,5,1519.892182
58.079294,6,1519.993046
57.967614,5,1520.101755
57.78954,7,1520.18637
58.079294,6,1520.245575
57.333524,6,1520.377192
51.523209,3,1520.49883
59.099294,6,1520.567293
53.212956,8,1520.807677
-5.900706,6,1520.906328
-13.476791,3,1520.998763
52.47599,8,1521.090537
45.997369,9,1521.191369
-11.787044,8,1521.295532
52.47599,8,1521.371016
59.099294,6,1521.469386
51.523209,3,1521.595865
53.212956,8,1521.699765
57.967614,5,1521.878373
53.212956,8,1521.945227
54.008717,4,1522.191664
57.967614,5,1522.27074
-7.425267,5,1522.600927
-13.476791,3,1522.683731
52.47599,8,1522.757156
-7.032386,5,1523.050421
-7.933846,7,1523.172152
57.78954,7,1523.253517
45.997369,9,1523.3473
53.212956,8,1523.470614
-10.991283,4,1523.708519
-13.552251,3,1523.776537
53.212956,8,1523.87845
58.510704,6,1523.943565
57.78954,7,1524.047405
57.967614,5,1524.156234
-10.991283,4,1524.410625
59.099294,6,1524.532968
57.922114,6,1524.699566
-10.40062,7,1524.816637
57.78954,7,1524.894294
54.008717,4,1525.072361
59.099294,6,1525.171067
-13.552251,3,1525.241303
59.099294,6,1525.482177
57.574733,5,1525.662867
57.066154,7,1525.798722
59.099294,6,1525.870457
57.967614,5,1525.959759
57.78954,7,1526.043484
-5.900706,6,1526.255172
57.78954,7,1526.327341
-10.991283,4,1526.567991
-13.552251,3,1526.675689
57.78954,7,1526.784085
-11.787044,8,1526.845805
-10.991283,4,1527.057277
57.78954,7,1527.133623
57.967614,5,1527.249432
-13.476791,3,1527.321807
59.099294,6,1527.400766
59.099294,6,1527.482131
53.212956,8,1527.589811
45.374531,9,1527.682642
57.78954,7,1527.783469
57.967614,5,1527.8956
56.342767,7,1527.993217
57.967614,5,1528.108552
-7.21046,7,1528.268811
58.181294,6,1528.335497
53.212956,8,1528.45891
59.099294,6,1528.537486
58.510704,6,1528.62318
54.008717,4,1528.822973
52.192956,8,1528.887195
-11.199004,4,1528.972381
54.008717,4,1529.092545
57.967614,5,1529.192009
57.78954,7,1529.285547
57.78954,7,1529.361172
57.066154,7,1529.530085
57.78954,7,1529.673205
-15.388251,3,1529.775474
57.066154,7,1529.856818
57.78954,7,1530.153908
-13.476791,3,1530.389277
-8.23046,7,1530.786674
53.212956,8,1530.890842
-13.552251,3,1530.975492
-11.199004,4,1531.0437
53.212956,8,1531.149561
57.967614,5,1531.223717
59.099294,6,1531.338632
51.523209,3,1531.592222
57.78954,7,1531.705804
-10.991283,4,1531.967532
57.967614,5,1532.177361
57.78954,7,1532.270072
-11.787044,8,1532.343068
53.196439,4,1532.487833
-10.783561,4,1532.841449
57.574733,5,1532.972787
52.47599,8,1533.067114
54.216439,4,1533.134264
-13.476791,3,1533.302502
54.216439,4,1533.583118
-11.787044,8,1533.712639
57.066154,7,1533.810002
58.510704,6,1533.88299
57.574733,5,1534.000439
57.574733,5,1534.163623
-7.933846,7,1534.44861
-8.097886,6,1534.749706
57.967614,5,1534.945432
58.510704,6,1535.04731
57.967614,5,1535.22296
59.099294,6,1535.333544
56.342767,7,1535.426689
53.212956,8,1535.51559
59.099294,6,1535.579188
51.523209,3,1535.871008
54.216439,4,1535.96092
54.216439,4,1536.104586
57.066154,7,1536.177833
-9.38062,7,1536.299657
-13.552251,3,1536.369185
53.212956,8,1536.457027
57.967614,5,1536.682153
57.967614,5,1536.891491
-7.21046,7,1536.950387
56.947614,5,1537.099535
54.008717,4,1537.263255
59.099294,6,1537.539926
59.099294,6,1537.695727
-11.803561,4,1538.034368
-13.476791,3,1538.358541
-7.21046,7,1538.440711
54.216439,4,1538.587315
59.099294,6,1538.660034
-11.787044,8,1538.85443
-13.476791,3,1539.162565
57.574733,5,1539.364539
-6.489296,6,1539.435704
57.78954,7,1539.95534
59.099294,6,1540.071593
53.212956,8,1540.41623
-19.002631,9,1540.546347
54.216439,4,1540.68543
57.78954,7,1540.773376
54.216439,4,1540.963435
-11.406726,4,1541.156788
57.574733,5,1541.328436
54.008717,4,1541.527087
57.066154,7,1541.599991
-10.991283,4,1541.718825
59.099294,6,1541.804207
57.574733,5,1541.940051
57.490704,6,1542.017694
45.997369,9,1542.086608
57.78954,7,1542.183919
52.47599,8,1542.261715
45.997369,9,1542.365649
57.574733,5,1542.482431
57.066154,7,1542.581135
59.099294,6,1542.689691
57.78954,7,1543.109712
57.78954,7,1543.555368
45.997369,9,1543.825404
57.922114,6,1544.035533
57.574733,5,1544.184711
57.78954,7,1544.290258
57.78954,7,1544.378035
54.008717,4,1544.493395
57.574733,5,1544.575872
57.78954,7,1544.644124
57.066154,7,1544.715999
-12.52401,8,1544.831684
53.212956,8,1544.921697
57.967614,5,1545.045507
57.967614,5,1545.160745
57.78954,7,1545.430005
57.78954,7,1545.531302
53.212956,8,1545.619081
-10.783561,4,1545.745802
-13.476791,3,1545.865527
58.510704,6,1545.948824
57.066154,7,1546.063156
-13.552251,3,1546.153728
58.510704,6,1546.236768
54.216439,4,1546.415865
57.922114,6,1546.605381
53.212956,8,1546.921014
57.967614,5,1547.118319
59.099294,6,1547.185664
-10.783561,4,1547.409461
57.967614,5,1547.558662
-13.476791,3,1547.695968
57.967614,5,1547.88457
45.079369,9,1548.126659
-8.736147,5,1548.195575
-7.077886,6,1548.316118
57.066154,7,1548.457641
57.922114,6,1548.556242
57.066154,7,1548.655447
-10.991283,4,1548.766303
-7.933846,7,1548.835857
59.099294,6,1548.915388
53.212956,8,1548.987633
-8.211028,5,1549.058743
-8.851846,7,1550.014557
53.212956,8,1550.110818
-14.496791,3,1550.302942
57.967614,5,1550.454502
59.099294,6,1550.518284
57.967614,5,1550.623
54.008717,4,1550.759219
57.574733,5,1550.899328
-11.787044,8,1550.972091
53.212956,8,1551.210004
-13.476791,3,1551.42425
54.216439,4,1551.69166
51.739025,8,1551.867645
57.967614,5,1551.980227
57.78954,7,1552.093452
55.61938,7,1552.243089
-13.552251,3,1552.341442
-13.476791,3,1552.562159
-7.21046,7,1552.720722
-7.666476,6,1552.913803
57.78954,7,1553.01456
59.099294,6,1553.114292
53.212956,8,1553.451352
-10.783561,4,1553.685259
57.967614,5,1553.9255
-5.900706,6,1554.121322
52.47599,8,1554.214434
59.099294,6,1554.284318
52.47599,8,1554.371573
57.78954,7,1554.470727
-13.627712,3,1554.530823
57.967614,5,1554.634742
57.967614,5,1554.715541
59.099294,6,1554.853782
57.967614,5,1555.005503
59.099294,6,1555.147245
57.066154,7,1555.238883
57.967614,5,1555.443628
58.510704,6,1555.524518
57.066154,7,1555.58725
59.099294,6,1555.654711
-13.552251,3,1555.723809
57.066154,7,1555.837048
57.967614,5,1555.990682
57.967614,5,1556.153013
-10.991283,4,1556.388939
45.997369,9,1556.473529
59.099294,6,1556.574827
54.216439,4,1556.707846
59.099294,6,1556.851773
53.212956,8,1556.950633
54.216439,4,1557.046132
59.099294,6,1557.123403
57.967614,5,1557.225514
-13.476791,3,1557.385674
57.967614,5,1557.53242
59.099294,6,1557.617363
57.922114,6,1557.806842
57.574733,5,1557.938411
58.510704,6,1558.040852
58.510704,6,1558.115541
57.967614,5,1558.245458
58.079294,6,1558.341796
57.78954,7,1558.442958
58.510704,6,1558.531803
-13.476791,3,1558.659126
57.967614,5,1558.806931
57.78954,7,1558.878629
57.967614,5,1559.110345
58.510704,6,1559.258006
59.099294,6,1559.357069
-7.032386,5,1559.649347
-11.199004,4,1559.730975
59.099294,6,1559.869854
57.066154,7,1559.94861
56.947614,5,1560.029069
54.216439,4,1560.211624
-7.077886,6,1560.347783
51.739025,8,1560.427908
-7.818147,5,1560.544539
53.212956,8,1560.641002
59.099294,6,1560.751908
-7.032386,5,1561.083587
-13.476791,3,1561.314446
-5.900706,6,1561.446486
52.47599,8,1561.551403
57.066154,7,1561.633226
54.008717,4,1561.943796
59.099294,6,1562.021949
-12.52401,8,1562.183904
57.78954,7,1562.257276
59.099294,6,1562.323309
-11.787044,8,1562.631285
-14.366424,8,1562.867187
57.78954,7,1562.936333
54.216439,4,1563.103997
54.216439,4,1563.368715
57.967614,5,1563.555553
57.066154,7,1563.62414
57.78954,7,1563.737115
59.099294,6,1563.835951
53.212956,8,1563.920844
54.216439,4,1564.01206
58.510704,6,1564.091149
52.192956,8,1564.204406
-21.182564,9,1564.340095
-7.933846,7,1564.485161
58.510704,6,1564.570786
-10.991283,4,1564.803377
57.78954,7,1564.869575
-19.002631,9,1565.063338
59.099294,6,1565.146978
-5.900706,6,1565.487077
-7.21046,7,1565.614698
57.967614,5,1565.712306
59.099294,6,1565.785963
57.967614,5,1565.91507
59.099294,6,1566.020195
59.099294,6,1566.25651
59.099294,6,1566.31632
57.78954,7,1566.383497
-7.032386,5,1566.673909
57.967614,5,1566.767004
-11.787044,8,1566.844122
58.510704,6,1566.912269
51.523209,3,1567.213206
45.997369,9,1567.369535
-13.997941,8,1567.464302
57.78954,7,1567.56457
59.099294,6,1567.665778
57.78954,7,1567.760373
45.997369,9,1567.848722
59.099294,6,1567.98849
59.099294,6,1568.093791
59.099294,6,1568.157355
59.099294,6,1568.249986
-10.783561,4,1568.5837
-20.248307,9,1568.686354
57.967614,5,1568.890075
-10.783561,4,1569.18501
58.510704,6,1569.284236
-10.783561,4,1569.401875
-10.783561,4,1569.522568
59.099294,6,1569.755785
-13.552251,3,1569.8307
57.967614,5,1569.926635
57.574733,5,1570.123334
54.008717,4,1570.328583
59.099294,6,1570.4334
-7.21046,7,1570.595223
57.066154,7,1570.691971
57.574733,5,1570.863086
58.510704,6,1570.939574
-13.552251,3,1571.023926
54.008717,4,1571.263717
56.554733,5,1571.477395
45.997369,9,1571.569011
57.967614,5,1571.720417
-11.787044,8,1572.017727
54.216439,4,1572.207206
-13.552251,3,1572.304236
-10.783561,4,1572.438605
57.78954,7,1572.528482
44.751693,9,1572.65418
58.510704,6,1572.727362
-11.787044,8,1572.841543
57.066154,7,1573.054729
59.099294,6,1573.310301
-10.991283,4,1573.551496
57.574733,5,1573.633645
-13.476791,3,1573.76322
51.002059,8,1574.062187
-13.476791,3,1574.225852
54.216439,4,1574.403783
-13.476791,3,1574.561512
57.967614,5,1574.658245
56.87154,7,1574.728449
57.574733,5,1574.854217
58.510704,6,1574.949343
59.099294,6,1575.091712
57.78954,7,1575.165294
59.099294,6,1575.271955
57.066154,7,1575.37527
-7.21046,7,1575.543244
58.510704,6,1575.614351
57.78954,7,1575.751969
59.099294,6,1575.853608
53.212956,8,1575.952516
52.47599,8,1576.0306
54.216439,4,1576.182789
45.997369,9,1576.291522
57.967614,5,1576.40444
-7.21046,7,1576.481549
59.099294,6,1576.586232
58.510704,6,1576.684819
56.87154,7,1576.762949
53.212956,8,1577.109595
58.510704,6,1577.210022
57.967614,5,1577.360708
-13.552251,3,1577.430268
58.079294,6,1577.57093
58.510704,6,1577.637984
-7.960771,6,1577.765874
-13.476791,3,1577.843619
57.066154,7,1577.916713
59.099294,6,1577.999799
57.066154,7,1578.161587
53.212956,8,1578.25679
-13.476791,3,1578.34088
53.212956,8,1578.449205
54.008717,4,1578.623728
59.099294,6,1578.692405
-13.552251,3,1578.800873
-10.783561,4,1579.033457
57.78954,7,1579.147135
59.099294,6,1579.412234
-11.787044,8,1579.518954
57.967614,5,1579.636948
56.342767,7,1579.744859
-11.787044,8,1580.046797
56.902114,6,1580.231376
54.216439,4,1580.31871
-10.783561,4,1580.560222
-10.783561,4,1580.696142
59.099294,6,1580.802359
59.099294,6,1580.911
53.212956,8,1580.981306
-10.783561,4,1581.110658
57.574733,5,1581.187731
58.510704,6,1581.376372
57.78954,7,1581.494343
59.099294,6,1581.613055
59.099294,6,1581.731178
45.374531,9,1581.823059
53.212956,8,1581.912568
57.574733,5,1582.0559
57.066154,7,1582.137655
53.212956,8,1582.421484
57.574733,5,1582.52371
57.922114,6,1582.720382
57.967614,5,1582.847961
54.216439,4,1583.016569
57.78954,7,1583.114778
-13.476791,3,1583.456387
54.008717,4,1583.58006
53.212956,8,1583.677308
57.78954,7,1583.780491
54.008717,4,1583.938303
-10.783561,4,1584.172982
54.216439,4,1584.454642
-11.787044,8,1584.679124
59.099294,6,1584.843978
50.605209,3,1585.074503
59.099294,6,1585.226047
57.574733,5,1585.413255
54.216439,4,1585.570179
53.212956,8,1585.834418
57.066154,7,1585.944448
56.342767,7,1586.054929
45.997369,9,1586.184568
59.099294,6,1586.258883
57.967614,5,1586.402791
-13.476791,3,1586.508367
57.049614,5,1586.634314
-19.002631,9,1586.999326
53.212956,8,1587.092479
54.008717,4,1587.434378
-10.991283,4,1587.703679
57.574733,5,1587.883285
57.066154,7,1587.956874
57.574733,5,1588.159191
37.985359,10,1588.244964
56.947614,5,1588.361265
59.099294,6,1588.447404
53.212956,8,1588.542983
59.099294,6,1588.652674
58.510704,6,1588.73879
56.656733,5,1588.818165
56.342767,7,1588.961037
57.066154,7,1589.033123
59.099294,6,1589.174487
58.510704,6,1589.275228
52.192956,8,1589.783326
59.099294,6,1589.901972
54.008717,4,1590.051615
57.967614,5,1590.218427
59.099294,6,1590.295903
53.212956,8,1590.40877
53.212956,8,1590.477979
59.099294,6,1590.581715
51.523209,3,1590.902951
59.099294,6,1591.165964
57.967614,5,1591.291444
53.212956,8,1591.833333
-5.900706,6,1591.902105
53.212956,8,1592.272399
-10.991283,4,1592.495968
59.099294,6,1592.610294
57.574733,5,1592.7061
53.212956,8,1593.039704
57.574733,5,1593.233546
-10.991283,4,1593.474778
-7.032386,5,1593.797855
57.922114,6,1593.904473
-13.552251,3,1593.979056
58.510704,6,1594.120768
57.967614,5,1594.287469
-7.032386,5,1594.697047
57.967614,5,1594.923943
-10.783561,4,1595.068952
57.967614,5,1595.262297
57.78954,7,1595.336904
57.967614,5,1595.42831
-7.21046,7,1595.767385
57.574733,5,1595.868648
57.78954,7,1595.959075
56.76954,7,1596.050603
57.967614,5,1596.168596
57.967614,5,1596.440925
57.78954,7,1596.529405
53.212956,8,1596.637255
51.523209,3,1596.946304
53.212956,8,1597.053937
-8.211028,5,1597.167197
-5.900706,6,1597.257586
53.212956,8,1597.34649
-7.21046,7,1597.468101
59.099294,6,1597.56923
59.099294,6,1597.649515
-9.38062,7,1597.776367
57.967614,5,1597.961133
54.216439,4,1598.225222
57.78954,7,1598.464371
57.066154,7,1598.556399
-10.783561,4,1598.686136
57.066154,7,1598.768462
-13.476791,3,1598.969921
45.997369,9,1599.082548
-11.787044,8,1599.232412
-7.21046,7,1599.327582
54.216439,4,1599.413133
57.967614,5,1599.519001
57.066154,7,1599.631588
-5.900706,6,1599.797054
-9.742313,7,1599.866193
59.099294,6,1599.979315
57.78954,7,1600.099806
57.574733,5,1600.315799
57.78954,7,1600.826146
57.78954,7,1601.748156
-14.470251,3,1601.855875
57.78954,7,1602.317329
57.574733,5,1602.387156
-11.787044,8,1602.445999
59.099294,6,1602.54631
56.342767,7,1602.636901
52.47599,8,1602.756397
54.216439,4,1602.868982
57.78954,7,1603.024451
54.008717,4,1603.257117
53.212956,8,1603.773411
57.574733,5,1603.884316
-13.476791,3,1604.136422
59.099294,6,1604.287163
-8.657233,7,1604.469232
57.78954,7,1604.570428
59.099294,6,1604.731889
57.574733,5,1604.923887
57.181853,5,1605.097784
-10.991283,4,1605.331314
58.510704,6,1605.427525
-5.900706,6,1605.49935
-11.787044,8,1605.666069
59.099294,6,1605.743614
53.212956,8,1605.879599
54.216439,4,1606.078372
58.181294,6,1606.190004
58.510704,6,1606.310751
59.099294,6,1606.426564
54.216439,4,1606.577463
57.78954,7,1606.662528
-13.552251,3,1606.750672
57.78954,7,1606.830411
57.967614,5,1606.99075
57.967614,5,1607.348494
59.099294,6,1607.446707
57.967614,5,1607.593434
58.510704,6,1607.676013
53.212956,8,1607.776368
-12.52401,8,1607.88963
58.510704,6,1607.990342
57.78954,7,1608.094589
-6.489296,6,1608.169255
59.099294,6,1608.268399
57.066154,7,1608.343732
54.008717,4,1608.495193
-6.489296,6,1608.56727
-6.489296,6,1608.713269
57.78954,7,1609.044724
57.967614,5,1609.162589
57.78954,7,1609.30236
-13.476791,3,1609.39548
59.099294,6,1609.469611
59.099294,6,1609.576301
57.967614,5,1609.692943
59.099294,6,1609.764903
57.967614,5,1609.877278
57.78954,7,1609.938329
53.212956,8,1610.174202
53.212956,8,1610.40784
57.78954,7,1610.533072
59.099294,6,1610.650696
57.574733,5,1610.753633
57.066154,7,1610.846545
57.78954,7,1610.983236
59.099294,6,1611.056436
54.216439,4,1611.152081
-7.032386,5,1611.496665
59.099294,6,1611.599036
52.47599,8,1611.700267
-11.803561,4,1611.821887
57.574733,5,1611.897254
-5.900706,6,1612.043263
57.967614,5,1612.122579
-7.21046,7,1612.217785
-10.991283,4,1612.449162
57.922114,6,1612.599062
58.510704,6,1612.800928
-11.787044,8,1613.00787
56.342767,7,1613.200466
57.967614,5,1613.308613
59.099294,6,1613.451792
57.967614,5,1613.559411
57.181853,5,1613.769647
57.574733,5,1613.954837
57.78954,7,1614.064972
59.099294,6,1614.172614
59.099294,6,1614.272727
53.212956,8,1614.347426
56.947614,5,1614.4976
-6.489296,6,1614.577219
57.574733,5,1614.838588
53.212956,8,1614.907065
54.216439,4,1615.08446
57.967614,5,1615.268157
53.212956,8,1615.354159
-13.476791,3,1615.567141
57.967614,5,1615.648254
57.574733,5,1615.846459
53.212956,8,1615.985125
54.216439,4,1616.223877
57.78954,7,1616.311064
59.099294,6,1616.426429
58.510704,6,1616.549689
51.523209,3,1616.79061
57.967614,5,1616.907885
58.510704,6,1617.019729
-7.21046,7,1617.071862
57.967614,5,1617.170952
59.099294,6,1617.264601
57.066154,7,1617.333447
57.78954,7,1617.440751
57.066154,7,1617.524871
59.099294,6,1617.766235
57.967614,5,1617.942671
53.212956,8,1618.049025
57.78954,7,1618.120176
-13.476791,3,1618.212776
57.574733,5,1618.289082
59.099294,6,1618.396981
58.079294,6,1618.478431
57.967614,5,1618.600981
57.066154,7,1618.683844
-11.787044,8,1618.799536
57.574733,5,1618.952625
57.78954,7,1619.036724
57.066154,7,1619.14896
-9.742313,7,1619.358993
58.510704,6,1619.458776
53.212956,8,1619.568055
57.574733,5,1619.727419
57.967614,5,1619.839291
56.87154,7,1619.954899
-7.032386,5,1620.32013
-8.657233,7,1620.614832
57.967614,5,1620.695562
-5.900706,6,1621.171956
57.922114,6,1621.346684
45.997369,9,1621.506669
53.212956,8,1621.590721
59.099294,6,1621.656654
57.78954,7,1621.757553
51.523209,3,1621.930369
-13.552251,3,1622.01246
57.574733,5,1622.145251
52.47599,8,1622.256535
58.510704,6,1622.333144
57.066154,7,1622.433449
-7.425267,5,1622.747382
57.066154,7,1622.847001
54.216439,4,1623.017701
59.099294,6,1623.099027
-13.552251,3,1623.189796
57.78954,7,1623.297917
57.066154,7,1623.395554
-7.21046,7,1623.882349
-13.476791,3,1624.100587
59.099294,6,1624.177194
-19.002631,9,1624.403061
53.212956,8,1624.493248
-7.21046,7,1624.652035
57.78954,7,1624.753275
54.008717,4,1624.898945
53.196439,4,1625.067159
57.574733,5,1625.165772
59.099294,6,1625.305027
-13.476791,3,1625.465744
57.574733,5,1625.674521
57.78954,7,1625.781757
58.510704,6,1625.851428
-5.900706,6,1625.923156
57.967614,5,1626.043685
58.510704,6,1626.197464
59.099294,6,1626.298972
59.099294,6,1626.408849
54.008717,4,1626.502448
57.967614,5,1626.602795
57.78954,7,1626.884601
57.066154,7,1626.979729
57.78954,7,1627.076518
57.78954,7,1627.178761
-7.933846,7,1627.30697
58.510704,6,1627.374851
59.099294,6,1627.487026
52.47599,8,1627.588119
57.78954,7,1627.694234
-19.002631,9,1627.773813
57.967614,5,1627.894452
53.212956,8,1628.010161
57.066154,7,1628.100382
-10.991283,4,1628.254103
54.216439,4,1628.336596
45.997369,9,1628.651385
59.099294,6,1628.772229
57.78954,7,1628.84135
-11.787044,8,1628.944493
54.008717,4,1629.100275
52.47599,8,1629.21442
45.997369,9,1629.358579
54.216439,4,1629.52849
-10.991283,4,1629.683874
58.510704,6,1629.771877
57.78954,7,1630.023631
-13.476791,3,1630.21049
-13.476791,3,1630.37416
45.997369,9,1630.464776
57.78954,7,1630.57244
59.099294,6,1630.65857
-7.032386,5,1630.979948
58.510704,6,1631.058571
58.510704,6,1631.133723
57.967614,5,1631.280314
45.374531,9,1631.392605
57.78954,7,1631.538415
-13.552251,3,1631.619525
-10.991283,4,1631.879834
58.510704,6,1632.002976
-13.476791,3,1632.123934
57.78954,7,1632.225576
58.510704,6,1632.29642
52.47599,8,1632.377033
54.216439,4,1632.543522
58.510704,6,1632.60921
57.967614,5,1632.691303
57.574733,5,1632.789925
59.099294,6,1632.890039
54.008717,4,1633.146471
58.510704,6,1633.320912
57.967614,5,1633.426901
-7.032386,5,1633.799053
59.099294,6,1633.904727
59.099294,6,1634.11359
57.181853,5,1634.349962
57.78954,7,1634.639081
58.510704,6,1634.742708
57.066154,7,1634.8183
57.574733,5,1634.992485
53.212956,8,1635.339996
57.967614,5,1635.445284
57.78954,7,1635.690601
59.099294,6,1635.752184
53.212956,8,1635.842844
57.181853,5,1636.035131
54.216439,4,1636.195828
57.066154,7,1636.363191
54.008717,4,1636.534801
59.099294,6,1636.606667
59.099294,6,1636.689961
-13.476791,3,1636.770992
57.066154,7,1636.857286
-7.425267,5,1636.980769
59.099294,6,1637.13004
58.079294,6,1637.217672
57.78954,7,1637.338905
59.099294,6,1637.436567
57.78954,7,1637.511802
58.510704,6,1637.616715
-11.787044,8,1637.723345
54.216439,4,1637.839517
58.510704,6,1637.997893
57.574733,5,1638.07528
57.066154,7,1638.193123
57.574733,5,1638.268856
59.099294,6,1638.369333
-13.552251,3,1638.438398
56.342767,7,1638.68467
51.739025,8,1638.820744
57.066154,7,1638.922907
59.099294,6,1639.024428
-13.552251,3,1639.10704
59.099294,6,1639.262365
57.967614,5,1639.363452
51.523209,3,1639.542653
57.181853,5,1639.729888
57.78954,7,1639.813511
57.78954,7,1639.919647
53.212956,8,1640.003759
57.967614,5,1640.12206
-10.783561,4,1640.249832
57.574733,5,1640.456748
-7.032386,5,1640.792872
58.510704,6,1640.880634
57.967614,5,1640.991914
-6.489296,6,1641.280738
54.008717,4,1641.398848
57.967614,5,1641.484575
59.099294,6,1641.592194
-11.803561,4,1641.712624
-7.21046,7,1642.034681
59.099294,6,1642.12992
58.510704,6,1642.223551
57.922114,6,1642.399814
51.523209,3,1642.708697
57.78954,7,1642.787444
57.967614,5,1642.93942
59.099294,6,1643.017246
57.967614,5,1643.106779
59.099294,6,1643.20017
-13.552251,3,1643.290169
57.967614,5,1643.497427
54.216439,4,1643.651656
45.997369,9,1643.979912
59.099294,6,1644.064994
52.47599,8,1644.175903
57.967614,5,1644.452107
-10.991283,4,1644.671428
59.099294,6,1644.781234
59.099294,6,1644.889587
57.967614,5,1645.012818
-10.783561,4,1645.151301
59.099294,6,1645.235478
-10.991283,4,1645.495411
57.574733,5,1645.595029
57.78954,7,1645.707677
57.78954,7,1645.818825
-13.552251,3,1645.944497
-7.21046,7,1646.10666
53.212956,8,1646.196951
57.78954,7,1646.268042
57.574733,5,1646.473785
-9.38062,7,1646.695567
54.008717,4,1646.812225
-5.900706,6,1646.890551
57.967614,5,1647.15344
-20.871145,9,1647.295128
57.922114,6,1647.494344
54.008717,4,1647.737082
57.967614,5,1647.9288
59.099294,6,1648.03897
57.181853,5,1648.245385
59.099294,6,1648.355226
-5.900706,6,1648.523983
57.181853,5,1648.618701
59.099294,6,1648.727841
-13.476791,3,1648.824296
57.967614,5,1648.939466
59.099294,6,1649.019114
-10.783561,4,1649.146874
57.78954,7,1649.266656
58.510704,6,1649.391726
54.008717,4,1649.632016
54.216439,4,1649.718112
-7.818147,5,1649.817215
57.78954,7,1649.91733
-8.211028,5,1649.995442
57.066154,7,1650.103595
58.510704,6,1650.235184
57.967614,5,1650.400438
53.212956,8,1650.500661
57.967614,5,1651.48328
-11.199004,4,1651.57955
57.78954,7,1651.880793
-7.032386,5,1652.213824
59.099294,6,1652.303255
57.78954,7,1652.640783
56.342767,7,1652.737905
57.967614,5,1652.857451
57.922114,6,1653.019569
54.216439,4,1653.129808
57.78954,7,1653.235574
57.574733,5,1653.329628
57.78954,7,1653.415041
45.374531,9,1653.526963
57.78954,7,1653.785192
57.78954,7,1654.121696
53.090717,4,1654.367446
57.967614,5,1654.483987
57.967614,5,1654.560762
-5.900706,6,1654.620783
59.099294,6,1654.732126
57.922114,6,1654.896825
59.099294,6,1655.005949
-13.552251,3,1655.133461
57.967614,5,1655.294513
52.47599,8,1655.367719
57.066154,7,1655.473837
57.78954,7,1655.973601
57.066154,7,1656.136771
59.099294,6,1656.288021
59.099294,6,1656.377027
59.099294,6,1656.460194
59.099294,6,1656.562987
57.78954,7,1656.66187
-10.991283,4,1656.889632
-10.991283,4,1656.971662
54.216439,4,1657.120342
57.967614,5,1657.231974
57.066154,7,1657.421096
58.510704,6,1657.53276
52.47599,8,1657.707972
57.967614,5,1657.854985
57.78954,7,1657.948705
59.099294,6,1658.056823
57.574733,5,1658.235793
53.212956,8,1658.344924
-7.032386,5,1658.428128
-11.787044,8,1658.572378
57.967614,5,1658.669928
57.066154,7,1658.758696
57.78954,7,1658.870335
-13.552251,3,1658.942192
58.510704,6,1659.047437
57.78954,7,1659.122019
56.342767,7,1659.24888
58.510704,6,1659.322626
57.066154,7,1659.425891
-5.900706,6,1659.552148
57.78954,7,1659.670952
57.066154,7,1659.825629
54.008717,4,1660.02069
56.342767,7,1660.125476
56.342767,7,1660.303021
59.099294,6,1660.422055
59.099294,6,1660.519143
58.510704,6,1660.629388
57.574733,5,1660.901308
-10.991283,4,1661.172223
-13.552251,3,1661.246061
57.967614,5,1661.373475
57.78954,7,1661.482603
-7.21046,7,1661.595686
57.922114,6,1661.81061
-10.991283,4,1662.040985
53.212956,8,1662.135603
59.099294,6,1662.384907
54.216439,4,1662.554818
57.066154,7,1662.663149
57.181853,5,1662.839867
59.099294,6,1662.955989
54.216439,4,1663.118677
-5.900706,6,1663.197914
58.079294,6,1663.290492
59.099294,6,1663.391173
-7.21046,7,1663.784226
57.922114,6,1663.885472
57.78954,7,1663.957841
-11.787044,8,1664.253706
-11.787044,8,1664.419244
57.967614,5,1664.57088
57.78954,7,1664.685408
57.78954,7,1664.760931
57.066154,7,1664.843417
52.47599,8,1664.968722
59.099294,6,1665.055104
45.997369,9,1665.175687
58.510704,6,1665.269087
57.490704,6,1665.382049
59.099294,6,1665.503812
59.099294,6,1665.580055
57.78954,7,1665.64748
-5.900706,6,1665.930803
-11.787044,8,1666.141403
-7.032386,5,1666.538897
57.967614,5,1666.659103
45.374531,9,1666.77327
37.985359,10,1666.927073
-7.818147,5,1667.168683
57.78954,7,1667.287329
-10.991283,4,1667.505584
57.967614,5,1667.726874
-8.23046,7,1667.8896
59.099294,6,1668.037273
57.574733,5,1668.239136
59.099294,6,1668.384183
53.212956,8,1668.500649
59.099294,6,1668.582388
57.967614,5,1668.697075
57.78954,7,1668.837224
54.216439,4,1668.99341
59.099294,6,1669.103313
57.574733,5,1669.287002
57.78954,7,1669.399335
57.574733,5,1669.538341
59.099294,6,1669.621897
57.066154,7,1669.730023
57.574733,5,1669.830735
57.78954,7,1670.119926
59.099294,6,1670.228004
56.342767,7,1670.352008
57.967614,5,1670.457019
53.212956,8,1670.540822
53.212956,8,1670.640118
57.066154,7,1670.748197
57.066154,7,1670.822268
57.574733,5,1670.917404
-13.552251,3,1670.988029
57.574733,5,1671.159761
57.333524,6,1671.337044
54.216439,4,1671.409143
56.947614,5,1671.60034
59.099294,6,1671.722266
57.967614,5,1671.899689
-10.783561,4,1672.133977
57.066154,7,1672.255705
57.78954,7,1672.530029
57.78954,7,1672.620328
45.374531,9,1672.723024
56.342767,7,1672.901247
57.78954,7,1673.006891
58.510704,6,1673.096131
57.574733,5,1673.273896
57.78954,7,1673.390042
57.574733,5,1673.564242
57.78954,7,1673.675869
-13.260975,8,1674.095881
54.216439,4,1674.36131
59.099294,6,1674.470131
-7.21046,7,1674.53187
-11.787044,8,1674.677552
59.099294,6,1674.755651
-13.476791,3,1674.852757
54.008717,4,1675.097812
57.574733,5,1675.260494
57.967614,5,1675.459788
59.099294,6,1675.572564
59.099294,6,1675.683993
57.78954,7,1675.786832
57.066154,7,1675.85442
57.967614,5,1675.927523
57.967614,5,1676.09689
57.78954,7,1676.181728
53.212956,8,1676.293844
57.78954,7,1676.404976
57.967614,5,1676.572179
44.751693,9,1676.673514
57.967614,5,1676.75582
57.967614,5,1676.98855
50.503209,3,1677.295463
57.574733,5,1677.385554
57.066154,7,1677.492706
59.099294,6,1677.571438
57.574733,5,1677.661785
57.574733,5,1677.814981
53.212956,8,1677.923202
53.196439,4,1678.108071
55.424767,7,1678.188169
57.066154,7,1678.298953
-13.476791,3,1678.376063
57.574733,5,1678.472584
58.510704,6,1678.650357
54.008717,4,1678.847277
57.574733,5,1678.957539
57.574733,5,1679.158317
57.967614,5,1679.267689
57.066154,7,1679.359313
-14.366424,8,1679.551055
53.212956,8,1679.659163
57.78954,7,1679.737259
57.78954,7,1679.817362
57.066154,7,1679.933523
57.574733,5,1680.078487
58.510704,6,1680.155574
57.78954,7,1680.227228
59.099294,6,1680.435604
57.78954,7,1680.522735
58.510704,6,1680.615862
-7.21046,7,1680.702516
57.78954,7,1680.817383
57.066154,7,1680.896015
59.099294,6,1680.980119
-7.933846,7,1681.110367
57.967614,5,1681.221087
57.78954,7,1681.429146
53.212956,8,1681.595334
57.967614,5,1681.715325
-13.476791,3,1681.812963
54.008717,4,1681.907132
57.574733,5,1682.027292
59.099294,6,1682.149051
51.45599,8,1682.254553
-8.657233,7,1682.509222
50.633576,8,1682.662874
-7.425267,5,1682.740659
-7.818147,5,1682.950044
57.066154,7,1683.017334
59.099294,6,1683.253585
58.510704,6,1683.354272
58.510704,6,1683.471409
57.967614,5,1683.58709
59.099294,6,1683.659811
58.510704,6,1683.761489
57.967614,5,1683.870014
57.066154,7,1683.979717
58.510704,6,1684.143945
57.78954,7,1684.229639
57.967614,5,1684.405332
54.216439,4,1684.583192
57.78954,7,1684.673692
-10.991283,4,1684.914906
57.78954,7,1685.011107
57.78954,7,1685.086207
59.099294,6,1685.185842
57.967614,5,1685.427637
57.574733,5,1685.527266
-11.787044,8,1685.61588
57.066154,7,1685.715501
58.510704,6,1685.813417
57.967614,5,1686.034416
-10.783561,4,1686.26888
59.099294,6,1686.36403
-13.627712,3,1686.431421
57.181853,5,1686.618613
51.523209,3,1686.746081
56.342767,7,1686.878494
57.967614,5,1687.07073
57.181853,5,1687.231796
59.099294,6,1687.376074
58.510704,6,1687.582293
57.78954,7,1687.691469
57.967614,5,1687.797617
57.066154,7,1687.905753
59.099294,6,1687.982922
57.967614,5,1688.088383
58.510704,6,1688.170481
59.099294,6,1688.275532
54.216439,4,1688.368901
54.216439,4,1688.639723
59.099294,6,1688.745359
-7.425267,5,1688.827306
59.099294,6,1688.90743
57.066154,7,1689.04959
54.216439,4,1689.135527
58.510704,6,1689.257238
57.574733,5,1689.362526
57.78954,7,1689.848264
57.78954,7,1689.955963
57.967614,5,1690.193761
-7.666476,6,1690.421223
54.216439,4,1690.672268
58.510704,6,1690.881826
54.216439,4,1690.98741
-11.909283,4,1691.225943
59.099294,6,1691.368602
-10.783561,4,1691.502742
57.574733,5,1691.684092
56.947614,5,1691.892394
57.574733,5,1692.064268
-5.900706,6,1692.180618
59.099294,6,1692.319012
54.216439,4,1692.495473
57.78954,7,1692.97304
57.78954,7,1693.252352
54.008717,4,1693.493117
54.216439,4,1693.679753
57.78954,7,1693.819613
57.066154,7,1693.932787
59.099294,6,1694.075746
57.967614,5,1694.199401
57.967614,5,1694.345927
59.099294,6,1694.429323
59.099294,6,1694.574237
59.099294,6,1694.678345
57.967614,5,1694.894861
57.78954,7,1695.007014
59.099294,6,1695.120417
54.216439,4,1695.407236
-7.21046,7,1695.486469
57.574733,5,1695.585258
-7.933846,7,1695.712447
57.78954,7,1695.798177
-7.425267,5,1696.029937
-7.21046,7,1696.108495
57.574733,5,1696.277689
57.967614,5,1696.459515
53.212956,8,1696.583177
57.967614,5,1696.68233
-10.783561,4,1696.819516
57.066154,7,1696.934204
59.099294,6,1697.010628
52.47599,8,1697.120141
56.342767,7,1697.252602
53.212956,8,1697.353901
57.967614,5,1697.440289
59.099294,6,1697.699009
59.099294,6,1697.80507
54.216439,4,1697.979556
58.510704,6,1698.057078
59.099294,6,1698.162202
44.977369,9,1698.314188
52.47599,8,1698.403759
57.066154,7,1698.504343
59.099294,6,1698.750835
57.78954,7,1698.865014
57.78954,7,1698.950129
57.967614,5,1699.07058
57.967614,5,1699.282605
57.574733,5,1699.385601
45.997369,9,1699.840518
57.574733,5,1699.959853
52.47599,8,1700.037097
57.066154,7,1700.112882
57.574733,5,1700.286106
59.099294,6,1701.130136
59.099294,6,1701.261306
57.066154,7,1701.365891
-7.21046,7,1701.514724
-13.476791,3,1701.613384
58.510704,6,1701.722047
53.212956,8,1701.823198
57.967614,5,1701.94889
54.008717,4,1702.075047
57.066154,7,1702.158647
58.510704,6,1702.264275
53.212956,8,1702.343371
-10.991283,4,1702.597829
57.574733,5,1702.676248
59.099294,6,1702.760835
-7.21046,7,1702.847672
58.510704,6,1702.980334
57.78954,7,1703.076208
57.967614,5,1703.19935
57.574733,5,1703.358374
57.78954,7,1703.47756
59.099294,6,1703.564459
57.967614,5,1703.673226
-7.21046,7,1704.011413
57.967614,5,1704.205505
57.066154,7,1704.280922
57.066154,7,1704.380003
-7.818147,5,1704.577798
58.510704,6,1704.674414
57.78954,7,1704.790302
54.216439,4,1704.893674
58.510704,6,1704.996338
58.510704,6,1705.087185
57.967614,5,1705.286532
59.099294,6,1705.360336
59.099294,6,1705.499552
53.212956,8,1705.60516
57.967614,5,1705.720643
-7.032386,5,1705.937618
59.099294,6,1706.149783
58.510704,6,1706.260449
57.066154,7,1706.33392
57.78954,7,1706.446243
57.967614,5,1706.622842
59.099294,6,1706.733654
57.967614,5,1706.851318
57.967614,5,1706.969117
-13.476791,3,1707.195354
58.510704,6,1707.284924
57.574733,5,1707.377278
57.78954,7,1707.530127
59.099294,6,1707.63998
52.47599,8,1707.734736
57.574733,5,1707.874443
53.212956,8,1708.020329
-14.366424,8,1708.286218
-7.032386,5,1708.617213
-8.407468,5,1708.777425
-10.783561,4,1709.013627
54.008717,4,1709.183277
58.510704,6,1709.286076
59.099294,6,1709.382205
58.510704,6,1709.468317
58.510704,6,1709.561572
59.099294,6,1709.6672
57.78954,7,1709.775738
-7.032386,5,1710.156134
56.76954,7,1710.245241
52.47599,8,1710.315333
57.967614,5,1710.426168
57.066154,7,1710.500412
53.212956,8,1710.609021
57.967614,5,1710.723173
57.967614,5,1710.900903
58.510704,6,1710.995011
58.510704,6,1711.07312
-6.489296,6,1711.161261
52.47599,8,1711.288941
54.008717,4,1711.424958
58.510704,6,1711.627532
57.066154,7,1711.729879
-10.783561,4,1711.970822
57.574733,5,1712.151724
57.066154,7,1712.245858
57.066154,7,1712.330552
57.78954,7,1712.404663
57.066154,7,1712.623902
59.099294,6,1712.775981
57.922114,6,1712.879414
53.212956,8,1712.960086
57.78954,7,1713.139495
-13.476791,3,1713.305929
53.212956,8,1713.429116
-6.489296,6,1713.737292
57.574733,5,1713.933556
57.574733,5,1714.085608
-7.425267,5,1714.394183
58.510704,6,1714.60324
57.066154,7,1714.671869
59.099294,6,1714.796303
57.78954,7,1714.924072
-7.21046,7,1715.093321
57.967614,5,1715.219952
58.510704,6,1715.321595
-7.21046,7,1715.454314
57.574733,5,1715.609866
57.78954,7,1716.122391
59.099294,6,1716.248755
57.574733,5,1716.372912
57.574733,5,1716.466573
57.574733,5,1716.617669
57.066154,7,1716.713936
58.510704,6,1716.821156
59.099294,6,1716.94303
57.967614,5,1717.045567
-11.787044,8,1717.267256
-13.552251,3,1717.352582
59.099294,6,1717.440983
59.099294,6,1717.59245
59.099294,6,1717.702633
59.099294,6,1717.859363
57.066154,7,1717.977508
59.099294,6,1718.094155
-9.38062,7,1718.21881
57.967614,5,1718.360978
57.066154,7,1718.482147
57.574733,5,1718.58528
57.78954,7,1718.692443
45.374531,9,1718.85076
57.78954,7,1718.927547
59.099294,6,1719.078537
57.922114,6,1719.176488
58.510704,6,1719.297904
57.967614,5,1719.517284
-13.476791,3,1719.605828
54.008717,4,1719.845724
58.510704,6,1719.935817
57.78954,7,1720.009145
59.099294,6,1720.128045
59.099294,6,1720.209668
53.212956,8,1720.565059
57.78954,7,1720.685912
-12.219004,4,1720.767616
59.099294,6,1720.875872
58.510704,6,1720.97597
-10.991283,4,1721.100669
54.008717,4,1721.279766
57.922114,6,1721.451412
58.510704,6,1721.571313
59.099294,6,1721.690957
59.099294,6,1721.803255
57.066154,7,1721.91416
57.967614,5,1722.085587
59.099294,6,1722.209762
59.099294,6,1722.318722
-7.933846,7,1722.470904
-10.991283,4,1722.566012
57.967614,5,1722.738732
57.066154,7,1722.822702
59.099294,6,1722.91281
57.574733,5,1723.051981
59.099294,6,1723.165615
58.510704,6,1723.377647
59.099294,6,1723.463961
57.78954,7,1723.559229
58.510704,6,1723.652345
58.510704,6,1723.754257
-13.476791,3,1723.826609
59.099294,6,1723.93925
57.574733,5,1724.028907
57.967614,5,1724.141331
58.510704,6,1724.226303
53.212956,8,1724.496627
57.181853,5,1724.665916
57.922114,6,1724.921316
-7.032386,5,1725.245782
57.066154,7,1725.36658
59.099294,6,1725.44779
57.066154,7,1725.560296
59.099294,6,1725.68156
59.099294,6,1725.79753
58.510704,6,1725.956701
57.574733,5,1726.150019
57.066154,7,1726.302238
-10.991283,4,1726.399552
57.967614,5,1726.570349
57.78954,7,1726.695244
59.099294,6,1726.771849
57.967614,5,1726.883643
59.099294,6,1726.990142
57.066154,7,1727.063636
57.78954,7,1727.18831
57.066154,7,1727.31812
59.099294,6,1727.435443
-13.476791,3,1727.599153
58.510704,6,1727.678266
59.099294,6,1727.827298
57.78954,7,1727.94875
57.066154,7,1728.06223
57.78954,7,1728.216051
57.967614,5,1728.450402
57.922114,6,1728.637842
-7.21046,7,1728.938514
58.510704,6,1729.043283
52.47599,8,1729.122718
58.510704,6,1729.280473
57.922114,6,1729.450592
-11.787044,8,1729.600592
57.066154,7,1729.688717
57.967614,5,1729.936528
57.592704,6,1730.043827
57.78954,7,1730.130245
58.510704,6,1730.24739
59.099294,6,1730.466172
59.099294,6,1730.713204
58.510704,6,1730.790334
-10.783561,4,1731.035621
58.510704,6,1731.19949
56.342767,7,1731.306652
59.099294,6,1731.408528
57.78954,7,1731.528105
59.099294,6,1731.596828
-13.476791,3,1731.765122
58.510704,6,1731.86859
57.78954,7,1731.991446
54.216439,4,1732.26749
57.78954,7,1732.348101
57.967614,5,1732.53782
59.099294,6,1732.663642
57.574733,5,1732.837717
52.47599,8,1732.957824
57.78954,7,1733.456614
57.066154,7,1733.630453
57.066154,7,1733.717601
57.574733,5,1733.820215
57.78954,7,1733.891812
53.212956,8,1733.97893
-8.838147,5,1734.047993
-7.077886,6,1734.271609
57.78954,7,1734.38272
59.099294,6,1734.523283
58.510704,6,1734.599994
59.099294,6,1734.710589
57.574733,5,1734.899414
-13.476791,3,1735.229797
56.342767,7,1735.332929
57.78954,7,1735.424057
54.216439,4,1735.587805
58.510704,6,1735.662972
58.510704,6,1735.875148
57.78954,7,1735.981424
54.216439,4,1736.084278
57.78954,7,1736.201283
59.099294,6,1736.355743
57.574733,5,1736.525873
57.066154,7,1736.620625
59.099294,6,1736.741354
57.78954,7,1736.854583
57.574733,5,1737.012782
57.78954,7,1737.127697
59.099294,6,1737.214292
59.099294,6,1737.332887
57.967614,5,1737.554904
59.099294,6,1737.741157
59.099294,6,1737.891483
57.967614,5,1738.111375
57.574733,5,1738.298779
-7.425267,5,1738.531394
-10.783561,4,1738.889089
57.574733,5,1739.069064
58.510704,6,1739.189822
-7.21046,7,1739.367625
-7.21046,7,1739.56196
57.78954,7,1739.775586
-7.032386,5,1740.446156
58.510704,6,1740.569647
54.216439,4,1740.689541
-10.783561,4,1741.086422
57.066154,7,1741.284427
58.510704,6,1741.434281
57.066154,7,1741.608595
58.510704,6,1741.772563
59.099294,6,1741.894779
57.574733,5,1742.213408
57.967614,5,1742.411593
57.574733,5,1742.736773
57.967614,5,1742.964689
59.099294,6,1743.1214
57.967614,5,1743.299599
59.099294,6,1743.425892
57.967614,5,1743.602363
59.099294,6,1743.7176
57.922114,6,1744.037477
58.510704,6,1744.160986
53.212956,8,1744.420762
58.510704,6,1744.588625
57.78954,7,1744.69141
-13.476791,3,1744.857953
57.967614,5,1745.001934
57.967614,5,1745.258742
58.510704,6,1745.475813
56.342767,7,1745.782865
-10.991283,4,1746.166003
57.78954,7,1746.593338
59.099294,6,1746.784409
57.78954,7,1746.902261
57.574733,5,1747.197666
59.099294,6,1747.376764
57.922114,6,1747.718202
58.510704,6,1747.90753
53.212956,8,1748.749497
57.574733,5,1748.935956
59.099294,6,1749.136358
57.78954,7,1749.335464
57.922114,6,1749.597536
58.510704,6,1749.763076
59.099294,6,1749.878842
57.967614,5,1750.219989
57.78954,7,1750.381842
58.510704,6,1750.513594
57.967614,5,1750.756377
59.099294,6,1750.934724
58.510704,6,1751.174925
59.099294,6,1751.388941
52.47599,8,1751.552034
57.967614,5,1751.858106
57.574733,5,1752.023377
58.510704,6,1752.195249
58.510704,6,1752.386488
57.967614,5,1752.64176
58.510704,6,1752.795742
57.78954,7,1752.957929
59.099294,6,1753.147796
57.574733,5,1753.436516
58.510704,6,1753.566165
-7.032386,5,1754.1142
57.066154,7,1754.255902
57.574733,5,1754.471364
59.099294,6,1754.608847
-7.032386,5,1755.10852
57.922114,6,1755.380553
-7.21046,7,1755.669784
52.47599,8,1755.836046
-10.783561,4,1756.219525
57.574733,5,1756.536285
57.78954,7,1757.855685
58.510704,6,1758.09434
58.510704,6,1758.297846
-7.21046,7,1758.484423
57.066154,7,1758.668876
53.212956,8,1758.949059
57.574733,5,1759.203993
59.099294,6,1759.384438
59.099294,6,1759.605268
57.78954,7,1759.751935
-7.21046,7,1760.322126
53.212956,8,1760.641113
57.967614,5,1760.869687
58.510704,6,1761.181509
53.212956,8,1761.441919
-6.489296,6,1761.976763
57.574733,5,1762.370131
59.099294,6,1762.580137
57.78954,7,1762.720132
59.099294,6,1762.96777
57.78954,7,1763.187701
57.922114,6,1763.509495
59.099294,6,1763.750182
59.099294,6,1763.974355
-13.552251,3,1764.17357
59.099294,6,1764.450419
52.47599,8,1764.590223
59.099294,6,1764.812653
57.78954,7,1765.002084
58.510704,6,1765.245123
57.78954,7,1765.780333
57.574733,5,1766.11497
59.099294,6,1766.681862
57.78954,7,1767.087825
54.008717,4,1767.62954
57.78954,7,1767.939726
57.967614,5,1768.283642
-10.991283,4,1768.76882
59.099294,6,1769.305174
54.216439,4,1769.66384
-7.666476,6,1770.040673
57.066154,7,1770.363258
57.78954,7,1770.663343
59.099294,6,1771.158061
58.510704,6,1771.486168
58.510704,6,1771.828868
53.212956,8,1772.529173
57.967614,5,1773.002959
58.510704,6,1773.335114
57.967614,5,1773.701766
57.592704,6,1774.06199
57.574733,5,1774.464886
59.099294,6,1774.980222
58.510704,6,1775.353915
57.574733,5,1775.643373
59.099294,6,1776.129962
59.099294,6,1776.624166
57.967614,5,1776.94317
58.510704,6,1777.259119
57.574733,5,1777.667791
57.78954,7,1778.147915
58.510704,6,1778.570461
-13.552251,3,1778.948614
54.008717,4,1779.441
57.574733,5,1779.849449
-10.991283,4,1780.28237
57.78954,7,1780.589913
54.216439,4,1780.931601
52.47599,8,1781.54446
53.212956,8,1782.146727
57.574733,5,1782.547084
57.592704,6,1782.886678
54.216439,4,1783.190928
59.099294,6,1783.484044
-10.991283,4,1783.946357
57.574733,5,1784.254932
45.997369,9,1784.537999
57.574733,5,1784.913113
52.47599,8,1785.351532
59.099294,6,1785.642755
57.181853,5,1785.990962
58.510704,6,1786.323091
57.78954,7,1786.981061
57.967614,5,1787.415143
59.099294,6,1787.751028
59.099294,6,1788.055749
57.574733,5,1788.472194
59.099294,6,1789.125283
57.066154,7,1789.458171
57.922114,6,1789.858567
57.967614,5,1790.471479
59.099294,6,1790.976109
57.967614,5,1791.304818
59.099294,6,1791.608558
59.099294,6,1791.914314
57.967614,5,1792.290303
-13.552251,3,1792.590475
45.374531,9,1792.908051
57.967614,5,1793.218325
57.78954,7,1793.496659
54.008717,4,1793.883421
57.967614,5,1794.223726
58.510704,6,1794.613996
57.574733,5,1794.93437
57.574733,5,1795.242543
53.212956,8,1795.780369
52.47599,8,1796.26518
57.78954,7,1796.967113
57.574733,5,1797.325925
58.510704,6,1797.628337
-10.991283,4,1798.121993
57.967614,5,1798.621511
57.78954,7,1798.871192
57.066154,7,1799.268528
58.510704,6,1799.44503
-13.552251,3,1799.658086
-6.489296,6,1799.778227
57.574733,5,1800.008421
53.212956,8,1800.239367
57.78954,7,1800.50939
58.510704,6,1800.669486
59.099294,6,1800.864821
54.216439,4,1801.146017
59.099294,6,1801.450315
57.574733,5,1801.611584
57.066154,7,1801.745872
58.510704,6,1801.838445
58.510704,6,1801.928097
57.066154,7,1802.038193
53.212956,8,1802.168159
57.574733,5,1802.336745
57.066154,7,1802.430235
58.510704,6,1802.627199
59.099294,6,1802.75209
57.78954,7,1802.830212
57.967614,5,1802.989368
57.78954,7,1803.145301
57.574733,5,1803.246424
57.78954,7,1803.364256
59.099294,6,1803.459605
57.574733,5,1803.557256
59.099294,6,1803.638012
-12.52401,8,1803.739001
57.78954,7,1803.86017
52.47599,8,1803.976099
57.181853,5,1804.15027
57.574733,5,1804.254605
54.008717,4,1804.442824
-5.900706,6,1804.605861
57.574733,5,1804.791302
-7.933846,7,1804.930234
57.78954,7,1805.044472
57.574733,5,1805.221786
54.216439,4,1805.310517
-6.489296,6,1805.413272
57.066154,7,1805.485111
57.574733,5,1805.568968
57.066154,7,1805.646578
52.47599,8,1805.752117
57.574733,5,1805.848621
-10.991283,4,1806.108049
-9.38062,7,1806.245322
-10.783561,4,1806.492811
58.510704,6,1806.567524
57.066154,7,1806.643328
58.510704,6,1806.737105
59.099294,6,1806.812971
54.216439,4,1806.918503
57.574733,5,1807.026256
57.574733,5,1807.255609
57.066154,7,1807.416581
57.967614,5,1807.580101
57.78954,7,1807.733307
57.066154,7,1807.806975
58.510704,6,1808.000488
58.510704,6,1808.128467
58.510704,6,1808.519905
57.78954,7,1808.759193
-10.991283,4,1809.282557
52.47599,8,1809.542765
57.574733,5,1809.769454
57.066154,7,1809.973964
59.099294,6,1810.384733
57.967614,5,1810.765992
57.066154,7,1810.963124
57.574733,5,1811.20281
57.066154,7,1811.54647
57.967614,5,1811.908684
-10.991283,4,1812.065573
53.212956,8,1812.256951
-10.991283,4,1812.862818
57.78954,7,1813.434145
59.099294,6,1813.774885
58.510704,6,1813.94531
54.216439,4,1814.31462
53.212956,8,1814.585678
59.099294,6,1814.748353
-7.933846,7,1815.025168
57.78954,7,1815.330441
57.574733,5,1815.522386
57.78954,7,1815.793684
52.47599,8,1816.12363
52.47599,8,1816.402045
58.510704,6,1816.798603
57.78954,7,1817.078391
53.196439,4,1817.367576
57.967614,5,1817.751091
57.78954,7,1818.021352
57.574733,5,1818.2082
58.079294,6,1818.384478
56.046154,7,1818.656026
57.78954,7,1818.856053
57.066154,7,1819.089025
59.099294,6,1819.269963
57.967614,5,1819.589719
59.099294,6,1819.813836
57.78954,7,1820.012411
53.212956,8,1820.262314
57.066154,7,1820.52848
57.78954,7,1820.813129
57.574733,5,1821.021303
57.574733,5,1821.324517
57.066154,7,1821.475668
58.510704,6,1821.733177
57.78954,7,1822.178473
54.216439,4,1822.387415
57.066154,7,1822.55116
57.066154,7,1822.743581
57.78954,7,1822.951943
57.967614,5,1823.113527
54.008717,4,1823.588315
57.574733,5,1823.952047
59.099294,6,1824.230803
59.099294,6,1824.433895
54.216439,4,1825.201377
-7.21046,7,1825.413418
58.510704,6,1825.646884
57.066154,7,1825.913768
57.78954,7,1826.043491
57.574733,5,1826.185472
58.510704,6,1826.32726
57.78954,7,1826.509922
58.510704,6,1826.661436
58.510704,6,1826.856677
56.342767,7,1827.028506
57.922114,6,1827.278641
58.510704,6,1827.560739
57.574733,5,1827.727137
57.922114,6,1827.990878
57.066154,7,1828.179527
57.78954,7,1828.301047
59.099294,6,1828.409137
57.066154,7,1828.513801
59.099294,6,1828.711406
57.78954,7,1828.872434
54.216439,4,1828.97561
53.212956,8,1829.139081
57.066154,7,1829.396085
57.967614,5,1829.540142
57.066154,7,1829.672331
59.099294,6,1829.823611
59.099294,6,1829.974678
57.78954,7,1830.146568
54.216439,4,1830.399277
57.78954,7,1830.575357
59.099294,6,1830.704492
57.066154,7,1830.839302
-10.783561,4,1831.239631
57.967614,5,1831.414809
59.099294,6,1831.772077
-7.21046,7,1832.568584
57.78954,7,1832.718544
53.212956,8,1833.036279
58.510704,6,1833.187294
59.099294,6,1833.336536
53.212956,8,1833.520792
59.099294,6,1833.787722
-13.476791,3,1834.147555
54.008717,4,1834.283908
58.510704,6,1834.456892
-13.476791,3,1834.544359
57.574733,5,1834.798441
59.099294,6,1834.93191
59.099294,6,1835.069792
57.574733,5,1835.156555
59.099294,6,1835.257542
59.099294,6,1835.427499
-7.21046,7,1835.744897
58.510704,6,1835.838402
57.574733,5,1835.962439
59.099294,6,1836.159881
57.066154,7,1836.265947
59.099294,6,1836.367143
-7.933846,7,1836.461198
57.78954,7,1836.590258
58.510704,6,1836.698654
57.78954,7,1837.099126
57.922114,6,1837.204911
59.099294,6,1837.37556
57.78954,7,1837.483605
59.099294,6,1837.655092
59.099294,6,1837.735357
59.099294,6,1837.880704
59.099294,6,1837.95629
57.78954,7,1838.041373
59.099294,6,1838.213814
58.510704,6,1838.309004
54.008717,4,1838.439833
57.574733,5,1838.636525
58.510704,6,1838.744311
59.099294,6,1838.867246
54.216439,4,1839.17448
59.099294,6,1839.291968
57.967614,5,1839.603537
58.510704,6,1839.814018
52.47599,8,1840.303705
57.967614,5,1840.719068
57.78954,7,1840.920585
58.510704,6,1841.156115
57.78954,7,1841.372229
56.342767,7,1841.773242
59.099294,6,1842.044556
57.181853,5,1842.261576
-13.476791,3,1842.726025
53.212956,8,1842.90488
57.967614,5,1843.149349
57.066154,7,1843.373763
-7.21046,7,1843.515889
57.967614,5,1843.964359
58.510704,6,1844.337368
57.967614,5,1844.568784
57.574733,5,1845.016055
-5.900706,6,1845.210297
59.099294,6,1845.519841
53.212956,8,1845.875347
58.510704,6,1846.09287
-13.476791,3,1846.352487
56.342767,7,1846.675052
57.967614,5,1847.044984
58.510704,6,1847.187374
57.78954,7,1847.398938
54.216439,4,1847.738919
-13.476791,3,1848.060354
57.066154,7,1849.385163
54.216439,4,1849.675575
58.510704,6,1849.830857
59.099294,6,1850.166933
58.510704,6,1850.349913
57.967614,5,1850.563889
57.066154,7,1850.708587
59.099294,6,1851.022705
57.574733,5,1851.228914
57.066154,7,1851.391526
58.510704,6,1851.665184
57.78954,7,1851.884143
57.574733,5,1852.103225
-13.552251,3,1852.256088
57.574733,5,1852.634698
57.922114,6,1852.894616
59.099294,6,1853.232898
57.967614,5,1853.460578
57.574733,5,1853.677156
59.099294,6,1853.892553
57.78954,7,1854.088583
58.510704,6,1854.53627
57.066154,7,1854.767188
58.510704,6,1854.927083
57.066154,7,1855.087067
59.099294,6,1855.426452
56.342767,7,1855.630494
57.78954,7,1855.877306
59.099294,6,1856.098992
57.78954,7,1856.308013
57.066154,7,1856.453132
57.78954,7,1856.917288
57.967614,5,1857.136814
57.181853,5,1857.370474
59.099294,6,1857.612522
-7.21046,7,1857.85805
59.099294,6,1858.099057
57.574733,5,1858.241452
59.099294,6,1858.386651
58.510704,6,1858.633996
57.574733,5,1858.96881
58.510704,6,1859.12716
57.066154,7,1859.293025
57.066154,7,1859.443359
59.099294,6,1859.583504
58.510704,6,1859.796705
59.099294,6,1859.96072
57.066154,7,1860.206937
58.510704,6,1860.339113
57.967614,5,1860.569166
59.099294,6,1860.737189
57.967614,5,1861.083584
57.967614,5,1861.410295
57.78954,7,1861.623655
57.574733,5,1861.807616
58.510704,6,1862.180705
58.510704,6,1862.419995
58.510704,6,1862.68592
59.099294,6,1862.922965
57.78954,7,1863.244162
52.47599,8,1863.39787
59.099294,6,1863.58799
57.967614,5,1863.826741
57.181853,5,1864.057426
57.967614,5,1864.271816
57.78954,7,1864.496233
57.78954,7,1864.699178
57.78954,7,1864.900199
59.099294,6,1865.195393
57.967614,5,1865.428057
57.066154,7,1865.588684
59.099294,6,1865.741872
57.967614,5,1866.144281
57.78954,7,1866.280024
57.78954,7,1866.42906
53.212956,8,1866.767975
57.78954,7,1866.944113
57.181853,5,1867.366361
57.78954,7,1867.565703
59.099294,6,1867.7726
54.216439,4,1868.127296
59.099294,6,1868.351882
57.574733,5,1868.608766
58.510704,6,1869.039187
57.78954,7,1869.266164
58.510704,6,1869.677579
57.78954,7,1869.857934
-13.476791,3,1870.344126
54.216439,4,1870.694592
52.47599,8,1870.852916
59.099294,6,1871.077344
54.008717,4,1871.616759
53.212956,8,1871.900972
59.099294,6,1872.120258
58.510704,6,1872.602888
56.342767,7,1872.970799
53.212956,8,1873.234244
57.967614,5,1873.78889
57.574733,5,1874.223667
58.510704,6,1874.439359
58.510704,6,1874.775418
57.78954,7,1875.074371
57.967614,5,1875.344357
57.967614,5,1875.570091
-7.032386,5,1876.275246
57.922114,6,1876.707464
59.099294,6,1877.005106
57.78954,7,1877.269816
57.574733,5,1877.881189
59.099294,6,1878.227232
-13.476791,3,1878.507603
57.066154,7,1878.722175
-7.21046,7,1879.54968
58.510704,6,1879.775316
-7.21046,7,1880.553652
58.510704,6,1881.012672
57.78954,7,1881.507908
57.78954,7,1882.528879
57.922114,6,1882.946196
59.099294,6,1883.121986
-6.489296,6,1883.612012
57.78954,7,1883.886914
57.967614,5,1884.521496
59.099294,6,1884.807418
59.099294,6,1885.041631
58.510704,6,1885.332606
53.212956,8,1885.614325
-13.476791,3,1886.12962
-13.552251,3,1886.353812
54.216439,4,1886.605326
57.78954,7,1886.751314
57.574733,5,1886.949472
58.510704,6,1887.211588
57.574733,5,1887.458206
57.066154,7,1887.788236
57.967614,5,1888.277146
59.099294,6,1888.501508
57.066154,7,1888.662567
58.510704,6,1888.794583
57.78954,7,1888.917939
57.967614,5,1889.005052
58.510704,6,1889.111848
53.212956,8,1889.198969
59.099294,6,1889.357505
59.099294,6,1889.500542
57.066154,7,1889.672474
57.967614,5,1889.79642
59.099294,6,1889.915822
53.212956,8,1890.050187
57.574733,5,1890.198204
57.78954,7,1890.292776
54.216439,4,1890.460859
58.510704,6,1890.573917
57.78954,7,1890.733081
58.510704,6,1890.876365
59.099294,6,1891.044316
58.510704,6,1891.126011
57.78954,7,1891.231843
59.099294,6,1891.352103
57.066154,7,1891.453904
59.099294,6,1891.612995
57.967614,5,1891.802626
59.099294,6,1891.913461
57.78954,7,1892.02605
57.066154,7,1892.201824
-10.783561,4,1892.350441
-7.933846,7,1892.509173
57.78954,7,1892.604422
57.574733,5,1892.772777
57.574733,5,1892.976613
57.967614,5,1893.077432
57.574733,5,1893.238068
57.78954,7,1893.332547
57.78954,7,1893.518957
59.099294,6,1893.705153
59.099294,6,1893.842674
-7.425267,5,1894.006227
58.510704,6,1894.116505
57.967614,5,1894.236827
57.78954,7,1894.349733
57.066154,7,1894.456212
-7.21046,7,1894.783273
58.510704,6,1894.925741
58.510704,6,1895.017485
57.066154,7,1895.096385
57.066154,7,1895.410578
57.574733,5,1895.666397
59.099294,6,1895.967002
57.967614,5,1896.374373
-7.666476,6,1896.686064
58.510704,6,1896.851405
59.099294,6,1897.111243
57.78954,7,1897.409169
59.099294,6,1897.982123
-5.900706,6,1898.416561
57.967614,5,1898.800178
57.78954,7,1898.961143
-7.21046,7,1899.51245
57.066154,7,1899.703772
57.78954,7,1899.875832
-11.787044,8,1900.085807
53.212956,8,1900.419505
57.78954,7,1900.606668
57.78954,7,1900.771043
57.78954,7,1901.149482
57.78954,7,1901.39799
-13.552251,3,1901.634366
52.47599,8,1901.855311
57.066154,7,1902.130549
58.510704,6,1902.271966
57.967614,5,1902.57501
57.922114,6,1902.801765
58.510704,6,1902.960559
57.574733,5,1903.089335
59.099294,6,1903.186952
59.099294,6,1903.285643
-13.552251,3,1903.382937
57.78954,7,1903.579259
57.78954,7,1903.717955
57.967614,5,1903.865997
58.510704,6,1904.049204
-13.552251,3,1904.248042
57.922114,6,1904.441316
57.78954,7,1904.540804
58.510704,6,1904.732943
57.78954,7,1904.824529
59.099294,6,1904.957816
59.099294,6,1905.035863
59.099294,6,1905.12912
59.099294,6,1905.213477
58.510704,6,1905.31966
57.066154,7,1905.417724
57.066154,7,1905.532728
53.212956,8,1905.800004
59.099294,6,1905.89318
58.510704,6,1906.063111
53.212956,8,1906.183998
53.212956,8,1906.295375
59.099294,6,1906.377546
59.099294,6,1906.496151
59.099294,6,1906.603203
57.78954,7,1906.869095
-7.032386,5,1907.237762
57.78954,7,1907.398534
58.510704,6,1907.504181
-10.991283,4,1907.588333
57.78954,7,1907.71997
57.967614,5,1907.942885
58.510704,6,1908.095618
59.099294,6,1908.255228
58.510704,6,1908.370826
59.099294,6,1908.529457
57.574733,5,1908.617793
-11.199004,4,1908.705201
57.78954,7,1908.799395
58.510704,6,1908.944934
57.066154,7,1909.037541
59.099294,6,1909.153506
54.008717,4,1909.282466
53.212956,8,1909.409751
57.967614,5,1909.679339
58.510704,6,1909.802515
59.099294,6,1909.876846
57.574733,5,1909.968179
59.099294,6,1910.099534
57.967614,5,1910.236315
59.099294,6,1910.359676
57.574733,5,1910.548209
57.78954,7,1910.675823
54.008717,4,1910.877011
57.78954,7,1910.973829
57.78954,7,1911.078244
57.78954,7,1911.24914
57.967614,5,1911.499408
59.099294,6,1911.572552
58.510704,6,1911.676078
57.78954,7,1911.803992
-7.032386,5,1912.165184
-7.933846,7,1912.298237
57.78954,7,1912.388032
-5.900706,6,1912.535583
-10.991283,4,1912.646441
58.510704,6,1912.735492
57.78954,7,1912.98392
-6.489296,6,1913.380941
58.510704,6,1913.506577
57.574733,5,1913.940798
53.212956,8,1914.084213
59.099294,6,1914.27077
52.47599,8,1914.514807
-11.199004,4,1914.677734
-10.783561,4,1914.943325
59.099294,6,1915.131633
58.510704,6,1915.476658
57.967614,5,1915.870671
58.510704,6,1916.069839
57.967614,5,1916.325998
58.510704,6,1916.704294
57.967614,5,1917.112447
57.78954,7,1917.369341
57.78954,7,1917.584618
57.574733,5,1917.923233
58.510704,6,1918.271736
57.78954,7,1918.4383
58.510704,6,1918.589346
57.967614,5,1918.818547
57.78954,7,1919.023211
57.066154,7,1919.226843
59.099294,6,1919.480069
58.510704,6,1919.681559
53.212956,8,1919.875243
58.510704,6,1920.032545
59.099294,6,1920.234071
57.066154,7,1920.451868
57.78954,7,1920.699767
58.510704,6,1921.158392
59.099294,6,1921.362522
58.510704,6,1921.576667
53.212956,8,1922.278884
57.78954,7,1922.470824
-5.900706,6,1922.679566
-5.900706,6,1922.976577
53.212956,8,1923.216452
57.78954,7,1923.935854
57.181853,5,1924.280298
53.212956,8,1924.413646
57.967614,5,1924.606381
59.099294,6,1924.771842
57.066154,7,1924.964386
-10.991283,4,1925.130828
59.099294,6,1925.316131
57.78954,7,1925.570689
57.967614,5,1925.851046
53.212956,8,1926.16331
59.099294,6,1926.374291
57.066154,7,1926.66419
59.099294,6,1926.862869
57.78954,7,1927.437506
58.510704,6,1928.803657
59.099294,6,1928.966812
58.510704,6,1929.109516
58.510704,6,1929.464877
58.510704,6,1929.642303
-13.476791,3,1929.812008
58.510704,6,1930.079554
59.099294,6,1930.231147
58.510704,6,1930.437337
-7.21046,7,1930.749542
58.510704,6,1930.991659
-7.21046,7,1931.730628
57.78954,7,1932.064889
59.099294,6,1932.289466
57.574733,5,1932.670187
59.099294,6,1932.909632
57.066154,7,1933.12961
-7.032386,5,1933.869663
59.099294,6,1934.082552
57.967614,5,1934.531527
57.181853,5,1934.743536
57.78954,7,1934.990077
57.574733,5,1935.332325
57.066154,7,1935.489702
57.181853,5,1935.840434
-7.425267,5,1936.819546
59.099294,6,1937.189722
59.099294,6,1937.470711
58.510704,6,1937.788885
59.099294,6,1938.055315
58.510704,6,1938.368353
59.099294,6,1938.671097
59.099294,6,1938.886207
58.510704,6,1939.075531
58.510704,6,1939.572631
57.78954,7,1939.724279
59.099294,6,1939.85303
59.099294,6,1939.993168
54.216439,4,1940.261442
57.574733,5,1940.400656
58.510704,6,1940.49645
59.099294,6,1940.613718
57.066154,7,1940.724599
57.066154,7,1940.838933
57.967614,5,1940.954629
57.967614,5,1941.201602
57.78954,7,1941.312447
57.967614,5,1941.453789
57.78954,7,1941.538714
57.066154,7,1941.700627
59.099294,6,1941.823632
54.216439,4,1942.038387
57.78954,7,1942.14672
57.78954,7,1942.251905
57.967614,5,1942.434692
59.099294,6,1942.524717
59.099294,6,1942.701474
57.066154,7,1942.813137
59.099294,6,1942.945329
57.967614,5,1943.083591
58.510704,6,1943.169515
58.510704,6,1943.28751
59.099294,6,1943.442737
57.78954,7,1943.948856
58.510704,6,1944.130895
59.099294,6,1944.266677
57.066154,7,1944.375309
57.574733,5,1944.477098
57.066154,7,1944.638305
59.099294,6,1944.756411
57.78954,7,1944.837442
-5.900706,6,1945.243859
57.78954,7,1945.503956
59.099294,6,1945.607755
59.099294,6,1945.722042
57.066154,7,1945.889614
57.574733,5,1945.993885
57.967614,5,1946.246169
57.78954,7,1946.339771
51.739025,8,1946.554323
57.066154,7,1946.672412
59.099294,6,1946.805613
-13.627712,3,1946.882313
59.099294,6,1946.992588
57.066154,7,1947.108385
59.099294,6,1947.210679
59.099294,6,1947.337338
58.510704,6,1947.514825
53.212956,8,1947.618232
58.510704,6,1947.699601
57.78954,7,1947.799811
-7.425267,5,1947.908711
57.78954,7,1948.036203
57.922114,6,1948.360559
58.510704,6,1948.531581
57.574733,5,1948.947881
59.099294,6,1949.231399
59.099294,6,1949.40468
58.510704,6,1949.646252
59.099294,6,1949.855556
57.78954,7,1950.03725
57.78954,7,1950.25408
57.967614,5,1950.590588
-7.818147,5,1951.066092
57.78954,7,1951.241063
57.78954,7,1951.483909
57.78954,7,1951.688453
54.008717,4,1952.209684
57.574733,5,1952.742717
57.78954,7,1953.02627
-7.032386,5,1953.777416
59.099294,6,1954.039557
57.967614,5,1954.294844
59.099294,6,1954.813793
57.574733,5,1955.449795
57.78954,7,1955.690054
59.099294,6,1955.996161
57.967614,5,1956.222363
-7.032386,5,1956.853906
59.099294,6,1956.982718
57.066154,7,1957.242056
57.181853,5,1957.513489
57.78954,7,1957.715077
52.47599,8,1957.911567
57.78954,7,1958.154813
57.922114,6,1958.520295
57.181853,5,1958.868736
57.78954,7,1959.099664
58.510704,6,1959.337798
57.78954,7,1959.582809
57.78954,7,1959.8941
59.099294,6,1960.173087
57.78954,7,1960.41112
59.099294,6,1960.62976
57.78954,7,1961.696031
57.967614,5,1962.149102
57.574733,5,1962.407509
58.510704,6,1962.636763
59.099294,6,1962.79972
59.099294,6,1963.025094
58.510704,6,1963.274216
57.574733,5,1963.482971
57.574733,5,1963.755508
53.212956,8,1964.004837
59.099294,6,1964.284115
57.066154,7,1964.703841
59.099294,6,1964.93207
58.510704,6,1965.112236
57.574733,5,1965.257121
57.181853,5,1965.5208
59.099294,6,1965.804759
57.78954,7,1966.03874
59.099294,6,1966.266408
57.574733,5,1966.469936
57.967614,5,1966.709739
57.78954,7,1966.792047
57.574733,5,1966.877856
57.78954,7,1966.965526
58.510704,6,1967.061327
58.510704,6,1967.205875
59.099294,6,1967.332573
57.967614,5,1967.447344
59.099294,6,1967.608495
57.78954,7,1967.70015
57.78954,7,1967.798926
59.099294,6,1967.883183
57.574733,5,1967.994213
57.574733,5,1968.078254
58.510704,6,1968.188648
57.574733,5,1968.332441
-7.032386,5,1968.641265
-7.032386,5,1968.943765
59.099294,6,1969.031003
59.099294,6,1969.113091
57.967614,5,1969.238893
-9.742313,7,1969.481089
53.212956,8,1969.560969
57.78954,7,1969.719783
58.510704,6,1969.821218
57.066154,7,1969.985233
59.099294,6,1970.350992
53.212956,8,1970.535245
57.78954,7,1970.728358
53.212956,8,1971.077679
57.574733,5,1971.291207
58.510704,6,1971.642436
56.342767,7,1972.0038
58.510704,6,1972.310115
54.216439,4,1972.833562
57.066154,7,1973.152928
59.099294,6,1973.366341
57.181853,5,1973.723715
57.78954,7,1973.874281
59.099294,6,1974.092059
57.78954,7,1974.259257
59.099294,6,1974.518392
58.510704,6,1974.671719
54.008717,4,1974.985082
58.510704,6,1975.229941
57.78954,7,1975.430257
57.78954,7,1975.635347
59.099294,6,1975.900728
59.099294,6,1976.153633
59.099294,6,1976.365463
-5.900706,6,1976.963447
-5.900706,6,1977.127234
58.510704,6,1977.35777
57.574733,5,1977.625978
57.967614,5,1978.052406
54.216439,4,1978.384872
58.510704,6,1978.578002
52.47599,8,1978.942719
57.967614,5,1979.265961
59.099294,6,1979.494934
57.967614,5,1979.828525
58.510704,6,1980.017466
58.510704,6,1980.156306
57.78954,7,1980.384519
59.099294,6,1980.543109
57.066154,7,1980.726134
57.181853,5,1980.941939
59.099294,6,1981.436229
58.510704,6,1981.595418
-7.818147,5,1982.034373
57.066154,7,1982.440431
57.967614,5,1982.69677
59.099294,6,1982.990033
57.78954,7,1983.171335
54.216439,4,1983.380706
-7.032386,5,1983.926425
-5.900706,6,1984.676951
57.78954,7,1984.923185
58.510704,6,1985.132031
59.099294,6,1985.66178
59.099294,6,1986.01151
59.099294,6,1986.290315
57.922114,6,1986.465288
57.574733,5,1986.665982
58.510704,6,1986.929178
52.47599,8,1987.158036
58.510704,6,1987.450002
52.47599,8,1987.674494
58.510704,6,1987.860415
57.066154,7,1988.070923
57.78954,7,1988.382896
54.008717,4,1988.68472
59.099294,6,1988.929461
58.510704,6,1989.148828
57.922114,6,1989.470179
-10.783561,4,1990.143194
57.574733,5,1990.325528
57.78954,7,1991.275671
52.47599,8,1991.608034
57.78954,7,1991.861423
-12.52401,8,1992.088925
59.099294,6,1992.369852
57.967614,5,1992.543438
59.099294,6,1992.806114
57.78954,7,1992.9386
-7.933846,7,1993.221215
57.066154,7,1993.500508
59.099294,6,1993.782763
57.574733,5,1993.93475
57.78954,7,1994.095341
57.574733,5,1994.383657
58.510704,6,1994.730387
57.922114,6,1994.993793
52.47599,8,1995.239177
59.099294,6,1995.374231
59.099294,6,1995.516819
59.099294,6,1995.649427
57.574733,5,1995.760358
-11.199004,4,1995.856317
58.510704,6,1996.076494
57.967614,5,1996.202862
58.510704,6,1996.307201
57.574733,5,1996.469869
57.967614,5,1996.601004
58.510704,6,1996.678625
54.216439,4,1996.924165
57.967614,5,1997.090487
57.967614,5,1997.292407
57.574733,5,1997.484935
57.066154,7,1997.618702
-7.818147,5,1997.848193
59.099294,6,1998.105987
58.510704,6,1998.224065
57.78954,7,1998.324478
57.78954,7,1998.404815
57.967614,5,1998.535876
57.78954,7,1998.670165
57.574733,5,1998.884859
57.066154,7,1998.966679
58.510704,6,1999.066007
59.099294,6,1999.157779
59.099294,6,1999.251148
57.78954,7,1999.357324
59.099294,6,1999.454092
-7.077886,6,1999.589222
59.099294,6,1999.749108
58.510704,6,1999.866117
54.008717,4,2000.109457
57.574733,5,2000.297383
58.510704,6,2000.545428
-7.21046,7,2000.808314
57.066154,7,2000.96749
57.78954,7,2001.157864
57.78954,7,2001.998185
57.78954,7,2002.161253
57.78954,7,2002.478286
59.099294,6,2002.658996
57.066154,7,2003.039657
59.099294,6,2003.281574
54.008717,4,2003.750634
59.099294,6,2004.081138
57.574733,5,2004.540683
57.066154,7,2004.881218
58.510704,6,2005.200454
57.78954,7,2005.442055
59.099294,6,2005.738542
-6.489296,6,2006.408179
58.510704,6,2006.673054
59.099294,6,2007.060443
57.78954,7,2007.252278
59.099294,6,2007.44699
57.78954,7,2007.714821
58.510704,6,2007.874727
59.099294,6,2008.187717
59.099294,6,2008.43909
57.574733,5,2008.665121
57.574733,5,2008.889611
57.967614,5,2009.225697
59.099294,6,2009.421847
57.967614,5,2009.765614
57.066154,7,2010.023838
-7.032386,5,2010.792192
57.78954,7,2010.990469
59.099294,6,2011.274977
56.342767,7,2011.644616
58.510704,6,2011.873827
-5.900706,6,2013.407375
59.099294,6,2014.001261
-6.489296,6,2015.339718
-10.783561,4,2016.022659
53.212956,8,2016.562515
59.099294,6,2016.926878
57.78954,7,2017.448528
59.099294,6,2017.651757
57.967614,5,2018.12164
53.212956,8,2018.3393
-6.489296,6,2019.045438
58.510704,6,2019.226633
57.967614,5,2019.592159
59.099294,6,2019.799373
57.967614,5,2020.302861
57.78954,7,2020.537161
57.181853,5,2020.895495
57.967614,5,2021.122723
53.212956,8,2021.371942
57.78954,7,2021.595296
57.922114,6,2022.029837
58.510704,6,2022.201067
57.574733,5,2022.647542
57.78954,7,2022.883654
57.78954,7,2023.089237
57.066154,7,2023.324824
54.216439,4,2023.579623
59.099294,6,2023.803544
57.967614,5,2024.067556
58.510704,6,2024.250675
57.574733,5,2024.524611
57.78954,7,2024.81865
59.099294,6,2025.04508
59.099294,6,2025.214996
57.78954,7,2025.393583
57.78954,7,2025.561492
57.78954,7,2025.719291
58.510704,6,2026.152299
57.574733,5,2026.520866
-10.991283,4,2027.024189
57.78954,7,2027.248448
57.066154,7,2027.511149
52.47599,8,2027.773165
57.574733,5,2028.07876
59.099294,6,2028.323814
57.967614,5,2028.669276
57.78954,7,2029.263262
58.510704,6,2029.547294
57.066154,7,2029.969126
57.066154,7,2030.17484
57.78954,7,2030.384895
-7.21046,7,2030.768393
57.922114,6,2031.165212
57.066154,7,2031.490879
57.78954,7,2031.787116
57.066154,7,2032.053229
57.066154,7,2032.267157
59.099294,6,2032.53383
59.099294,6,2032.809752
57.967614,5,2033.1953
59.099294,6,2033.453055
57.967614,5,2033.603857
54.008717,4,2033.869298
58.510704,6,2034.249022
57.574733,5,2034.475023
58.510704,6,2034.654473
59.099294,6,2034.893794
59.099294,6,2035.148162
57.78954,7,2035.494845
59.099294,6,2035.794592
58.510704,6,2036.004082
54.216439,4,2036.544904
59.099294,6,2037.062043
57.181853,5,2037.44261
57.574733,5,2037.741278
57.574733,5,2037.941823
58.510704,6,2038.130044
59.099294,6,2038.281213
59.099294,6,2038.436642
57.574733,5,2038.811943
59.099294,6,2039.09695
58.510704,6,2039.277853
57.78954,7,2039.469209
-11.199004,4,2039.667266
58.510704,6,2039.864168
57.78954,7,2040.265399
57.922114,6,2040.491131
58.510704,6,2040.787086
57.78954,7,2041.017208
57.574733,5,2041.273794
58.510704,6,2041.500854
-7.425267,5,2042.20827
59.099294,6,2042.557991
59.099294,6,2042.755047
-11.199004,4,2042.983516
54.008717,4,2043.552021
57.066154,7,2044.09956
57.066154,7,2044.432098
58.510704,6,2044.98733
57.967614,5,2045.419203
59.099294,6,2045.618185
58.510704,6,2045.825489
59.099294,6,2046.063608
57.066154,7,2046.250984
57.78954,7,2046.440555
57.967614,5,2046.600833
57.066154,7,2046.819716
57.066154,7,2047.044709
57.066154,7,2047.191174
-7.818147,5,2047.721049
58.510704,6,2047.923949
57.967614,5,2048.302893
57.574733,5,2048.653612
59.099294,6,2048.854172
57.78954,7,2049.129184
57.066154,7,2049.464485
59.099294,6,2049.790259
57.78954,7,2050.129746
58.510704,6,2050.455322
58.510704,6,2050.755754
57.574733,5,2050.937864
57.78954,7,2051.129596
58.510704,6,2051.268926
58.510704,6,2051.696256
57.78954,7,2051.947223
57.78954,7,2052.156186
57.574733,5,2052.373772
57.574733,5,2052.593888
57.78954,7,2053.449143
57.922114,6,2053.667308
57.78954,7,2053.814269
57.066154,7,2054.247083
53.212956,8,2054.466236
57.066154,7,2054.639281
59.099294,6,2054.804508
59.099294,6,2054.966897
57.574733,5,2055.158167
57.78954,7,2055.371938
58.510704,6,2055.559366
54.008717,4,2055.849431
57.922114,6,2056.038839
54.216439,4,2056.347687
57.78954,7,2056.563754
57.78954,7,2056.777878
58.510704,6,2056.961489
58.510704,6,2057.255793
57.574733,5,2057.548039
57.78954,7,2057.776524
58.510704,6,2058.153034
57.066154,7,2058.404247
57.066154,7,2058.698414
57.574733,5,2058.921421
58.510704,6,2059.101025
-6.489296,6,2059.481949
57.967614,5,2059.783843
57.066154,7,2059.966505
53.212956,8,2060.137339
57.78954,7,2060.451509
58.510704,6,2060.68235
57.066154,7,2060.916813
57.967614,5,2061.290265
57.066154,7,2061.752423
57.967614,5,2062.059038
58.510704,6,2062.265608
57.78954,7,2062.514034
58.510704,6,2062.692079
58.510704,6,2062.955382
59.099294,6,2063.172827
59.099294,6,2063.390307
58.510704,6,2063.548445
59.099294,6,2063.811885
58.510704,6,2063.97941
57.78954,7,2064.245955
59.099294,6,2064.506862
59.099294,6,2064.690077
59.099294,6,2064.92162
-11.787044,8,2065.107786
59.099294,6,2065.486173
59.099294,6,2065.682168
59.099294,6,2065.912004
59.099294,6,2066.171404
-7.425267,5,2067.268781
53.212956,8,2067.539023
-7.425267,5,2067.917384
58.510704,6,2068.095775
53.212956,8,2068.417138
57.066154,7,2068.611101
57.967614,5,2068.895505
59.099294,6,2069.094344
59.099294,6,2069.260472
56.342767,7,2069.612397
59.099294,6,2069.8059
58.510704,6,2070.034348
57.574733,5,2070.285153
53.212956,8,2070.549867
59.099294,6,2070.959448
54.008717,4,2071.332263
58.510704,6,2071.598639
57.574733,5,2071.974381
-11.199004,4,2072.153322
57.967614,5,2072.506469
58.510704,6,2072.713606
57.574733,5,2072.925715
58.510704,6,2073.080075
53.212956,8,2073.228211
58.510704,6,2073.499734
57.574733,5,2073.781754
59.099294,6,2074.008106
57.574733,5,2074.289657
59.099294,6,2074.559721
57.78954,7,2075.106935
57.066154,7,2075.474453
59.099294,6,2075.751709
57.574733,5,2076.218813
57.967614,5,2076.434785
59.099294,6,2076.714002
57.181853,5,2077.018839
57.967614,5,2077.358661
57.066154,7,2077.761336
57.78954,7,2077.853797
57.78954,7,2077.978484
57.967614,5,2078.194066
57.066154,7,2078.279251
57.78954,7,2078.4263
58.510704,6,2078.540285
57.78954,7,2078.714411
57.78954,7,2078.815247
59.099294,6,2078.913809
59.099294,6,2079.081924
57.574733,5,2079.202476
57.78954,7,2079.31636
58.510704,6,2079.406693
59.099294,6,2079.529908
57.78954,7,2079.634264
58.510704,6,2079.761978
57.574733,5,2079.868884
56.342767,7,2080.071189
59.099294,6,2080.252265
59.099294,6,2080.387838
59.099294,6,2080.503355
57.967614,5,2080.63755
59.099294,6,2080.72359
59.099294,6,2080.889954
58.510704,6,2080.985157
57.574733,5,2081.286032
59.099294,6,2081.369731
58.510704,6,2081.452552
57.574733,5,2081.550638
57.78954,7,2081.63462
57.066154,7,2081.725447
57.78954,7,2081.838765
57.066154,7,2081.923978
57.78954,7,2082.024614
57.78954,7,2082.126909
57.78954,7,2082.225076
58.510704,6,2082.400234
58.510704,6,2082.564032
57.78954,7,2082.68747
57.78954,7,2082.804097
-10.991283,4,2082.916862
57.78954,7,2082.999367
58.510704,6,2083.087735
59.099294,6,2083.211405
52.47599,8,2083.304703
59.099294,6,2083.438991
57.78954,7,2083.521645
58.510704,6,2083.628252
57.574733,5,2083.829353
-11.199004,4,2084.023782
-10.783561,4,2084.335468
57.574733,5,2084.68402
59.099294,6,2084.90951
57.066154,7,2085.185944
57.066154,7,2085.373693
57.181853,5,2085.854957
57.967614,5,2086.187001
59.099294,6,2086.458517
59.099294,6,2086.816826
57.78954,7,2086.994179
51.739025,8,2087.233925
57.967614,5,2087.613474
59.099294,6,2087.787678
-10.991283,4,2088.01861
59.099294,6,2088.286661
58.510704,6,2088.537107
58.510704,6,2088.708876
-7.032386,5,2089.406958
51.447749,3,2089.914207
57.78954,7,2090.110282
54.008717,4,2090.512617
59.099294,6,2090.773529
57.066154,7,2090.972031
58.510704,6,2091.119285
57.574733,5,2091.441697
57.967614,5,2091.787095
53.212956,8,2091.99982
57.066154,7,2092.227268
59.099294,6,2092.406815
57.967614,5,2092.883795
57.574733,5,2093.191548
58.510704,6,2093.406618
59.099294,6,2093.605463
59.099294,6,2093.89372
57.78954,7,2094.161449
58.510704,6,2094.339916
57.78954,7,2094.579464
-7.21046,7,2094.791502
57.78954,7,2094.985467
58.510704,6,2095.208436
-7.666476,6,2095.682171
57.574733,5,2096.058199
59.099294,6,2096.327496
59.099294,6,2096.625948
57.78954,7,2096.837771
53.212956,8,2097.045317
59.099294,6,2097.341857
59.099294,6,2097.608952
57.574733,5,2097.827031
59.099294,6,2098.115301
57.574733,5,2098.311581
58.510704,6,2098.545806
58.510704,6,2098.788677
59.099294,6,2099.08232
57.181853,5,2099.464487
57.967614,5,2099.729961
57.066154,7,2099.900084
57.066154,7,2100.067582
57.066154,7,2100.289342
-5.900706,6,2100.897148
59.099294,6,2101.169935
58.510704,6,2101.371591
57.78954,7,2101.529269
57.066154,7,2101.735545
57.574733,5,2101.958616
59.099294,6,2102.287339
-7.21046,7,2102.88694
57.066154,7,2103.079033
57.78954,7,2104.459097
59.099294,6,2104.769449
59.099294,6,2104.980742
57.181853,5,2105.285116
58.510704,6,2105.565509
57.78954,7,2105.765504
53.212956,8,2106.019317
57.967614,5,2106.257677
57.922114,6,2106.833748
57.78954,7,2107.019801
58.510704,6,2107.175286
54.216439,4,2107.431595
57.066154,7,2107.720128
59.099294,6,2108.025218
59.099294,6,2108.338976
59.099294,6,2108.729397
57.574733,5,2108.947708
57.967614,5,2109.31708
57.78954,7,2109.490317
-10.991283,4,2110.000702
58.510704,6,2110.195199
59.099294,6,2110.45438
58.510704,6,2110.642501
59.099294,6,2111.140002
58.510704,6,2111.399386
59.099294,6,2111.665882
59.099294,6,2111.952428
58.510704,6,2112.259124
58.510704,6,2112.384265
57.574733,5,2112.790459
57.78954,7,2113.00951
-5.900706,6,2113.638164
57.066154,7,2113.891801
57.922114,6,2114.274517
59.099294,6,2114.558252
57.78954,7,2115.036477
-7.21046,7,2115.363361
58.510704,6,2115.673663
58.510704,6,2116.029097
58.510704,6,2116.437377
59.099294,6,2116.66233
57.066154,7,2116.988528
58.510704,6,2117.193087
58.510704,6,2117.474822
57.066154,7,2117.730182
59.099294,6,2117.967919
57.967614,5,2118.326576
57.066154,7,2118.614445
57.967614,5,2119.165299
58.510704,6,2119.552377
59.099294,6,2119.765946
59.099294,6,2120.048899
-6.489296,6,2120.667906
52.47599,8,2120.85758
59.099294,6,2121.113569
57.967614,5,2121.353373
58.510704,6,2121.789598
57.967614,5,2122.164095
59.099294,6,2122.495167
59.099294,6,2122.855848
58.510704,6,2123.184876
57.78954,7,2123.503367
57.574733,5,2123.72931
59.099294,6,2124.210968
54.216439,4,2124.552855
57.066154,7,2124.787483
-11.199004,4,2125.154576
57.78954,7,2125.543442
58.510704,6,2126.030425
57.78954,7,2126.467716
57.066154,7,2127.000022
53.212956,8,2127.398231
57.574733,5,2127.778933
57.78954,7,2128.179256
58.510704,6,2128.467011
58.510704,6,2128.862612
57.78954,7,2129.102267
57.78954,7,2129.429374
58.510704,6,2129.731046
57.574733,5,2130.178277
59.099294,6,2130.454962
58.510704,6,2130.686987
57.78954,7,2131.056085
57.78954,7,2131.244808
57.066154,7,2131.602208
57.574733,5,2132.050742
57.574733,5,2132.603113
59.099294,6,2132.821875
58.510704,6,2133.027324
57.574733,5,2133.295659
57.78954,7,2133.542623
57.574733,5,2133.757172
58.510704,6,2134.024174
58.510704,6,2134.19434
57.066154,7,2134.376512
57.574733,5,2134.563597
59.099294,6,2134.727662
58.510704,6,2134.951984
58.510704,6,2135.345647
57.78954,7,2135.613449
58.510704,6,2136.035122
57.574733,5,2136.512257
57.574733,5,2136.739844
58.510704,6,2137.035287
57.066154,7,2137.342466
59.099294,6,2137.601652
57.922114,6,2137.849986
58.510704,6,2138.131178
59.099294,6,2138.449592
57.181853,5,2138.762661
59.099294,6,2139.000986
57.78954,7,2139.222364
-7.425267,5,2139.506261
-10.783561,4,2139.983965
59.099294,6,2140.220929
59.099294,6,2140.414042
57.78954,7,2140.581002
59.099294,6,2140.74144
-10.783561,4,2141.01325
58.510704,6,2141.100321
57.967614,5,2141.250186
57.066154,7,2141.423574
57.066154,7,2141.548441
57.967614,5,2141.768744
59.099294,6,2141.856808
58.510704,6,2141.977604
58.510704,6,2142.098183
52.47599,8,2142.278434
58.510704,6,2142.719746
58.510704,6,2142.882338
59.099294,6,2143.155643
57.967614,5,2143.540199
57.78954,7,2143.759306
53.090717,4,2144.030482
58.510704,6,2144.145509
-7.818147,5,2144.236737
-6.489296,6,2144.340604
57.78954,7,2144.499256
58.510704,6,2144.623856
57.78954,7,2144.765026
58.079294,6,2144.913271
57.78954,7,2145.021309
59.099294,6,2145.148543
58.510704,6,2145.379646
-10.991283,4,2145.597191
59.099294,6,2145.847643
57.574733,5,2146.229206
59.099294,6,2146.46049
59.099294,6,2146.841537
54.008717,4,2147.187086
-7.933846,7,2147.427485
59.099294,6,2147.572783
57.574733,5,2147.789992
57.066154,7,2148.088611
58.510704,6,2148.471138
57.574733,5,2148.849861
57.967614,5,2149.096254
59.099294,6,2149.269802
-10.991283,4,2149.79113
-6.489296,6,2149.99507
58.510704,6,2150.151452
58.510704,6,2150.572259
59.099294,6,2150.767964
57.574733,5,2151.178101
59.099294,6,2151.421053
58.510704,6,2151.835517
57.78954,7,2152.084569
57.967614,5,2152.334141
57.574733,5,2152.552367
57.066154,7,2152.923044
59.099294,6,2153.189109
57.78954,7,2153.445928
57.574733,5,2153.604362
-10.991283,4,2153.942726
58.510704,6,2154.100137
57.066154,7,2154.382225
59.099294,6,2154.546824
58.510704,6,2154.747244
59.099294,6,2155.050713
-10.991283,4,2155.217362
54.216439,4,2155.52501
59.099294,6,2155.689206
59.099294,6,2155.851384
58.510704,6,2156.28742
59.099294,6,2156.593595
57.574733,5,2156.99443
57.78954,7,2157.165441
57.78954,7,2157.335502
58.510704,6,2157.563568
53.212956,8,2157.790187
57.967614,5,2158.040909
57.967614,5,2158.339283
57.78954,7,2158.535259
57.967614,5,2158.77736
57.78954,7,2159.073905
58.510704,6,2159.254966
58.510704,6,2159.745488
58.510704,6,2159.97106
59.099294,6,2160.440927
57.574733,5,2160.817484
57.574733,5,2161.130815
57.967614,5,2161.431515
57.066154,7,2161.687033
52.47599,8,2161.984197
57.574733,5,2162.424953
58.510704,6,2162.592744
59.099294,6,2163.122293
57.574733,5,2163.485195
54.008717,4,2163.98856
57.967614,5,2164.300256
57.574733,5,2164.65818
57.967614,5,2165.005055
52.47599,8,2165.159963
57.066154,7,2165.485653
57.922114,6,2165.860109
58.510704,6,2166.055676
57.574733,5,2166.251127
57.574733,5,2166.525598
59.099294,6,2166.755086
58.510704,6,2167.151037
59.099294,6,2167.434204
57.181853,5,2167.908755
59.099294,6,2168.075166
57.967614,5,2168.289397
57.574733,5,2168.638681
57.78954,7,2168.870949
59.099294,6,2169.102633
57.066154,7,2169.289779
57.066154,7,2169.439227
57.967614,5,2169.705528
-10.991283,4,2169.966047
-7.818147,5,2170.414927
57.574733,5,2170.5853
59.099294,6,2170.792359
57.78954,7,2171.00664
57.574733,5,2171.413817
52.47599,8,2171.827854
58.510704,6,2172.059944
59.099294,6,2172.283635
57.066154,7,2172.546974
-6.489296,6,2173.330316
59.099294,6,2173.542803
59.099294,6,2173.805025
57.78954,7,2173.990422
57.78954,7,2174.308386
57.78954,7,2174.593585
58.510704,6,2174.750389
59.099294,6,2175.003942
54.216439,4,2175.371445
56.342767,7,2175.788604
-7.032386,5,2176.494367
59.099294,6,2176.748475
57.574733,5,2177.007689
-7.425267,5,2177.816984
57.78954,7,2178.146632
59.099294,6,2178.530972
-7.21046,7,2179.508265
57.967614,5,2179.748624
57.066154,7,2179.901801
59.099294,6,2180.076374
59.099294,6,2180.239467
58.510704,6,2180.457339
58.510704,6,2180.617907
57.574733,5,2180.810495
57.066154,7,2180.969275
57.967614,5,2181.16558
57.066154,7,2181.356886
58.510704,6,2181.472996
57.78954,7,2181.574929
58.510704,6,2181.668705
59.099294,6,2181.860552
59.099294,6,2182.032775
58.510704,6,2182.118929
56.342767,7,2182.311308
58.510704,6,2182.39571
-6.489296,6,2183.040932
57.78954,7,2183.454205
57.967614,5,2183.996434
59.099294,6,2184.393961
58.510704,6,2184.658099
59.099294,6,2184.955762
59.099294,6,2185.324973
58.510704,6,2185.561237
57.066154,7,2186.0236
59.099294,6,2186.497905
57.78954,7,2186.898514
59.099294,6,2187.40758
57.574733,5,2187.674806
-7.032386,5,2188.418327
59.099294,6,2188.727838
57.066154,7,2189.054868
57.066154,7,2189.359149
-10.783561,4,2189.683955
57.574733,5,2189.924838
58.510704,6,2190.167354
-6.489296,6,2190.718301
57.967614,5,2191.018169
57.066154,7,2191.299361
59.099294,6,2191.583884
-10.991283,4,2192.112929
59.099294,6,2192.367987
57.967614,5,2192.878753
57.967614,5,2193.489185
59.099294,6,2193.818792
57.967614,5,2194.181054
57.066154,7,2194.407558
57.967614,5,2194.751991
59.099294,6,2194.987672
57.78954,7,2195.263445
57.066154,7,2195.531845
58.510704,6,2195.781633
-7.21046,7,2196.042936
57.574733,5,2196.224738
57.967614,5,2196.499004
59.099294,6,2196.679726
54.216439,4,2197.037879
59.099294,6,2197.221499
58.510704,6,2197.496342
57.967614,5,2197.710817
57.78954,7,2197.862184
57.574733,5,2198.040712
57.066154,7,2198.411562
59.099294,6,2198.655449
57.922114,6,2198.86143
58.510704,6,2199.075227
58.510704,6,2199.294739
57.181853,5,2199.580102
58.510704,6,2199.827267
59.099294,6,2199.998857
58.510704,6,2200.251016
57.574733,5,2200.579622
57.967614,5,2200.828363
59.099294,6,2201.032765
59.099294,6,2201.25512
57.574733,5,2201.618079
59.099294,6,2201.979464
57.066154,7,2202.218972
57.574733,5,2202.597072
57.574733,5,2202.984475
57.922114,6,2203.14613
57.78954,7,2203.346051
59.099294,6,2203.629378
57.967614,5,2203.802167
59.099294,6,2204.049452
57.78954,7,2204.377306
57.574733,5,2204.771269
59.099294,6,2206.131241
57.78954,7,2206.480982
59.099294,6,2206.790579
58.510704,6,2207.052453
58.510704,6,2207.395266
58.510704,6,2207.63189
57.967614,5,2207.98496
57.967614,5,2208.139658
57.574733,5,2208.56119
59.099294,6,2208.806221
-10.991283,4,2209.29317
58.510704,6,2209.589105
57.78954,7,2209.820402
58.510704,6,2210.131699
57.78954,7,2210.393364
58.510704,6,2210.559998
57.967614,5,2210.836111
59.099294,6,2211.055027
57.78954,7,2211.213944
59.099294,6,2211.437365
57.78954,7,2211.92812
59.099294,6,2212.0879
57.967614,5,2212.313685
59.099294,6,2212.49011
59.099294,6,2212.795097
57.574733,5,2213.144475
-10.991283,4,2213.373467
57.574733,5,2213.676515
59.099294,6,2213.929217
57.574733,5,2214.171841
58.510704,6,2214.345597
59.099294,6,2214.606775
57.78954,7,2214.815352
58.510704,6,2215.251169
57.574733,5,2215.635307
58.510704,6,2215.989203
57.967614,5,2216.17708
59.099294,6,2216.479033
57.78954,7,2216.657404
-12.52401,8,2217.508078
58.510704,6,2217.716581
58.510704,6,2217.934286
59.099294,6,2218.122981
57.574733,5,2218.33633
-7.21046,7,2218.584873
57.78954,7,2218.747021
58.510704,6,2218.905893
58.510704,6,2219.116527
57.574733,5,2219.403223
57.78954,7,2219.554501
53.212956,8,2219.768034
58.510704,6,2219.981357
57.066154,7,2220.343149
59.099294,6,2220.536887
57.181853,5,2220.949076
57.066154,7,2221.159234
59.099294,6,2221.486714
54.216439,4,2221.68929
59.099294,6,2221.941085
57.78954,7,2222.055905
59.099294,6,2222.240079
58.510704,6,2222.354785
58.510704,6,2222.56903
58.510704,6,2222.671564
54.216439,4,2222.907821
59.099294,6,2223.061413
59.099294,6,2223.194331
58.510704,6,2223.337595
57.574733,5,2223.524514
58.510704,6,2223.729729
57.066154,7,2223.950975
57.78954,7,2224.101913
57.78954,7,2224.330263
59.099294,6,2224.438618
58.510704,6,2224.575523
57.574733,5,2224.79376
57.78954,7,2224.924204
57.922114,6,2225.128303
58.510704,6,2225.253418
57.066154,7,2225.459066
58.510704,6,2225.589476
58.510704,6,2225.756197
59.099294,6,2225.890456
57.574733,5,2226.104973
59.099294,6,2226.244694
54.216439,4,2226.358789
57.967614,5,2226.566673
57.574733,5,2226.826397
58.510704,6,2227.014606
57.574733,5,2227.342233
59.099294,6,2227.504344
59.099294,6,2227.697454
58.510704,6,2228.120521
57.574733,5,2228.355942
57.78954,7,2229.079605
57.574733,5,2229.426131
58.510704,6,2229.567162
57.78954,7,2229.739168
57.78954,7,2229.934191
59.099294,6,2230.146909
57.78954,7,2230.318649
59.099294,6,2230.464711
57.78954,7,2230.68336
57.574733,5,2230.996408
58.510704,6,2231.133774
58.510704,6,2231.378533
57.78954,7,2231.618955
-7.077886,6,2232.276442
57.78954,7,2232.50043
59.099294,6,2232.856429
-10.991283,4,2233.387018
-10.783561,4,2233.710893
59.099294,6,2234.02176
59.099294,6,2234.292053
58.510704,6,2234.482074
57.066154,7,2234.730403
57.967614,5,2235.28985
58.510704,6,2235.493171
57.78954,7,2235.744725
-7.21046,7,2236.382271
56.342767,7,2236.722369
58.510704,6,2236.915578
58.510704,6,2237.111912
59.099294,6,2237.510003
-5.900706,6,2237.881946
59.099294,6,2238.252461
57.574733,5,2238.506694
59.099294,6,2238.750251
59.099294,6,2239.198112
57.78954,7,2239.49756
-7.077886,6,2239.80114
57.78954,7,2240.357884
59.099294,6,2240.607666
57.066154,7,2241.055789
59.099294,6,2241.661904
57.78954,7,2241.9093
-5.900706,6,2242.143343
58.510704,6,2242.443702
58.510704,6,2242.720145
58.510704,6,2243.221493
57.967614,5,2243.656728
57.967614,5,2244.279403
59.099294,6,2244.6689
59.099294,6,2245.004133
52.47599,8,2245.31358
57.967614,5,2245.777843
-6.489296,6,2246.149003
57.574733,5,2246.38477
57.066154,7,2246.688137
57.066154,7,2246.908053
59.099294,6,2247.199955
59.099294,6,2247.393126
58.510704,6,2247.715167
57.78954,7,2247.960162
59.099294,6,2248.227895
58.510704,6,2248.502533
58.510704,6,2248.720227
-7.21046,7,2249.107937
59.099294,6,2249.545093
57.967614,5,2249.790883
58.510704,6,2250.243433
57.066154,7,2250.614566
57.574733,5,2250.852811
57.967614,5,2251.218443
57.78954,7,2251.508484
59.099294,6,2251.930478
59.099294,6,2252.228411
58.510704,6,2252.542024
59.099294,6,2253.022239
58.510704,6,2253.186922
57.574733,5,2253.550961
59.099294,6,2253.782147
58.510704,6,2254.014692
-7.21046,7,2254.750545
52.47599,8,2255.004653
59.099294,6,2255.243921
57.78954,7,2255.40799
54.216439,4,2255.751228
59.099294,6,2255.936731
57.066154,7,2256.097872
57.967614,5,2256.352877
59.099294,6,2256.528934
57.78954,7,2257.517083
-7.425267,5,2257.735944
59.099294,6,2258.042719
-7.818147,5,2258.472394
58.510704,6,2258.628016
57.78954,7,2258.901653
58.510704,6,2259.111137
59.099294,6,2259.436489
58.510704,6,2259.661934
57.574733,5,2259.941281
58.510704,6,2260.283874
54.216439,4,2260.486315
57.78954,7,2260.678564
59.099294,6,2261.003493
58.510704,6,2261.234297
59.099294,6,2261.499895
-7.21046,7,2261.868061
57.78954,7,2262.002398
58.510704,6,2262.173651
57.574733,5,2262.426514
58.510704,6,2262.554111
58.510704,6,2262.778848
57.574733,5,2262.893586
59.099294,6,2263.000731
57.78954,7,2263.132288
58.510704,6,2263.381387
58.510704,6,2263.611618
58.510704,6,2263.901446
54.008717,4,2264.228117
57.066154,7,2264.455279
59.099294,6,2264.612084
57.78954,7,2264.843806
57.181853,5,2265.031164
59.099294,6,2265.209767
57.78954,7,2265.675245
57.78954,7,2265.863798
57.78954,7,2266.028781
58.510704,6,2266.375105
59.099294,6,2266.602393
57.78954,7,2266.810466
59.099294,6,2267.057523
57.922114,6,2267.398135
58.510704,6,2267.624192
59.099294,6,2267.900742
59.099294,6,2268.07217
57.574733,5,2268.494598
57.78954,7,2268.755348
53.212956,8,2269.036205
57.574733,5,2269.358822
58.510704,6,2269.617451
57.78954,7,2269.852475
58.510704,6,2270.082552
-7.032386,5,2270.873756
57.066154,7,2271.045817
57.574733,5,2271.306778
58.510704,6,2271.584085
57.066154,7,2271.856107
57.967614,5,2272.095225
59.099294,6,2272.320271
57.574733,5,2272.595637
57.78954,7,2272.871083
59.099294,6,2273.116985
58.510704,6,2273.273745
59.099294,6,2273.525816
58.510704,6,2273.852518
59.099294,6,2274.093815
58.510704,6,2274.388498
59.099294,6,2274.678137
59.099294,6,2274.83151
57.574733,5,2275.126472
58.510704,6,2275.37683
57.574733,5,2275.665978
59.099294,6,2275.862529
57.574733,5,2276.135785
57.78954,7,2276.380035
57.78954,7,2276.607771
59.099294,6,2276.809108
59.099294,6,2277.062487
58.510704,6,2277.407444
57.78954,7,2277.650884
57.574733,5,2277.826087
57.78954,7,2278.093717
57.78954,7,2278.752855
57.574733,5,2278.983193
58.510704,6,2279.125152
57.066154,7,2279.297312
58.510704,6,2279.490507
59.099294,6,2279.661457
59.099294,6,2279.89203
57.967614,5,2280.099576
57.78954,7,2280.267668
57.574733,5,2280.502179
57.78954,7,2281.339539
58.510704,6,2281.470674
57.78954,7,2281.759645
59.099294,6,2281.858986
58.510704,6,2281.997107
-5.900706,6,2282.301411
57.967614,5,2282.431502
57.574733,5,2282.672558
57.78954,7,2282.760947
58.510704,6,2282.906474
58.510704,6,2283.104959
58.510704,6,2283.298568
59.099294,6,2283.485806
59.099294,6,2283.661449
58.510704,6,2283.771723
58.510704,6,2283.990746
57.066154,7,2284.09952
58.510704,6,2284.204772
57.574733,5,2284.358012
59.099294,6,2284.448227
59.099294,6,2284.716988
59.099294,6,2284.992038
57.574733,5,2285.227941
58.510704,6,2285.455195
58.510704,6,2285.641806
58.510704,6,2285.841571
59.099294,6,2286.092713
57.78954,7,2286.439815
58.510704,6,2286.717798
57.78954,7,2286.895439
59.099294,6,2287.045427
59.099294,6,2287.297018
57.066154,7,2287.545903
57.574733,5,2288.01323
57.78954,7,2288.364132
57.066154,7,2288.583064
58.510704,6,2288.801309
59.099294,6,2289.009682
58.510704,6,2289.452233
59.099294,6,2289.922614
58.510704,6,2290.211845
57.78954,7,2290.451294
57.78954,7,2290.62285
59.099294,6,2290.780193
57.78954,7,2291.035437
59.099294,6,2291.280253
58.510704,6,2291.472759
58.510704,6,2291.754096
58.510704,6,2292.015409
57.066154,7,2292.352058
-7.032386,5,2293.151211
57.574733,5,2293.48753
57.78954,7,2293.657434
58.510704,6,2293.881732
59.099294,6,2294.272421
54.008717,4,2294.721755
58.510704,6,2295.024229
57.967614,5,2295.295304
57.78954,7,2295.559102
58.510704,6,2295.996167
-6.489296,6,2296.591691
59.099294,6,2296.707837
59.099294,6,2296.848317
57.574733,5,2297.096734
58.510704,6,2297.292801
57.967614,5,2297.5488
59.099294,6,2298.492093
-10.783561,4,2298.688075
57.967614,5,2298.81101
59.099294,6,2298.913123
57.967614,5,2299.147604
59.099294,6,2299.234335
57.574733,5,2299.344239
-5.900706,6,2299.579151
59.099294,6,2299.703137
58.510704,6,2299.805046
58.510704,6,2299.935718
-8.407468,5,2300.019501
58.510704,6,2300.228798
59.099294,6,2300.497176
59.099294,6,2300.670949
59.099294,6,2300.80479
58.510704,6,2300.929742
58.510704,6,2301.153141
58.510704,6,2301.321538
57.78954,7,2301.489434
59.099294,6,2301.688856
59.099294,6,2301.867896
58.510704,6,2301.988304
57.967614,5,2302.137981
58.510704,6,2302.230354
-7.818147,5,2302.342911
58.510704,6,2302.457507
57.066154,7,2302.581286
57.574733,5,2302.750703
58.510704,6,2302.952194
-7.21046,7,2303.421612
58.510704,6,2303.762652
59.099294,6,2304.12695
58.510704,6,2304.420627
59.099294,6,2304.590509
58.510704,6,2304.805064
59.099294,6,2305.112988
59.099294,6,2305.345911
57.78954,7,2305.612421
54.216439,4,2305.95464
58.510704,6,2306.153502
58.510704,6,2306.417764
59.099294,6,2306.900817
57.181853,5,2307.185215
54.008717,4,2307.455086
59.099294,6,2307.657411
58.510704,6,2307.851835
59.099294,6,2308.127735
-10.783561,4,2308.420921
57.574733,5,2308.6821
57.574733,5,2308.90219
58.510704,6,2309.112084
58.510704,6,2309.422068
58.510704,6,2309.783368
57.967614,5,2310.08744
59.099294,6,2310.350398
58.510704,6,2310.563406
59.099294,6,2310.785891
58.510704,6,2310.999266
58.510704,6,2311.175355
58.510704,6,2311.575029
57.574733,5,2311.957301
57.78954,7,2312.212486
57.574733,5,2312.38908
57.181853,5,2312.817621
59.099294,6,2313.116377
59.099294,6,2313.417349
57.78954,7,2313.750032
59.099294,6,2314.083037
59.099294,6,2314.311407
58.510704,6,2314.610548
58.510704,6,2314.732508
58.510704,6,2314.835341
59.099294,6,2315.068105
57.967614,5,2315.266942
59.099294,6,2315.380582
57.967614,5,2315.607249
58.510704,6,2315.732264
58.510704,6,2315.854832
59.099294,6,2315.974267
-6.489296,6,2316.491575
58.510704,6,2316.741021
57.967614,5,2317.114444
57.574733,5,2317.402789
57.78954,7,2317.956064
57.922114,6,2318.184641
59.099294,6,2318.477459
57.574733,5,2318.69521
59.099294,6,2318.94923
58.510704,6,2319.226715
58.510704,6,2319.492313
59.099294,6,2319.805068
-7.933846,7,2320.776527
59.099294,6,2321.064472
57.78954,7,2321.402822
57.574733,5,2321.780035
58.510704,6,2322.305881
54.008717,4,2322.816331
57.066154,7,2323.107906
57.574733,5,2323.500791
58.510704,6,2323.735498
59.099294,6,2324.00475
59.099294,6,2324.657401
57.574733,5,2325.082322
57.066154,7,2325.304824
58.510704,6,2325.604857
57.78954,7,2326.635799
57.78954,7,2326.820318
59.099294,6,2326.999631
59.099294,6,2327.273771
57.066154,7,2327.477935
57.574733,5,2327.921297
57.066154,7,2328.610496
59.099294,6,2328.845496
57.066154,7,2329.134688
59.099294,6,2329.386725
59.099294,6,2329.557554
59.099294,6,2329.695552
59.099294,6,2329.901707
57.574733,5,2330.024561
58.510704,6,2330.206601
57.574733,5,2330.437915
57.967614,5,2330.621202
57.574733,5,2330.778216
57.066154,7,2330.887913
58.510704,6,2331.128017
57.967614,5,2331.274497
54.008717,4,2331.457292
57.78954,7,2331.57705
59.099294,6,2331.68732
59.099294,6,2331.794445
57.967614,5,2331.933661
54.216439,4,2332.229468
57.78954,7,2332.36355
57.78954,7,2332.469749
-6.489296,6,2332.796433
-7.032386,5,2333.212803
59.099294,6,2333.344656
57.967614,5,2333.523184
58.510704,6,2333.609504
59.099294,6,2333.698301
57.967614,5,2333.952924
58.510704,6,2334.038157
58.510704,6,2334.161811
57.066154,7,2334.350513
57.574733,5,2334.50025
54.008717,4,2334.652998
57.574733,5,2334.749818
57.78954,7,2334.844995
57.967614,5,2334.96301
57.78954,7,2335.100321
57.574733,5,2335.192458
58.510704,6,2335.345845
57.574733,5,2335.485073
58.510704,6,2335.586725
58.510704,6,2335.67054
59.099294,6,2335.757478
57.574733,5,2335.940125
59.099294,6,2336.031416
57.574733,5,2336.227539
59.099294,6,2336.311654
57.78954,7,2336.442296
59.099294,6,2336.574988
57.967614,5,2336.715378
57.574733,5,2336.893095
57.78954,7,2337.068506
59.099294,6,2337.202169
57.967614,5,2337.642312
57.922114,6,2337.966205
57.574733,5,2338.196376
-6.489296,6,2339.067201
57.78954,7,2339.294791
59.099294,6,2339.507907
59.099294,6,2339.7454
57.066154,7,2339.911854
58.510704,6,2340.339572
-7.425267,5,2340.887858
59.099294,6,2341.205225
57.574733,5,2341.472658
57.922114,6,2341.812253
59.099294,6,2342.080489
57.066154,7,2342.415717
58.510704,6,2342.572273
59.099294,6,2342.859011
57.78954,7,2343.037767
58.510704,6,2343.258497
57.78954,7,2343.423294
57.066154,7,2343.757475
57.78954,7,2343.989323
59.099294,6,2344.23208
57.967614,5,2344.532466
57.967614,5,2344.869359
58.510704,6,2345.130215
59.099294,6,2345.337954
57.066154,7,2345.597808
59.099294,6,2345.832062
59.099294,6,2346.093978
57.78954,7,2346.290021
57.066154,7,2346.549217
57.574733,5,2346.913642
58.510704,6,2347.178944
59.099294,6,2347.420079
59.099294,6,2347.62507
58.510704,6,2347.827569
57.922114,6,2348.210606
58.510704,6,2348.435954
59.099294,6,2348.674722
59.099294,6,2348.969081
57.574733,5,2349.306717
59.099294,6,2349.606801
57.574733,5,2349.908524
57.78954,7,2350.141206
57.574733,5,2350.406466
57.066154,7,2350.695025
57.574733,5,2350.958916
54.008717,4,2351.186645
59.099294,6,2351.391095
57.574733,5,2351.643264
59.099294,6,2351.908995
-7.425267,5,2352.182612
59.099294,6,2352.360856
58.510704,6,2352.54717
57.78954,7,2352.711497
58.510704,6,2352.921252
57.967614,5,2353.068984
-6.489296,6,2353.625904
59.099294,6,2353.897043
58.510704,6,2354.112339
59.099294,6,2354.281761
59.099294,6,2354.523658
58.510704,6,2354.772374
58.510704,6,2354.986027
-6.489296,6,2355.493699
-6.489296,6,2355.651269
58.510704,6,2355.836675
57.78954,7,2355.985934
58.510704,6,2356.192544
57.967614,5,2356.35522
59.099294,6,2356.706853
58.510704,6,2356.957811
57.574733,5,2357.226898
59.099294,6,2357.43827
57.78954,7,2357.641041
57.066154,7,2357.872799
57.066154,7,2358.121999
59.099294,6,2358.652678
-7.032386,5,2359.288333
58.510704,6,2359.577859
57.574733,5,2359.840227
54.008717,4,2360.123925
59.099294,6,2360.532863
58.510704,6,2360.834838
57.967614,5,2361.041184
57.967614,5,2361.300255
59.099294,6,2361.66292
58.510704,6,2362.125145
59.099294,6,2362.543095
57.574733,5,2362.864656
58.510704,6,2363.131517
57.967614,5,2363.589882
58.510704,6,2364.055165
59.099294,6,2364.227556
59.099294,6,2364.38633
59.099294,6,2364.539471
58.510704,6,2364.7121
57.574733,5,2364.90278
59.099294,6,2365.10167
57.78954,7,2365.243478
59.099294,6,2365.345576
57.574733,5,2365.535231
58.510704,6,2365.623513
57.78954,7,2365.753197
59.099294,6,2365.878077
58.510704,6,2366.085691
58.510704,6,2366.474011
59.099294,6,2366.707235
59.099294,6,2367.002977
57.574733,5,2367.324376
-6.489296,6,2367.83007
57.967614,5,2368.02103
57.574733,5,2368.172065
59.099294,6,2368.295874
59.099294,6,2368.458473
59.099294,6,2368.591676
-9.742313,7,2368.867841
59.099294,6,2368.95987
57.967614,5,2369.153349
58.510704,6,2369.430367
58.510704,6,2369.518879
58.510704,6,2369.595009
57.066154,7,2369.732227
57.78954,7,2369.819031
59.099294,6,2369.968271
57.967614,5,2370.10218
59.099294,6,2370.196153
59.099294,6,2370.438292
58.510704,6,2370.700732
59.099294,6,2370.923105
59.099294,6,2371.13261
58.510704,6,2371.367169
57.574733,5,2371.597576
57.78954,7,2371.838236
-6.489296,6,2372.259196
59.099294,6,2372.362276
57.967614,5,2372.492428
59.099294,6,2372.662841
57.78954,7,2372.821416
59.099294,6,2372.936725
57.574733,5,2373.329603
59.099294,6,2373.538029
59.099294,6,2373.76481
59.099294,6,2374.007173
59.099294,6,2374.302336
59.099294,6,2374.558368
54.216439,4,2374.982179
57.574733,5,2375.257086
59.099294,6,2375.490755
59.099294,6,2375.702281
57.574733,5,2375.884483
54.008717,4,2376.125616
59.099294,6,2376.395599
57.967614,5,2376.90755
59.099294,6,2377.031981
58.510704,6,2377.149346
57.181853,5,2377.295074
58.510704,6,2377.386997
57.574733,5,2377.608431
57.967614,5,2377.765821
59.099294,6,2377.87947
58.510704,6,2377.99069
57.574733,5,2378.217515
57.574733,5,2378.418052
57.78954,7,2378.558898
59.099294,6,2378.701577
58.510704,6,2378.889962
57.967614,5,2378.996226
-7.425267,5,2379.232702
-7.032386,5,2379.591261
57.574733,5,2379.987451
-6.489296,6,2380.848585
59.099294,6,2381.065954
59.099294,6,2381.207734
57.574733,5,2381.464474
59.099294,6,2381.676929
59.099294,6,2381.811114
58.510704,6,2381.912434
59.099294,6,2382.090624
58.510704,6,2382.183187
57.574733,5,2382.34239
57.967614,5,2382.657889
59.099294,6,2382.926439
58.510704,6,2383.205367
57.78954,7,2384.496753
57.066154,7,2384.764488
57.967614,5,2385.19958
-7.032386,5,2385.875616
57.78954,7,2386.074062
57.78954,7,2386.247133
58.510704,6,2386.449142
-7.21046,7,2387.128466
57.78954,7,2387.325486
58.510704,6,2387.601051
54.008717,4,2387.908181
57.78954,7,2388.115887
57.574733,5,2388.321754
57.181853,5,2388.697123
58.510704,6,2388.877253
57.78954,7,2389.175303
58.510704,6,2389.349381
-5.900706,6,2389.630885
59.099294,6,2389.949149
57.78954,7,2391.001848
59.099294,6,2391.26446
57.967614,5,2391.499944
57.78954,7,2391.693249
57.78954,7,2391.914511
54.008717,4,2392.389943
59.099294,6,2392.610505
57.574733,5,2392.786414
58.510704,6,2392.939774
59.099294,6,2393.17377
57.574733,5,2393.427195
-7.032386,5,2394.132174
57.967614,5,2394.378551
58.510704,6,2394.54569
57.78954,7,2394.714552
59.099294,6,2394.935318
58.510704,6,2395.159044
59.099294,6,2395.354597
57.181853,5,2395.670859
57.574733,5,2395.919808
-7.21046,7,2396.32285
58.510704,6,2396.537498
59.099294,6,2396.77819
57.574733,5,2397.068582
58.510704,6,2397.362777
59.099294,6,2397.70928
58.510704,6,2397.954195
59.099294,6,2398.372378
58.510704,6,2398.678104
59.099294,6,2398.910681
59.099294,6,2399.364061
57.574733,5,2399.786427
59.099294,6,2400.057831
-5.900706,6,2400.401358
57.78954,7,2400.682787
58.510704,6,2400.916699
59.099294,6,2401.249516
58.510704,6,2401.557062
57.78954,7,2401.787489
57.574733,5,2402.034688
58.510704,6,2402.210648
57.78954,7,2402.465382
57.574733,5,2402.733866
57.574733,5,2403.102113
57.967614,5,2403.586401
58.510704,6,2403.808028
58.510704,6,2404.09652
57.78954,7,2404.384386
54.008717,4,2404.735551
59.099294,6,2404.991955
58.510704,6,2405.362882
58.510704,6,2405.699926
58.510704,6,2406.200941
58.510704,6,2406.47631
57.78954,7,2406.768615
57.574733,5,2407.164031
58.510704,6,2407.673464
58.510704,6,2408.012694
57.066154,7,2408.409742
58.510704,6,2408.921541
59.099294,6,2409.130669
57.066154,7,2409.386284
59.099294,6,2409.649266
57.967614,5,2409.985392
57.574733,5,2410.214031
57.066154,7,2410.417866
57.066154,7,2410.645582
57.78954,7,2410.825733
59.099294,6,2411.187198
-7.21046,7,2411.852244
59.099294,6,2412.210387
57.574733,5,2412.59083
59.099294,6,2412.881124
58.510704,6,2413.136928
57.78954,7,2413.402684
-7.425267,5,2414.151224
57.78954,7,2414.54721
57.967614,5,2414.977275
59.099294,6,2415.411843
57.574733,5,2415.648114
58.510704,6,2415.907715
58.510704,6,2416.159869
57.574733,5,2416.479851
58.510704,6,2416.940073
57.066154,7,2417.210653
57.066154,7,2417.424094
57.066154,7,2417.737902
58.510704,6,2418.052232
57.78954,7,2418.28734
59.099294,6,2418.477064
58.510704,6,2418.785678
58.510704,6,2419.030366
58.510704,6,2419.244022
59.099294,6,2419.433406
-5.900706,6,2419.926857
59.099294,6,2420.133225
59.099294,6,2420.557134
57.922114,6,2420.794344
57.574733,5,2421.197844
59.099294,6,2421.46479
57.574733,5,2421.829429
57.967614,5,2422.085931
57.574733,5,2422.459599
59.099294,6,2422.637426
58.510704,6,2422.929444
58.510704,6,2423.321872
58.510704,6,2423.582165
-10.991283,4,2423.858338
58.510704,6,2424.415743
59.099294,6,2424.658627
58.510704,6,2425.061236
59.099294,6,2425.295055
59.099294,6,2425.503881
59.099294,6,2425.728873
59.099294,6,2425.918633
59.099294,6,2426.227631
-10.991283,4,2426.754484
57.78954,7,2427.169363
58.510704,6,2427.659536
57.574733,5,2428.30569
59.099294,6,2428.956052
57.574733,5,2429.178688
-5.900706,6,2429.764803
59.099294,6,2429.944725
58.510704,6,2430.135807
58.510704,6,2430.34951
59.099294,6,2430.685689
-7.032386,5,2431.18879
57.967614,5,2431.376168
57.574733,5,2431.552531
59.099294,6,2431.704233
57.066154,7,2431.927797
57.967614,5,2432.058449
59.099294,6,2432.16901
58.510704,6,2432.325684
58.510704,6,2432.569353
59.099294,6,2432.706007
57.78954,7,2432.803884
59.099294,6,2432.986953
57.967614,5,2433.11205
59.099294,6,2433.260315
59.099294,6,2433.406264
57.066154,7,2433.486737
57.78954,7,2433.643169
58.510704,6,2433.737365
58.510704,6,2433.867039
59.099294,6,2434.004349
-7.21046,7,2434.353871
58.510704,6,2434.498082
57.181853,5,2434.614734
57.066154,7,2434.716191
58.510704,6,2434.879417
57.574733,5,2434.981671
58.510704,6,2435.081556
57.574733,5,2435.178885
57.78954,7,2435.374836
58.510704,6,2435.529659
57.78954,7,2435.637719
59.099294,6,2435.73903
57.066154,7,2435.864253
58.510704,6,2435.967808
58.510704,6,2436.075989
57.574733,5,2436.283178
57.574733,5,2436.507051
57.066154,7,2436.661497
59.099294,6,2436.771399
58.510704,6,2436.867211
59.099294,6,2437.005995
57.967614,5,2437.130754
59.099294,6,2437.301996
59.099294,6,2437.478758
59.099294,6,2437.605886
59.099294,6,2437.697524
58.510704,6,2437.899039
59.099294,6,2438.03505
59.099294,6,2438.166015
57.574733,5,2438.282498
57.967614,5,2438.546185
58.510704,6,2438.66734
59.099294,6,2438.758926
57.574733,5,2438.8692
59.099294,6,2438.963495
59.099294,6,2439.140997
59.099294,6,2439.346902
59.099294,6,2439.521057
59.099294,6,2439.678629
57.574733,5,2439.784063
58.510704,6,2439.996772
58.510704,6,2440.124399
59.099294,6,2440.401974
57.574733,5,2440.499401
59.099294,6,2440.586492
58.510704,6,2440.672138
59.099294,6,2440.761323
57.967614,5,2440.943462
58.510704,6,2441.041335
57.78954,7,2441.169976
58.510704,6,2441.306012
57.574733,5,2441.422138
59.099294,6,2441.71447
59.099294,6,2441.855053
59.099294,6,2441.998391
-7.425267,5,2442.099906
57.967614,5,2442.332137
59.099294,6,2442.482581
58.510704,6,2442.604449
59.099294,6,2442.753362
59.099294,6,2442.857144
59.099294,6,2442.99268
59.099294,6,2443.140625
57.574733,5,2443.256445
58.510704,6,2443.40816
-5.900706,6,2443.645889
57.574733,5,2443.803528
-7.21046,7,2443.951993
57.574733,5,2444.112805
58.510704,6,2444.214446
59.099294,6,2444.354973
59.099294,6,2444.528831
59.099294,6,2444.638233
58.510704,6,2444.795832
59.099294,6,2445.069857
59.099294,6,2445.220033
57.574733,5,2445.454639
57.78954,7,2445.630379
59.099294,6,2445.741793
57.78954,7,2445.879931
59.099294,6,2445.994596
58.510704,6,2446.08942
58.510704,6,2446.27127
59.099294,6,2446.379473
57.967614,5,2446.580582
57.78954,7,2446.670553
59.099294,6,2446.843658
58.510704,6,2447.040676
58.510704,6,2447.153881
57.574733,5,2447.350943
59.099294,6,2447.447161
-11.199004,4,2447.54035
57.066154,7,2447.720247
59.099294,6,2447.868864
57.574733,5,2448.052237
57.574733,5,2448.180062
59.099294,6,2448.280464
58.510704,6,2448.404044
57.066154,7,2448.558236
58.510704,6,2448.697989
58.510704,6,2448.882283
59.099294,6,2449.023352
59.099294,6,2449.169305
57.066154,7,2449.280573
57.066154,7,2449.41461
59.099294,6,2449.551195
57.066154,7,2449.791136
59.099294,6,2449.922786
57.574733,5,2450.048301
57.78954,7,2450.161111
59.099294,6,2450.278763
59.099294,6,2450.426228
57.78954,7,2450.588749
57.967614,5,2450.796116
-6.489296,6,2450.888515
-7.425267,5,2451.061775
57.066154,7,2451.187093
57.78954,7,2451.285987
58.510704,6,2451.502101
59.099294,6,2451.64238
59.099294,6,2451.791771
59.099294,6,2451.928328
57.967614,5,2452.059989
57.78954,7,2452.253972
58.510704,6,2452.365963
58.510704,6,2452.561232
58.510704,6,2452.713255
59.099294,6,2452.86447
58.510704,6,2452.954618
59.099294,6,2453.072947
57.78954,7,2453.201822
59.099294,6,2453.37427
58.510704,6,2453.46065
59.099294,6,2453.593406
57.78954,7,2453.715975
58.510704,6,2453.820711
58.510704,6,2453.929814
57.066154,7,2454.08367
58.510704,6,2454.296985
59.099294,6,2454.443253
58.510704,6,2454.576048
59.099294,6,2454.672817
59.099294,6,2454.75937
59.099294,6,2454.89833
58.510704,6,2455.08637
-10.783561,4,2455.251062
59.099294,6,2455.362231
-5.900706,6,2455.502426
57.574733,5,2455.670157
57.967614,5,2455.783698
-5.900706,6,2456.088594
58.510704,6,2456.240353
57.78954,7,2456.330726
59.099294,6,2456.464608
58.510704,6,2456.563416
57.967614,5,2456.770004
58.510704,6,2456.921921
58.510704,6,2457.046571
57.78954,7,2457.142378
57.78954,7,2457.256691
57.78954,7,2457.396677
58.510704,6,2457.494803
58.510704,6,2457.590063
59.099294,6,2457.672224
59.099294,6,2457.852451
57.78954,7,2458.028531
59.099294,6,2458.177046
58.510704,6,2458.308162
57.78954,7,2458.486755
59.099294,6,2458.625335
57.967614,5,2458.934557
59.099294,6,2459.014454
57.574733,5,2459.190806
59.099294,6,2459.330854
58.510704,6,2459.430081
58.510704,6,2459.630215
-7.21046,7,2459.781873
-7.032386,5,2460.172456
59.099294,6,2461.191421
57.78954,7,2461.321095
59.099294,6,2461.456455
57.066154,7,2461.67723
59.099294,6,2461.793557
59.099294,6,2461.880947
58.510704,6,2462.037077
58.510704,6,2462.157623
57.574733,5,2462.334363
59.099294,6,2462.451847
59.099294,6,2462.590441
57.574733,5,2462.770325
58.510704,6,2462.893281
59.099294,6,2463.003689
57.967614,5,2463.20696
-7.032386,5,2463.587834
57.78954,7,2464.024771
57.066154,7,2464.161936
59.099294,6,2464.27787
57.967614,5,2464.481214
57.066154,7,2464.620439
-7.21046,7,2465.028715
57.967614,5,2465.615433
59.099294,6,2465.904851
59.099294,6,2466.182406
57.78954,7,2466.517803
57.066154,7,2466.90065
57.967614,5,2467.378738
57.78954,7,2467.924239
57.574733,5,2468.319107
57.574733,5,2468.72333
59.099294,6,2469.134658
57.181853,5,2469.671211
57.574733,5,2469.928405
59.099294,6,2470.119366
58.510704,6,2470.422915
57.574733,5,2470.805171
57.574733,5,2471.039585
58.510704,6,2471.400221
58.510704,6,2471.647444
59.099294,6,2472.067517
57.574733,5,2472.456436
59.099294,6,2472.709512
59.099294,6,2472.975193
54.008717,4,2473.232588
57.78954,7,2473.566544
59.099294,6,2473.748343
57.574733,5,2473.945073
59.099294,6,2474.343211
-6.489296,6,2474.565347
59.099294,6,2474.82837
58.510704,6,2475.228193
57.78954,7,2475.378376
58.510704,6,2475.648129
58.510704,6,2475.885153
57.967614,5,2476.272515
57.967614,5,2476.596481
59.099294,6,2476.851037
59.099294,6,2477.305478
57.78954,7,2477.449246
57.574733,5,2477.568882
58.510704,6,2477.731441
-7.425267,5,2477.985627
57.967614,5,2478.114314
57.967614,5,2478.258784
57.967614,5,2478.355197
57.78954,7,2478.490476
59.099294,6,2478.594248
59.099294,6,2478.686678
59.099294,6,2478.806568
57.181853,5,2479.008598
57.574733,5,2479.184669
-7.21046,7,2479.338091
58.510704,6,2479.502858
57.78954,7,2479.595401
57.574733,5,2479.786535
57.967614,5,2479.904842
58.510704,6,2480.007391
57.574733,5,2480.129666
52.47599,8,2480.259361
59.099294,6,2480.439202
57.967614,5,2480.714984
57.78954,7,2480.832186
59.099294,6,2480.92894
57.78954,7,2481.057568
59.099294,6,2481.1696
57.78954,7,2481.316338
59.099294,6,2481.447138
59.099294,6,2481.860372
57.967614,5,2482.337714
59.099294,6,2482.715362
57.78954,7,2482.889793
59.099294,6,2483.33895
-7.032386,5,2484.176374
57.78954,7,2484.402086
59.099294,6,2484.585016
59.099294,6,2484.854799
58.510704,6,2485.064774
57.78954,7,2485.27511
57.066154,7,2485.495824
58.510704,6,2485.761199
59.099294,6,2486.057258
-7.425267,5,2486.772486
59.099294,6,2487.068635
57.967614,5,2487.251863
59.099294,6,2487.461554
57.066154,7,2487.894068
58.510704,6,2488.123741
57.574733,5,2488.45217
57.066154,7,2488.790339
-5.900706,6,2489.663301
58.510704,6,2489.905301
59.099294,6,2490.246599
57.574733,5,2490.429206
58.510704,6,2490.707142
57.066154,7,2490.931549
58.510704,6,2491.202753
57.78954,7,2491.414948
59.099294,6,2491.664
59.099294,6,2492.178897
58.510704,6,2492.376744
58.510704,6,2492.794482
57.574733,5,2493.125425
57.78954,7,2493.661025
58.510704,6,2493.919767
53.212956,8,2494.188804
57.066154,7,2494.549848
57.78954,7,2494.752356
57.066154,7,2494.946738
57.78954,7,2495.165103
58.510704,6,2495.537928
57.574733,5,2495.769093
58.510704,6,2496.012679
59.099294,6,2496.325015
59.099294,6,2496.612975
57.066154,7,2496.860352
58.510704,6,2497.104954
59.099294,6,2497.453594
57.574733,5,2497.646838
57.574733,5,2497.972628
57.78954,7,2498.289239
58.510704,6,2498.499759
57.574733,5,2498.86259
58.510704,6,2499.115856
57.066154,7,2499.350213
58.510704,6,2499.534058
58.510704,6,2499.691347
57.78954,7,2499.845227
59.099294,6,2500.103241
59.099294,6,2500.324776
57.574733,5,2500.779383
59.099294,6,2500.958961
58.510704,6,2501.129954
58.510704,6,2501.329446
59.099294,6,2501.662788
59.099294,6,2501.978705
-8.657233,7,2502.827452
59.099294,6,2503.151303
57.78954,7,2503.375355
57.574733,5,2503.590765
58.510704,6,2503.858106
59.099294,6,2504.128411
57.78954,7,2504.384365
59.099294,6,2504.555687
57.066154,7,2504.914154
59.099294,6,2505.167206
57.066154,7,2505.458989
57.78954,7,2505.614838
54.008717,4,2506.081743
58.510704,6,2506.288104
59.099294,6,2506.573715
58.510704,6,2506.795382
57.574733,5,2507.104536
59.099294,6,2507.396813
57.78954,7,2507.635801
57.066154,7,2507.994669
57.967614,5,2508.155554
57.967614,5,2508.370162
59.099294,6,2508.563136
57.78954,7,2508.735548
57.574733,5,2509.027882
59.099294,6,2509.191586
57.574733,5,2509.545926
59.099294,6,2510.039146
57.574733,5,2510.369453
57.78954,7,2510.902965
57.574733,5,2511.292862
59.099294,6,2511.691797
59.099294,6,2512.055076
58.510704,6,2512.292595
59.099294,6,2512.540713
59.099294,6,2512.924161
59.099294,6,2513.12874
57.78954,7,2513.353936
59.099294,6,2513.613803
58.510704,6,2513.895344
58.510704,6,2514.392401
57.574733,5,2514.642374
59.099294,6,2514.949156
58.510704,6,2515.326288
58.510704,6,2515.69107
57.574733,5,2516.103775
58.510704,6,2516.517925
58.510704,6,2516.705765
57.574733,5,2517.069241
59.099294,6,2517.35678
58.510704,6,2517.754929
59.099294,6,2518.0618
57.78954,7,2518.373494
58.510704,6,2518.615464
57.574733,5,2518.847864
-7.425267,5,2519.717144
59.099294,6,2520.021915
58.510704,6,2520.249712
57.574733,5,2520.482287
57.066154,7,2520.731986
57.574733,5,2520.977845
59.099294,6,2521.484451
57.78954,7,2521.664592
58.510704,6,2521.876024
58.510704,6,2522.173345
59.099294,6,2522.392683
58.510704,6,2522.86689
57.574733,5,2523.291987
56.342767,7,2523.65958
58.510704,6,2523.931674
59.099294,6,2524.213802
58.510704,6,2524.473674
59.099294,6,2524.74621
57.967614,5,2524.960133
59.099294,6,2525.165715
58.510704,6,2525.435296
57.967614,5,2525.689319
58.510704,6,2525.951664
54.008717,4,2526.352967
59.099294,6,2526.624372
57.967614,5,2526.951223
59.099294,6,2527.244389
57.967614,5,2527.599378
59.099294,6,2527.772947
54.008717,4,2528.08386
59.099294,6,2528.394487
59.099294,6,2528.710611
57.574733,5,2529.222461
58.510704,6,2529.571933
58.510704,6,2529.99506
59.099294,6,2530.299885
-5.900706,6,2530.850957
58.510704,6,2531.115044
59.099294,6,2531.678736
58.510704,6,2532.004291
59.099294,6,2532.383203
-10.991283,4,2532.810145
57.78954,7,2532.993039
57.967614,5,2533.499521
57.78954,7,2533.923507
57.574733,5,2534.343038
57.78954,7,2534.742929
57.574733,5,2535.128937
58.510704,6,2535.541281
59.099294,6,2535.905163
57.574733,5,2536.129243
59.099294,6,2536.329111
58.510704,6,2536.579194
57.066154,7,2536.864099
58.510704,6,2537.15766
-7.425267,5,2537.801794
58.510704,6,2538.13356
-7.425267,5,2539.18302
58.510704,6,2539.981417
59.099294,6,2540.742495
57.78954,7,2540.944665
59.099294,6,2541.187829
59.099294,6,2541.427291
58.510704,6,2541.64561
57.78954,7,2541.86246
59.099294,6,2542.112534
59.099294,6,2542.268922
59.099294,6,2542.560932
58.510704,6,2542.875929
-10.991283,4,2543.06873
58.510704,6,2543.484263
58.510704,6,2543.77575
58.510704,6,2544.089061
57.574733,5,2544.241787
58.510704,6,2544.441627
-5.900706,6,2544.638543
57.066154,7,2544.997465
59.099294,6,2545.287491
58.510704,6,2545.587128
58.510704,6,2545.830756
57.78954,7,2546.072073
57.967614,5,2546.460227
57.967614,5,2546.650566
58.510704,6,2546.937151
59.099294,6,2547.083387
57.574733,5,2547.208069
-5.900706,6,2547.509434
58.510704,6,2547.600879
57.78954,7,2547.771732
59.099294,6,2547.939518
59.099294,6,2548.116263
58.510704,6,2548.317412
57.78954,7,2548.770701
59.099294,6,2548.878783
58.510704,6,2549.113304
57.78954,7,2549.24264
57.574733,5,2549.426603
57.574733,5,2549.543925
57.967614,5,2549.813915
59.099294,6,2549.945945
58.510704,6,2550.066331
57.574733,5,2550.275413
59.099294,6,2550.421194
59.099294,6,2550.573588
59.099294,6,2550.751684
-7.21046,7,2550.923689
59.099294,6,2551.040446
59.099294,6,2551.233567
59.099294,6,2551.356464
58.510704,6,2551.587374
-6.489296,6,2551.954771
57.574733,5,2552.18558
58.510704,6,2552.330542
59.099294,6,2552.459847
57.967614,5,2552.651716
57.574733,5,2552.773487
59.099294,6,2552.928981
59.099294,6,2553.053465
57.967614,5,2553.222425
58.510704,6,2553.322074
57.574733,5,2553.414822
59.099294,6,2553.52599
59.099294,6,2553.704739
57.066154,7,2553.885659
59.099294,6,2554.041435
59.099294,6,2554.193623
58.510704,6,2554.362126
57.967614,5,2554.545716
57.066154,7,2554.696445
57.574733,5,2554.854983
59.099294,6,2555.032539
57.574733,5,2555.132771
58.510704,6,2555.228029
59.099294,6,2555.446629
57.78954,7,2555.758316
57.967614,5,2557.25349
58.510704,6,2557.54248
59.099294,6,2557.908318
57.967614,5,2558.265949
59.099294,6,2558.428159
58.510704,6,2558.626015
57.78954,7,2559.430239
59.099294,6,2559.621963
57.78954,7,2559.953055
58.510704,6,2560.179
57.78954,7,2560.478981
57.574733,5,2560.677868
58.510704,6,2561.129689
57.574733,5,2561.43891
59.099294,6,2561.840907
59.099294,6,2562.132777
59.099294,6,2562.358747
59.099294,6,2562.565504
57.066154,7,2562.841582
58.510704,6,2563.176736
59.099294,6,2563.522123
59.099294,6,2563.715889
59.099294,6,2563.88784
57.574733,5,2564.042617
59.099294,6,2564.387806
59.099294,6,2564.586216
-6.489296,6,2565.384178
57.574733,5,2565.739531
59.099294,6,2565.942113
-5.900706,6,2566.351488
59.099294,6,2566.670339
58.510704,6,2566.877503
57.78954,7,2567.11947
57.574733,5,2567.47081
58.510704,6,2567.671659
59.099294,6,2567.904806
59.099294,6,2568.078886
59.099294,6,2568.267981
59.099294,6,2568.603955
58.510704,6,2568.960268
57.574733,5,2569.374478
57.78954,7,2569.59794
57.574733,5,2569.839038
57.574733,5,2570.294552
57.78954,7,2570.482161
57.574733,5,2570.906478
59.099294,6,2571.249181
57.066154,7,2571.451495
59.099294,6,2571.729446
59.099294,6,2571.943875
57.78954,7,2572.152562
57.574733,5,2572.531739
57.78954,7,2572.793867
59.099294,6,2572.975722
59.099294,6,2573.173259
58.510704,6,2573.489073
58.510704,6,2573.699244
59.099294,6,2573.976497
59.099294,6,2574.175512
-6.489296,6,2574.923362
-7.425267,5,2575.825661
59.099294,6,2576.159708
57.967614,5,2576.618684
58.510704,6,2576.835673
-8.407468,5,2577.039761
58.510704,6,2577.334763
57.78954,7,2577.671269
57.78954,7,2577.846578
57.967614,5,2578.050095
57.78954,7,2578.263124
57.78954,7,2578.478324
59.099294,6,2578.681763
57.967614,5,2578.940515
59.099294,6,2579.164931
58.510704,6,2579.339519
-6.489296,6,2579.565951
57.066154,7,2579.898268
-5.900706,6,2580.495129
57.967614,5,2580.987978
58.510704,6,2581.329673
58.510704,6,2581.628618
59.099294,6,2581.881224
58.510704,6,2582.076529
57.967614,5,2582.294507
-7.960771,6,2582.465458
57.967614,5,2582.834956
58.510704,6,2583.049937
57.967614,5,2583.406645
59.099294,6,2583.622682
-7.666476,6,2584.019072
57.574733,5,2584.194972
59.099294,6,2584.418113
58.510704,6,2584.673565
57.78954,7,2584.911808
57.574733,5,2585.186203
57.78954,7,2585.418056
59.099294,6,2585.660754
59.099294,6,2585.901515
57.066154,7,2586.062458
57.574733,5,2586.348055
59.099294,6,2586.645438
58.510704,6,2586.883317
58.510704,6,2587.296846
59.099294,6,2587.648114
59.099294,6,2587.846016
57.967614,5,2588.12632
57.78954,7,2588.386237
58.510704,6,2588.735048
58.510704,6,2589.00941
59.099294,6,2589.267928
57.574733,5,2589.590764
58.510704,6,2589.974164
57.574733,5,2590.306842
58.510704,6,2590.610184
57.78954,7,2590.8322
59.099294,6,2591.141974
57.967614,5,2591.565412
58.510704,6,2592.075326
59.099294,6,2592.352022
57.78954,7,2592.56444
57.967614,5,2592.832729
57.066154,7,2593.201883
57.066154,7,2593.67087
57.574733,5,2594.011538
57.78954,7,2594.396578
59.099294,6,2594.659188
58.510704,6,2595.022083
57.78954,7,2595.359093
58.510704,6,2595.485087
59.099294,6,2595.635247
58.510704,6,2595.769128
59.099294,6,2596.00896
57.78954,7,2596.191407
58.510704,6,2596.365745
58.510704,6,2596.551169
57.574733,5,2596.652301
57.574733,5,2596.766426
58.510704,6,2596.887022
57.574733,5,2596.986827
57.78954,7,2597.083047
57.922114,6,2597.20542
59.099294,6,2597.298637
59.099294,6,2597.478007
59.099294,6,2597.643246
57.574733,5,2597.778956
58.510704,6,2597.990988
58.510704,6,2598.091165
-7.818147,5,2598.230043
58.510704,6,2598.460336
58.510704,6,2598.616658
59.099294,6,2598.756843
59.099294,6,2598.868154
57.967614,5,2599.101611
58.510704,6,2599.227903
-5.900706,6,2599.383548
58.510704,6,2599.504283
58.510704,6,2599.62401
57.78954,7,2599.776898
59.099294,6,2599.899204
59.099294,6,2600.038263
57.78954,7,2600.158688
59.099294,6,2600.272014
59.099294,6,2600.381802
58.510704,6,2600.524703
-10.783561,4,2600.802134
58.510704,6,2601.009592
54.216439,4,2601.297945
59.099294,6,2601.410127
57.574733,5,2601.609203
57.574733,5,2601.742072
59.099294,6,2601.874218
57.574733,5,2601.990356
58.510704,6,2602.106775
57.78954,7,2602.302016
58.510704,6,2602.502152
57.574733,5,2602.620171
59.099294,6,2602.712507
57.066154,7,2602.811464
57.78954,7,2602.918161
59.099294,6,2603.065374
59.099294,6,2603.246435
57.78954,7,2603.339112
57.78954,7,2603.453447
57.78954,7,2603.545727
-7.666476,6,2603.703579
59.099294,6,2603.849146
59.099294,6,2604.057005
59.099294,6,2604.173191
-7.425267,5,2604.513873
59.099294,6,2604.617141
58.510704,6,2604.805239
58.510704,6,2604.926233
57.78954,7,2605.066465
58.510704,6,2605.166569
57.574733,5,2605.256404
57.066154,7,2605.386548
58.510704,6,2605.497935
57.574733,5,2605.591424
57.574733,5,2605.773675
59.099294,6,2605.909711
57.574733,5,2606.039087
57.574733,5,2606.226437
57.574733,5,2606.457922
57.574733,5,2606.583635
58.510704,6,2606.742291
-7.818147,5,2606.997314
59.099294,6,2607.107222
57.78954,7,2607.247044
57.574733,5,2607.369949
59.099294,6,2607.552481
59.099294,6,2607.703668
58.510704,6,2607.786794
59.099294,6,2607.909795
57.78954,7,2608.063334
59.099294,6,2608.153443
59.099294,6,2608.266122
57.574733,5,2608.448545
-6.489296,6,2608.704131
59.099294,6,2608.844088
57.574733,5,2608.972496
58.510704,6,2609.107337
58.510704,6,2609.306348
58.510704,6,2609.50705
58.510704,6,2609.602965
57.066154,7,2609.835104
59.099294,6,2609.955456
59.099294,6,2610.066255
58.510704,6,2610.22941
59.099294,6,2610.387179
57.574733,5,2610.549609
58.510704,6,2610.677092
59.099294,6,2610.829509
59.099294,6,2610.983065
57.967614,5,2611.179181
58.510704,6,2611.304496
59.099294,6,2611.506624
59.099294,6,2611.606709
57.574733,5,2611.719228
57.78954,7,2612.007189
57.967614,5,2612.135744
58.510704,6,2612.249447
57.967614,5,2612.40472
57.574733,5,2612.522713
59.099294,6,2612.636035
58.510704,6,2612.803805
59.099294,6,2612.91631
54.216439,4,2613.113379
59.099294,6,2613.252373
-5.900706,6,2613.620743
59.099294,6,2613.713291
59.099294,6,2613.848376
59.099294,6,2614.000167
57.574733,5,2614.213385
59.099294,6,2614.299863
57.78954,7,2614.441713
59.099294,6,2614.596936
-7.032386,5,2614.984189
59.099294,6,2615.116262
58.510704,6,2615.321028
58.510704,6,2615.80972
59.099294,6,2616.207246
57.78954,7,2616.442836
59.099294,6,2616.74528
57.967614,5,2617.147244
57.574733,5,2617.35181
57.066154,7,2617.701184
57.574733,5,2618.179628
59.099294,6,2618.406685
-7.21046,7,2619.118249
58.510704,6,2619.334786
58.510704,6,2619.630557
-10.991283,4,2619.886315
58.510704,6,2620.248264
58.510704,6,2620.680861
-6.489296,6,2621.284724
57.574733,5,2621.61512
57.967614,5,2622.062828
57.574733,5,2622.304079
59.099294,6,2622.525808
59.099294,6,2622.761739
59.099294,6,2623.081587
59.099294,6,2623.482907
57.574733,5,2623.818649
59.099294,6,2624.178423
57.574733,5,2624.40508
57.967614,5,2624.613952
58.510704,6,2625.009824
59.099294,6,2625.287082
58.510704,6,2625.527505
58.510704,6,2625.77444
57.78954,7,2626.064365
57.574733,5,2626.48637
57.066154,7,2626.854268
57.181853,5,2627.258403
59.099294,6,2627.534797
59.099294,6,2627.79844
57.066154,7,2628.195016
59.099294,6,2628.464873
59.099294,6,2628.666245
58.510704,6,2628.888532
59.099294,6,2629.148797
57.967614,5,2629.389033
57.574733,5,2629.619876
54.008717,4,2629.941411
-7.425267,5,2630.666682
59.099294,6,2631.014794
57.78954,7,2631.20277
59.099294,6,2631.499906
59.099294,6,2631.722741
59.099294,6,2631.98847
58.510704,6,2632.532048
58.510704,6,2632.955718
58.510704,6,2633.306352
57.574733,5,2633.530582
57.967614,5,2634.054178
57.78954,7,2634.34353
57.574733,5,2634.67628
58.510704,6,2634.982409
58.510704,6,2635.201613
54.008717,4,2635.482056
57.78954,7,2635.745754
57.574733,5,2635.926816
57.574733,5,2636.172145
59.099294,6,2636.445914
57.78954,7,2636.747149
57.967614,5,2637.264233
57.967614,5,2637.441989
59.099294,6,2637.610066
59.099294,6,2637.943172
59.099294,6,2638.121871
57.066154,7,2638.338549
59.099294,6,2638.613635
59.099294,6,2638.901796
59.099294,6,2639.146118
59.099294,6,2639.343136
57.574733,5,2639.609221
59.099294,6,2639.887167
59.099294,6,2640.151982
57.574733,5,2640.471534
59.099294,6,2640.845839
59.099294,6,2641.193702
57.78954,7,2641.406725
-6.489296,6,2641.592646
58.510704,6,2641.886448
57.78954,7,2642.031294
57.574733,5,2642.245203
59.099294,6,2642.527264
-10.991283,4,2642.774315
57.574733,5,2644.207664
-10.991283,4,2644.673768
59.099294,6,2644.852013
59.099294,6,2645.089039
58.510704,6,2645.333607
59.099294,6,2645.581696
59.099294,6,2645.787772
59.099294,6,2645.975963
59.099294,6,2646.141193
57.066154,7,2646.321005
59.099294,6,2646.473748
57.967614,5,2646.712327
57.78954,7,2646.937018
54.216439,4,2647.457288
57.574733,5,2647.870399
54.008717,4,2648.372189
59.099294,6,2648.74561
-7.425267,5,2649.204586
57.78954,7,2649.376519
57.574733,5,2649.498585
59.099294,6,2649.604465
57.066154,7,2649.709271
58.510704,6,2649.812225
57.78954,7,2649.941969
59.099294,6,2650.109695
59.099294,6,2650.224173
57.066154,7,2650.379752
57.78954,7,2650.565053
58.510704,6,2650.853249
-6.489296,6,2651.274482
57.78954,7,2651.413028
58.510704,6,2651.532726
58.510704,6,2651.653499
57.574733,5,2651.776651
57.78954,7,2651.969741
58.510704,6,2652.146317
57.066154,7,2652.250839
57.066154,7,2652.392655
59.099294,6,2652.489937
-6.489296,6,2652.795279
-10.991283,4,2653.056618
59.099294,6,2653.162757
58.510704,6,2653.331011
57.967614,5,2653.555566
59.099294,6,2653.664461
57.967614,5,2653.813806
57.574733,5,2653.962586
54.008717,4,2654.194014
-7.425267,5,2654.419725
58.510704,6,2654.555742
57.066154,7,2654.720317
52.47599,8,2654.885972
57.967614,5,2655.090087
57.066154,7,2655.221871
57.78954,7,2655.374821
59.099294,6,2655.512218
58.510704,6,2655.624155
58.510704,6,2655.725835
57.78954,7,2655.82547
57.574733,5,2656.049579
57.78954,7,2656.189943
-5.900706,6,2656.296712
57.066154,7,2656.419932
57.066154,7,2656.569659
59.099294,6,2656.715645
57.78954,7,2656.852779
59.099294,6,2656.993628
57.574733,5,2657.178009
59.099294,6,2657.317631
57.967614,5,2657.444216
57.78954,7,2657.593113
58.510704,6,2657.683498
-6.489296,6,2658.105864
57.78954,7,2658.255889
54.008717,4,2658.453117
58.510704,6,2658.601943
57.574733,5,2658.726659
59.099294,6,2658.826028
57.574733,5,2658.930527
57.922114,6,2659.138592
-5.900706,6,2659.329954
59.099294,6,2659.613655
59.099294,6,2659.764634
58.510704,6,2659.873154
-7.21046,7,2660.018949
57.78954,7,2660.164446
58.510704,6,2660.320078
57.967614,5,2660.415552
59.099294,6,2660.55596
57.066154,7,2660.760569
58.510704,6,2660.868036
57.967614,5,2660.964813
58.510704,6,2661.089502
59.099294,6,2661.241758
57.78954,7,2661.357089
58.510704,6,2661.595099
59.099294,6,2661.678867
58.510704,6,2661.786158
57.574733,5,2661.910512
57.78954,7,2662.061505
57.574733,5,2662.285048
58.510704,6,2662.414528
57.574733,5,2662.634267
58.510704,6,2662.760629
58.510704,6,2662.982295
59.099294,6,2663.108804
57.78954,7,2663.283067
59.099294,6,2663.481735
59.099294,6,2663.632649
58.510704,6,2663.736654
58.510704,6,2663.846745
58.510704,6,2663.986423
57.967614,5,2664.175373
57.066154,7,2664.281742
58.510704,6,2664.576442
57.574733,5,2664.780261
59.099294,6,2664.876146
59.099294,6,2665.026194
58.510704,6,2665.180799
57.78954,7,2665.27638
59.099294,6,2665.411368
57.574733,5,2665.540505
59.099294,6,2665.725038
57.78954,7,2665.904064
54.008717,4,2666.035677
58.510704,6,2666.149132
59.099294,6,2666.32948
57.574733,5,2666.543145
58.510704,6,2666.788887
57.78954,7,2666.935867
58.510704,6,2667.036141
57.574733,5,2667.286829
58.510704,6,2667.52703
57.967614,5,2667.719909
57.78954,7,2667.857123
57.967614,5,2668.031332
59.099294,6,2668.172764
59.099294,6,2668.324219
59.099294,6,2668.459401
57.574733,5,2668.661424
57.574733,5,2668.864468
58.510704,6,2668.979832
57.574733,5,2669.10457
59.099294,6,2669.220532
58.510704,6,2669.344178
57.78954,7,2669.461345
59.099294,6,2669.649134
59.099294,6,2669.809061
59.099294,6,2669.936375
57.574733,5,2670.058906
57.78954,7,2670.186794
-6.489296,6,2670.319409
59.099294,6,2670.466722
59.099294,6,2670.635881
59.099294,6,2670.827126
57.78954,7,2670.929736
59.099294,6,2671.079827
57.922114,6,2671.308935
58.510704,6,2671.483147
59.099294,6,2671.628725
59.099294,6,2671.725884
58.510704,6,2671.90491
57.78954,7,2672.326121
-7.21046,7,2672.497751
57.967614,5,2672.704671
57.574733,5,2672.830198
57.574733,5,2673.014281
59.099294,6,2673.159303
58.510704,6,2673.281141
58.510704,6,2673.442647
58.510704,6,2673.578872
59.099294,6,2673.737965
59.099294,6,2673.896164
57.574733,5,2674.084739
58.510704,6,2674.287533
57.78954,7,2674.439784
57.574733,5,2674.687925
57.066154,7,2674.828033
-7.21046,7,2675.17471
-7.425267,5,2675.547717
58.510704,6,2675.65452
-7.21046,7,2676.23392
57.967614,5,2676.41765
59.099294,6,2676.823115
58.510704,6,2676.950359
59.099294,6,2677.097915
57.967614,5,2677.396894
58.510704,6,2677.527411
58.510704,6,2677.630498
57.066154,7,2677.774561
59.099294,6,2677.940212
-7.21046,7,2678.489709
59.099294,6,2678.600904
57.78954,7,2678.744969
59.099294,6,2678.844233
58.510704,6,2678.973267
-7.21046,7,2679.534653
59.099294,6,2679.732577
57.967614,5,2679.883847
-8.211028,5,2680.082973
58.510704,6,2680.209231
59.099294,6,2680.329046
58.510704,6,2680.490214
59.099294,6,2680.600035
58.510704,6,2680.764266
57.574733,5,2680.884991
59.099294,6,2681.090801
57.78954,7,2681.387758
58.510704,6,2681.488138
59.099294,6,2681.596166
57.78954,7,2681.745925
58.510704,6,2681.86833
59.099294,6,2682.064713
57.967614,5,2682.208973
59.099294,6,2682.376007
58.510704,6,2682.535475
53.212956,8,2682.667172
57.066154,7,2682.842602
58.510704,6,2682.972908
59.099294,6,2683.102741
58.510704,6,2683.222405
59.099294,6,2683.323999
-6.489296,6,2683.429182
59.099294,6,2683.629109
58.510704,6,2683.722128
59.099294,6,2683.925182
59.099294,6,2684.073396
58.510704,6,2684.172531
59.099294,6,2684.358878
57.574733,5,2684.550171
59.099294,6,2684.653958
58.510704,6,2684.758901
58.510704,6,2684.88144
59.099294,6,2684.973445
57.78954,7,2685.135182
59.099294,6,2685.251808
58.510704,6,2685.380112
59.099294,6,2685.537753
57.967614,5,2685.705927
59.099294,6,2685.871343
59.099294,6,2686.042957
57.574733,5,2686.171769
59.099294,6,2686.357938
58.510704,6,2686.519207
57.574733,5,2686.646226
-5.900706,6,2687.053291
57.574733,5,2687.255663
59.099294,6,2687.405941
57.78954,7,2687.593214
58.510704,6,2687.799872
58.510704,6,2687.931576
-7.21046,7,2688.395881
58.510704,6,2688.563767
58.510704,6,2688.694752
57.066154,7,2688.905441
59.099294,6,2689.067538
59.099294,6,2689.267306
57.066154,7,2689.44189
59.099294,6,2689.572953
57.78954,7,2689.766585
59.099294,6,2689.864562
59.099294,6,2690.057804
57.066154,7,2690.270293
58.510704,6,2690.49257
58.510704,6,2690.59619
57.066154,7,2690.792692
59.099294,6,2690.943445
57.181853,5,2691.110966
59.099294,6,2691.277548
58.510704,6,2691.410984
-6.489296,6,2691.762373
-7.425267,5,2691.924881
59.099294,6,2692.029019
57.066154,7,2692.160028
58.510704,6,2692.306014
-5.900706,6,2692.641447
57.967614,5,2692.814147
59.099294,6,2693.000463
57.78954,7,2693.108115
57.967614,5,2693.296974
58.510704,6,2693.419121
58.510704,6,2693.610224
59.099294,6,2693.81966
57.574733,5,2693.93768
59.099294,6,2694.062635
58.510704,6,2694.203226
59.099294,6,2694.335904
59.099294,6,2694.484126
57.066154,7,2694.586969
58.510704,6,2694.704765
58.510704,6,2694.891253
57.967614,5,2695.053833
58.510704,6,2695.172316
58.510704,6,2695.36181
58.510704,6,2695.48074
57.066154,7,2695.574524
58.510704,6,2695.683919
58.510704,6,2695.842756
59.099294,6,2696.0299
58.510704,6,2696.144866
57.78954,7,2696.332031
57.574733,5,2696.427341
58.510704,6,2696.532552
58.510704,6,2696.677912
59.099294,6,2696.819516
57.574733,5,2696.977419
59.099294,6,2697.084741
58.510704,6,2697.206896
58.510704,6,2697.320177
58.510704,6,2697.48412
57.574733,5,2697.693501
57.78954,7,2697.986518
59.099294,6,2698.076596
57.78954,7,2698.213242
57.78954,7,2698.325397
58.510704,6,2698.550156
59.099294,6,2698.726003
58.510704,6,2698.961027
54.008717,4,2699.080827
59.099294,6,2699.190526
58.510704,6,2699.302244
57.78954,7,2699.449608
57.574733,5,2699.581011
-7.032386,5,2700.008467
58.510704,6,2700.149204
57.78954,7,2700.253001
57.78954,7,2700.391541
59.099294,6,2700.529166
59.099294,6,2700.637395
59.099294,6,2700.748202
59.099294,6,2700.911809
57.78954,7,2701.058294
58.510704,6,2701.275492
57.574733,5,2701.371783
58.510704,6,2701.533716
57.78954,7,2701.6714
59.099294,6,2701.801039
59.099294,6,2702.081084
57.574733,5,2702.208085
58.510704,6,2702.380616
57.78954,7,2702.537586
57.967614,5,2702.696612
57.574733,5,2702.900966
59.099294,6,2703.742007
58.510704,6,2703.910046
57.181853,5,2704.192562
59.099294,6,2704.350321
57.574733,5,2704.540824
58.510704,6,2704.70282
58.510704,6,2704.802847
59.099294,6,2704.957524
58.510704,6,2705.071778
59.099294,6,2705.21373
57.78954,7,2705.360126
57.967614,5,2705.571621
58.510704,6,2705.687995
59.099294,6,2705.870588
58.510704,6,2706.012791
59.099294,6,2706.129727
57.78954,7,2706.230368
59.099294,6,2706.376319
58.510704,6,2706.464714
58.510704,6,2706.584574
59.099294,6,2706.721977
59.099294,6,2706.869537
59.099294,6,2706.971273
59.099294,6,2707.077485
59.099294,6,2707.275452
59.099294,6,2707.427071
58.510704,6,2707.612888
57.066154,7,2707.858314
59.099294,6,2708.035471
57.78954,7,2708.143118
-10.991283,4,2708.26476
57.78954,7,2708.397145
57.066154,7,2708.545308
59.099294,6,2708.665003
59.099294,6,2708.799539
59.099294,6,2708.895741
58.510704,6,2709.103089
58.510704,6,2709.229514
58.510704,6,2709.357849
59.099294,6,2709.50774
59.099294,6,2709.69436
57.967614,5,2709.800731
57.967614,5,2709.95553
59.099294,6,2710.108399
59.099294,6,2710.237808
57.967614,5,2710.449512
58.510704,6,2710.623361
59.099294,6,2710.900629
59.099294,6,2711.017068
59.099294,6,2711.14928
53.212956,8,2711.251454
-5.900706,6,2711.62794
-5.900706,6,2711.785029
59.099294,6,2711.920755
58.510704,6,2712.126514
58.510704,6,2712.225941
51.523209,3,2712.356829
58.510704,6,2712.548785
57.967614,5,2712.741819
57.066154,7,2712.840249
58.510704,6,2712.937771
59.099294,6,2713.087602
58.510704,6,2713.22616
58.510704,6,2713.324461
57.78954,7,2713.499381
58.510704,6,2713.61934
58.510704,6,2713.831167
58.510704,6,2714.075966
58.510704,6,2714.196337
58.510704,6,2714.294167
58.510704,6,2714.416089
57.574733,5,2714.61615
58.510704,6,2714.771567
58.510704,6,2714.867414
57.574733,5,2715.065534
59.099294,6,2715.196321
58.510704,6,2715.299669
58.510704,6,2715.479708
58.510704,6,2715.605014
58.510704,6,2715.733834
-7.425267,5,2715.906773
57.78954,7,2716.03614
58.510704,6,2716.158076
58.510704,6,2716.317793
57.78954,7,2716.441656
59.099294,6,2716.604083
58.510704,6,2716.73276
59.099294,6,2716.953748
59.099294,6,2717.099494
58.510704,6,2717.224845
58.510704,6,2717.411153
57.066154,7,2717.5333
58.510704,6,2717.761183
59.099294,6,2717.894099
57.78954,7,2717.991902
57.78954,7,2718.114461
57.967614,5,2718.262824
58.510704,6,2718.35357
58.510704,6,2718.444137
59.099294,6,2718.575213
59.099294,6,2718.668091
57.066154,7,2718.801495
57.574733,5,2719.019774
58.510704,6,2719.140307
59.099294,6,2719.242507
59.099294,6,2719.388732
57.78954,7,2719.5753
58.510704,6,2719.724683
59.099294,6,2719.859885
59.099294,6,2719.962871
58.510704,6,2720.063993
59.099294,6,2720.21685
57.574733,5,2720.338526
59.099294,6,2720.464139
58.510704,6,2720.65049
58.510704,6,2720.775094
57.967614,5,2720.935448
57.066154,7,2721.045119
58.510704,6,2721.17139
59.099294,6,2721.304657
57.78954,7,2721.454353
58.510704,6,2721.645061
57.967614,5,2721.811661
57.574733,5,2722.016347
59.099294,6,2722.168362
57.066154,7,2722.373191
59.099294,6,2722.557063
59.099294,6,2722.739855
59.099294,6,2722.919789
57.78954,7,2723.041764
58.510704,6,2723.127869
59.099294,6,2723.308701
58.510704,6,2723.467217
57.066154,7,2723.593539
57.78954,7,2723.745596
59.099294,6,2723.840715
57.574733,5,2724.072878
59.099294,6,2724.220867
58.510704,6,2724.341851
58.510704,6,2724.45413
59.099294,6,2724.614807
-6.489296,6,2725.074294
59.099294,6,2725.257753
57.066154,7,2725.39797
58.510704,6,2725.498204
59.099294,6,2725.659762
59.099294,6,2725.954732
58.510704,6,2726.072583
59.099294,6,2726.260372
59.099294,6,2726.425285
57.574733,5,2726.546957
59.099294,6,2726.677619
59.099294,6,2726.824657
57.78954,7,2726.92646
57.78954,7,2727.131619
58.510704,6,2727.22967
57.78954,7,2727.410164
58.510704,6,2727.53953
59.099294,6,2727.663682
57.967614,5,2727.784886
59.099294,6,2727.957042
59.099294,6,2728.090074
59.099294,6,2728.247117
57.066154,7,2728.375053
57.78954,7,2728.523571
59.099294,6,2728.645693
59.099294,6,2728.759963
59.099294,6,2728.892656
59.099294,6,2729.024288
58.510704,6,2729.162812
57.574733,5,2729.262044
57.574733,5,2729.418605
57.967614,5,2729.571271
57.574733,5,2729.672666
57.066154,7,2729.812539
59.099294,6,2729.925758
59.099294,6,2730.075074
58.510704,6,2730.209754
59.099294,6,2730.355467
58.510704,6,2730.546464
59.099294,6,2730.689972
58.510704,6,2730.904285
58.510704,6,2731.031805
59.099294,6,2731.192888
57.967614,5,2731.376634
53.212956,8,2731.492308
57.78954,7,2731.783456
58.510704,6,2731.980468
59.099294,6,2732.09412
57.967614,5,2732.293306
57.967614,5,2732.571007
59.099294,6,2732.752139
59.099294,6,2733.024359
54.008717,4,2733.176629
58.510704,6,2733.346331
59.099294,6,2733.515343
58.510704,6,2733.647656
57.574733,5,2733.759777
-5.900706,6,2733.912039
57.574733,5,2734.138914
57.967614,5,2734.341596
57.066154,7,2734.438066
59.099294,6,2734.611903
58.510704,6,2734.767827
57.967614,5,2734.88198
57.78954,7,2734.995156
59.099294,6,2735.155593
59.099294,6,2735.273727
58.510704,6,2735.370667
59.099294,6,2735.518158
59.099294,6,2735.613053
58.510704,6,2735.706005
57.78954,7,2735.844534
59.099294,6,2736.022671
57.78954,7,2736.133929
59.099294,6,2736.276654
57.78954,7,2736.366634
58.510704,6,2736.477555
59.099294,6,2736.61905
58.510704,6,2736.780677
57.967614,5,2736.892402
59.099294,6,2737.071369
57.78954,7,2737.221543
59.099294,6,2737.352538
57.967614,5,2737.546211
59.099294,6,2737.703934
54.008717,4,2737.848376
59.099294,6,2737.966716
57.967614,5,2738.157512
59.099294,6,2738.251196
57.574733,5,2738.445025
57.922114,6,2738.573007
59.099294,6,2738.723564
57.967614,5,2738.821835
59.099294,6,2738.960104
58.510704,6,2739.151943
59.099294,6,2739.30248
57.574733,5,2739.427892
57.967614,5,2739.613452
57.574733,5,2739.731764
59.099294,6,2739.880176
57.574733,5,2739.989633
58.510704,6,2740.183063
57.78954,7,2740.328376
58.510704,6,2740.440121
57.967614,5,2740.686135
57.78954,7,2740.791056
57.78954,7,2740.885436
57.967614,5,2741.007694
59.099294,6,2741.133619
57.574733,5,2741.235745
59.099294,6,2741.351303
57.066154,7,2741.539819
57.574733,5,2741.650877
-6.489296,6,2741.747174
-7.21046,7,2741.847318
57.78954,7,2741.938141
59.099294,6,2742.08242
57.78954,7,2742.221481
58.510704,6,2742.345124
59.099294,6,2742.466918
57.066154,7,2742.700384
57.78954,7,2742.838693
58.510704,6,2742.954092
58.510704,6,2743.05885
57.967614,5,2743.254358
58.510704,6,2743.446794
59.099294,6,2743.55827
-10.991283,4,2743.659702
57.066154,7,2743.774448
59.099294,6,2743.885465
59.099294,6,2744.000985
59.099294,6,2744.19723
57.574733,5,2744.320067
54.216439,4,2744.507248
57.066154,7,2744.683238
57.967614,5,2744.953439
58.510704,6,2745.101983
57.574733,5,2745.256283
57.967614,5,2745.417335
57.967614,5,2745.66667
58.510704,6,2745.788047
57.78954,7,2745.902554
57.78954,7,2745.981083
57.574733,5,2746.110024
58.510704,6,2746.203044
58.510704,6,2746.30367
59.099294,6,2746.578125
57.574733,5,2746.848616
59.099294,6,2746.994376
59.099294,6,2747.178369
58.510704,6,2747.30811
58.510704,6,2747.420587
57.574733,5,2747.546296
59.099294,6,2747.691066
59.099294,6,2747.870556
59.099294,6,2748.010887
59.099294,6,2748.251267
57.78954,7,2748.350467
59.099294,6,2748.447877
58.510704,6,2748.545168
59.099294,6,2748.684427
59.099294,6,2748.782158
-5.900706,6,2749.071195
58.510704,6,2749.195259
59.099294,6,2749.320194
57.78954,7,2749.421569
58.510704,6,2749.619724
58.510704,6,2749.742712
59.099294,6,2749.878516
57.78954,7,2750.020228
58.510704,6,2750.155174
58.510704,6,2750.297392
58.510704,6,2750.430022
-7.666476,6,2750.650734
58.510704,6,2750.76316
57.967614,5,2750.95726
57.967614,5,2751.133121
59.099294,6,2751.256943
59.099294,6,2751.352548
59.099294,6,2751.500077
57.574733,5,2751.603459
57.574733,5,2751.775752
59.099294,6,2751.897243
59.099294,6,2752.010969
57.78954,7,2752.164122
58.510704,6,2752.287762
58.510704,6,2752.381466
57.78954,7,2752.486076
59.099294,6,2752.62602
58.510704,6,2752.728425
59.099294,6,2752.859145
59.099294,6,2752.971022
59.099294,6,2753.096664
57.574733,5,2753.329221
-5.900706,6,2753.626951
58.510704,6,2753.875486
58.510704,6,2754.097238
59.099294,6,2754.248609
59.099294,6,2754.374607
58.510704,6,2754.61127
57.574733,5,2754.809394
59.099294,6,2754.899042
57.066154,7,2755.831014
58.510704,6,2756.072391
59.099294,6,2756.156942
57.967614,5,2756.26233
59.099294,6,2756.366009
59.099294,6,2756.478678
59.099294,6,2756.61193
59.099294,6,2756.788727
58.510704,6,2756.905207
58.510704,6,2757.026279
59.099294,6,2757.172272
59.099294,6,2757.443869
59.099294,6,2757.59094
59.099294,6,2757.738266
57.967614,5,2757.934582
59.099294,6,2758.049148
59.099294,6,2758.195146
58.510704,6,2758.314975
57.78954,7,2758.444075
59.099294,6,2758.557767
57.78954,7,2758.684574
59.099294,6,2758.810039
57.574733,5,2758.914207
57.967614,5,2759.188867
59.099294,6,2759.347485
57.066154,7,2759.468465
58.510704,6,2759.570024
58.510704,6,2759.685263
57.574733,5,2759.78873
58.510704,6,2759.891451
59.099294,6,2760.176553
59.099294,6,2760.277763
58.510704,6,2760.418072
59.099294,6,2760.571721
-6.489296,6,2760.921396
58.510704,6,2761.024138
57.967614,5,2761.221676
57.78954,7,2761.405393
57.967614,5,2761.505931
57.574733,5,2761.613533
59.099294,6,2761.734656
59.099294,6,2761.898762
-6.489296,6,2762.232198
58.510704,6,2762.362948
58.510704,6,2762.612128
59.099294,6,2762.748992
58.510704,6,2762.99595
59.099294,6,2763.178787
59.099294,6,2763.310524
57.967614,5,2763.508149
59.099294,6,2763.66599
-5.900706,6,2764.010136
57.78954,7,2764.111091
57.967614,5,2764.317617
59.099294,6,2764.455144
57.574733,5,2764.619075
58.510704,6,2764.75154
59.099294,6,2764.853631
57.574733,5,2764.975381
57.066154,7,2765.07724
57.78954,7,2765.228347
57.574733,5,2765.395513
59.099294,6,2765.496291
59.099294,6,2765.65394
57.574733,5,2765.818473
57.967614,5,2765.994094
57.967614,5,2766.150674
57.78954,7,2766.310263
59.099294,6,2766.470182
58.510704,6,2766.577709
59.099294,6,2766.679999
59.099294,6,2766.793674
59.099294,6,2766.934012
-7.032386,5,2767.306203
57.574733,5,2767.427805
58.510704,6,2767.518618
59.099294,6,2767.620718
57.574733,5,2767.727038
58.510704,6,2767.848346
58.510704,6,2767.937257
59.099294,6,2768.035405
58.510704,6,2768.14661
57.78954,7,2768.277547
57.574733,5,2768.473439
-6.489296,6,2768.633164
58.510704,6,2768.814626
58.510704,6,2768.935635
58.510704,6,2769.053511
57.066154,7,2769.303894
59.099294,6,2769.385931
58.510704,6,2769.540354
58.510704,6,2769.659736
57.967614,5,2769.849041
58.510704,6,2769.975272
57.78954,7,2770.100368
58.510704,6,2770.193953
59.099294,6,2770.317308
57.78954,7,2770.465614
58.510704,6,2770.60517
59.099294,6,2770.732552
59.099294,6,2770.841837
54.216439,4,2770.966112
58.510704,6,2771.074045
58.510704,6,2771.187123
59.099294,6,2771.368559
58.510704,6,2771.476783
58.510704,6,2771.715623
58.510704,6,2771.814263
57.066154,7,2771.972337
58.510704,6,2772.173328
57.78954,7,2772.285068
59.099294,6,2772.420099
59.099294,6,2772.546863
59.099294,6,2772.69513
58.510704,6,2772.813745
57.78954,7,2772.954518
59.099294,6,2773.207216
58.510704,6,2773.323423
59.099294,6,2773.607482
59.099294,6,2773.734208
58.510704,6,2773.826653
59.099294,6,2773.977279
59.099294,6,2774.120112
57.066154,7,2774.260489
59.099294,6,2774.438869
57.574733,5,2774.543002
58.510704,6,2774.644125
59.099294,6,2774.74824
58.510704,6,2774.864015
59.099294,6,2775.016234
57.78954,7,2775.11441
57.967614,5,2775.312358
58.510704,6,2775.452928
58.510704,6,2775.610243
57.78954,7,2775.79453
57.967614,5,2775.947498
57.967614,5,2776.138656
57.78954,7,2776.234079
58.510704,6,2776.393604
57.78954,7,2776.491917
59.099294,6,2776.671256
58.510704,6,2776.767632
58.510704,6,2776.90578
59.099294,6,2777.057197
59.099294,6,2777.267498
58.510704,6,2777.380563
57.967614,5,2777.512589
59.099294,6,2777.662438
-5.900706,6,2777.964424
57.967614,5,2778.120656
59.099294,6,2778.236484
58.510704,6,2778.336801
58.510704,6,2778.44903
57.967614,5,2778.643991
57.066154,7,2778.745467
59.099294,6,2778.932249
59.099294,6,2779.036713
57.967614,5,2779.29872
57.574733,5,2779.398878
58.510704,6,2779.524612
59.099294,6,2779.676337
59.099294,6,2779.835763
59.099294,6,2779.981655
58.510704,6,2780.088401
58.510704,6,2780.207147
58.510704,6,2780.326311
57.78954,7,2780.422143
57.967614,5,2780.614632
58.510704,6,2780.73191
58.510704,6,2780.976865
58.510704,6,2781.076093
59.099294,6,2781.197367
59.099294,6,2781.323107
57.967614,5,2781.601557
58.510704,6,2781.801623
59.099294,6,2782.001135
57.78954,7,2782.119185
59.099294,6,2782.273218
57.066154,7,2782.438631
58.510704,6,2782.625637
59.099294,6,2782.772878
59.099294,6,2782.933841
58.510704,6,2783.037416
59.099294,6,2783.170616
57.78954,7,2783.26878
58.510704,6,2783.398962
57.574733,5,2783.551946
59.099294,6,2783.709114
59.099294,6,2783.821897
58.510704,6,2783.964731
-7.032386,5,2784.444119
57.574733,5,2784.555288
59.099294,6,2784.769024
-7.425267,5,2785.009077
59.099294,6,2785.132577
-5.900706,6,2785.432706
59.099294,6,2785.573677
59.099294,6,2785.728143
57.967614,5,2785.941337
59.099294,6,2786.025743
59.099294,6,2786.14807
57.574733,5,2786.258923
57.574733,5,2786.367074
59.099294,6,2786.550443
58.510704,6,2786.716627
-5.900706,6,2786.874581
59.099294,6,2787.022846
57.78954,7,2787.178547
57.78954,7,2787.302807
58.510704,6,2787.412202
57.066154,7,2787.516437
57.78954,7,2787.662253
58.510704,6,2787.821666
59.099294,6,2787.964845
57.78954,7,2788.121248
58.510704,6,2788.219623
59.099294,6,2788.366624
58.510704,6,2788.533341
56.342767,7,2788.657534
57.574733,5,2788.776614
59.099294,6,2788.927206
57.066154,7,2789.052261
-7.032386,5,2789.478767
58.510704,6,2789.660412
58.510704,6,2789.7908
57.967614,5,2789.977859
59.099294,6,2790.117606
57.967614,5,2790.220513
59.099294,6,2790.358891
59.099294,6,2790.58054
59.099294,6,2790.785642
59.099294,6,2790.870482
57.78954,7,2791.042302
58.510704,6,2791.139534
57.78954,7,2791.282822
58.510704,6,2791.372432
58.510704,6,2791.471653
58.510704,6,2791.597624
57.78954,7,2791.756082
58.510704,6,2791.924295
59.099294,6,2792.055617
59.099294,6,2792.151892
59.099294,6,2792.293414
57.967614,5,2792.505237
59.099294,6,2792.663583
58.510704,6,2792.810659
59.099294,6,2792.963249
58.510704,6,2793.127083
58.510704,6,2793.287938
59.099294,6,2793.438542
58.510704,6,2793.560611
59.099294,6,2793.784586
57.574733,5,2794.02123
59.099294,6,2794.177335
59.099294,6,2794.26866
59.099294,6,2794.407538
58.510704,6,2794.542994
58.510704,6,2794.646244
57.574733,5,2794.768799
57.967614,5,2794.965605
57.967614,5,2795.163082
59.099294,6,2795.289438
57.967614,5,2795.482769
58.510704,6,2795.589733
-6.489296,6,2795.693549
57.78954,7,2795.810302
59.099294,6,2795.993724
58.510704,6,2796.160722
58.510704,6,2796.281769
59.099294,6,2796.475976
57.066154,7,2796.612786
-5.900706,6,2796.802183
57.066154,7,2796.931357
57.78954,7,2797.082961
57.967614,5,2797.268779
59.099294,6,2797.42903
-7.032386,5,2797.797073
59.099294,6,2797.9098
59.099294,6,2798.107628
58.510704,6,2798.213536
59.099294,6,2798.354886
58.510704,6,2798.594995
57.967614,5,2798.709691
59.099294,6,2798.839001
59.099294,6,2799.003412
59.099294,6,2799.193851
59.099294,6,2799.344946
57.78954,7,2799.469281
58.510704,6,2799.592925
57.78954,7,2799.735717
57.967614,5,2800.007672
57.574733,5,2800.144458
59.099294,6,2800.322561
57.78954,7,2800.501231
59.099294,6,2800.784785
59.099294,6,2800.884687
59.099294,6,2801.045873
57.574733,5,2801.211091
59.099294,6,2801.343781
-6.489296,6,2801.454724
58.510704,6,2801.751385
57.967614,5,2801.947175
57.78954,7,2802.084453
59.099294,6,2802.228344
59.099294,6,2802.391654
59.099294,6,2802.551454
59.099294,6,2802.650463
59.099294,6,2802.803562
59.099294,6,2802.903824
58.510704,6,2803.024973
59.099294,6,2803.303547
58.510704,6,2803.4192
58.510704,6,2803.523129
58.510704,6,2803.752612
59.099294,6,2803.934013
57.574733,5,2804.036884
58.510704,6,2804.198771
57.78954,7,2804.349491
58.510704,6,2804.527278
57.066154,7,2804.628032
59.099294,6,2804.724207
57.967614,5,2804.918933
57.574733,5,2805.123895
59.099294,6,2805.230843
59.099294,6,2805.319183
-5.900706,6,2805.638585
57.78954,7,2805.758471
57.066154,7,2805.929069
57.574733,5,2806.056007
58.510704,6,2806.178744
57.574733,5,2806.345299
59.099294,6,2806.449137
57.78954,7,2806.796221
59.099294,6,2806.896464
57.574733,5,2807.063211
-6.489296,6,2807.234563
57.066154,7,2807.428341
57.967614,5,2807.606314
58.510704,6,2807.721241
59.099294,6,2807.885043
57.066154,7,2807.989331
57.574733,5,2808.196453
58.510704,6,2808.324638
58.510704,6,2808.466418
58.510704,6,2809.274879
59.099294,6,2809.399927
57.066154,7,2809.522671
57.574733,5,2809.636461
57.574733,5,2809.81172
59.099294,6,2809.953749
59.099294,6,2810.05946
57.574733,5,2810.225109
59.099294,6,2810.394677
58.510704,6,2810.524995
57.574733,5,2810.653961
59.099294,6,2810.78592
59.099294,6,2810.911478
59.099294,6,2811.035059
59.099294,6,2811.173403
57.066154,7,2811.327871
59.099294,6,2811.458018
58.510704,6,2811.599799
57.78954,7,2811.719527
57.574733,5,2811.88116
59.099294,6,2811.997252
57.574733,5,2812.158681
59.099294,6,2812.263572
-7.425267,5,2812.61831
57.066154,7,2812.822661
58.510704,6,2812.949939
59.099294,6,2813.135301
58.510704,6,2813.3346
58.510704,6,2813.529229
57.066154,7,2813.637893
57.78954,7,2813.763432
59.099294,6,2813.950606
58.510704,6,2814.05428
59.099294,6,2814.2064
57.181853,5,2814.386461
57.574733,5,2814.512503
59.099294,6,2814.731608
59.099294,6,2814.897194
57.967614,5,2815.10578
59.099294,6,2815.291636
57.78954,7,2815.390864
59.099294,6,2815.573451
59.099294,6,2815.716785
59.099294,6,2815.918805
59.099294,6,2816.120702
58.510704,6,2816.213373
57.967614,5,2816.408598
58.510704,6,2816.593147
58.510704,6,2816.715634
57.066154,7,2816.945308
59.099294,6,2817.053086
58.510704,6,2817.211423
59.099294,6,2817.361481
58.510704,6,2817.603976
57.574733,5,2817.763965
59.099294,6,2817.867888
57.967614,5,2818.123168
59.099294,6,2818.274442
58.510704,6,2818.514176
58.510704,6,2818.715689
58.510704,6,2818.916699
59.099294,6,2819.075708
59.099294,6,2819.169103
57.967614,5,2819.369168
59.099294,6,2819.560751
59.099294,6,2819.711543
58.510704,6,2819.842447
57.78954,7,2819.958835
57.066154,7,2820.146437
59.099294,6,2820.289931
58.510704,6,2820.40678
59.099294,6,2820.534702
59.099294,6,2820.798579
59.099294,6,2820.9621
57.78954,7,2821.091026
59.099294,6,2821.191489
59.099294,6,2821.313644
59.099294,6,2821.438205
59.099294,6,2821.535305
57.78954,7,2821.626296
59.099294,6,2821.749202
58.510704,6,2821.897594
57.78954,7,2822.049252
58.510704,6,2822.214195
59.099294,6,2822.365499
59.099294,6,2822.476604
57.574733,5,2822.599352
59.099294,6,2822.745667
58.510704,6,2822.911448
57.574733,5,2823.03296
59.099294,6,2823.199664
57.066154,7,2823.389908
59.099294,6,2823.526122
58.510704,6,2823.673846
58.510704,6,2823.834036
-7.21046,7,2824.166223
57.574733,5,2824.293821
59.099294,6,2824.449629
59.099294,6,2824.561736
59.099294,6,2824.716629
57.066154,7,2824.832798
58.510704,6,2824.931464
59.099294,6,2825.119444
57.78954,7,2825.215983
59.099294,6,2825.370749
59.099294,6,2825.511746
57.574733,5,2825.709367
57.574733,5,2825.902194
59.099294,6,2826.036512
58.510704,6,2826.157164
57.967614,5,2826.321413
59.099294,6,2826.472648
57.574733,5,2826.587044
58.510704,6,2826.702968
58.510704,6,2826.823632
58.510704,6,2826.918437
59.099294,6,2827.039662
59.099294,6,2827.135349
59.099294,6,2827.264832
57.78954,7,2827.414437
57.78954,7,2827.52573
57.066154,7,2827.674804
57.78954,7,2827.822269
57.066154,7,2827.952563
57.967614,5,2828.180881
57.967614,5,2828.373364
58.510704,6,2828.560886
-6.489296,6,2828.816002
57.574733,5,2828.935943
59.099294,6,2829.081628
59.099294,6,2829.26599
57.574733,5,2829.426536
59.099294,6,2829.572267
59.099294,6,2829.712484
59.099294,6,2829.856443
-7.425267,5,2830.026962
58.510704,6,2830.126842
57.967614,5,2830.317275
57.78954,7,2830.420222
58.510704,6,2830.57781
59.099294,6,2830.697923
58.510704,6,2830.84346
57.574733,5,2830.967072
58.510704,6,2831.171043
58.510704,6,2831.33315
57.78954,7,2831.459538
58.510704,6,2831.698687
57.574733,5,2831.900798
58.510704,6,2832.132401
57.78954,7,2832.216228
57.574733,5,2832.371274
58.510704,6,2832.514374
58.510704,6,2832.637884
59.099294,6,2832.737359
58.510704,6,2832.837302
-6.489296,6,2833.265901
57.967614,5,2833.461065
59.099294,6,2833.616259
57.574733,5,2833.749194
59.099294,6,2833.870877
57.574733,5,2833.993052
57.574733,5,2834.091305
58.510704,6,2834.203833
57.574733,5,2834.388166
57.066154,7,2834.574696
59.099294,6,2834.671644
59.099294,6,2834.80311
59.099294,6,2834.984474
58.510704,6,2835.077475
57.066154,7,2835.181243
58.510704,6,2835.375029
57.574733,5,2835.475205
59.099294,6,2835.674433
57.574733,5,2835.841376
59.099294,6,2836.001682
57.066154,7,2836.159103
59.099294,6,2836.257224
57.78954,7,2836.434033
57.574733,5,2836.58535
58.510704,6,2836.681316
57.967614,5,2836.840283
57.967614,5,2837.108402
58.510704,6,2837.27111
57.066154,7,2837.41331
57.066154,7,2837.666816
57.967614,5,2837.82212
58.510704,6,2837.948087
57.78954,7,2838.087281
59.099294,6,2838.184542
57.574733,5,2838.285852
59.099294,6,2838.387999
58.510704,6,2838.513464
57.574733,5,2838.637284
57.574733,5,2838.871264
57.78954,7,2838.983892
57.066154,7,2839.106153
59.099294,6,2839.201148
57.78954,7,2839.306884
57.066154,7,2839.419142
59.099294,6,2839.544134
59.099294,6,2839.69008
57.78954,7,2839.82402
59.099294,6,2839.949566
57.78954,7,2840.101401
-7.425267,5,2840.603092
59.099294,6,2840.741224
57.574733,5,2840.86649
59.099294,6,2840.999831
57.78954,7,2841.108305
57.066154,7,2841.265053
58.510704,6,2841.391222
59.099294,6,2841.573638
57.967614,5,2841.860353
59.099294,6,2842.028837
58.510704,6,2842.213471
57.066154,7,2842.34119
57.922114,6,2842.551374
58.510704,6,2842.67303
59.099294,6,2842.819834
57.574733,5,2842.951034
58.510704,6,2843.062441
58.510704,6,2843.221817
58.510704,6,2843.323394
59.099294,6,2843.521271
59.099294,6,2843.674016
59.099294,6,2843.825467
-7.21046,7,2844.158182
59.099294,6,2844.280231
58.510704,6,2844.436637
59.099294,6,2844.584576
57.574733,5,2844.706726
57.78954,7,2844.887959
58.510704,6,2845.101518
59.099294,6,2845.261398
58.510704,6,2845.503172
59.099294,6,2845.629162
58.510704,6,2845.719398
-6.489296,6,2845.86758
59.099294,6,2846.016318
59.099294,6,2846.131029
-7.960771,6,2846.397153
58.510704,6,2846.627005
57.78954,7,2846.809975
58.510704,6,2846.951173
59.099294,6,2847.10643
59.099294,6,2847.252116
58.510704,6,2847.365563
57.574733,5,2847.488552
59.099294,6,2847.609348
58.510704,6,2847.741069
58.510704,6,2847.840442
59.099294,6,2848.032141
58.510704,6,2848.16966
59.099294,6,2848.326811
58.510704,6,2848.561555
57.78954,7,2848.746815
57.574733,5,2848.932374
58.510704,6,2849.089355
57.78954,7,2849.223069
57.574733,5,2849.342834
59.099294,6,2849.485255
57.78954,7,2849.61326
58.510704,6,2849.719902
59.099294,6,2849.829134
58.510704,6,2849.956659
57.78954,7,2850.051406
59.099294,6,2850.195517
57.78954,7,2850.34569
59.099294,6,2850.488867
57.78954,7,2850.60324
59.099294,6,2850.729641
59.099294,6,2850.829365
57.78954,7,2850.928709
58.510704,6,2851.144056
58.510704,6,2851.323262
58.510704,6,2851.454297
59.099294,6,2851.57688
59.099294,6,2851.762438
59.099294,6,2851.874913
57.574733,5,2852.099578
58.510704,6,2852.283507
59.099294,6,2852.38573
59.099294,6,2852.484366
58.510704,6,2852.704271
59.099294,6,2852.852753
-7.425267,5,2853.041862
58.510704,6,2853.171374
58.510704,6,2853.258982
59.099294,6,2853.415544
59.099294,6,2853.550366
58.510704,6,2853.645822
58.510704,6,2853.77293
57.574733,5,2854.005346
58.510704,6,2854.164535
57.78954,7,2854.262624
58.510704,6,2854.464156
57.78954,7,2854.580394
58.510704,6,2854.727384
57.574733,5,2854.847862
58.510704,6,2854.97845
59.099294,6,2855.208374
58.510704,6,2855.316425
59.099294,6,2855.500298
57.574733,5,2855.62151
58.510704,6,2855.735653
59.099294,6,2855.854673
58.510704,6,2855.95681
58.510704,6,2856.08159
57.574733,5,2856.291785
59.099294,6,2856.398362
58.510704,6,2856.634362
59.099294,6,2856.741546
59.099294,6,2856.896518
58.510704,6,2857.018647
58.510704,6,2857.163241
58.510704,6,2857.26348
59.099294,6,2857.410383
59.099294,6,2857.536675
57.78954,7,2857.645857
57.574733,5,2857.751453
58.510704,6,2857.840332
57.78954,7,2857.963334
59.099294,6,2858.089374
57.066154,7,2858.246965
59.099294,6,2858.383861
59.099294,6,2858.52449
57.78954,7,2858.617087
59.099294,6,2858.739646
57.967614,5,2858.8594
57.78954,7,2859.013092
58.510704,6,2859.137209
59.099294,6,2859.237413
57.574733,5,2859.396664
58.510704,6,2859.506614
57.574733,5,2859.676871
59.099294,6,2859.834628
58.510704,6,2860.003668
57.967614,5,2860.254651
-7.032386,5,2860.693296
57.066154,7,2860.834219
57.574733,5,2860.997711
57.967614,5,2861.197872
58.510704,6,2861.304567
59.099294,6,2862.203757
59.099294,6,2862.429695
57.967614,5,2862.637572
57.78954,7,2862.799928
57.967614,5,2863.092748
58.510704,6,2863.205691
58.510704,6,2863.308181
59.099294,6,2863.470249
59.099294,6,2863.64257
-7.032386,5,2864.040041
59.099294,6,2864.154252
59.099294,6,2864.325288
59.099294,6,2864.513327
59.099294,6,2864.685532
59.099294,6,2864.824387
57.574733,5,2864.950155
57.574733,5,2865.077547
57.78954,7,2865.256556
57.066154,7,2865.397939
59.099294,6,2865.496655
59.099294,6,2865.622653
58.510704,6,2865.747364
57.967614,5,2865.889308
58.510704,6,2866.011846
57.574733,5,2866.138623
57.78954,7,2866.288507
58.510704,6,2866.398744
57.967614,5,2866.682272
57.78954,7,2866.813247
59.099294,6,2866.913286
58.510704,6,2867.013225
58.510704,6,2867.157967
58.510704,6,2867.4
59.099294,6,2867.553514
58.510704,6,2867.754131
-5.900706,6,2867.918443
58.510704,6,2868.050692
59.099294,6,2868.227419
57.967614,5,2868.442926
58.510704,6,2868.573691
57.922114,6,2868.784876
57.967614,5,2868.989461
58.510704,6,2869.137726
57.574733,5,2869.317201
59.099294,6,2869.423858
58.510704,6,2869.534994
57.574733,5,2869.657831
58.510704,6,2869.759624
59.099294,6,2869.877066
57.574733,5,2870.041643
58.510704,6,2870.244292
59.099294,6,2870.35785
59.099294,6,2870.489902
58.510704,6,2870.697589
58.510704,6,2870.832763
57.066154,7,2870.975895
57.574733,5,2871.15982
58.510704,6,2871.252541
58.510704,6,2871.380236
58.510704,6,2871.545677
57.967614,5,2871.735987
58.510704,6,2871.901459
57.574733,5,2872.017683
-5.900706,6,2872.162644
59.099294,6,2872.29947
58.510704,6,2872.516846
57.574733,5,2872.639039
58.510704,6,2872.768139
58.510704,6,2872.95882
57.574733,5,2873.121378
58.510704,6,2873.249362
58.510704,6,2873.372857
59.099294,6,2873.471627
58.510704,6,2873.64395
58.510704,6,2873.748119
57.066154,7,2873.870112
59.099294,6,2873.986745
57.066154,7,2874.092047
58.510704,6,2874.330569
57.574733,5,2874.45594
58.510704,6,2874.568615
57.78954,7,2874.664321
58.510704,6,2874.761371
57.066154,7,2874.896148
59.099294,6,2875.193883
59.099294,6,2875.307522
59.099294,6,2875.459003
59.099294,6,2875.765223
59.099294,6,2875.873291
59.099294,6,2876.063233
59.099294,6,2876.164624
57.967614,5,2876.4484
57.78954,7,2876.555515
57.78954,7,2876.700469
59.099294,6,2876.802537
59.099294,6,2877.05146
58.510704,6,2877.160813
59.099294,6,2877.273567
58.510704,6,2877.374679
57.574733,5,2877.603596
59.099294,6,2877.794457
59.099294,6,2877.933513
58.510704,6,2878.062757
59.099294,6,2878.193352
57.967614,5,2878.388499
59.099294,6,2878.511486
58.510704,6,2878.709711
59.099294,6,2878.878949
59.099294,6,2879.004362
59.099294,6,2879.179382
59.099294,6,2879.364973
57.78954,7,2879.499667
57.78954,7,2879.658777
58.510704,6,2879.780051
59.099294,6,2879.889513
59.099294,6,2880.049843
59.099294,6,2880.171689
58.510704,6,2880.269683
58.510704,6,2880.436065
59.099294,6,2880.541543
58.510704,6,2880.662853
57.574733,5,2880.800209
59.099294,6,2880.95442
57.78954,7,2881.123653
59.099294,6,2881.292062
58.510704,6,2881.406107
59.099294,6,2881.582314
58.510704,6,2881.718328
57.066154,7,2881.837204
57.967614,5,2882.053101
-5.900706,6,2882.361889
59.099294,6,2882.487998
57.967614,5,2882.75449
59.099294,6,2882.927651
58.510704,6,2883.032594
59.099294,6,2883.164186
59.099294,6,2883.462327
59.099294,6,2883.565651
57.574733,5,2883.797715
57.967614,5,2883.946069
59.099294,6,2884.07923
57.967614,5,2884.290692
59.099294,6,2884.451936
57.78954,7,2884.587369
57.574733,5,2884.753923
58.510704,6,2884.893875
59.099294,6,2885.021446
57.78954,7,2885.189884
57.967614,5,2885.385952
58.510704,6,2885.504018
59.099294,6,2885.671517
58.510704,6,2885.785417
59.099294,6,2885.948894
59.099294,6,2886.079503
58.510704,6,2886.23598
58.510704,6,2886.341093
58.510704,6,2886.514005
58.510704,6,2886.710077
59.099294,6,2886.824797
59.099294,6,2886.978605
58.510704,6,2887.136543
58.510704,6,2887.250386
57.967614,5,2887.45154
57.967614,5,2887.618136
59.099294,6,2887.774936
58.510704,6,2887.893829
57.967614,5,2888.094568
59.099294,6,2888.220563
58.510704,6,2888.334671
59.099294,6,2888.441872
58.510704,6,2888.559105
57.574733,5,2888.691517
59.099294,6,2888.815002
57.78954,7,2888.960222
58.510704,6,2889.059575
59.099294,6,2889.220461
-5.900706,6,2889.378294
57.78954,7,2889.481861
59.099294,6,2889.632921
57.967614,5,2889.773622
58.510704,6,2889.876151
58.510704,6,2889.986537
59.099294,6,2890.133295
-6.489296,6,2890.241532
57.967614,5,2890.393885
59.099294,6,2890.55721
59.099294,6,2890.706105
59.099294,6,2890.852476
58.510704,6,2891.095879
57.78954,7,2891.225724
59.099294,6,2891.416177
57.574733,5,2891.650033
59.099294,6,2891.757559
58.510704,6,2891.94422
57.066154,7,2892.053677
57.967614,5,2892.259607
58.510704,6,2892.390762
57.574733,5,2892.57566
59.099294,6,2892.680807
58.510704,6,2892.793731
57.574733,5,2892.925721
57.066154,7,2893.056772
58.510704,6,2893.154218
57.967614,5,2893.279288
59.099294,6,2893.380869
59.099294,6,2893.520221
59.099294,6,2893.668971
58.510704,6,2893.831011
59.099294,6,2893.950832
59.099294,6,2894.064671
57.574733,5,2894.228574
59.099294,6,2894.336862
57.967614,5,2894.49327
57.574733,5,2894.730458
59.099294,6,2894.846704
59.099294,6,2894.950909
58.510704,6,2895.046827
59.099294,6,2895.145291
-7.425267,5,2895.526465
58.510704,6,2895.648676
57.967614,5,2895.848145
58.510704,6,2895.966148
59.099294,6,2896.114191
59.099294,6,2896.223615
59.099294,6,2896.324168
58.510704,6,2896.425991
59.099294,6,2896.582519
57.922114,6,2896.755988
59.099294,6,2896.91204
57.574733,5,2897.043095
58.510704,6,2897.203205
57.967614,5,2897.336777
58.510704,6,2897.548152
58.510704,6,2897.673442
58.510704,6,2897.840935
59.099294,6,2897.998298
59.099294,6,2898.09971
57.78954,7,2898.205856
59.099294,6,2898.366818
59.099294,6,2898.519242
59.099294,6,2898.690974
57.78954,7,2898.816203
57.78954,7,2899.003335
57.066154,7,2899.168046
59.099294,6,2899.29842
58.510704,6,2899.754873
57.78954,7,2900.340858
58.510704,6,2900.691058
59.099294,6,2901.153184
58.510704,6,2901.695533
58.510704,6,2902.052183
57.78954,7,2902.408507
58.510704,6,2902.692216
58.510704,6,2903.140101
59.099294,6,2903.444776
57.066154,7,2903.829236
-7.425267,5,2905.097594
59.099294,6,2905.510077
59.099294,6,2905.829135
58.510704,6,2906.269121
57.574733,5,2906.597221
58.510704,6,2906.822132
59.099294,6,2907.162935
59.099294,6,2907.410504
57.78954,7,2907.694359
58.510704,6,2908.04324
59.099294,6,2908.409534
59.099294,6,2908.678358
59.099294,6,2908.950333
57.574733,5,2909.282137
59.099294,6,2909.552326
58.510704,6,2910.003932
58.510704,6,2910.306101
57.066154,7,2910.543415
58.510704,6,2911.014851
58.510704,6,2911.2043
57.967614,5,2911.743586
59.099294,6,2912.305664
-5.900706,6,2913.200644
57.066154,7,2913.64462
58.510704,6,2913.880372
59.099294,6,2914.072416
59.099294,6,2914.3406
59.099294,6,2914.665947
56.342767,7,2914.917692
-7.032386,5,2915.61745
57.967614,5,2915.848324
59.099294,6,2916.020835
59.099294,6,2916.446642
57.967614,5,2917.058214
58.510704,6,2917.485193
58.510704,6,2917.687172
59.099294,6,2917.984012
59.099294,6,2918.359243
58.510704,6,2918.904509
58.510704,6,2919.164782
59.099294,6,2919.708312
57.574733,5,2919.975627
59.099294,6,2920.225401
58.510704,6,2920.501955
58.510704,6,2920.992324
57.066154,7,2921.512897
57.967614,5,2922.081998
59.099294,6,2922.564373
58.510704,6,2922.89413
59.099294,6,2923.282238
58.510704,6,2923.596879
58.510704,6,2923.800859
57.78954,7,2924.063797
59.099294,6,2924.319238
59.099294,6,2924.623633
59.099294,6,2924.889224
57.78954,7,2925.190592
59.099294,6,2925.638024
57.574733,5,2925.857184
57.967614,5,2926.380279
59.099294,6,2926.813895
58.510704,6,2927.157847
58.510704,6,2927.556725
57.066154,7,2928.119615
58.510704,6,2928.407182
57.967614,5,2928.796273
57.574733,5,2929.010287
57.574733,5,2929.327886
56.342767,7,2929.717287
58.510704,6,2929.911434
57.967614,5,2930.270712
59.099294,6,2930.532644
57.967614,5,2930.757041
57.967614,5,2931.140571
59.099294,6,2931.398185
59.099294,6,2931.631458
58.510704,6,2931.913383
59.099294,6,2932.157479
57.574733,5,2932.490689
57.574733,5,2932.710603
57.967614,5,2933.099432
59.099294,6,2933.394999
59.099294,6,2933.560912
58.510704,6,2933.851118
59.099294,6,2934.045315
58.510704,6,2934.454144
58.510704,6,2934.686204
58.510704,6,2935.037791
59.099294,6,2935.38453
58.510704,6,2935.883702
59.099294,6,2937.221235
57.78954,7,2937.445277
58.510704,6,2937.793324
59.099294,6,2938.073096
59.099294,6,2938.326211
59.099294,6,2938.535032
59.099294,6,2938.797555
59.099294,6,2939.006796
58.510704,6,2939.236188
59.099294,6,2939.5424
58.510704,6,2939.910565
57.066154,7,2940.124574
59.099294,6,2940.33849
57.967614,5,2940.533442
58.510704,6,2940.751539
58.510704,6,2941.092494
59.099294,6,2941.328115
59.099294,6,2941.543001
58.510704,6,2941.758379
57.574733,5,2941.977462
58.510704,6,2942.22321
58.510704,6,2942.605633
59.099294,6,2942.837104
59.099294,6,2943.138154
59.099294,6,2943.476514
59.099294,6,2943.683283
57.574733,5,2944.10007
59.099294,6,2944.394462
59.099294,6,2944.737514
59.099294,6,2945.177585
-5.900706,6,2945.938116
57.574733,5,2946.424695
57.967614,5,2946.766765
59.099294,6,2947.111287
59.099294,6,2947.333786
57.967614,5,2947.588124
57.967614,5,2947.832478
58.510704,6,2948.096986
-7.21046,7,2948.393248
59.099294,6,2948.71247
59.099294,6,2949.316113
59.099294,6,2949.613951
59.099294,6,2949.939631
59.099294,6,2950.29595
59.099294,6,2950.857693
59.099294,6,2951.050104
59.099294,6,2951.291153
58.510704,6,2951.550447
57.066154,7,2951.942612
58.510704,6,2952.138934
58.510704,6,2952.385979
57.574733,5,2952.647817
57.967614,5,2953.115963
59.099294,6,2953.535419
58.510704,6,2953.764876
58.510704,6,2954.073771
59.099294,6,2954.386726
58.510704,6,2954.756305
57.967614,5,2955.27221
58.510704,6,2955.519682
59.099294,6,2955.896343
57.066154,7,2956.331088
57.78954,7,2956.694654
57.967614,5,2957.268144
57.574733,5,2957.769144
58.510704,6,2957.99261
57.922114,6,2958.548591
59.099294,6,2958.894094
59.099294,6,2959.209693
54.216439,4,2959.810333
57.78954,7,2960.043686
59.099294,6,2960.321759
58.510704,6,2960.578555
57.967614,5,2961.077041
59.099294,6,2961.403449
58.510704,6,2961.660566
-5.900706,6,2962.322494
57.78954,7,2962.598068
57.967614,5,2963.056534
59.099294,6,2963.384837
58.510704,6,2963.865808
57.78954,7,2964.088066
59.099294,6,2964.437649
59.099294,6,2964.633714
57.574733,5,2965.013611
59.099294,6,2965.298649
59.099294,6,2965.692491
58.510704,6,2965.951438
59.099294,6,2966.335273
59.099294,6,2966.8542
59.099294,6,2967.304012
57.066154,7,2967.53315
59.099294,6,2967.88113
58.510704,6,2968.189914
57.967614,5,2968.796064
58.510704,6,2969.182892
59.099294,6,2969.535544
58.510704,6,2969.820107
-5.900706,6,2970.247927
59.099294,6,2970.467899
57.574733,5,2970.744959
58.510704,6,2970.985898
57.78954,7,2971.382958
58.510704,6,2971.906381
58.510704,6,2972.156356
57.574733,5,2972.560837
59.099294,6,2972.868694
59.099294,6,2973.110531
57.574733,5,2973.315686
57.574733,5,2973.527339
58.510704,6,2973.73208
59.099294,6,2974.071019
-5.900706,6,2974.98725
58.510704,6,2975.236206
57.574733,5,2975.6809
59.099294,6,2976.015504
54.216439,4,2976.626445
57.967614,5,2977.090438
57.78954,7,2977.310559
58.510704,6,2977.582147
59.099294,6,2977.800267
57.78954,7,2978.17983
59.099294,6,2978.56451
57.967614,5,2978.926384
59.099294,6,2979.258193
59.099294,6,2979.58693
59.099294,6,2979.810701
58.510704,6,2980.060292
59.099294,6,2980.568745
59.099294,6,2980.741575
57.967614,5,2981.13159
58.510704,6,2981.433603
57.967614,5,2981.853855
57.574733,5,2982.281595
57.574733,5,2982.58032
57.066154,7,2982.80372
59.099294,6,2982.964978
59.099294,6,2983.194242
59.099294,6,2983.557969
58.510704,6,2983.671551
57.574733,5,2983.79752
59.099294,6,2983.95902
59.099294,6,2984.064657
58.510704,6,2984.275452
58.510704,6,2984.394596
57.574733,5,2984.642056
59.099294,6,2984.758075
58.510704,6,2984.865317
57.574733,5,2984.997602
58.510704,6,2985.207521
59.099294,6,2985.321247
59.099294,6,2985.484669
59.099294,6,2985.638443
59.099294,6,2985.799981
59.099294,6,2985.968013
58.510704,6,2986.173857
58.510704,6,2986.406089
59.099294,6,2986.508971
59.099294,6,2986.69718
58.510704,6,2986.82623
59.099294,6,2986.971568
58.510704,6,2987.087288
59.099294,6,2987.296666
57.78954,7,2987.452121
59.099294,6,2987.585746
58.510704,6,2987.823271
59.099294,6,2987.950856
57.574733,5,2988.15323
59.099294,6,2988.299403
59.099294,6,2988.46569
58.510704,6,2988.560822
58.510704,6,2988.762889
-6.489296,6,2989.066437
58.510704,6,2989.26178
58.510704,6,2989.428731
58.510704,6,2989.54285
59.099294,6,2989.652975
57.78954,7,2989.793196
59.099294,6,2989.93318
58.510704,6,2990.048009
59.099294,6,2990.334099
59.099294,6,2990.447395
57.066154,7,2990.552986
58.510704,6,2990.69869
57.967614,5,2990.836162
59.099294,6,2990.997583
59.099294,6,2991.187886
59.099294,6,2991.362938
58.510704,6,2991.47731
58.510704,6,2991.609198
57.066154,7,2991.766939
58.510704,6,2991.894012
59.099294,6,2992.049032
59.099294,6,2992.177413
58.510704,6,2992.303181
59.099294,6,2992.425012
59.099294,6,2992.530702
59.099294,6,2992.671583
59.099294,6,2992.790982
59.099294,6,2992.932901
59.099294,6,2993.084987
59.099294,6,2993.297534
59.099294,6,2993.409037
57.78954,7,2993.560169
57.78954,7,2993.863821
59.099294,6,2993.990189
58.510704,6,2994.153224
58.510704,6,2994.261518
59.099294,6,2994.387776
57.574733,5,2994.555147
59.099294,6,2994.714679
58.510704,6,2994.827857
59.099294,6,2994.939632
57.78954,7,2995.099665
59.099294,6,2995.221799
59.099294,6,2995.335126
59.099294,6,2995.501572
58.510704,6,2995.679171
57.574733,5,2995.893923
59.099294,6,2996.057298
58.510704,6,2996.214738
58.510704,6,2996.484949
57.574733,5,2996.621719
59.099294,6,2996.833289
59.099294,6,2997.028198
57.574733,5,2997.155755
57.78954,7,2997.317544
57.967614,5,2997.533367
58.510704,6,2997.656371
59.099294,6,2997.823393
58.510704,6,2998.015639
58.510704,6,2998.178439
57.78954,7,2998.333194
58.510704,6,2998.514371
58.510704,6,2998.653607
59.099294,6,2998.768065
59.099294,6,2998.975786
59.099294,6,2999.090952
57.574733,5,2999.221667
-5.900706,6,2999.676889
57.967614,5,2999.909957
57.967614,5,3000.197701
59.099294,6,3000.365764
59.099294,6,3000.568624
59.099294,6,3000.723632
59.099294,6,3000.830055
59.099294,6,3000.947783
57.574733,5,3001.085993
57.78954,7,3001.243303
59.099294,6,3001.388612
58.510704,6,3001.486051
59.099294,6,3001.648557
57.574733,5,3001.864191
59.099294,6,3001.970512
59.099294,6,3002.116916
58.510704,6,3002.226244
58.510704,6,3002.384459
58.510704,6,3002.512348
58.510704,6,3002.632397
57.78954,7,3002.801015
59.099294,6,3002.917955
59.099294,6,3003.039113
57.78954,7,3003.196254
58.510704,6,3003.352066
57.967614,5,3003.494819
59.099294,6,3003.658283
57.78954,7,3003.759181
57.574733,5,3003.915396
59.099294,6,3004.10466
59.099294,6,3004.234367
59.099294,6,3004.395209
59.099294,6,3004.496558
59.099294,6,3004.649188
58.510704,6,3004.767904
57.967614,5,3004.985952
57.78954,7,3005.14825
58.510704,6,3005.263695
57.78954,7,3005.384194
58.510704,6,3005.510094
59.099294,6,3005.671366
57.574733,5,3005.854398
59.099294,6,3006.010917
57.574733,5,3006.181004
59.099294,6,3006.304609
58.510704,6,3006.547034
59.099294,6,3006.675147
59.099294,6,3006.82472
59.099294,6,3006.975148
58.510704,6,3007.139586
59.099294,6,3007.282428
57.78954,7,3007.424924
-7.032386,5,3007.876021
59.099294,6,3008.038786
57.967614,5,3008.286772
57.574733,5,3008.465691
58.510704,6,3008.648592
57.574733,5,3008.77214
57.574733,5,3008.902053
59.099294,6,3009.036023
58.510704,6,3009.160239
59.099294,6,3009.297008
59.099294,6,3009.447927
59.099294,6,3009.602153
57.78954,7,3009.743115
59.099294,6,3009.835899
58.510704,6,3009.963446
59.099294,6,3010.159481
57.574733,5,3010.286636
59.099294,6,3010.44193
58.510704,6,3010.569656
59.099294,6,3010.727046
59.099294,6,3010.945881
59.099294,6,3011.111878
57.967614,5,3011.360502
58.510704,6,3011.478278
58.510704,6,3011.698581
59.099294,6,3011.818217
59.099294,6,3012.021078
58.510704,6,3012.219654
58.510704,6,3012.443869
58.510704,6,3012.58575
59.099294,6,3012.878797
58.510704,6,3013.045283
58.510704,6,3013.281207
58.510704,6,3013.407262
-7.960771,6,3013.519518
57.574733,5,3013.643193
59.099294,6,3013.796829
57.967614,5,3013.931139
58.510704,6,3014.103407
57.922114,6,3014.324645
58.510704,6,3014.472378
57.574733,5,3014.660624
59.099294,6,3014.814014
58.510704,6,3014.978994
59.099294,6,3015.080368
59.099294,6,3015.202564
-6.489296,6,3015.505848
59.099294,6,3015.61348
59.099294,6,3015.765675
59.099294,6,3015.957741
59.099294,6,3016.057023
58.510704,6,3016.16441
59.099294,6,3016.321532
58.510704,6,3016.536666
57.967614,5,3016.754241
59.099294,6,3017.640962
58.510704,6,3017.870332
58.510704,6,3018.055606
59.099294,6,3018.2158
58.510704,6,3018.353254
57.574733,5,3018.601766
57.574733,5,3018.740352
58.510704,6,3018.973805
58.510704,6,3019.224654
58.510704,6,3019.333526
57.78954,7,3019.44776
57.574733,5,3019.576091
59.099294,6,3019.777954
59.099294,6,3019.94882
59.099294,6,3020.049395
57.574733,5,3020.174516
58.510704,6,3020.331482
58.510704,6,3020.488636
58.510704,6,3020.604941
59.099294,6,3020.752543
57.967614,5,3020.896655
57.574733,5,3021.016683
59.099294,6,3021.167615
59.099294,6,3021.330446
59.099294,6,3021.493966
59.099294,6,3021.656324
59.099294,6,3021.966074
59.099294,6,3022.2203
57.967614,5,3022.39941
59.099294,6,3022.517075
58.510704,6,3022.744453
57.574733,5,3022.874526
57.066154,7,3023.01333
59.099294,6,3023.170304
58.510704,6,3023.286377
58.510704,6,3023.419846
59.099294,6,3023.582756
59.099294,6,3023.784558
59.099294,6,3023.915797
59.099294,6,3024.212182
59.099294,6,3024.377087
59.099294,6,3024.498189
58.510704,6,3024.631869
59.099294,6,3024.732693
57.574733,5,3024.936521
58.510704,6,3025.17257
59.099294,6,3025.365064
57.574733,5,3025.56601
59.099294,6,3025.718874
57.967614,5,3025.930693
59.099294,6,3026.065998
59.099294,6,3026.19401
58.510704,6,3026.31438
57.574733,5,3026.428958
58.510704,6,3026.642197
57.574733,5,3026.751689
59.099294,6,3026.88889
58.510704,6,3027.099856
59.099294,6,3027.204299
58.510704,6,3027.33571
59.099294,6,3027.50052
57.574733,5,3027.736932
57.967614,5,3027.940693
57.574733,5,3028.075737
59.099294,6,3028.294309
58.510704,6,3028.466249
59.099294,6,3028.668434
59.099294,6,3028.862365
59.099294,6,3028.991933
59.099294,6,3029.152164
59.099294,6,3029.344298
59.099294,6,3029.474703
59.099294,6,3029.581778
59.099294,6,3029.892243
59.099294,6,3030.060635
59.099294,6,3030.230914
57.574733,5,3030.432677
59.099294,6,3030.538426
59.099294,6,3030.689912
57.574733,5,3030.943791
57.574733,5,3031.068922
57.574733,5,3031.182489
58.510704,6,3031.290329
59.099294,6,3031.432275
59.099294,6,3031.645039
57.574733,5,3031.762285
58.510704,6,3031.86439
59.099294,6,3031.9725
58.510704,6,3032.160191
59.099294,6,3032.267954
-5.900706,6,3032.611284
58.510704,6,3032.748942
59.099294,6,3032.911713
58.510704,6,3033.095378
57.967614,5,3033.279714
59.099294,6,3033.460234
58.510704,6,3033.644937
59.099294,6,3033.834669
59.099294,6,3033.964669
58.510704,6,3034.061537
58.510704,6,3034.169735
58.510704,6,3034.414907
58.510704,6,3034.528987
59.099294,6,3034.682782
59.099294,6,3034.793707
57.967614,5,3034.950724
57.574733,5,3035.072365
59.099294,6,3035.229878
59.099294,6,3035.397925
59.099294,6,3035.566331
57.967614,5,3035.737053
59.099294,6,3035.841403
57.574733,5,3035.970716
58.510704,6,3036.111259
59.099294,6,3036.201035
57.967614,5,3036.311767
59.099294,6,3036.460626
59.099294,6,3036.595494
-7.425267,5,3036.710737
58.510704,6,3036.862758
57.574733,5,3037.062565
58.510704,6,3037.23115
58.510704,6,3037.360354
57.066154,7,3037.491371
57.574733,5,3037.629187
59.099294,6,3037.768019
59.099294,6,3037.925731
59.099294,6,3038.02969
58.510704,6,3038.195743
59.099294,6,3038.302483
57.574733,5,3038.434712
-7.21046,7,3038.814631
59.099294,6,3038.930019
59.099294,6,3039.034778
59.099294,6,3039.188896
58.510704,6,3039.364934
58.510704,6,3039.531264
59.099294,6,3039.646555
57.967614,5,3039.804245
58.510704,6,3039.951675
59.099294,6,3040.089572
59.099294,6,3040.202716
57.574733,5,3040.331173
59.099294,6,3040.484648
59.099294,6,3040.801945
59.099294,6,3040.93565
58.510704,6,3041.04969
59.099294,6,3041.193001
57.967614,5,3041.331187
59.099294,6,3041.500644
58.510704,6,3041.660686
59.099294,6,3041.796734
58.510704,6,3042.003694
57.78954,7,3042.162204
-5.900706,6,3042.284381
59.099294,6,3042.444481
58.510704,6,3042.613859
58.510704,6,3042.723582
57.574733,5,3042.846122
59.099294,6,3042.975044
58.510704,6,3043.073037
57.78954,7,3043.217015
59.099294,6,3043.316836
58.510704,6,3043.491517
58.510704,6,3043.600814
57.574733,5,3043.72915
57.066154,7,3043.956416
59.099294,6,3044.12397
58.510704,6,3044.372294
57.066154,7,3044.529144
59.099294,6,3044.670345
57.574733,5,3044.816563
57.574733,5,3044.955612
57.967614,5,3045.07091
59.099294,6,3045.200753
57.967614,5,3045.429161
59.099294,6,3045.589308
59.099294,6,3045.755324
59.099294,6,3045.875123
59.099294,6,3045.985276
58.510704,6,3046.170275
59.099294,6,3046.36888
59.099294,6,3046.473861
58.510704,6,3046.577738
59.099294,6,3046.7439
57.967614,5,3046.952122
57.78954,7,3047.063011
59.099294,6,3047.225862
57.967614,5,3047.437927
58.510704,6,3047.598687
59.099294,6,3047.801041
57.574733,5,3047.936567
57.967614,5,3048.076602
59.099294,6,3048.249977
59.099294,6,3048.371444
58.510704,6,3048.49162
58.510704,6,3048.600816
57.574733,5,3048.712736
58.510704,6,3048.848885
57.967614,5,3049.077714
59.099294,6,3049.198309
58.510704,6,3049.404525
58.510704,6,3049.536887
58.510704,6,3049.697311
58.510704,6,3049.8625
59.099294,6,3050.04755
59.099294,6,3050.212428
57.967614,5,3050.358332
59.099294,6,3050.47498
59.099294,6,3050.625086
59.099294,6,3050.750703
59.099294,6,3050.856717
57.574733,5,3050.967857
57.78954,7,3051.107291
59.099294,6,3051.320773
59.099294,6,3051.426602
57.78954,7,3051.591496
57.574733,5,3051.728164
59.099294,6,3051.845296
57.574733,5,3051.990545
59.099294,6,3052.132186
-7.933846,7,3052.460351
59.099294,6,3052.619108
57.574733,5,3052.73291
58.510704,6,3052.879417
59.099294,6,3053.011344
58.510704,6,3053.128579
57.574733,5,3053.296992
59.099294,6,3053.470931
57.574733,5,3053.667184
59.099294,6,3053.833814
58.510704,6,3054.051593
59.099294,6,3054.251741
58.510704,6,3054.374255
59.099294,6,3054.624016
57.574733,5,3054.840076
58.510704,6,3054.998439
57.574733,5,3055.242996
58.510704,6,3055.394204
59.099294,6,3055.54859
59.099294,6,3055.707566
58.510704,6,3055.832661
59.099294,6,3056.063822
57.967614,5,3056.205612
59.099294,6,3056.36064
59.099294,6,3056.464305
57.967614,5,3056.667943
54.008717,4,3056.894944
57.967614,5,3057.026347
57.574733,5,3057.170219
58.510704,6,3057.286518
57.066154,7,3057.453174
58.510704,6,3057.574016
57.78954,7,3057.717309
57.967614,5,3057.951754
58.510704,6,3058.055132
59.099294,6,3058.256687
59.099294,6,3058.469124
58.510704,6,3058.623965
57.574733,5,3058.824276
59.099294,6,3058.957505
58.510704,6,3059.19192
58.510704,6,3059.370845
58.510704,6,3059.505316
57.574733,5,3059.615206
-7.425267,5,3060.147101
59.099294,6,3060.26606
57.78954,7,3060.455771
58.510704,6,3060.587018
57.574733,5,3060.717867
58.510704,6,3060.834123
59.099294,6,3061.061594
58.510704,6,3061.209834
57.574733,5,3061.468183
58.510704,6,3061.675705
59.099294,6,3061.807372
59.099294,6,3061.993246
59.099294,6,3062.20526
58.510704,6,3062.390076
-7.21046,7,3062.599951
59.099294,6,3062.705133
57.967614,5,3062.88184
57.967614,5,3063.098784
57.574733,5,3063.372742
54.008717,4,3063.532864
57.574733,5,3063.719979
59.099294,6,3063.86054
57.967614,5,3064.114171
59.099294,6,3064.233104
57.967614,5,3064.421776
57.922114,6,3064.643024
57.78954,7,3064.840485
58.510704,6,3064.978201
57.78954,7,3065.142836
57.78954,7,3065.296979
57.78954,7,3065.462041
59.099294,6,3065.634993
57.78954,7,3065.837066
59.099294,6,3065.997653
57.574733,5,3066.20721
57.574733,5,3066.340936
58.510704,6,3066.477434
58.510704,6,3066.651225
58.510704,6,3066.766376
57.574733,5,3066.8876
57.967614,5,3067.191015
58.510704,6,3067.356495
59.099294,6,3067.526807
59.099294,6,3067.716475
57.574733,5,3067.940789
-5.900706,6,3068.2679
57.922114,6,3068.536423
58.510704,6,3068.653158
59.099294,6,3068.95569
57.066154,7,3069.131869
-7.077886,6,3069.323342
59.099294,6,3069.486832
57.78954,7,3069.627097
59.099294,6,3069.734369
59.099294,6,3069.902509
57.574733,5,3070.046323
57.574733,5,3070.173203
59.099294,6,3070.396587
59.099294,6,3070.507288
59.099294,6,3070.624168
57.574733,5,3070.79032
59.099294,6,3070.897286
59.099294,6,3071.092572
57.967614,5,3071.236067
57.574733,5,3071.454838
59.099294,6,3071.62188
59.099294,6,3071.736006
57.574733,5,3071.977179
59.099294,6,3072.081998
59.099294,6,3072.277471
59.099294,6,3072.384157
57.967614,5,3072.555227
59.099294,6,3072.75506
59.099294,6,3072.915671
57.574733,5,3073.105264
59.099294,6,3073.261161
57.574733,5,3073.439039
57.574733,5,3073.665343
58.510704,6,3073.828412
57.967614,5,3074.071879
57.574733,5,3074.301603
58.510704,6,3074.507617
59.099294,6,3074.631605
59.099294,6,3074.822684
57.574733,5,3074.959561
59.099294,6,3075.126323
57.574733,5,3075.237228
57.78954,7,3075.536163
58.510704,6,3076.444296
-5.900706,6,3076.83609
58.510704,6,3076.971688
59.099294,6,3077.120658
57.967614,5,3077.257594
59.099294,6,3077.367594
59.099294,6,3077.482722
58.510704,6,3077.78912
58.510704,6,3077.96424
59.099294,6,3078.105683
57.574733,5,3078.226102
59.099294,6,3078.374125
57.574733,5,3078.577766
57.967614,5,3078.77737
59.099294,6,3078.912775
59.099294,6,3079.138781
57.967614,5,3079.342502
-5.900706,6,3079.906708
59.099294,6,3080.20871
59.099294,6,3080.646036
57.574733,5,3081.123159
58.510704,6,3081.621618
58.510704,6,3081.94283
59.099294,6,3082.331757
59.099294,6,3082.688635
57.574733,5,3082.975548
57.967614,5,3083.419027
57.967614,5,3083.862837
58.510704,6,3084.098846
58.510704,6,3084.324894
59.099294,6,3084.712207
58.510704,6,3085.082998
59.099294,6,3085.393048
57.574733,5,3085.681442
57.574733,5,3086.138702
58.510704,6,3086.451571
58.510704,6,3086.693627
57.574733,5,3087.179823
59.099294,6,3087.587029
57.574733,5,3087.987387
57.967614,5,3088.530693
57.574733,5,3089.388838
57.78954,7,3090.157773
59.099294,6,3090.538906
58.510704,6,3090.854927
58.510704,6,3091.228521
51.523209,3,3091.686206
59.099294,6,3091.921334
59.099294,6,3092.290496
57.78954,7,3092.476395
59.099294,6,3092.91289
57.574733,5,3093.283403
59.099294,6,3093.699812
57.574733,5,3093.950987
59.099294,6,3094.266148
57.574733,5,3094.640285
57.574733,5,3094.866876
58.510704,6,3095.183315
59.099294,6,3095.503857
58.510704,6,3095.894878
59.099294,6,3096.362957
57.78954,7,3096.799271
58.510704,6,3097.06536
58.510704,6,3097.305961
59.099294,6,3097.526769
59.099294,6,3097.977925
59.099294,6,3098.304722
59.099294,6,3098.557007
59.099294,6,3099.073692
59.099294,6,3099.423839
59.099294,6,3099.767723
57.574733,5,3100.255823
57.967614,5,3100.721847
57.967614,5,3101.151036
59.099294,6,3101.493644
57.574733,5,3101.910038
58.510704,6,3102.216221
57.967614,5,3102.658756
57.066154,7,3103.003968
57.967614,5,3103.366639
58.510704,6,3103.581322
59.099294,6,3104.332169
57.574733,5,3104.81309
59.099294,6,3105.00981
57.967614,5,3105.253205
59.099294,6,3105.438878
59.099294,6,3105.819304
57.574733,5,3106.021845
59.099294,6,3106.203438
59.099294,6,3106.39742
59.099294,6,3106.649107
57.574733,5,3107.070424
58.510704,6,3107.532906
59.099294,6,3107.730429
57.574733,5,3108.223045
57.574733,5,3108.536385
57.574733,5,3108.759014
57.574733,5,3108.982753
59.099294,6,3109.292841
58.510704,6,3109.521648
59.099294,6,3109.843697
59.099294,6,3110.142039
59.099294,6,3110.467564
59.099294,6,3110.771372
59.099294,6,3111.070297
-7.032386,5,3111.831349
57.967614,5,3112.20889
57.574733,5,3112.442026
59.099294,6,3112.763248
57.967614,5,3113.112236
58.510704,6,3113.331233
58.510704,6,3113.672223
59.099294,6,3113.897407
59.099294,6,3114.072123
57.574733,5,3114.489751
59.099294,6,3114.789288
58.510704,6,3115.027231
54.216439,4,3115.368559
57.967614,5,3115.730022
59.099294,6,3116.156171
-5.900706,6,3116.939139
58.510704,6,3117.165613
57.574733,5,3117.35096
58.510704,6,3117.650361
57.574733,5,3118.026981
59.099294,6,3118.361943
57.574733,5,3118.555235
57.967614,5,3118.939875
-7.032386,5,3119.685835
57.574733,5,3120.181153
58.510704,6,3120.586868
59.099294,6,3120.983131
59.099294,6,3121.303493
57.967614,5,3121.520698
58.510704,6,3121.825871
58.510704,6,3122.194826
59.099294,6,3122.408459
59.099294,6,3122.628947
59.099294,6,3123.042145
59.099294,6,3123.343263
57.967614,5,3123.525064
58.510704,6,3123.849669
58.510704,6,3124.037583
58.510704,6,3124.368862
57.967614,5,3124.691006
59.099294,6,3125.055171
54.008717,4,3125.40527
59.099294,6,3125.735206
57.967614,5,3126.333829
59.099294,6,3126.720093
57.967614,5,3127.206169
57.574733,5,3127.649709
59.099294,6,3127.979569
59.099294,6,3128.228218
59.099294,6,3128.422232
58.510704,6,3128.695113
59.099294,6,3128.991116
59.099294,6,3129.285648
57.967614,5,3129.58377
58.510704,6,3129.768807
54.216439,4,3129.980667
58.510704,6,3130.156734
58.510704,6,3130.540219
59.099294,6,3130.809115
57.574733,5,3131.001918
57.967614,5,3131.293458
-5.900706,6,3132.123516
57.066154,7,3132.493698
-7.032386,5,3133.19431
58.510704,6,3133.532459
58.510704,6,3133.928232
57.574733,5,3134.33011
57.967614,5,3134.732542
57.574733,5,3135.20154
58.510704,6,3135.591496
58.510704,6,3135.842478
59.099294,6,3136.141991
59.099294,6,3136.372608
58.510704,6,3136.669993
57.066154,7,3137.083121
59.099294,6,3137.360059
57.967614,5,3137.629073
57.967614,5,3138.173688
59.099294,6,3138.419128
-7.425267,5,3138.825464
59.099294,6,3139.063441
59.099294,6,3139.434257
58.510704,6,3139.778432
58.510704,6,3140.284282
57.78954,7,3140.531435
59.099294,6,3140.852582
57.574733,5,3141.378285
57.967614,5,3141.825222
59.099294,6,3142.150486
59.099294,6,3142.464345
59.099294,6,3142.895969
58.510704,6,3143.107978
58.510704,6,3143.389863
59.099294,6,3143.582606
59.099294,6,3143.80511
57.967614,5,3144.201708
59.099294,6,3144.647225
58.510704,6,3145.04388
57.967614,5,3145.416863
57.78954,7,3145.76347
57.967614,5,3146.452463
58.510704,6,3146.819509
58.510704,6,3147.183198
57.967614,5,3147.739166
57.967614,5,3148.285847
59.099294,6,3148.620219
57.967614,5,3148.971754
59.099294,6,3149.449695
58.510704,6,3149.676341
59.099294,6,3149.901125
59.099294,6,3150.310857
59.099294,6,3150.624428
59.099294,6,3150.95405
-5.900706,6,3151.919744
59.099294,6,3152.396411
57.967614,5,3152.907427
58.510704,6,3153.135324
57.066154,7,3153.456571
58.510704,6,3153.66716
58.510704,6,3153.842608
57.967614,5,3154.117277
58.510704,6,3154.287732
-7.032386,5,3155.033593
59.099294,6,3155.251818
57.574733,5,3155.438268
58.510704,6,3155.660352
58.510704,6,3155.932172
57.066154,7,3156.196516
59.099294,6,3156.455875
59.099294,6,3156.722863
-7.818147,5,3156.942967
57.967614,5,3157.352723
57.967614,5,3157.624261
59.099294,6,3157.896442
59.099294,6,3158.177955
58.510704,6,3158.384374
59.099294,6,3158.55425
59.099294,6,3158.827848
58.510704,6,3159.206773
59.099294,6,3159.472053
59.099294,6,3159.664088
58.510704,6,3159.843572
59.099294,6,3160.192453
57.967614,5,3160.459488
57.574733,5,3160.755518
57.066154,7,3161.040092
57.574733,5,3161.354108
59.099294,6,3161.577383
59.099294,6,3161.772612
58.510704,6,3162.170147
57.967614,5,3162.376731
57.967614,5,3162.604341
59.099294,6,3162.797078
58.510704,6,3162.97789
58.510704,6,3163.208616
58.510704,6,3163.575877
58.510704,6,3163.841974
58.510704,6,3164.198419
59.099294,6,3164.737052
59.099294,6,3165.048828
59.099294,6,3165.257576
57.574733,5,3165.63947
59.099294,6,3165.975437
59.099294,6,3166.314775
59.099294,6,3166.626709
58.510704,6,3166.818502
57.066154,7,3167.234107
57.574733,5,3167.658481
57.967614,5,3168.046687
57.967614,5,3168.450071
58.510704,6,3168.654026
58.510704,6,3168.858483
59.099294,6,3169.168906
57.574733,5,3169.386351
58.510704,6,3169.657461
58.510704,6,3170.060516
58.510704,6,3170.269043
57.574733,5,3170.48293
58.510704,6,3170.85164
59.099294,6,3171.074562
57.967614,5,3171.341892
57.574733,5,3171.597318
59.099294,6,3171.830243
59.099294,6,3172.165933
57.574733,5,3172.357318
59.099294,6,3172.620143
57.967614,5,3172.9298
58.510704,6,3173.181549
57.574733,5,3173.425635
59.099294,6,3173.878886
58.510704,6,3174.248205
57.574733,5,3174.463961
59.099294,6,3174.751397
57.967614,5,3175.001235
-7.666476,6,3175.524786
59.099294,6,3175.82609
57.066154,7,3176.101663
58.510704,6,3176.382682
57.066154,7,3176.612734
59.099294,6,3176.957542
59.099294,6,3177.150058
59.099294,6,3177.361286
57.066154,7,3177.626556
58.510704,6,3177.979436
59.099294,6,3178.346571
57.574733,5,3178.691667
57.967614,5,3178.987941
59.099294,6,3179.2931
57.967614,5,3179.797056
57.574733,5,3180.191612
58.510704,6,3180.482754
58.510704,6,3180.738595
59.099294,6,3181.022439
59.099294,6,3181.343189
57.574733,5,3181.621362
57.574733,5,3182.009658
57.967614,5,3182.237098
59.099294,6,3182.428893
57.574733,5,3182.786879
59.099294,6,3183.100756
58.510704,6,3183.357194
59.099294,6,3183.661791
57.967614,5,3184.14708
59.099294,6,3184.496562
57.967614,5,3184.919319
59.099294,6,3185.306483
57.574733,5,3185.790027
58.510704,6,3186.154263
59.099294,6,3186.600741
57.967614,5,3187.140037
59.099294,6,3187.521717
59.099294,6,3188.033926
58.510704,6,3188.321392
59.099294,6,3188.646528
59.099294,6,3189.284047
59.099294,6,3189.645842
58.510704,6,3189.97092
59.099294,6,3190.364295
57.967614,5,3190.785834
57.967614,5,3191.071893
58.510704,6,3191.353907
57.574733,5,3191.824654
57.574733,5,3192.401631
59.099294,6,3192.732545
59.099294,6,3192.913092
57.574733,5,3193.227064
59.099294,6,3193.737087
58.510704,6,3194.004209
59.099294,6,3194.516513
57.967614,5,3195.269143
58.510704,6,3195.535901
58.510704,6,3195.77612
58.510704,6,3196.228882
57.78954,7,3196.564611
59.099294,6,3198.017243
59.099294,6,3198.397938
57.78954,7,3198.819743
59.099294,6,3199.1367
59.099294,6,3199.547696
57.967614,5,3200.014161
57.574733,5,3200.360449
59.099294,6,3200.708365
58.510704,6,3201.064413
57.574733,5,3201.506689
58.510704,6,3201.778616
59.099294,6,3202.150979
59.099294,6,3202.488027
57.574733,5,3202.76688
-6.489296,6,3203.009281
58.510704,6,3203.244838
58.510704,6,3203.522919
57.066154,7,3203.986329
59.099294,6,3204.454789
57.967614,5,3204.70741
58.510704,6,3204.990944
58.510704,6,3205.245351
59.099294,6,3205.560215
59.099294,6,3205.812101
57.967614,5,3206.170919
58.510704,6,3206.472842
58.510704,6,3206.874193
59.099294,6,3207.098185
57.574733,5,3207.412568
57.967614,5,3208.018748
59.099294,6,3208.584828
58.510704,6,3209.006908
57.78954,7,3209.413558
58.510704,6,3209.872422
-7.032386,5,3210.751732
58.510704,6,3211.040471
58.510704,6,3211.385128
59.099294,6,3211.879804
58.510704,6,3212.214899
58.510704,6,3212.538749
57.574733,5,3213.113231
57.967614,5,3213.666808
59.099294,6,3214.057471
57.574733,5,3214.456482
59.099294,6,3214.865896
58.510704,6,3215.228417
58.510704,6,3215.610503
59.099294,6,3215.826285
57.967614,5,3216.156544
58.510704,6,3216.729364
59.099294,6,3216.94639
59.099294,6,3217.378927
57.78954,7,3218.518
58.510704,6,3218.774243
-11.199004,4,3218.968769
59.099294,6,3219.337387
57.967614,5,3219.670779
-7.032386,5,3220.682747
58.510704,6,3220.967337
59.099294,6,3221.21788
-7.032386,5,3221.6798
59.099294,6,3221.839741
59.099294,6,3222.087092
57.967614,5,3222.353057
59.099294,6,3222.539922
57.574733,5,3222.686306
59.099294,6,3222.905132
57.967614,5,3223.184874
57.574733,5,3223.312047
58.510704,6,3223.591424
57.574733,5,3223.85631
59.099294,6,3224.018268
59.099294,6,3224.167542
59.099294,6,3224.323839
59.099294,6,3224.504246
58.510704,6,3224.628462
57.78954,7,3224.872533
59.099294,6,3225.096562
57.78954,7,3225.254483
59.099294,6,3225.442522
58.510704,6,3225.585192
59.099294,6,3225.740765
57.967614,5,3225.874611
-10.991283,4,3226.001787
59.099294,6,3226.174868
59.099294,6,3226.31552
59.099294,6,3226.436256
58.510704,6,3226.586663
57.574733,5,3226.692634
59.099294,6,3226.850141
58.510704,6,3227.026604
59.099294,6,3227.160125
59.099294,6,3227.326427
57.574733,5,3227.498459
-7.032386,5,3227.897593
57.78954,7,3228.096444
58.510704,6,3228.209442
58.510704,6,3228.351905
57.574733,5,3228.484943
58.510704,6,3228.596854
57.967614,5,3228.774194
58.510704,6,3228.904069
58.510704,6,3229.039522
59.099294,6,3229.203414
59.099294,6,3229.415929
58.510704,6,3229.5392
57.967614,5,3229.79784
59.099294,6,3229.956395
57.78954,7,3230.081682
57.066154,7,3230.214205
57.967614,5,3230.458827
57.574733,5,3230.568711
57.967614,5,3230.774861
57.574733,5,3230.964062
57.574733,5,3231.214492
57.967614,5,3231.386319
57.574733,5,3231.562903
59.099294,6,3231.694878
57.967614,5,3231.913078
58.510704,6,3232.051575
57.574733,5,3232.179216
59.099294,6,3232.374253
-6.489296,6,3232.489642
59.099294,6,3232.662108
57.967614,5,3232.770851
58.510704,6,3232.892697
59.099294,6,3233.048908
59.099294,6,3233.248966
58.510704,6,3233.498055
57.967614,5,3233.647021
59.099294,6,3233.950332
59.099294,6,3234.129378
59.099294,6,3234.239255
57.78954,7,3234.375155
59.099294,6,3234.536873
59.099294,6,3234.669382
57.967614,5,3235.010238
59.099294,6,3235.20761
59.099294,6,3235.336857
59.099294,6,3235.475652
57.967614,5,3235.655481
59.099294,6,3235.777202
58.510704,6,3235.885488
59.099294,6,3236.061039
57.574733,5,3236.198634
59.099294,6,3236.368063
-6.489296,6,3236.509366
58.510704,6,3236.611389
58.510704,6,3236.740065
-5.900706,6,3236.90185
59.099294,6,3237.06582
57.574733,5,3237.262434
57.967614,5,3237.551156
59.099294,6,3237.750788
57.066154,7,3237.885685
57.967614,5,3238.087399
59.099294,6,3238.28921
57.78954,7,3238.593527
59.099294,6,3238.808473
57.066154,7,3238.976528
57.967614,5,3239.262706
58.510704,6,3239.442681
59.099294,6,3239.608424
59.099294,6,3239.806516
59.099294,6,3239.968479
58.510704,6,3240.149046
58.510704,6,3240.250711
57.574733,5,3240.469805
59.099294,6,3240.583401
58.510704,6,3240.709583
57.967614,5,3240.843963
58.510704,6,3240.974268
57.967614,5,3241.153034
58.510704,6,3241.414564
58.510704,6,3241.525296
59.099294,6,3241.68954
59.099294,6,3241.85973
-7.425267,5,3241.976744
-7.21046,7,3242.333331
59.099294,6,3242.463951
57.967614,5,3242.642816
57.967614,5,3242.814444
58.510704,6,3242.975362
59.099294,6,3243.088968
59.099294,6,3243.286534
59.099294,6,3243.423445
57.066154,7,3243.590452
57.78954,7,3243.765453
58.510704,6,3243.895363
57.967614,5,3244.107588
58.510704,6,3244.235255
58.510704,6,3244.374044
58.510704,6,3244.500243
59.099294,6,3244.668262
57.967614,5,3244.891298
57.78954,7,3245.059875
58.510704,6,3245.171441
59.099294,6,3245.33898
59.099294,6,3245.475334
58.510704,6,3245.622807
59.099294,6,3245.75476
59.099294,6,3245.915908
57.78954,7,3246.079815
59.099294,6,3246.238145
59.099294,6,3246.376731
59.099294,6,3246.49323
59.099294,6,3246.598168
57.967614,5,3246.737281
58.510704,6,3246.844753
59.099294,6,3247.00455
59.099294,6,3247.110546
59.099294,6,3247.251737
58.510704,6,3247.397869
57.967614,5,3247.627572
59.099294,6,3247.764957
59.099294,6,3247.92371
57.78954,7,3248.231327
58.510704,6,3248.431509
57.78954,7,3248.569458
58.510704,6,3248.673795
59.099294,6,3248.869405
-5.900706,6,3249.028401
58.510704,6,3249.181659
57.78954,7,3249.276588
58.510704,6,3249.404366
57.967614,5,3249.537596
59.099294,6,3249.65415
59.099294,6,3249.822069
58.510704,6,3250.04859
58.510704,6,3250.155042
59.099294,6,3250.458038
57.967614,5,3250.670251
57.066154,7,3250.796728
59.099294,6,3250.965551
59.099294,6,3251.172004
57.574733,5,3251.287749
58.510704,6,3251.532213
59.099294,6,3251.64289
59.099294,6,3251.849979
58.510704,6,3251.964389
57.967614,5,3252.169877
59.099294,6,3252.337665
57.574733,5,3252.457991
59.099294,6,3252.568999
59.099294,6,3252.786882
59.099294,6,3252.954829
59.099294,6,3253.071718
57.574733,5,3253.265951
58.510704,6,3253.407357
59.099294,6,3253.593721
59.099294,6,3253.707644
57.967614,5,3253.932895
59.099294,6,3254.101407
59.099294,6,3254.21899
57.066154,7,3254.331589
57.967614,5,3254.513933
59.099294,6,3254.652035
59.099294,6,3254.797029
57.967614,5,3254.972017
57.967614,5,3255.107404
57.066154,7,3255.222831
58.510704,6,3255.401369
59.099294,6,3255.549005
57.967614,5,3255.760483
58.510704,6,3255.878011
57.967614,5,3256.018378
-5.900706,6,3256.423029
58.510704,6,3256.555358
58.510704,6,3256.68488
57.967614,5,3256.966913
58.510704,6,3257.187447
58.510704,6,3257.324914
58.510704,6,3257.50338
-5.900706,6,3257.840979
59.099294,6,3257.955156
58.510704,6,3258.12244
58.510704,6,3258.238785
59.099294,6,3258.409764
58.510704,6,3258.590871
57.967614,5,3258.719044
57.066154,7,3258.837483
57.574733,5,3258.976779
59.099294,6,3259.206861
59.099294,6,3259.331092
57.574733,5,3259.492834
59.099294,6,3259.701423
59.099294,6,3259.872532
58.510704,6,3260.031656
58.510704,6,3260.183735
59.099294,6,3260.359149
57.967614,5,3260.494095
57.574733,5,3260.748141
58.510704,6,3260.893521
59.099294,6,3261.033107
57.574733,5,3261.272291
59.099294,6,3261.444568
58.510704,6,3261.57997
59.099294,6,3261.756897
57.574733,5,3261.991141
57.967614,5,3262.121492
57.967614,5,3262.390614
59.099294,6,3262.613107
57.967614,5,3262.958511
57.967614,5,3263.181708
-5.900706,6,3263.566878
58.510704,6,3263.7002
58.510704,6,3263.869141
59.099294,6,3263.969838
59.099294,6,3264.099729
57.967614,5,3264.305602
59.099294,6,3264.480438
59.099294,6,3264.612117
58.510704,6,3264.75578
59.099294,6,3264.901976
58.510704,6,3265.01423
58.510704,6,3265.26295
59.099294,6,3265.426978
58.510704,6,3265.570736
59.099294,6,3265.689313
59.099294,6,3265.866111
57.574733,5,3266.074565
57.967614,5,3266.220175
59.099294,6,3266.347406
-7.21046,7,3266.913401
-5.900706,6,3267.228262
59.099294,6,3267.409421
57.967614,5,3267.692249
58.510704,6,3267.887788
58.510704,6,3268.0721
58.510704,6,3268.212738
57.967614,5,3268.441473
57.574733,5,3268.573959
59.099294,6,3268.738593
57.967614,5,3268.900049
59.099294,6,3269.106953
59.099294,6,3269.22121
58.510704,6,3269.329508
59.099294,6,3269.475034
58.510704,6,3269.651252
58.510704,6,3269.760784
59.099294,6,3269.943154
57.574733,5,3270.073076
58.510704,6,3270.180288
-7.032386,5,3270.508653
59.099294,6,3270.683438
57.574733,5,3270.822665
57.967614,5,3271.048041
58.510704,6,3271.186958
57.967614,5,3271.305707
57.574733,5,3271.448964
59.099294,6,3271.579766
57.574733,5,3271.795495
57.574733,5,3272.00274
59.099294,6,3272.18241
58.510704,6,3273.241236
58.510704,6,3273.499711
59.099294,6,3273.647316
58.510704,6,3273.778049
57.967614,5,3273.965455
57.574733,5,3274.20511
59.099294,6,3274.362246
57.066154,7,3274.514642
57.967614,5,3274.665575
59.099294,6,3274.838418
57.967614,5,3275.437186
59.099294,6,3275.991625
58.510704,6,3276.456118
59.099294,6,3277.185937
58.510704,6,3277.707275
58.510704,6,3278.158355
58.510704,6,3278.481804
57.967614,5,3279.219665
59.099294,6,3279.637719
59.099294,6,3280.046986
58.510704,6,3280.362905
58.510704,6,3280.652398
59.099294,6,3281.233253
58.510704,6,3281.620333
59.099294,6,3282.312934
59.099294,6,3282.567309
59.099294,6,3282.905524
59.099294,6,3283.469418
59.099294,6,3283.835092
58.510704,6,3284.281651
59.099294,6,3284.995076
58.510704,6,3285.574814
59.099294,6,3286.432669
57.066154,7,3286.798934
59.099294,6,3287.463646
-7.032386,5,3288.081282
59.099294,6,3288.393571
59.099294,6,3288.682278
59.099294,6,3288.870655
59.099294,6,3289.426134
58.510704,6,3289.680322
59.099294,6,3289.885568
59.099294,6,3290.319644
58.510704,6,3290.535852
58.510704,6,3290.833798
58.510704,6,3291.170905
57.574733,5,3291.679454
58.510704,6,3291.945683
59.099294,6,3292.171485
59.099294,6,3292.729844
59.099294,6,3293.139787
59.099294,6,3293.636241
57.967614,5,3294.166513
57.967614,5,3294.719284
58.510704,6,3295.295829
58.510704,6,3295.700916
58.510704,6,3296.176541
59.099294,6,3296.723263
59.099294,6,3297.231869
59.099294,6,3297.554691
59.099294,6,3298.17577
57.967614,5,3298.907394
59.099294,6,3299.180579
58.510704,6,3299.433566
58.510704,6,3299.833441
57.574733,5,3300.15944
57.574733,5,3300.647486
58.510704,6,3300.918226
58.510704,6,3301.38618
59.099294,6,3301.653027
59.099294,6,3301.952842
59.099294,6,3302.264736
-6.489296,6,3302.475896
57.967614,5,3302.716162
58.510704,6,3303.230076
59.099294,6,3303.464279
58.510704,6,3303.78446
59.099294,6,3304.512073
58.510704,6,3304.943245
58.510704,6,3305.382826
58.510704,6,3306.105455
58.510704,6,3306.419368
59.099294,6,3306.889143
58.510704,6,3307.265955
57.967614,5,3307.857424
59.099294,6,3308.191167
58.510704,6,3308.619009
59.099294,6,3309.621717
57.967614,5,3310.485788
58.510704,6,3310.967443
59.099294,6,3311.843978
58.510704,6,3312.508906
58.510704,6,3313.1476
57.78954,7,3313.932212
57.574733,5,3314.402077
59.099294,6,3314.726112
57.967614,5,3314.84815
59.099294,6,3315.023105
58.510704,6,3315.312785
59.099294,6,3315.4451
59.099294,6,3315.600158
59.099294,6,3315.781353
59.099294,6,3315.93163
59.099294,6,3316.146297
-5.900706,6,3316.353451
57.967614,5,3316.567527
59.099294,6,3316.767666
57.574733,5,3316.949293
59.099294,6,3317.0645
-7.032386,5,3317.435146
-7.425267,5,3317.716106
57.574733,5,3317.827989
58.510704,6,3317.972833
59.099294,6,3318.194403
57.574733,5,3318.38566
59.099294,6,3318.596295
58.510704,6,3318.730164
59.099294,6,3318.850219
59.099294,6,3319.022857
59.099294,6,3319.308883
59.099294,6,3319.528564
57.066154,7,3319.699762
58.510704,6,3319.889253
57.066154,7,3320.031724
58.510704,6,3320.185632
59.099294,6,3320.378987
59.099294,6,3320.523655
-5.900706,6,3320.851974
58.510704,6,3320.979003
57.967614,5,3321.118736
59.099294,6,3321.292526
59.099294,6,3321.600323
57.967614,5,3321.896148
59.099294,6,3322.043206
58.510704,6,3322.205031
59.099294,6,3322.356277
59.099294,6,3322.558676
59.099294,6,3322.728223
58.510704,6,3322.897223
57.574733,5,3323.069556
57.967614,5,3323.288051
57.066154,7,3323.443759
59.099294,6,3323.549682
57.574733,5,3323.681796
59.099294,6,3323.798098
59.099294,6,3323.973301
58.510704,6,3324.103095
58.510704,6,3324.227718
59.099294,6,3324.374452
59.099294,6,3324.548809
57.967614,5,3324.770282
59.099294,6,3324.94286
58.510704,6,3325.081977
59.099294,6,3325.212545
57.574733,5,3325.424415
57.967614,5,3325.587892
57.967614,5,3325.698452
59.099294,6,3325.841692
58.510704,6,3325.988762
59.099294,6,3326.102028
-7.425267,5,3326.351861
57.967614,5,3326.501425
59.099294,6,3326.597687
59.099294,6,3326.776464
58.510704,6,3326.891048
59.099294,6,3327.095404
59.099294,6,3327.227958
59.099294,6,3327.4442
58.510704,6,3327.611719
59.099294,6,3327.747944
58.510704,6,3327.973626
58.510704,6,3328.072967
59.099294,6,3328.246296
57.967614,5,3328.468835
58.510704,6,3328.661804
57.574733,5,3328.869903
57.574733,5,3328.996118
57.78954,7,3329.156385
58.510704,6,3329.280586
58.510704,6,3329.399929
59.099294,6,3329.530233
-6.489296,6,3329.646424
58.510704,6,3329.76114
57.967614,5,3329.908573
59.099294,6,3330.022275
59.099294,6,3330.181233
58.510704,6,3330.343829
59.099294,6,3330.457748
-6.489296,6,3330.920089
58.510704,6,3331.035193
59.099294,6,3331.202141
59.099294,6,3331.326663
58.510704,6,3331.586896
58.510704,6,3331.787024
59.099294,6,3331.950094
57.066154,7,3332.066772
59.099294,6,3332.275272
59.099294,6,3332.446614
-5.900706,6,3332.747032
59.099294,6,3333.026428
57.574733,5,3333.180104
57.574733,5,3333.333533
59.099294,6,3333.549096
59.099294,6,3333.678166
58.510704,6,3333.929185
57.78954,7,3334.068106
57.574733,5,3334.271278
59.099294,6,3334.390357
59.099294,6,3334.508889
59.099294,6,3334.663325
58.510704,6,3334.875583
59.099294,6,3335.050772
59.099294,6,3335.231814
59.099294,6,3335.338427
-7.032386,5,3335.731877
59.099294,6,3336.048839
58.510704,6,3336.182344
59.099294,6,3336.51711
58.510704,6,3336.666339
58.510704,6,3336.793222
59.099294,6,3336.926269
57.967614,5,3337.108978
58.510704,6,3337.265751
59.099294,6,3337.506824
57.78954,7,3337.647195
59.099294,6,3337.767825
58.510704,6,3337.893285
57.967614,5,3338.160946
57.78954,7,3338.460398
58.510704,6,3338.610329
57.574733,5,3338.750367
59.099294,6,3338.928108
59.099294,6,3339.03187
57.574733,5,3339.161561
57.967614,5,3339.394358
59.099294,6,3339.565604
59.099294,6,3339.716506
57.967614,5,3339.976843
59.099294,6,3340.175394
59.099294,6,3340.303692
58.510704,6,3340.493439
58.510704,6,3340.637198
57.967614,5,3340.857018
57.967614,5,3341.088026
58.510704,6,3341.278186
59.099294,6,3341.433074
59.099294,6,3341.619422
57.967614,5,3341.769314
59.099294,6,3341.932284
57.78954,7,3342.093353
59.099294,6,3342.203358
57.574733,5,3342.396489
54.216439,4,3342.799373
59.099294,6,3342.965266
59.099294,6,3343.185934
58.510704,6,3343.300652
59.099294,6,3343.446721
57.967614,5,3343.657955
58.510704,6,3343.80849
58.510704,6,3343.985054
59.099294,6,3344.103781
59.099294,6,3344.231606
58.510704,6,3344.369542
59.099294,6,3344.486809
57.574733,5,3344.603927
59.099294,6,3344.778225
58.510704,6,3344.913299
57.78954,7,3345.091385
59.099294,6,3345.263178
57.967614,5,3345.563211
58.510704,6,3345.822519
59.099294,6,3345.988598
57.574733,5,3346.10398
59.099294,6,3346.409767
59.099294,6,3346.525224
57.78954,7,3346.750544
57.78954,7,3346.91858
57.574733,5,3347.123128
59.099294,6,3347.308192
58.510704,6,3347.440318
58.510704,6,3347.555816
58.510704,6,3347.774611
59.099294,6,3347.918018
57.574733,5,3348.052989
57.967614,5,3348.274954
58.510704,6,3348.41432
58.510704,6,3348.594424
57.066154,7,3348.722711
57.066154,7,3348.889961
-6.489296,6,3349.244362
57.574733,5,3349.387029
59.099294,6,3349.55299
57.967614,5,3349.781678
58.510704,6,3349.895533
59.099294,6,3350.082493
58.510704,6,3350.27734
57.967614,5,3350.456602
59.099294,6,3350.618046
58.510704,6,3350.879449
59.099294,6,3351.055859
58.510704,6,3351.189677
58.510704,6,3351.305221
59.099294,6,3351.424333
59.099294,6,3351.577408
59.099294,6,3351.744158
59.099294,6,3351.906793
57.574733,5,3352.026209
58.510704,6,3352.17348
58.510704,6,3352.298572
59.099294,6,3352.463815
58.510704,6,3352.597029
57.574733,5,3352.709189
57.967614,5,3352.927804
57.967614,5,3353.153801
59.099294,6,3353.304645
59.099294,6,3353.469376
58.510704,6,3353.601708
59.099294,6,3353.774453
57.574733,5,3354.016582
58.510704,6,3354.162978
59.099294,6,3354.332499
59.099294,6,3354.499645
59.099294,6,3354.764575
58.510704,6,3354.904418
58.510704,6,3355.044221
59.099294,6,3355.153834
58.510704,6,3355.289785
57.066154,7,3355.430069
59.099294,6,3355.550512
59.099294,6,3355.71982
57.967614,5,3355.924774
59.099294,6,3356.083428
58.510704,6,3356.234981
57.574733,5,3356.493566
59.099294,6,3356.651469
58.510704,6,3356.782968
59.099294,6,3356.921854
58.510704,6,3357.063085
-6.489296,6,3357.37186
58.510704,6,3357.473861
57.574733,5,3357.67847
57.574733,5,3357.930664
58.510704,6,3358.056621
57.574733,5,3358.245822
58.510704,6,3358.426195
59.099294,6,3358.560019
-6.489296,6,3358.878955
59.099294,6,3359.034376
57.78954,7,3359.157032
58.510704,6,3359.263157
59.099294,6,3360.131659
57.066154,7,3360.348312
58.510704,6,3360.482577
58.510704,6,3360.714364
58.510704,6,3360.826041
-5.900706,6,3360.991513
58.510704,6,3361.134754
58.510704,6,3361.274622
59.099294,6,3361.412265
58.510704,6,3361.598876
58.510704,6,3361.768346
59.099294,6,3361.918469
58.510704,6,3362.067268
57.574733,5,3362.238236
57.574733,5,3362.375283
58.510704,6,3362.592704
57.066154,7,3362.706642
59.099294,6,3362.880001
59.099294,6,3363.074093
58.510704,6,3363.221486
59.099294,6,3363.346313
54.216439,4,3363.671104
59.099294,6,3363.842745
59.099294,6,3363.99043
59.099294,6,3364.111306
58.510704,6,3364.246711
58.510704,6,3364.387336
57.967614,5,3364.623351
59.099294,6,3364.763875
58.510704,6,3364.893984
59.099294,6,3365.068211
59.099294,6,3365.27358
59.099294,6,3365.388254
58.510704,6,3365.710178
59.099294,6,3365.939762
59.099294,6,3366.079905
58.510704,6,3366.259493
59.099294,6,3366.440358
59.099294,6,3366.616578
59.099294,6,3366.802836
59.099294,6,3367.022288
59.099294,6,3367.15444
59.099294,6,3367.294444
59.099294,6,3367.467183
58.510704,6,3367.583569
-5.900706,6,3367.887114
59.099294,6,3368.058593
59.099294,6,3368.226835
58.510704,6,3368.37673
-5.900706,6,3368.546489
58.510704,6,3368.727018
59.099294,6,3369.034829
58.510704,6,3369.144936
57.78954,7,3369.319898
58.510704,6,3369.430363
57.967614,5,3369.64089
59.099294,6,3369.786322
59.099294,6,3369.966547
57.967614,5,3370.146666
58.510704,6,3370.33014
59.099294,6,3370.549773
59.099294,6,3370.681332
57.574733,5,3370.862839
59.099294,6,3371.075778
59.099294,6,3371.189619
58.510704,6,3371.336667
59.099294,6,3371.56685
58.510704,6,3371.699322
59.099294,6,3371.878408
59.099294,6,3372.065045
58.510704,6,3372.193007
59.099294,6,3372.370864
59.099294,6,3372.485364
59.099294,6,3372.688563
58.510704,6,3372.828914
57.066154,7,3372.998335
59.099294,6,3373.183376
57.574733,5,3373.405729
58.510704,6,3373.568696
59.099294,6,3373.709541
57.066154,7,3373.966799
59.099294,6,3374.186831
59.099294,6,3374.295842
58.510704,6,3374.399736
-5.900706,6,3374.847043
58.510704,6,3375.070041
59.099294,6,3375.177238
58.510704,6,3375.320022
59.099294,6,3375.510917
59.099294,6,3375.691308
58.510704,6,3375.901457
58.510704,6,3376.007517
59.099294,6,3376.16731
57.967614,5,3376.289489
58.510704,6,3376.466888
59.099294,6,3376.577464
57.967614,5,3376.749146
59.099294,6,3376.927065
59.099294,6,3377.102686
59.099294,6,3377.28379
57.78954,7,3377.397106
59.099294,6,3377.556571
59.099294,6,3377.726362
58.510704,6,3377.859636
59.099294,6,3378.021691
59.099294,6,3378.227303
57.574733,5,3378.362039
59.099294,6,3378.507173
58.510704,6,3378.687002
59.099294,6,3378.82531
57.574733,5,3378.963955
59.099294,6,3379.125605
59.099294,6,3379.305287
59.099294,6,3379.429015
59.099294,6,3379.627004
57.78954,7,3379.805251
57.967614,5,3380.007802
57.78954,7,3380.17855
58.510704,6,3380.296987
58.510704,6,3380.434219
58.510704,6,3380.614466
57.574733,5,3380.804781
59.099294,6,3380.912681
57.574733,5,3381.043255
58.510704,6,3381.155421
57.78954,7,3381.269281
58.510704,6,3381.408755
57.066154,7,3381.53654
57.574733,5,3381.656997
58.510704,6,3381.785444
59.099294,6,3381.90951
58.510704,6,3382.132614
59.099294,6,3382.344163
59.099294,6,3382.484063
57.78954,7,3382.630754
57.066154,7,3382.81689
58.510704,6,3382.961555
58.510704,6,3383.069581
57.967614,5,3383.24338
58.510704,6,3383.354964
58.510704,6,3383.593199
59.099294,6,3383.694482
58.510704,6,3383.799944
57.066154,7,3383.984281
59.099294,6,3384.163856
58.510704,6,3384.303516
59.099294,6,3384.468754
58.510704,6,3384.569813
59.099294,6,3384.694757
57.574733,5,3384.814902
59.099294,6,3384.971959
58.510704,6,3385.147204
58.510704,6,3385.315902
59.099294,6,3385.494041
57.967614,5,3385.720389
58.510704,6,3385.861081
57.574733,5,3386.057845
59.099294,6,3386.371392
58.510704,6,3386.536621
59.099294,6,3386.674844
57.574733,5,3386.809803
59.099294,6,3386.965055
59.099294,6,3387.117334
57.574733,5,3387.252924
57.967614,5,3387.405228
58.510704,6,3387.625932
57.78954,7,3387.830578
59.099294,6,3388.014109
59.099294,6,3388.135875
59.099294,6,3388.308939
58.510704,6,3388.560701
59.099294,6,3388.674081
57.78954,7,3388.83987
59.099294,6,3389.016762
59.099294,6,3389.203102
58.510704,6,3389.327855
57.78954,7,3389.647667
57.78954,7,3389.811643
58.510704,6,3390.008857
58.510704,6,3390.159335
59.099294,6,3390.329881
59.099294,6,3390.556364
59.099294,6,3390.66878
58.510704,6,3390.884094
58.510704,6,3391.020959
-5.900706,6,3391.386188
58.510704,6,3391.572907
57.78954,7,3391.694028
59.099294,6,3391.81299
59.099294,6,3392.190228
-6.489296,6,3392.75127
57.574733,5,3393.020177
59.099294,6,3393.132387
57.967614,5,3393.334085
58.510704,6,3393.482969
59.099294,6,3393.694638
59.099294,6,3393.869066
59.099294,6,3394.178881
57.967614,5,3394.300974
57.967614,5,3394.456232
57.574733,5,3394.671413
58.510704,6,3394.887361
57.967614,5,3395.096559
57.967614,5,3395.31999
54.008717,4,3395.568074
59.099294,6,3395.768042
57.574733,5,3396.029358
59.099294,6,3396.264971
58.510704,6,3396.396304
58.510704,6,3396.563202
-7.032386,5,3396.937757
58.510704,6,3397.047846
57.967614,5,3397.277282
58.510704,6,3397.407345
59.099294,6,3397.545985
59.099294,6,3397.954424
59.099294,6,3398.387134
58.510704,6,3399.012786
58.510704,6,3399.323085
57.574733,5,3399.749791
59.099294,6,3400.031361
57.574733,5,3400.499125
59.099294,6,3400.807133
59.099294,6,3401.275561
59.099294,6,3401.942118
59.099294,6,3402.291926
59.099294,6,3402.539129
58.510704,6,3402.799694
59.099294,6,3403.112734
59.099294,6,3403.555134
59.099294,6,3403.809942
59.099294,6,3404.060106
58.510704,6,3404.760854
59.099294,6,3405.40566
59.099294,6,3405.737818
57.574733,5,3405.997633
58.510704,6,3406.516486
59.099294,6,3406.895149
59.099294,6,3407.326716
58.510704,6,3407.577369
59.099294,6,3408.005269
58.510704,6,3408.216787
58.510704,6,3408.517996
59.099294,6,3408.927707
57.967614,5,3409.140513
59.099294,6,3409.597422
59.099294,6,3409.941146
59.099294,6,3410.501199
-5.900706,6,3411.198112
58.510704,6,3411.570561
59.099294,6,3411.827636
57.967614,5,3412.200738
58.510704,6,3412.499025
57.574733,5,3412.995655
59.099294,6,3413.395393
57.574733,5,3413.804927
59.099294,6,3414.025767
59.099294,6,3414.309058
59.099294,6,3414.758118
58.510704,6,3415.28064
59.099294,6,3415.537169
59.099294,6,3415.775083
59.099294,6,3416.032422
59.099294,6,3416.522899
58.510704,6,3416.97526
57.967614,5,3417.415243
59.099294,6,3417.725579
59.099294,6,3417.96144
58.510704,6,3418.276226
59.099294,6,3418.54559
58.510704,6,3418.890278
59.099294,6,3419.516399
59.099294,6,3419.78422
59.099294,6,3420.316933
58.510704,6,3420.601057
58.510704,6,3421.031497
-7.425267,5,3421.688238
59.099294,6,3422.001061
58.510704,6,3422.260438
57.066154,7,3422.669378
58.510704,6,3422.839849
57.574733,5,3423.097626
59.099294,6,3423.259148
59.099294,6,3423.501007
59.099294,6,3423.712153
59.099294,6,3423.857953
58.510704,6,3423.993804
58.510704,6,3424.165922
58.510704,6,3424.302953
59.099294,6,3424.443401
57.967614,5,3424.649613
59.099294,6,3424.82763
57.967614,5,3425.066842
57.78954,7,3425.229339
57.574733,5,3425.423601
57.78954,7,3425.545465
57.574733,5,3425.71152
59.099294,6,3425.874719
57.78954,7,3426.048359
59.099294,6,3426.184166
59.099294,6,3426.343341
-5.900706,6,3426.702049
59.099294,6,3426.878268
57.574733,5,3427.086543
59.099294,6,3427.330444
58.510704,6,3427.473084
58.510704,6,3427.635819
58.510704,6,3427.845366
57.574733,5,3427.976837
59.099294,6,3428.135655
59.099294,6,3428.26514
59.099294,6,3428.388082
59.099294,6,3428.687883
59.099294,6,3428.866837
57.78954,7,3429.035456
59.099294,6,3429.197773
58.510704,6,3429.339475
57.78954,7,3429.450929
59.099294,6,3429.596818
59.099294,6,3429.694203
58.510704,6,3429.913755
59.099294,6,3430.086627
57.066154,7,3430.257167
59.099294,6,3430.432522
57.78954,7,3430.553945
57.574733,5,3430.692577
58.510704,6,3430.818368
59.099294,6,3430.980895
58.510704,6,3431.116961
59.099294,6,3431.284015
57.922114,6,3431.421527
59.099294,6,3431.735224
58.510704,6,3431.936516
59.099294,6,3432.075288
59.099294,6,3432.184726
57.967614,5,3432.355989
59.099294,6,3432.524718
58.510704,6,3432.641284
59.099294,6,3432.814321
59.099294,6,3432.946859
59.099294,6,3433.105885
57.967614,5,3433.281802
57.78954,7,3433.386732
57.574733,5,3433.514671
59.099294,6,3433.681026
58.510704,6,3433.802934
57.967614,5,3434.668436
59.099294,6,3434.835294
58.510704,6,3434.943441
58.510704,6,3435.113453
57.066154,7,3435.249369
57.78954,7,3435.394407
59.099294,6,3435.521392
58.510704,6,3435.696258
57.967614,5,3435.946306
59.099294,6,3436.167913
59.099294,6,3436.352229
-7.032386,5,3436.71622
58.510704,6,3436.860668
58.510704,6,3437.002614
59.099294,6,3437.136018
57.574733,5,3437.26643
59.099294,6,3437.409422
58.510704,6,3437.545375
59.099294,6,3437.711515
58.510704,6,3437.865937
59.099294,6,3438.021667
57.574733,5,3438.265382
57.066154,7,3438.400443
57.574733,5,3438.617285
58.510704,6,3438.867546
58.510704,6,3439.093368
59.099294,6,3439.202586
59.099294,6,3439.500848
58.510704,6,3439.609435
57.066154,7,3439.735631
57.967614,5,3439.942824
59.099294,6,3440.114378
59.099294,6,3440.229646
59.099294,6,3440.354534
58.510704,6,3440.531744
59.099294,6,3440.705047
59.099294,6,3440.811674
58.510704,6,3440.939434
59.099294,6,3441.06986
59.099294,6,3441.171538
58.510704,6,3441.335728
58.510704,6,3441.441364
59.099294,6,3441.549683
59.099294,6,3441.677153
59.099294,6,3441.827208
57.574733,5,3442.060931
58.510704,6,3442.170623
58.510704,6,3442.302797
58.510704,6,3442.533368
57.574733,5,3442.776798
59.099294,6,3442.933294
58.510704,6,3443.106034
58.510704,6,3443.235351
58.510704,6,3443.456493
58.510704,6,3443.591605
59.099294,6,3443.688699
58.510704,6,3443.818334
59.099294,6,3443.92856
59.099294,6,3444.087475
58.510704,6,3444.260863
59.099294,6,3444.456612
58.510704,6,3444.563792
57.78954,7,3444.720499
57.78954,7,3444.822732
57.066154,7,3445.000604
57.78954,7,3445.102373
57.967614,5,3445.311161
58.510704,6,3445.447219
59.099294,6,3445.621392
57.574733,5,3445.872838
59.099294,6,3446.077087
-6.489296,6,3446.402665
57.78954,7,3446.562581
58.510704,6,3446.726748
57.574733,5,3446.859444
57.066154,7,3446.984545
59.099294,6,3447.155045
59.099294,6,3447.317942
59.099294,6,3447.494199
59.099294,6,3447.635378
59.099294,6,3447.748523
-7.960771,6,3447.873006
57.967614,5,3448.038278
58.510704,6,3448.344782
58.510704,6,3448.484673
59.099294,6,3448.65506
58.510704,6,3448.900962
57.967614,5,3449.114624
57.967614,5,3449.323128
57.574733,5,3449.455591
59.099294,6,3449.576482
59.099294,6,3449.728313
59.099294,6,3449.883631
57.967614,5,3450.096328
59.099294,6,3450.225133
59.099294,6,3450.332762
59.099294,6,3450.626299
58.510704,6,3450.839573
57.066154,7,3450.963848
58.510704,6,3451.097263
59.099294,6,3451.260036
59.099294,6,3451.419986
59.099294,6,3451.587702
58.510704,6,3451.719933
58.510704,6,3451.85837
58.510704,6,3451.986207
58.510704,6,3452.118897
57.967614,5,3452.286794
59.099294,6,3452.454171
59.099294,6,3452.617918
59.099294,6,3452.788109
59.099294,6,3452.917193
57.967614,5,3453.139978
58.510704,6,3453.333557
58.510704,6,3453.465708
58.510704,6,3453.575315
58.510704,6,3453.692372
59.099294,6,3453.859768
57.967614,5,3454.10768
59.099294,6,3454.214045
58.510704,6,3454.321477
59.099294,6,3454.4859
58.510704,6,3454.60846
59.099294,6,3454.781875
57.967614,5,3455.079725
59.099294,6,3455.2536
57.574733,5,3455.383595
58.510704,6,3455.497662
57.967614,5,3455.704263
58.510704,6,3455.825429
59.099294,6,3455.965994
58.510704,6,3456.09372
58.510704,6,3456.208269
57.574733,5,3456.343935
59.099294,6,3456.637844
57.574733,5,3456.773222
59.099294,6,3456.899587
59.099294,6,3457.036978
58.510704,6,3457.246256
59.099294,6,3457.53504
58.510704,6,3457.712144
58.510704,6,3457.93873
58.510704,6,3458.061061
59.099294,6,3458.328048
59.099294,6,3458.588432
59.099294,6,3458.76587
58.510704,6,3458.989953
57.78954,7,3459.571035
58.510704,6,3459.828844
57.967614,5,3460.063863
59.099294,6,3460.231949
58.510704,6,3460.355516
59.099294,6,3460.517137
59.099294,6,3460.681142
58.510704,6,3460.918079
58.510704,6,3461.051238
58.510704,6,3461.298128
58.510704,6,3461.432714
59.099294,6,3461.609868
59.099294,6,3461.81773
58.510704,6,3461.935126
59.099294,6,3462.075052
59.099294,6,3462.194424
59.099294,6,3462.360953
58.510704,6,3462.57234
59.099294,6,3462.733452
59.099294,6,3462.833704
59.099294,6,3462.978685
58.510704,6,3463.088431
58.510704,6,3463.195775
58.510704,6,3463.317531
58.510704,6,3463.422541
59.099294,6,3463.714251
58.510704,6,3463.961145
59.099294,6,3464.064851
58.510704,6,3464.200314
59.099294,6,3464.368141
59.099294,6,3464.545945
58.510704,6,3464.709908
59.099294,6,3464.885646
-6.489296,6,3465.002361
58.510704,6,3465.10245
57.967614,5,3465.312408
58.510704,6,3465.491189
59.099294,6,3465.634585
-7.425267,5,3465.750185
59.099294,6,3465.886154
59.099294,6,3466.05409
58.510704,6,3466.245466
59.099294,6,3466.414784
57.066154,7,3466.553695
59.099294,6,3466.710078
59.099294,6,3466.825004
59.099294,6,3466.992696
58.510704,6,3467.102342
59.099294,6,3467.240407
59.099294,6,3467.377145
59.099294,6,3467.543563
57.78954,7,3467.686888
59.099294,6,3467.789924
57.78954,7,3467.951657
58.510704,6,3468.068817
57.066154,7,3468.228008
59.099294,6,3468.393152
57.066154,7,3468.513123
59.099294,6,3468.670207
57.967614,5,3468.888557
57.967614,5,3469.10628
57.967614,5,3469.42293
59.099294,6,3469.533218
-6.489296,6,3469.828338
58.510704,6,3469.946491
59.099294,6,3470.142592
58.510704,6,3470.269872
58.510704,6,3470.402413
58.510704,6,3470.512082
59.099294,6,3470.670843
58.510704,6,3470.842962
58.510704,6,3470.956133
57.922114,6,3471.135509
59.099294,6,3471.35514
59.099294,6,3471.477398
57.967614,5,3471.676622
59.099294,6,3471.854967
59.099294,6,3472.074106
58.510704,6,3472.208433
59.099294,6,3472.302395
59.099294,6,3472.566815
59.099294,6,3472.858164
58.510704,6,3472.967242
57.066154,7,3473.075708
59.099294,6,3473.232749
58.510704,6,3473.443701
58.510704,6,3473.55758
57.066154,7,3473.7734
59.099294,6,3473.919986
58.510704,6,3474.123713
59.099294,6,3474.233332
58.510704,6,3474.478406
59.099294,6,3474.645112
59.099294,6,3474.761888
58.510704,6,3474.933589
58.510704,6,3475.068343
59.099294,6,3475.243164
59.099294,6,3475.412986
59.099294,6,3475.634007
59.099294,6,3475.774064
-7.032386,5,3476.180851
57.967614,5,3476.388109
58.510704,6,3476.516902
57.967614,5,3476.651331
57.967614,5,3476.85449
-5.900706,6,3477.157162
59.099294,6,3477.287894
59.099294,6,3477.45781
58.510704,6,3477.632728
59.099294,6,3477.802378
58.510704,6,3477.909333
-6.489296,6,3478.037526
59.099294,6,3478.168308
57.967614,5,3478.303998
57.574733,5,3478.512594
58.510704,6,3478.646966
59.099294,6,3478.769044
59.099294,6,3478.926043
59.099294,6,3479.085282
57.78954,7,3479.248562
57.967614,5,3479.450382
57.574733,5,3479.666457
59.099294,6,3479.790783
58.510704,6,3479.932645
58.510704,6,3480.07038
59.099294,6,3480.203666
58.510704,6,3480.333485
58.510704,6,3480.507726
57.967614,5,3480.774416
58.510704,6,3480.910083
59.099294,6,3481.03134
59.099294,6,3481.325051
57.78954,7,3481.490814
59.099294,6,3481.621072
58.510704,6,3481.757245
57.574733,5,3481.92871
59.099294,6,3482.075222
59.099294,6,3482.213597
59.099294,6,3482.339246
59.099294,6,3482.507356
58.510704,6,3482.678767
59.099294,6,3482.861695
59.099294,6,3483.041078
59.099294,6,3483.163355
57.967614,5,3483.46084
57.78954,7,3483.626143
58.510704,6,3483.843762
58.510704,6,3483.971205
59.099294,6,3484.105054
58.510704,6,3484.263987
59.099294,6,3484.405441
58.510704,6,3484.58765
59.099294,6,3484.738881
59.099294,6,3484.939157
58.510704,6,3485.078509
59.099294,6,3485.200433
58.510704,6,3485.370316
59.099294,6,3485.538594
57.066154,7,3485.645547
58.510704,6,3485.77121
59.099294,6,3485.874333
57.967614,5,3486.083783
-5.900706,6,3486.377835
59.099294,6,3486.560741
58.510704,6,3486.772035
57.967614,5,3486.997215
59.099294,6,3487.291574
59.099294,6,3487.506267
58.510704,6,3487.683915
59.099294,6,3487.808997
59.099294,6,3488.020267
58.510704,6,3488.141964
57.574733,5,3488.356927
59.099294,6,3488.475375
59.099294,6,3488.648652
57.066154,7,3488.773788
59.099294,6,3488.937946
58.510704,6,3489.058192
58.510704,6,3489.175713
58.510704,6,3489.277256
59.099294,6,3489.447938
59.099294,6,3489.61768
59.099294,6,3489.77867
57.066154,7,3489.91586
59.099294,6,3490.052924
59.099294,6,3490.338873
57.574733,5,3490.461869
58.510704,6,3490.563596
59.099294,6,3490.70033
59.099294,6,3490.82902
58.510704,6,3490.969273
58.510704,6,3491.113374
59.099294,6,3491.240984
57.967614,5,3491.464777
58.510704,6,3491.606615
59.099294,6,3491.786568
59.099294,6,3491.89815
58.510704,6,3492.108485
59.099294,6,3493.042959
59.099294,6,3493.19363
-6.489296,6,3493.316092
58.510704,6,3493.538565
59.099294,6,3493.658281
59.099294,6,3493.75321
57.967614,5,3493.896091
57.574733,5,3494.028948
59.099294,6,3494.150193
58.510704,6,3494.261905
59.099294,6,3494.407337
57.574733,5,3494.607784
58.510704,6,3494.788202
59.099294,6,3494.961228
59.099294,6,3495.067883
57.066154,7,3495.225744
57.78954,7,3495.395142
-7.21046,7,3495.591899
57.78954,7,3495.765116
58.510704,6,3495.902337
59.099294,6,3496.201595
59.099294,6,3496.387618
58.510704,6,3496.494775
-7.21046,7,3496.694508
58.510704,6,3496.949064
59.099294,6,3497.130474
59.099294,6,3497.258791
59.099294,6,3497.375986
59.099294,6,3497.482802
57.967614,5,3497.765237
57.574733,5,3497.971565
59.099294,6,3498.079787
59.099294,6,3498.182467
57.967614,5,3498.354631
59.099294,6,3498.503469
59.099294,6,3498.720542
57.574733,5,3498.955593
59.099294,6,3499.102393
59.099294,6,3499.280211
57.78954,7,3499.421664
58.510704,6,3499.537317
59.099294,6,3499.735821
58.510704,6,3499.933684
58.510704,6,3500.063088
58.510704,6,3500.195347
59.099294,6,3500.488564
58.510704,6,3500.651469
57.967614,5,3500.896408
58.510704,6,3501.016492
57.066154,7,3501.209529
59.099294,6,3501.406482
57.967614,5,3501.635064
59.099294,6,3501.757265
59.099294,6,3502.224782
59.099294,6,3502.397077
58.510704,6,3502.527143
57.78954,7,3502.720213
57.78954,7,3502.88321
59.099294,6,3503.047419
59.099294,6,3503.222324
59.099294,6,3503.424298
59.099294,6,3503.62768
59.099294,6,3503.776315
59.099294,6,3503.948918
58.510704,6,3504.121542
59.099294,6,3504.285667
58.510704,6,3504.417583
58.510704,6,3504.558613
58.510704,6,3504.673892
57.066154,7,3504.891527
57.967614,5,3505.10405
59.099294,6,3505.275123
-5.900706,6,3505.395963
59.099294,6,3505.697199
57.967614,5,3505.970331
59.099294,6,3506.267924
59.099294,6,3506.379214
59.099294,6,3506.548444
57.574733,5,3506.715578
57.967614,5,3506.862672
57.574733,5,3507.074823
59.099294,6,3507.250576
58.510704,6,3507.354517
59.099294,6,3507.460682
58.510704,6,3507.564045
59.099294,6,3507.723749
57.78954,7,3507.858585
57.78954,7,3507.965113
58.510704,6,3508.139049
58.510704,6,3508.271658
58.510704,6,3508.383225
-6.489296,6,3508.494612
59.099294,6,3508.594265
58.510704,6,3508.735518
57.967614,5,3509.019177
59.099294,6,3509.165909
58.510704,6,3509.279349
58.510704,6,3509.51801
59.099294,6,3509.721648
58.510704,6,3509.902449
58.510704,6,3510.032504
59.099294,6,3510.255374
58.510704,6,3510.372221
59.099294,6,3510.587862
59.099294,6,3510.765548
58.510704,6,3510.89739
59.099294,6,3511.021363
59.099294,6,3511.32055
57.574733,5,3511.432768
58.510704,6,3511.607113
58.510704,6,3511.799811
58.510704,6,3511.931703
59.099294,6,3512.101501
59.099294,6,3512.231737
58.510704,6,3512.376582
59.099294,6,3512.489495
58.510704,6,3512.608948
57.574733,5,3512.841876
59.099294,6,3512.951672
59.099294,6,3513.054596
57.574733,5,3513.169157
59.099294,6,3513.471147
59.099294,6,3513.651691
58.510704,6,3513.859145
57.967614,5,3514.081577
59.099294,6,3514.265252
59.099294,6,3514.433449
58.510704,6,3514.566569
58.510704,6,3514.704426
58.510704,6,3514.877454
57.574733,5,3515.002798
59.099294,6,3515.14395
58.510704,6,3515.278203
58.510704,6,3515.421497
58.510704,6,3515.561214
59.099294,6,3515.670869
59.099294,6,3515.840616
59.099294,6,3515.963503
58.510704,6,3516.092706
59.099294,6,3516.205625
57.78954,7,3516.330788
-6.489296,6,3516.674086
59.099294,6,3516.806613
58.510704,6,3516.909854
59.099294,6,3517.005126
57.967614,5,3517.213348
59.099294,6,3517.376639
58.510704,6,3517.509375
59.099294,6,3517.7158
59.099294,6,3517.919279
59.099294,6,3518.093846
59.099294,6,3518.256432
58.510704,6,3518.443931
59.099294,6,3518.616921
58.510704,6,3518.811794
59.099294,6,3518.984452
59.099294,6,3519.151699
57.066154,7,3519.286519
57.574733,5,3519.413152
-5.900706,6,3519.729768
58.510704,6,3519.86123
57.574733,5,3519.991553
58.510704,6,3520.109622
57.574733,5,3520.30078
59.099294,6,3520.431122
59.099294,6,3520.596727
57.967614,5,3520.735954
59.099294,6,3520.87912
57.066154,7,3520.99478
59.099294,6,3521.13439
58.510704,6,3521.311691
59.099294,6,3521.49297
59.099294,6,3521.641701
59.099294,6,3521.84189
58.510704,6,3521.949557
59.099294,6,3522.080777
59.099294,6,3522.187042
59.099294,6,3522.399452
58.510704,6,3522.530647
59.099294,6,3522.699972
59.099294,6,3522.910952
58.510704,6,3523.048903
57.574733,5,3523.209171
59.099294,6,3523.337927
59.099294,6,3523.487055
58.510704,6,3523.613838
59.099294,6,3523.728726
59.099294,6,3523.955456
59.099294,6,3524.151186
-5.900706,6,3524.485498
59.099294,6,3524.713168
57.574733,5,3524.889351
59.099294,6,3525.069275
59.099294,6,3525.213069
58.510704,6,3525.318887
58.510704,6,3525.422793
59.099294,6,3525.537534
58.510704,6,3525.682698
-7.425267,5,3525.805811
-5.900706,6,3526.269135
58.510704,6,3526.514191
57.574733,5,3526.699538
57.78954,7,3526.870811
57.967614,5,3527.039203
59.099294,6,3527.204098
59.099294,6,3527.341847
58.510704,6,3527.527246
58.510704,6,3527.637422
57.574733,5,3527.822502
58.510704,6,3527.930926
59.099294,6,3528.107165
59.099294,6,3528.217
58.510704,6,3528.39774
-6.489296,6,3528.674861
59.099294,6,3528.887958
58.510704,6,3528.993711
59.099294,6,3529.103232
59.099294,6,3529.315069
59.099294,6,3529.417193
57.574733,5,3529.607489
58.510704,6,3529.750074
58.510704,6,3529.852261
-6.489296,6,3529.987525
59.099294,6,3530.190634
59.099294,6,3530.362024
59.099294,6,3530.527554
59.099294,6,3530.658207
59.099294,6,3530.864653
59.099294,6,3530.980049
59.099294,6,3531.180726
58.510704,6,3531.29238
58.510704,6,3531.417088
58.510704,6,3531.580685
59.099294,6,3531.733685
57.574733,5,3531.883757
58.510704,6,3532.129558
-7.032386,5,3532.555756
-6.489296,6,3532.683895
59.099294,6,3532.855307
58.510704,6,3532.993211
59.099294,6,3533.165194
59.099294,6,3533.373185
58.510704,6,3533.477861
59.099294,6,3533.659346
58.510704,6,3533.804155
57.574733,5,3533.992119
59.099294,6,3534.159163
59.099294,6,3534.292212
58.510704,6,3534.436387
58.510704,6,3534.615706
59.099294,6,3534.784039
59.099294,6,3534.95622
-13.476791,3,3535.114046
58.510704,6,3535.216322
57.066154,7,3535.346094
58.510704,6,3535.480143
59.099294,6,3535.643594
59.099294,6,3535.802861
57.066154,7,3536.053944
58.510704,6,3536.221282
58.510704,6,3536.363819
57.574733,5,3536.540853
58.510704,6,3536.652004
58.510704,6,3536.782806
59.099294,6,3536.993175
59.099294,6,3537.142434
58.510704,6,3537.280158
58.510704,6,3537.410808
59.099294,6,3537.714879
59.099294,6,3537.893175
58.510704,6,3538.062595
59.099294,6,3538.266828
59.099294,6,3538.405131
58.510704,6,3538.584464
58.510704,6,3538.814187
58.510704,6,3539.035896
57.574733,5,3539.273697
57.967614,5,3539.599468
59.099294,6,3539.764965
59.099294,6,3539.942414
57.967614,5,3540.118193
59.099294,6,3540.320817
58.510704,6,3540.547727
59.099294,6,3540.725594
59.099294,6,3541.029845
58.510704,6,3541.141036
58.510704,6,3541.249213
59.099294,6,3541.447587
59.099294,6,3541.588727
-7.032386,5,3541.96756
59.099294,6,3542.178433
59.099294,6,3542.328622
58.510704,6,3542.572985
57.78954,7,3542.721281
59.099294,6,3542.887839
59.099294,6,3543.027532
59.099294,6,3543.149252
57.967614,5,3543.358155
59.099294,6,3543.466811
57.78954,7,3544.009802
59.099294,6,3544.174891
59.099294,6,3544.378382
59.099294,6,3544.554159
59.099294,6,3544.701038
58.510704,6,3544.878935
57.574733,5,3545.118662
59.099294,6,3545.318694
59.099294,6,3545.523344
58.510704,6,3545.640126
57.574733,5,3545.88816
58.510704,6,3546.049438
58.510704,6,3546.181638
59.099294,6,3546.339695
59.099294,6,3546.457147
59.099294,6,3546.676202
59.099294,6,3546.80293
59.099294,6,3546.980082
58.510704,6,3547.095197
59.099294,6,3547.197865
59.099294,6,3547.310117
58.510704,6,3547.446904
59.099294,6,3547.647106
59.099294,6,3547.805334
57.574733,5,3547.924387
58.510704,6,3548.069732
59.099294,6,3548.25799
57.78954,7,3548.415299
59.099294,6,3548.522152
57.967614,5,3548.696962
58.510704,6,3548.832694
58.510704,6,3548.940062
58.510704,6,3549.058136
59.099294,6,3549.266636
59.099294,6,3549.475986
59.099294,6,3549.594286
57.78954,7,3549.900198
59.099294,6,3550.054413
58.510704,6,3550.17672
59.099294,6,3550.338323
59.099294,6,3550.512516
57.574733,5,3550.754174
57.574733,5,3550.896559
57.78954,7,3551.014621
59.099294,6,3551.143907
57.967614,5,3551.347723
57.574733,5,3551.542145
58.510704,6,3551.789796
57.574733,5,3552.651092
58.510704,6,3552.83441
59.099294,6,3552.965488
59.099294,6,3553.079717
59.099294,6,3553.200079
59.099294,6,3553.316506
58.510704,6,3553.443752
58.510704,6,3553.567994
58.510704,6,3553.692463
58.510704,6,3553.917902
59.099294,6,3554.084981
58.510704,6,3554.287995
57.066154,7,3554.422585
58.510704,6,3554.532029
58.510704,6,3554.669683
58.510704,6,3554.799033
59.099294,6,3555.080166
58.510704,6,3555.217347
58.510704,6,3555.347369
58.510704,6,3555.474107
59.099294,6,3555.633286
59.099294,6,3555.766484
58.510704,6,3555.894921
57.066154,7,3556.025118
57.066154,7,3556.203938
57.066154,7,3556.320064
57.967614,5,3556.519769
58.510704,6,3556.638753
57.574733,5,3556.847421
59.099294,6,3556.986916
58.510704,6,3557.091116
58.510704,6,3557.256386
59.099294,6,3557.37371
58.510704,6,3557.488394
57.967614,5,3557.651364
58.510704,6,3557.808313
59.099294,6,3558.009131
59.099294,6,3558.157849
59.099294,6,3558.341362
59.099294,6,3558.520323
58.510704,6,3558.698024
59.099294,6,3558.833441
59.099294,6,3559.044372
58.510704,6,3559.164959
57.574733,5,3559.305677
59.099294,6,3559.476407
57.78954,7,3559.627284
59.099294,6,3559.764129
59.099294,6,3559.939313
57.78954,7,3560.149057
57.967614,5,3560.362251
59.099294,6,3560.502458
59.099294,6,3560.642884
58.510704,6,3560.897505
59.099294,6,3561.006509
59.099294,6,3561.122666
58.510704,6,3561.243621
58.510704,6,3561.425576
57.967614,5,3561.561076
58.510704,6,3561.736487
57.78954,7,3561.84213
59.099294,6,3561.946022
59.099294,6,3562.139858
59.099294,6,3562.307082
58.510704,6,3562.55843
57.78954,7,3562.838511
-6.489296,6,3563.37198
58.510704,6,3563.61668
57.066154,7,3563.995605
59.099294,6,3564.209692
57.967614,5,3564.594868
59.099294,6,3564.796125
59.099294,6,3565.097331
59.099294,6,3565.341477
57.78954,7,3565.654674
58.510704,6,3566.010611
57.967614,5,3566.385517
58.510704,6,3566.721627
58.510704,6,3566.972474
59.099294,6,3567.149218
-5.900706,6,3567.894248
57.574733,5,3568.116405
58.510704,6,3568.302067
57.967614,5,3568.805244
57.574733,5,3569.204329
58.510704,6,3569.403652
59.099294,6,3569.733542
58.510704,6,3569.963368
-7.032386,5,3570.835446
59.099294,6,3571.141869
59.099294,6,3571.684994
58.510704,6,3571.975564
57.574733,5,3572.228976
58.510704,6,3572.533175
57.78954,7,3572.816977
59.099294,6,3573.043689
58.510704,6,3573.37378
58.510704,6,3573.580387
59.099294,6,3573.823724
58.510704,6,3574.053739
-5.900706,6,3574.820631
58.510704,6,3575.063821
58.510704,6,3575.251808
57.967614,5,3575.63905
58.510704,6,3576.000175
57.967614,5,3576.363131
59.099294,6,3576.767982
58.510704,6,3577.047762
57.78954,7,3577.358498
59.099294,6,3577.781587
58.510704,6,3577.967575
58.510704,6,3578.19756
59.099294,6,3578.439464
57.78954,7,3578.705075
59.099294,6,3578.945859
58.510704,6,3579.165915
59.099294,6,3579.389901
58.510704,6,3579.629704
59.099294,6,3579.912314
58.510704,6,3580.168725
58.510704,6,3580.475415
59.099294,6,3580.686538
58.510704,6,3581.063339
59.099294,6,3581.356571
57.574733,5,3581.875175
58.510704,6,3582.490383
58.510704,6,3582.819405
58.510704,6,3583.062346
57.574733,5,3583.414817
59.099294,6,3583.693118
59.099294,6,3584.116408
59.099294,6,3584.465478
59.099294,6,3584.775002
59.099294,6,3585.110689
57.574733,5,3585.518889
57.967614,5,3585.85024
59.099294,6,3586.188729
58.510704,6,3586.387459
58.510704,6,3586.567767
59.099294,6,3586.863809
59.099294,6,3587.104905
58.510704,6,3587.390435
58.510704,6,3587.613621
59.099294,6,3588.012047
59.099294,6,3588.268482
59.099294,6,3588.753538
59.099294,6,3589.073542
59.099294,6,3589.315311
58.510704,6,3589.534098
58.510704,6,3589.951847
58.510704,6,3590.178438
59.099294,6,3590.491966
-6.489296,6,3590.771538
59.099294,6,3591.005159
58.510704,6,3591.355668
57.78954,7,3591.769668
59.099294,6,3592.09602
59.099294,6,3592.459619
59.099294,6,3592.810941
57.574733,5,3593.056403
-7.032386,5,3593.739508
59.099294,6,3593.957268
-5.900706,6,3594.666452
57.967614,5,3595.018488
57.78954,7,3595.408118
-7.032386,5,3596.109149
57.066154,7,3596.330415
57.967614,5,3596.889319
58.510704,6,3597.150979
59.099294,6,3597.478561
58.510704,6,3597.804698
57.066154,7,3598.076026
59.099294,6,3598.702413
59.099294,6,3599.007438
57.574733,5,3599.224125
59.099294,6,3599.483778
59.099294,6,3599.65932
58.510704,6,3599.932116
58.510704,6,3600.144217
57.967614,5,3600.507313
59.099294,6,3600.788985
59.099294,6,3600.988017
59.099294,6,3601.348778
59.099294,6,3601.63827
57.066154,7,3601.937706
59.099294,6,3602.156288
58.510704,6,3602.348835
59.099294,6,3602.624327
59.099294,6,3602.900192
58.510704,6,3603.148499
59.099294,6,3603.645396
58.510704,6,3603.988842
57.066154,7,3604.291632
59.099294,6,3604.737224
58.510704,6,3605.027915
58.510704,6,3605.290093
58.510704,6,3605.621073
57.574733,5,3605.984166
59.099294,6,3606.205686
57.967614,5,3606.672184
57.574733,5,3606.926528
59.099294,6,3607.473001
58.510704,6,3607.780037
58.510704,6,3608.19539
58.510704,6,3608.576695
59.099294,6,3608.896762
58.510704,6,3609.188379
58.510704,6,3609.596145
57.066154,7,3609.805606
59.099294,6,3610.064697
59.099294,6,3610.470369
59.099294,6,3610.76773
58.510704,6,3611.085564
59.099294,6,3611.324501
58.510704,6,3611.55801
59.099294,6,3611.980222
58.510704,6,3612.26377
57.574733,5,3612.534873
59.099294,6,3612.832167
59.099294,6,3613.34291
59.099294,6,3613.550431
59.099294,6,3613.843731
59.099294,6,3614.085457
59.099294,6,3614.272188
57.574733,5,3614.500628
57.967614,5,3615.050157
57.922114,6,3615.619087
59.099294,6,3615.840134
58.510704,6,3616.059144
59.099294,6,3616.297361
59.099294,6,3616.487673
58.510704,6,3616.707042
58.510704,6,3616.931355
59.099294,6,3617.226515
57.574733,5,3617.5072
59.099294,6,3617.89475
58.510704,6,3618.15942
-6.489296,6,3619.026886
57.066154,7,3619.345564
58.510704,6,3619.672917
57.78954,7,3620.022113
59.099294,6,3620.300844
57.066154,7,3620.502936
59.099294,6,3620.869269
57.574733,5,3621.155784
58.510704,6,3621.595573
58.510704,6,3621.822351
58.510704,6,3622.053122
59.099294,6,3622.25899
59.099294,6,3622.623934
59.099294,6,3622.971963
59.099294,6,3623.173202
57.78954,7,3623.398871
57.78954,7,3623.565626
58.510704,6,3623.875699
59.099294,6,3624.049516
59.099294,6,3624.388315
59.099294,6,3624.678144
59.099294,6,3624.862213
59.099294,6,3625.126997
57.066154,7,3625.332253
58.510704,6,3625.550539
59.099294,6,3625.873956
59.099294,6,3626.224867
59.099294,6,3626.579614
57.967614,5,3627.052173
58.510704,6,3627.359179
59.099294,6,3627.658737
59.099294,6,3627.920052
59.099294,6,3628.182181
59.099294,6,3628.396734
58.510704,6,3628.604499
58.510704,6,3628.870571
59.099294,6,3629.116391
57.574733,5,3629.32258
59.099294,6,3629.55456
58.510704,6,3629.968328
59.099294,6,3630.242223
59.099294,6,3630.427685
59.099294,6,3630.728188
59.099294,6,3630.920184
59.099294,6,3631.101383
57.574733,5,3631.33287
57.574733,5,3631.572754
58.510704,6,3631.922966
-7.032386,5,3632.574673
58.510704,6,3632.8902
58.510704,6,3633.138042
58.510704,6,3633.543036
58.510704,6,3633.784474
59.099294,6,3634.228881
-7.032386,5,3634.929382
58.510704,6,3635.142796
57.066154,7,3635.486027
58.510704,6,3635.889351
58.510704,6,3636.206047
59.099294,6,3636.555256
59.099294,6,3636.808131
59.099294,6,3637.060784
57.967614,5,3637.372156
58.510704,6,3637.608397
57.574733,5,3637.926004
59.099294,6,3638.177158
58.510704,6,3638.399281
58.510704,6,3638.607988
59.099294,6,3638.845721
58.510704,6,3639.091407
59.099294,6,3639.378738
59.099294,6,3639.636676
58.510704,6,3639.829912
59.099294,6,3640.078409
59.099294,6,3640.418558
59.099294,6,3640.725271
59.099294,6,3640.925118
57.574733,5,3641.225271
58.510704,6,3641.555604
59.099294,6,3641.780461
57.066154,7,3642.156515
59.099294,6,3642.465605
59.099294,6,3642.659238
59.099294,6,3642.915843
58.510704,6,3643.170295
58.510704,6,3643.388834
58.510704,6,3643.623031
59.099294,6,3643.86529
58.510704,6,3644.062924
57.574733,5,3644.470643
59.099294,6,3644.734945
57.066154,7,3644.933766
58.510704,6,3645.224367
59.099294,6,3645.518225
57.574733,5,3645.850928
57.574733,5,3646.079415
58.510704,6,3646.320607
59.099294,6,3646.552299
59.099294,6,3646.82924
58.510704,6,3647.17934
57.967614,5,3647.600016
59.099294,6,3647.898246
59.099294,6,3648.18606
58.510704,6,3648.477316
59.099294,6,3648.89034
59.099294,6,3649.269826
58.510704,6,3649.736913
59.099294,6,3651.181208
57.78954,7,3651.409817
59.099294,6,3651.733218
57.574733,5,3651.962554
59.099294,6,3652.338856
59.099294,6,3652.598294
58.510704,6,3652.94797
-7.032386,5,3653.637299
58.510704,6,3653.88183
59.099294,6,3654.237068
58.510704,6,3654.524506
58.510704,6,3654.76096
58.510704,6,3654.983029
59.099294,6,3655.301483
59.099294,6,3655.727915
58.510704,6,3656.128759
58.510704,6,3656.426948
59.099294,6,3656.765352
57.78954,7,3657.376718
59.099294,6,3657.703725
57.967614,5,3657.966434
59.099294,6,3658.280248
59.099294,6,3658.586805
57.78954,7,3658.881389
-7.818147,5,3659.386162
59.099294,6,3659.617191
58.510704,6,3659.930074
-7.21046,7,3660.875758
58.510704,6,3661.229578
59.099294,6,3661.437046
57.967614,5,3661.804429
59.099294,6,3662.177852
59.099294,6,3662.476174
57.574733,5,3662.830309
59.099294,6,3663.02333
59.099294,6,3663.269653
-7.21046,7,3663.903641
59.099294,6,3664.113353
59.099294,6,3664.402999
59.099294,6,3664.750535
59.099294,6,3665.114359
59.099294,6,3665.440521
59.099294,6,3665.759837
59.099294,6,3666.013676
59.099294,6,3666.225046
58.510704,6,3666.413367
58.510704,6,3666.644408
58.510704,6,3666.933556
59.099294,6,3667.164906
57.574733,5,3667.424179
58.510704,6,3667.635085
57.066154,7,3667.855476
58.510704,6,3668.04389
59.099294,6,3668.499187
57.574733,5,3668.995576
57.574733,5,3669.512959
59.099294,6,3670.526047
59.099294,6,3670.936216
59.099294,6,3671.254867
59.099294,6,3671.63429
57.78954,7,3672.311611
58.510704,6,3672.924011
59.099294,6,3673.473036
59.099294,6,3674.198039
58.510704,6,3674.533043
57.574733,5,3674.97463
59.099294,6,3675.276913
58.510704,6,3675.506914
-6.489296,6,3676.25145
59.099294,6,3676.667987
58.510704,6,3676.993493
57.967614,5,3677.31586
59.099294,6,3677.562953
57.574733,5,3677.78973
59.099294,6,3678.01156
58.510704,6,3678.289684
57.574733,5,3678.739478
59.099294,6,3679.071761
58.510704,6,3679.332344
58.510704,6,3679.592294
59.099294,6,3679.855179
58.510704,6,3680.379007
59.099294,6,3680.654965
57.78954,7,3681.073586
58.510704,6,3681.491223
58.510704,6,3681.783966
57.78954,7,3682.292
57.78954,7,3682.639833
58.510704,6,3682.864527
59.099294,6,3683.162027
58.510704,6,3683.58653
58.510704,6,3683.879703
58.510704,6,3684.081719
59.099294,6,3684.464755
58.510704,6,3684.725434
59.099294,6,3685.109394
58.510704,6,3685.38754
58.510704,6,3685.681693
59.099294,6,3685.905108
57.574733,5,3686.145348
59.099294,6,3686.356946
57.574733,5,3686.861032
59.099294,6,3687.134055
58.510704,6,3687.388619
59.099294,6,3687.711546
57.574733,5,3688.154448
59.099294,6,3688.547442
57.78954,7,3689.044971
58.510704,6,3689.394723
57.066154,7,3689.670889
58.510704,6,3690.047401
58.510704,6,3690.466901
59.099294,6,3690.768064
59.099294,6,3691.284516
59.099294,6,3691.554671
59.099294,6,3691.776767
57.78954,7,3692.10074
59.099294,6,3692.367539
57.78954,7,3692.790281
59.099294,6,3693.014764
58.510704,6,3693.244831
57.78954,7,3693.608064
59.099294,6,3693.869909
59.099294,6,3694.186886
59.099294,6,3694.479461
59.099294,6,3694.829175
59.099294,6,3695.182048
58.510704,6,3695.530777
59.099294,6,3696.053418
57.574733,5,3696.317523
57.967614,5,3696.897913
59.099294,6,3697.164392
58.510704,6,3697.470873
59.099294,6,3697.765411
57.967614,5,3698.265568
57.967614,5,3698.588081
57.967614,5,3698.961469
59.099294,6,3699.411866
59.099294,6,3699.732486
59.099294,6,3700.089856
59.099294,6,3700.342092
59.099294,6,3700.636742
57.574733,5,3700.877092
58.510704,6,3701.121655
59.099294,6,3701.581125
58.510704,6,3701.841908
58.510704,6,3702.052275
58.510704,6,3702.326469
58.510704,6,3702.568022
59.099294,6,3702.895797
59.099294,6,3703.250811
59.099294,6,3703.665452
58.510704,6,3703.928034
58.510704,6,3704.496215
57.967614,5,3704.710556
57.967614,5,3705.154211
59.099294,6,3705.39636
57.574733,5,3705.690832
58.510704,6,3706.010923
58.510704,6,3706.447249
58.510704,6,3706.930265
59.099294,6,3707.432509
58.510704,6,3707.780675
57.967614,5,3708.23795
59.099294,6,3708.495919
58.510704,6,3708.793503
59.099294,6,3709.225165
59.099294,6,3709.634179
58.510704,6,3710.284214
59.099294,6,3710.780719
59.099294,6,3711.152731
59.099294,6,3711.551441
58.510704,6,3711.906408
59.099294,6,3712.735992
59.099294,6,3713.395401
58.510704,6,3714.089612
57.78954,7,3714.628479
57.574733,5,3715.001032
59.099294,6,3715.411856
58.510704,6,3715.661876
59.099294,6,3715.920204
57.78954,7,3716.154648
59.099294,6,3716.806616
59.099294,6,3717.534715
58.510704,6,3718.052272
59.099294,6,3718.522017
59.099294,6,3718.887748
57.78954,7,3719.393838
57.574733,5,3719.807619
59.099294,6,3720.063371
58.510704,6,3720.322017
58.510704,6,3720.609744
58.510704,6,3720.900766
57.574733,5,3721.227102
59.099294,6,3721.479436
57.967614,5,3721.881559
59.099294,6,3722.247495
58.510704,6,3722.528174
59.099294,6,3723.013994
59.099294,6,3723.51289
57.574733,5,3723.946161
58.510704,6,3724.271794
58.510704,6,3724.661012
59.099294,6,3725.081794
59.099294,6,3725.444625
57.78954,7,3725.803405
58.510704,6,3726.267634
58.510704,6,3726.774936
57.78954,7,3727.853937
59.099294,6,3728.279688
59.099294,6,3728.605469
59.099294,6,3728.965117
58.510704,6,3729.27073
57.78954,7,3729.598984
58.510704,6,3729.946172
59.099294,6,3730.400834
59.099294,6,3730.78674
59.099294,6,3731.033929
59.099294,6,3731.343574
58.510704,6,3731.600624
57.574733,5,3732.101148
59.099294,6,3732.829695
53.212956,8,3733.23137
58.510704,6,3733.593565
57.574733,5,3734.153873
59.099294,6,3734.734084
57.78954,7,3735.126046
59.099294,6,3735.749502
59.099294,6,3736.480857
59.099294,6,3736.978545
-5.900706,6,3737.734772
57.967614,5,3738.109722
57.78954,7,3738.349774
57.574733,5,3738.637179
-6.489296,6,3738.882093
59.099294,6,3739.160215
59.099294,6,3739.449419
57.967614,5,3739.800079
-7.818147,5,3740.394354
59.099294,6,3740.795634
59.099294,6,3741.249686
59.099294,6,3741.639461
-6.489296,6,3742.132839
59.099294,6,3742.670587
59.099294,6,3743.000914
58.510704,6,3743.430884
59.099294,6,3743.843779
59.099294,6,3744.302485
58.510704,6,3744.667566
58.510704,6,3745.032079
59.099294,6,3745.451942
59.099294,6,3745.745802
59.099294,6,3745.964279
58.510704,6,3746.170213
59.099294,6,3746.560806
57.066154,7,3746.813048
59.099294,6,3747.070709
57.967614,5,3747.392648
58.510704,6,3747.906124
58.510704,6,3748.209781
57.967614,5,3748.601684
59.099294,6,3748.828565
57.574733,5,3749.297227
58.510704,6,3749.543943
57.574733,5,3749.924014
58.510704,6,3750.209263
59.099294,6,3750.444063
59.099294,6,3750.68259
59.099294,6,3751.107724
59.099294,6,3751.449817
57.574733,5,3751.756902
59.099294,6,3751.9951
58.510704,6,3752.272357
59.099294,6,3752.539258
59.099294,6,3752.847032
59.099294,6,3753.271179
59.099294,6,3753.61831
58.510704,6,3753.891402
57.574733,5,3754.19409
59.099294,6,3754.538998
57.78954,7,3754.935092
58.510704,6,3755.216074
59.099294,6,3755.640555
57.574733,5,3755.893226
58.510704,6,3756.145461
59.099294,6,3756.389933
59.099294,6,3756.658778
57.574733,5,3757.115633
59.099294,6,3757.401786
59.099294,6,3757.726937
59.099294,6,3757.98825
59.099294,6,3758.327113
59.099294,6,3758.612736
57.066154,7,3758.889057
59.099294,6,3759.096939
59.099294,6,3759.388676
59.099294,6,3759.717865
57.967614,5,3760.252876
58.510704,6,3760.47759
58.510704,6,3760.958297
59.099294,6,3761.204264
59.099294,6,3761.520967
58.510704,6,3761.814266
57.066154,7,3762.266639
59.099294,6,3762.739199
58.510704,6,3762.969704
57.967614,5,3763.221961
59.099294,6,3763.545914
59.099294,6,3763.781859
57.78954,7,3764.000658
59.099294,6,3764.301777
57.574733,5,3764.76861
59.099294,6,3765.015249
59.099294,6,3765.304366
59.099294,6,3765.641125
59.099294,6,3765.934202
57.574733,5,3766.15434
59.099294,6,3766.548124
59.099294,6,3766.762914
59.099294,6,3767.00294
59.099294,6,3767.234541
58.510704,6,3767.759277
57.967614,5,3768.18006
59.099294,6,3768.524877
58.510704,6,3768.85541
58.510704,6,3769.182448
59.099294,6,3769.491747
58.510704,6,3769.933671
58.510704,6,3770.315204
59.099294,6,3770.804545
58.510704,6,3771.138879
59.099294,6,3771.394476
59.099294,6,3771.771108
57.574733,5,3772.037849
57.066154,7,3772.376667
59.099294,6,3772.895455
58.510704,6,3773.266236
59.099294,6,3773.766727
58.510704,6,3774.399539
58.510704,6,3775.252081
59.099294,6,3775.638022
59.099294,6,3776.170016
57.574733,5,3776.71065
59.099294,6,3777.131708
59.099294,6,3777.693409
59.099294,6,3779.165592
59.099294,6,3779.489405
59.099294,6,3780.628925
59.099294,6,3781.375933
59.099294,6,3781.963127
58.510704,6,3782.40115
58.510704,6,3782.742804
57.967614,5,3783.283136
58.510704,6,3783.777792
58.510704,6,3784.437345
58.510704,6,3785.108259
59.099294,6,3785.696339
59.099294,6,3786.613453
59.099294,6,3787.525899
59.099294,6,3788.068059
59.099294,6,3788.836763
59.099294,6,3789.402164
59.099294,6,3789.729005
58.510704,6,3790.058833
59.099294,6,3790.546579
59.099294,6,3790.948364
59.099294,6,3791.319502
59.099294,6,3792.122
59.099294,6,3792.419032
57.574733,5,3792.670969
58.510704,6,3792.939719
58.510704,6,3793.327827
59.099294,6,3793.597256
59.099294,6,3793.876303
59.099294,6,3794.118886
59.099294,6,3794.412772
57.967614,5,3794.706678
59.099294,6,3795.2125
58.510704,6,3795.4437
59.099294,6,3795.739412
-7.032386,5,3796.733882
59.099294,6,3797.123178
59.099294,6,3797.40708
58.510704,6,3797.708111
59.099294,6,3798.088096
59.099294,6,3798.429746
57.967614,5,3798.730818
59.099294,6,3799.10323
59.099294,6,3799.513992
59.099294,6,3799.922757
57.574733,5,3800.164727
58.510704,6,3800.62084
59.099294,6,3800.898318
59.099294,6,3801.206784
58.510704,6,3801.437096
59.099294,6,3801.673536
59.099294,6,3802.078657
59.099294,6,3802.35591
58.510704,6,3802.630182
59.099294,6,3802.957192
58.510704,6,3803.265543
58.510704,6,3803.549415
59.099294,6,3803.889782
57.574733,5,3804.230688
58.510704,6,3804.496469
58.510704,6,3804.713004
59.099294,6,3805.060126
58.510704,6,3805.328584
-10.991283,4,3805.938633
59.099294,6,3806.269241
59.099294,6,3806.778592
59.099294,6,3807.080652
-5.900706,6,3807.414963
59.099294,6,3807.855237
57.574733,5,3808.3186
58.510704,6,3808.583485
59.099294,6,3808.892239
57.574733,5,3809.280709
58.510704,6,3809.544832
58.510704,6,3809.770854
59.099294,6,3810.253821
58.510704,6,3810.518336
59.099294,6,3810.837295
57.574733,5,3811.185097
59.099294,6,3811.556978
59.099294,6,3811.765651
57.967614,5,3812.093045
57.574733,5,3812.537482
59.099294,6,3812.9079
59.099294,6,3813.181523
57.78954,7,3813.610334
-7.032386,5,3814.78933
59.099294,6,3815.058664
-7.032386,5,3815.844166
57.967614,5,3816.298971
-5.900706,6,3816.657486
58.510704,6,3817.081169
58.510704,6,3817.31412
59.099294,6,3817.495943
59.099294,6,3817.872326
59.099294,6,3818.37705
57.967614,5,3818.726471
59.099294,6,3819.077211
58.510704,6,3819.380442
59.099294,6,3819.674993
59.099294,6,3819.946074
57.78954,7,3820.349454
59.099294,6,3820.695988
58.510704,6,3821.178245
59.099294,6,3821.64859
59.099294,6,3822.008734
59.099294,6,3822.372829
59.099294,6,3822.848891
59.099294,6,3823.161719
57.574733,5,3823.595849
57.574733,5,3823.987676
59.099294,6,3824.35092
59.099294,6,3824.701486
57.574733,5,3825.040923
57.78954,7,3825.46168
57.78954,7,3825.743703
59.099294,6,3826.312524
57.574733,5,3826.619661
57.78954,7,3826.84823
59.099294,6,3827.261205
59.099294,6,3827.642701
59.099294,6,3828.119616
59.099294,6,3828.562512
57.066154,7,3828.959201
58.510704,6,3829.275046
58.510704,6,3830.048958
-7.032386,5,3831.006031
59.099294,6,3831.556002
59.099294,6,3832.126404
59.099294,6,3832.567909
57.574733,5,3833.443155
58.510704,6,3834.133312
58.510704,6,3834.64717
58.510704,6,3835.232231
59.099294,6,3835.736153
59.099294,6,3836.35627
59.099294,6,3836.966335
59.099294,6,3837.325626
59.099294,6,3838.085303
59.099294,6,3838.507734
58.510704,6,3839.008443
59.099294,6,3839.759631
58.510704,6,3840.461301
58.510704,6,3841.42011
57.967614,5,3842.337518
59.099294,6,3842.758687
59.099294,6,3843.211717
59.099294,6,3843.614319
59.099294,6,3843.943384
57.574733,5,3844.381362
57.574733,5,3844.798477
58.510704,6,3845.133969
59.099294,6,3845.516344
59.099294,6,3845.932148
58.510704,6,3846.203578
58.510704,6,3846.629022
58.510704,6,3847.023188
59.099294,6,3847.386649
57.574733,5,3847.658201
58.510704,6,3847.924342
59.099294,6,3848.315516
59.099294,6,3848.544058
58.510704,6,3848.892614
57.574733,5,3849.309824
59.099294,6,3849.509161
58.510704,6,3849.807562
59.099294,6,3850.448671
58.510704,6,3850.796064
59.099294,6,3851.303871
59.099294,6,3851.799499
59.099294,6,3852.353835
59.099294,6,3852.645436
57.574733,5,3853.065953
59.099294,6,3853.43864
58.510704,6,3853.751996
59.099294,6,3854.027236
57.574733,5,3854.250643
59.099294,6,3854.47767
57.574733,5,3854.727516
59.099294,6,3855.070697
57.574733,5,3855.559106
59.099294,6,3855.815503
57.574733,5,3856.095766
57.066154,7,3856.473535
58.510704,6,3856.852696
57.967614,5,3857.170645
59.099294,6,3857.520663
57.967614,5,3857.876452
57.78954,7,3858.121869
57.967614,5,3858.428879
59.099294,6,3858.869873
59.099294,6,3859.286012
59.099294,6,3859.706697
58.510704,6,3860.017264
59.099294,6,3860.276843
58.510704,6,3860.572141
57.066154,7,3860.913994
58.510704,6,3861.415572
59.099294,6,3861.686428
59.099294,6,3862.127517
57.967614,5,3862.50662
58.510704,6,3862.919937
59.099294,6,3863.312202
59.099294,6,3863.709702
57.574733,5,3864.035826
58.510704,6,3864.333104
59.099294,6,3864.880714
58.510704,6,3865.206517
58.510704,6,3865.490309
59.099294,6,3865.770258
59.099294,6,3865.985718
-7.032386,5,3866.737988
59.099294,6,3867.074287
57.574733,5,3867.350889
59.099294,6,3867.771858
58.510704,6,3868.109826
59.099294,6,3868.391045
57.967614,5,3868.771222
57.574733,5,3869.063052
59.099294,6,3869.431865
58.510704,6,3869.888307
58.510704,6,3870.355632
58.510704,6,3870.642978
59.099294,6,3871.004357
-7.032386,5,3871.822106
59.099294,6,3872.046685
59.099294,6,3872.451016
59.099294,6,3872.667768
57.574733,5,3872.903594
57.967614,5,3873.157363
59.099294,6,3873.396129
59.099294,6,3873.666005
58.510704,6,3874.04562
59.099294,6,3874.299914
58.510704,6,3874.66359
59.099294,6,3874.926857
57.78954,7,3875.207233
59.099294,6,3875.431858
59.099294,6,3875.710321
57.066154,7,3876.124133
58.510704,6,3876.36255
58.510704,6,3876.679064
59.099294,6,3876.906354
57.967614,5,3877.163845
57.574733,5,3877.588283
57.78954,7,3877.812376
58.510704,6,3878.142153
57.967614,5,3878.53097
59.099294,6,3878.740864
59.099294,6,3879.23311
59.099294,6,3879.645549
57.574733,5,3880.040242
57.967614,5,3880.596167
59.099294,6,3880.829287
59.099294,6,3881.18291
59.099294,6,3881.41346
58.510704,6,3881.728951
57.967614,5,3882.337425
-5.900706,6,3883.318761
58.510704,6,3883.602802
59.099294,6,3884.123683
59.099294,6,3884.613694
57.574733,5,3885.090408
59.099294,6,3885.47761
59.099294,6,3885.990334
58.510704,6,3886.547264
59.099294,6,3886.91392
59.099294,6,3887.568465
59.099294,6,3887.996125
59.099294,6,3888.311556
59.099294,6,3888.703795
59.099294,6,3889.153047
58.510704,6,3889.499964
59.099294,6,3889.871648
58.510704,6,3890.210245
59.099294,6,3890.667051
59.099294,6,3891.259971
57.967614,5,3891.69308
59.099294,6,3892.266192
58.510704,6,3892.872291
59.099294,6,3893.544199
58.510704,6,3894.330318
58.510704,6,3894.768121
58.510704,6,3895.470697
57.967614,5,3895.916156
59.099294,6,3896.582319
57.574733,5,3897.183144
58.510704,6,3897.673799
58.510704,6,3898.160233
58.510704,6,3898.557416
59.099294,6,3899.253832
59.099294,6,3899.721294
58.510704,6,3900.453715
59.099294,6,3900.921271
59.099294,6,3901.307285
57.066154,7,3901.656996
59.099294,6,3901.997412
54.008717,4,3902.275211
59.099294,6,3902.621966
59.099294,6,3902.837592
59.099294,6,3903.036344
59.099294,6,3903.359839
59.099294,6,3903.726803
59.099294,6,3904.193485
59.099294,6,3904.401639
59.099294,6,3904.766479
59.099294,6,3905.071105
57.574733,5,3905.571681
57.967614,5,3905.93516
59.099294,6,3906.245005
59.099294,6,3906.621699
59.099294,6,3906.993147
59.099294,6,3907.389234
57.78954,7,3907.729042
59.099294,6,3907.955432
57.574733,5,3908.250606
59.099294,6,3908.591178
57.574733,5,3908.848681
59.099294,6,3909.14781
59.099294,6,3909.543716
59.099294,6,3909.890725
59.099294,6,3910.168007
58.510704,6,3910.624181
54.008717,4,3911.030375
59.099294,6,3911.343855
57.78954,7,3911.728502
59.099294,6,3912.019139
59.099294,6,3912.483139
59.099294,6,3912.759165
59.099294,6,3913.133307
57.574733,5,3913.379689
58.510704,6,3913.898528
58.510704,6,3914.220679
58.510704,6,3914.469437
57.574733,5,3914.849931
59.099294,6,3915.108932
59.099294,6,3915.37676
57.574733,5,3915.895192
59.099294,6,3916.348541
57.78954,7,3916.656551
57.574733,5,3917.000423
58.510704,6,3917.285158
59.099294,6,3917.629979
59.099294,6,3917.903463
57.574733,5,3918.349746
59.099294,6,3918.72547
59.099294,6,3919.131776
59.099294,6,3919.556263
59.099294,6,3919.997358
59.099294,6,3920.359659
59.099294,6,3921.801401
58.510704,6,3922.597652
57.574733,5,3922.874081
57.967614,5,3923.205306
59.099294,6,3923.736367
58.510704,6,3924.126636
59.099294,6,3924.713404
59.099294,6,3924.989465
58.510704,6,3925.248794
58.510704,6,3925.490398
58.510704,6,3925.78378
58.510704,6,3926.106379
59.099294,6,3926.690259
58.510704,6,3926.951054
58.510704,6,3927.257037
-7.032386,5,3927.87725
59.099294,6,3928.185276
57.574733,5,3928.612455
58.510704,6,3928.953763
57.574733,5,3929.198519
58.510704,6,3929.514492
58.510704,6,3929.734815
57.066154,7,3929.987393
57.574733,5,3930.483329
59.099294,6,3930.910054
59.099294,6,3931.218139
57.574733,5,3931.501904
57.574733,5,3931.963804
57.967614,5,3932.431171
58.510704,6,3932.861331
58.510704,6,3933.131716
57.574733,5,3933.574474
59.099294,6,3933.935234
57.066154,7,3934.303864
58.510704,6,3934.648842
59.099294,6,3935.084819
57.574733,5,3935.575599
59.099294,6,3936.044996
57.574733,5,3936.381215
58.510704,6,3936.683903
59.099294,6,3936.915425
59.099294,6,3937.112561
59.099294,6,3937.518225
59.099294,6,3937.816894
57.574733,5,3938.047437
57.967614,5,3938.367665
59.099294,6,3938.616698
58.510704,6,3938.915477
57.967614,5,3939.312707
59.099294,6,3939.717118
59.099294,6,3939.983608
59.099294,6,3940.187879
58.510704,6,3940.349884
59.099294,6,3941.07952
59.099294,6,3941.541916
59.099294,6,3942.005134
59.099294,6,3942.63464
59.099294,6,3943.29533
58.510704,6,3943.704667
57.574733,5,3943.977357
58.510704,6,3944.631049
59.099294,6,3945.152761
57.066154,7,3945.733751
58.510704,6,3946.215024
58.510704,6,3946.766893
57.967614,5,3947.105814
57.574733,5,3947.700083
58.510704,6,3948.346817
59.099294,6,3948.969774
58.510704,6,3949.573962
59.099294,6,3950.269979
57.066154,7,3950.969259
58.510704,6,3951.546952
57.78954,7,3952.436785
59.099294,6,3952.966664
57.574733,5,3953.842376
-7.425267,5,3954.975755
59.099294,6,3955.734146
59.099294,6,3956.431113
59.099294,6,3956.938917
57.574733,5,3957.49458
58.510704,6,3957.952636
58.510704,6,3958.43689
58.510704,6,3958.787649
58.510704,6,3959.317888
58.510704,6,3960.09796
59.099294,6,3960.535881
59.099294,6,3960.879198
58.510704,6,3961.241659
57.574733,5,3961.64265
59.099294,6,3962.124229
57.574733,5,3962.415304
58.510704,6,3962.653934
59.099294,6,3963.028667
58.510704,6,3963.303709
59.099294,6,3963.527109
59.099294,6,3963.843143
57.574733,5,3964.137577
59.099294,6,3964.460056
57.574733,5,3964.97927
59.099294,6,3965.357887
57.574733,5,3965.614609
59.099294,6,3965.887007
57.967614,5,3966.374936
59.099294,6,3967.078156
57.574733,5,3967.404475
59.099294,6,3967.807397
57.967614,5,3968.224025
59.099294,6,3968.59294
59.099294,6,3968.890085
57.78954,7,3969.184614
59.099294,6,3969.598871
59.099294,6,3969.91833
57.574733,5,3970.32761
59.099294,6,3971.065566
58.510704,6,3971.349239
59.099294,6,3971.744142
59.099294,6,3972.457662
57.574733,5,3972.901016
58.510704,6,3973.176036
59.099294,6,3973.603825
58.510704,6,3973.870716
57.967614,5,3974.228207
59.099294,6,3974.493933
57.574733,5,3974.845831
59.099294,6,3975.265539
59.099294,6,3975.591216
58.510704,6,3976.046153
59.099294,6,3976.267447
59.099294,6,3976.574441
59.099294,6,3977.113828
58.510704,6,3977.421775
57.78954,7,3977.75944
59.099294,6,3978.092578
59.099294,6,3978.537544
57.574733,5,3978.897532
59.099294,6,3979.40869
59.099294,6,3979.853911
59.099294,6,3980.098617
58.510704,6,3980.677146
57.78954,7,3980.9924
59.099294,6,3981.286213
59.099294,6,3981.581482
59.099294,6,3981.949908
57.78954,7,3982.260808
57.967614,5,3982.549634
57.066154,7,3982.99234
58.510704,6,3983.25518
58.510704,6,3983.597355
58.510704,6,3983.980736
59.099294,6,3984.229005
57.574733,5,3984.485206
59.099294,6,3984.78097
57.574733,5,3985.231508
59.099294,6,3985.453364
59.099294,6,3985.817481
57.066154,7,3986.321236
59.099294,6,3986.72918
57.967614,5,3987.138821
59.099294,6,3987.733738
59.099294,6,3988.234676
59.099294,6,3988.618315
59.099294,6,3988.845938
59.099294,6,3989.169569
59.099294,6,3989.530201
59.099294,6,3989.834607
58.510704,6,3990.105773
59.099294,6,3990.434061
57.967614,5,3990.959888
59.099294,6,3991.409864
58.510704,6,3991.817441
58.510704,6,3992.083596
59.099294,6,3992.338762
59.099294,6,3992.724661
59.099294,6,3993.392967
59.099294,6,3993.704599
59.099294,6,3993.954848
57.78954,7,3994.319356
58.510704,6,3994.604316
58.510704,6,3994.906321
58.510704,6,3995.274579
58.510704,6,3995.745911
57.967614,5,3996.112749
59.099294,6,3996.525647
-5.900706,6,3997.185025
59.099294,6,3997.559916
58.510704,6,3997.909083
59.099294,6,3998.224336
59.099294,6,3998.548428
57.78954,7,3998.999561
59.099294,6,3999.37615
59.099294,6,3999.76332
57.78954,7,4000.193064
57.574733,5,4000.686528
59.099294,6,4001.110822
59.099294,6,4001.475826
59.099294,6,4001.883458
59.099294,6,4002.455971
57.574733,5,4002.859866
59.099294,6,4003.375982
58.510704,6,4004.082257
59.099294,6,4004.707427
57.78954,7,4005.538521
59.099294,6,4006.135301
59.099294,6,4007.120378
57.066154,7,4007.997467
-6.489296,6,4008.612663
59.099294,6,4009.067691
59.099294,6,4009.591452
59.099294,6,4010.350691
59.099294,6,4011.110892
59.099294,6,4011.75401
59.099294,6,4012.413287
59.099294,6,4013.234197
58.510704,6,4013.889402
58.510704,6,4014.40324
58.510704,6,4014.753732
58.510704,6,4015.17509
59.099294,6,4015.587608
59.099294,6,4016.199716
57.78954,7,4016.929757
58.510704,6,4017.574952
57.574733,5,4018.094587
57.78954,7,4018.67866
59.099294,6,4019.458301
58.510704,6,4019.936726
59.099294,6,4020.342094
58.510704,6,4021.099624
59.099294,6,4021.968886
59.099294,6,4022.828084
57.574733,5,4023.263123
58.510704,6,4023.538426
59.099294,6,4023.756298
57.574733,5,4024.14231
58.510704,6,4024.708855
59.099294,6,4025.066385
59.099294,6,4025.316737
57.574733,5,4025.753026
-7.21046,7,4026.521776
59.099294,6,4026.940508
59.099294,6,4027.349297
58.510704,6,4027.824366
58.510704,6,4028.214544
59.099294,6,4028.434765
59.099294,6,4028.779831
58.510704,6,4029.089319
59.099294,6,4029.453444
-6.489296,6,4029.726318
59.099294,6,4030.091996
57.967614,5,4030.462878
59.099294,6,4030.781209
58.510704,6,4031.235135
57.574733,5,4031.528929
58.510704,6,4032.095418
58.510704,6,4032.833251
59.099294,6,4033.184062
57.574733,5,4033.451431
58.510704,6,4033.862125
59.099294,6,4034.133063
59.099294,6,4034.411481
58.510704,6,4034.674209
59.099294,6,4034.958983
58.510704,6,4035.250257
57.574733,5,4035.643496
59.099294,6,4035.876166
59.099294,6,4036.324608
59.099294,6,4036.734264
59.099294,6,4037.211019
57.967614,5,4037.626144
57.967614,5,4038.094943
-5.900706,6,4038.681069
58.510704,6,4039.019917
58.510704,6,4039.374923
59.099294,6,4039.820926
59.099294,6,4040.123359
57.967614,5,4040.572663
58.510704,6,4040.803579
58.510704,6,4041.118323
59.099294,6,4041.330469
58.510704,6,4041.665722
59.099294,6,4042.050939
59.099294,6,4042.567336
58.510704,6,4042.928305
57.574733,5,4043.16081
57.574733,5,4043.471597
59.099294,6,4044.065611
59.099294,6,4044.353
59.099294,6,4044.556496
59.099294,6,4044.941246
59.099294,6,4045.236573
57.574733,5,4045.452526
59.099294,6,4045.771634
57.574733,5,4046.225229
58.510704,6,4046.522148
58.510704,6,4046.733839
59.099294,6,4047.326173
58.510704,6,4047.632324
59.099294,6,4047.962552
59.099294,6,4048.57835
59.099294,6,4049.087444
59.099294,6,4049.38478
59.099294,6,4049.710081
58.510704,6,4050.008224
59.099294,6,4050.238494
59.099294,6,4050.658669
58.510704,6,4050.968468
-6.489296,6,4051.579832
57.78954,7,4051.914729
59.099294,6,4052.311686
59.099294,6,4052.596853
58.510704,6,4052.883204
59.099294,6,4053.105736
59.099294,6,4053.61782
59.099294,6,4054.005199
59.099294,6,4054.230306
59.099294,6,4054.694646
59.099294,6,4055.074318
57.967614,5,4055.402917
59.099294,6,4055.719903
57.78954,7,4056.327244
-7.425267,5,4056.550507
58.510704,6,4056.8649
59.099294,6,4057.224717
59.099294,6,4057.575445
59.099294,6,4058.079801
59.099294,6,4058.524179
59.099294,6,4058.816623
59.099294,6,4059.263025
59.099294,6,4059.716241
59.099294,6,4060.006952
57.574733,5,4060.430171
58.510704,6,4060.849198
57.78954,7,4061.305111
59.099294,6,4061.840057
59.099294,6,4062.541772
57.574733,5,4062.92392
57.78954,7,4063.528727
57.574733,5,4064.056654
58.510704,6,4064.763127
59.099294,6,4065.441412
59.099294,6,4065.899578
58.510704,6,4066.375872
59.099294,6,4067.08905
59.099294,6,4067.645074
58.510704,6,4067.927213
58.510704,6,4068.595939
59.099294,6,4068.954171
59.099294,6,4069.701741
58.510704,6,4071.250025
-10.991283,4,4072.052594
59.099294,6,4073.18641
-10.991283,4,4074.363708
59.099294,6,4075.258701
-7.21046,7,4076.383225
59.099294,6,4076.928709
54.216439,4,4077.421904
58.510704,6,4077.951877
54.008717,4,4078.389749
59.099294,6,4079.111235
59.099294,6,4079.775584
57.967614,5,4080.497969
59.099294,6,4080.834142
57.574733,5,4081.233697
59.099294,6,4081.659579
57.574733,5,4082.136851
57.78954,7,4082.615516
57.574733,5,4083.201758
59.099294,6,4083.740677
57.574733,5,4084.113112
59.099294,6,4084.462685
57.574733,5,4084.958902
59.099294,6,4085.80662
57.967614,5,4086.189122
59.099294,6,4086.484568
57.574733,5,4086.755367
58.510704,6,4087.207962
57.574733,5,4087.509029
57.574733,5,4087.908778
57.574733,5,4088.442141
57.574733,5,4088.776326
59.099294,6,4089.576135
59.099294,6,4089.917413
59.099294,6,4090.448905
59.099294,6,4090.706242
59.099294,6,4091.129529
57.574733,5,4091.408102
58.510704,6,4091.685492
-7.666476,6,4092.109897
58.510704,6,4092.579679
59.099294,6,4092.999508
58.510704,6,4093.289157
58.510704,6,4093.554161
59.099294,6,4094.211361
58.510704,6,4094.488206
57.574733,5,4094.754433
59.099294,6,4095.220294
59.099294,6,4095.706017
57.574733,5,4096.08059
59.099294,6,4096.338253
58.510704,6,4096.659317
59.099294,6,4096.956854
59.099294,6,4097.327628
57.574733,5,4097.766236
59.099294,6,4098.11306
57.574733,5,4098.384522
59.099294,6,4098.766238
57.967614,5,4099.049208
57.967614,5,4099.376893
59.099294,6,4099.610373
59.099294,6,4099.862991
57.574733,5,4100.09669
57.574733,5,4100.480814
57.574733,5,4100.891119
59.099294,6,4101.106601
57.574733,5,4101.362996
59.099294,6,4101.679775
58.510704,6,4102.011028
59.099294,6,4102.475652
58.510704,6,4102.734635
57.967614,5,4103.041277
58.510704,6,4103.344235
57.967614,5,4103.558352
59.099294,6,4103.824077
57.574733,5,4104.185523
57.574733,5,4104.629859
58.510704,6,4104.844604
57.967614,5,4105.14025
58.510704,6,4105.338229
59.099294,6,4105.631358
59.099294,6,4105.903105
59.099294,6,4106.21557
57.574733,5,4106.447787
57.574733,5,4106.820034
57.574733,5,4107.038552
59.099294,6,4107.315688
57.574733,5,4107.580807
58.510704,6,4107.962884
57.574733,5,4108.169547
57.574733,5,4108.424014
59.099294,6,4108.779876
59.099294,6,4109.127142
59.099294,6,4109.329697
57.574733,5,4109.696089
59.099294,6,4110.085919
59.099294,6,4110.437872
-6.489296,6,4110.991905
59.099294,6,4111.312077
57.967614,5,4111.703974
58.510704,6,4112.090891
59.099294,6,4112.603528
57.78954,7,4112.91319
57.574733,5,4113.172507
57.967614,5,4113.585584
58.510704,6,4113.821768
59.099294,6,4114.209872
59.099294,6,4114.58446
59.099294,6,4114.806324
57.967614,5,4115.079411
59.099294,6,4115.386366
59.099294,6,4115.709272
59.099294,6,4116.036719
59.099294,6,4116.361714
59.099294,6,4116.605502
59.099294,6,4116.996889
59.099294,6,4117.424181
57.967614,5,4117.779855
57.574733,5,4118.005303
-5.900706,6,4118.520924
59.099294,6,4118.822999
59.099294,6,4119.22739
57.967614,5,4119.577489
59.099294,6,4119.935544
57.574733,5,4120.175067
59.099294,6,4120.411762
59.099294,6,4120.779338
58.510704,6,4121.046775
57.574733,5,4121.382745
59.099294,6,4121.793827
59.099294,6,4122.025312
59.099294,6,4122.337645
59.099294,6,4122.577951
59.099294,6,4123.051775
59.099294,6,4123.26801
59.099294,6,4123.764387
59.099294,6,4124.382948
57.967614,5,4124.648667
59.099294,6,4125.210642
59.099294,6,4125.758487
59.099294,6,4126.271338
59.099294,6,4126.677994
57.574733,5,4127.002201
57.967614,5,4127.520857
59.099294,6,4127.792753
58.510704,6,4128.214645
59.099294,6,4129.074513
59.099294,6,4129.535525
59.099294,6,4130.12161
59.099294,6,4130.647227
59.099294,6,4131.216649
57.967614,5,4131.626889
57.574733,5,4132.092284
57.574733,5,4132.391389
59.099294,6,4132.651228
59.099294,6,4133.122424
57.574733,5,4133.483853
57.574733,5,4133.778824
59.099294,6,4134.152505
59.099294,6,4134.783328
58.510704,6,4135.07052
59.099294,6,4135.692474
57.78954,7,4136.202342
57.967614,5,4136.675631
59.099294,6,4137.226971
59.099294,6,4137.998054
58.510704,6,4138.454687
59.099294,6,4138.837544
59.099294,6,4139.251043
59.099294,6,4139.71848
57.574733,5,4140.259599
57.967614,5,4140.690588
59.099294,6,4141.184226
59.099294,6,4141.783132
57.574733,5,4142.318695
59.099294,6,4142.848812
59.099294,6,4143.160608
57.967614,5,4143.629852
59.099294,6,4143.898302
57.574733,5,4144.168763
57.78954,7,4144.413336
57.967614,5,4144.888272
57.574733,5,4145.315469
57.574733,5,4145.750012
58.510704,6,4146.294357
57.967614,5,4146.571919
57.967614,5,4147.012961
59.099294,6,4147.391356
58.510704,6,4147.764292
58.510704,6,4148.143722
58.510704,6,4148.689725
59.099294,6,4149.259092
59.099294,6,4149.822686
58.510704,6,4150.347306
59.099294,6,4150.760869
59.099294,6,4151.046448
59.099294,6,4151.519737
58.510704,6,4152.339761
58.510704,6,4152.753253
57.967614,5,4153.360114
58.510704,6,4153.736202
59.099294,6,4154.399774
57.574733,5,4154.78354
59.099294,6,4155.154593
59.099294,6,4155.789058
59.099294,6,4156.369796
58.510704,6,4156.949056
58.510704,6,4157.65277
57.967614,5,4158.14343
59.099294,6,4158.866441
59.099294,6,4159.714474
59.099294,6,4160.746438
59.099294,6,4161.617651
59.099294,6,4162.486731
59.099294,6,4163.046347
57.574733,5,4163.424794
59.099294,6,4163.835721
59.099294,6,4164.179396
57.574733,5,4164.640384
54.008717,4,4165.139282
59.099294,6,4165.463508
57.574733,5,4165.921007
57.574733,5,4166.177611
57.967614,5,4166.414064
59.099294,6,4166.656636
57.78954,7,4167.421809
59.099294,6,4167.90518
57.574733,5,4168.258443
59.099294,6,4168.640623
57.574733,5,4169.090604
57.574733,5,4169.626459
59.099294,6,4169.931945
59.099294,6,4170.31125
58.510704,6,4170.635137
58.510704,6,4170.953545
59.099294,6,4171.298986
59.099294,6,4171.813767
57.967614,5,4172.223452
59.099294,6,4172.471179
57.967614,5,4173.222269
59.099294,6,4173.71823
59.099294,6,4174.27368
58.510704,6,4174.761427
59.099294,6,4175.321941
54.008717,4,4175.663899
57.574733,5,4175.91029
59.099294,6,4176.21742
59.099294,6,4176.463814
58.510704,6,4176.852706
58.510704,6,4177.147316
-7.425267,5,4177.595177
57.574733,5,4177.926468
-10.991283,4,4178.563241
57.574733,5,4178.993073
57.78954,7,4179.45883
57.574733,5,4179.862195
57.967614,5,4180.20228
57.967614,5,4180.474591
59.099294,6,4180.763382
-7.032386,5,4181.614772
57.967614,5,4182.319462
59.099294,6,4182.658989
57.574733,5,4182.953851
59.099294,6,4183.321
57.967614,5,4183.76326
59.099294,6,4184.182275
59.099294,6,4184.695686
59.099294,6,4184.981064
59.099294,6,4185.284365
59.099294,6,4185.755645
58.510704,6,4186.27845
58.510704,6,4186.571118
57.574733,5,4187.061388
59.099294,6,4187.430629
57.574733,5,4187.948179
59.099294,6,4188.376992
-7.032386,5,4189.170614
59.099294,6,4189.469637
59.099294,6,4189.672901
59.099294,6,4190.071101
57.574733,5,4190.301877
59.099294,6,4190.619158
57.967614,5,4191.078309
54.008717,4,4191.427537
57.574733,5,4191.752432
57.967614,5,4191.966267
58.510704,6,4192.243107
58.510704,6,4192.562647
54.008717,4,4193.103022
59.099294,6,4193.412806
57.967614,5,4194.040239
58.510704,6,4194.77314
59.099294,6,4195.196643
59.099294,6,4195.458991
57.574733,5,4195.752642
58.510704,6,4196.396155
59.099294,6,4196.900774
58.510704,6,4197.235463
-5.900706,6,4198.127054
58.510704,6,4198.378018
58.510704,6,4198.719118
57.574733,5,4199.146633
58.510704,6,4199.432142
59.099294,6,4199.851234
57.967614,5,4200.335128
-5.900706,6,4201.000573
57.574733,5,4201.325282
-7.425267,5,4201.663813
59.099294,6,4201.957482
57.967614,5,4202.466455
57.967614,5,4202.953953
59.099294,6,4203.547923
59.099294,6,4204.170656
59.099294,6,4204.702695
59.099294,6,4205.504276
-10.991283,4,4206.269857
58.510704,6,4206.709615
57.574733,5,4207.356826
57.574733,5,4207.773264
59.099294,6,4208.07906
57.574733,5,4208.438645
59.099294,6,4209.055787
59.099294,6,4209.63186
59.099294,6,4210.463818
59.099294,6,4211.219715
59.099294,6,4212.173137
58.510704,6,4212.794561
58.510704,6,4213.792435
58.510704,6,4214.321753
57.967614,5,4215.184714
59.099294,6,4215.963875
57.574733,5,4216.434089
59.099294,6,4216.768255
59.099294,6,4217.312083
57.78954,7,4217.698426
58.510704,6,4218.112917
57.967614,5,4218.422195
59.099294,6,4219.077761
58.510704,6,4219.598508
-5.900706,6,4220.668383
59.099294,6,4221.133163
58.510704,6,4221.483387
58.510704,6,4221.7711
57.574733,5,4222.249379
58.510704,6,4222.582772
59.099294,6,4222.977301
58.510704,6,4223.264201
59.099294,6,4223.517304
59.099294,6,4223.978256
59.099294,6,4224.344598
57.574733,5,4224.76809
58.510704,6,4225.249359
57.574733,5,4225.567237
59.099294,6,4225.947775
59.099294,6,4226.291565
59.099294,6,4226.505254
59.099294,6,4226.737604
59.099294,6,4227.030914
57.967614,5,4227.452604
58.510704,6,4227.880936
59.099294,6,4228.182926
58.510704,6,4228.577812
57.78954,7,4230.134277
59.099294,6,4230.62852
59.099294,6,4231.036705
57.574733,5,4231.501277
59.099294,6,4232.029883
57.78954,7,4232.329592
59.099294,6,4232.64269
57.967614,5,4232.934611
59.099294,6,4233.262861
57.967614,5,4233.592353
59.099294,6,4233.925193
59.099294,6,4234.300288
58.510704,6,4234.672793
59.099294,6,4235.092075
59.099294,6,4235.474236
59.099294,6,4235.708009
59.099294,6,4236.385782
59.099294,6,4236.976276
58.510704,6,4237.262937
58.510704,6,4237.555587
58.510704,6,4238.078285
57.066154,7,4238.433802
59.099294,6,4238.831968
58.510704,6,4239.119738
59.099294,6,4239.481555
59.099294,6,4239.935324
58.510704,6,4240.26284
59.099294,6,4240.672225
57.967614,5,4240.956428
59.099294,6,4241.234291
59.099294,6,4241.550288
57.967614,5,4242.121905
59.099294,6,4242.556818
58.510704,6,4242.937122
59.099294,6,4243.305824
59.099294,6,4243.705084
57.78954,7,4244.111344
57.967614,5,4244.555273
59.099294,6,4244.778448
59.099294,6,4245.131458
57.967614,5,4245.584428
58.510704,6,4245.94694
58.510704,6,4246.281399
57.78954,7,4246.565253
58.510704,6,4246.851381
59.099294,6,4247.191137
59.099294,6,4247.527673
58.510704,6,4247.810213
57.574733,5,4248.105545
58.510704,6,4248.485706
57.574733,5,4248.713584
59.099294,6,4248.979672
58.510704,6,4249.36628
57.78954,7,4249.696612
57.574733,5,4249.946387
57.574733,5,4250.349383
59.099294,6,4250.734268
57.574733,5,4251.164855
57.574733,5,4251.387006
59.099294,6,4251.783862
59.099294,6,4252.173098
59.099294,6,4252.397532
58.510704,6,4252.734296
57.574733,5,4253.111798
58.510704,6,4253.377722
59.099294,6,4253.657007
57.574733,5,4253.945701
57.574733,5,4254.341608
57.967614,5,4254.604937
59.099294,6,4254.924049
57.574733,5,4255.193629
59.099294,6,4255.473852
59.099294,6,4255.698696
57.78954,7,4256.066308
57.78954,7,4256.41348
59.099294,6,4256.74299
59.099294,6,4257.143519
58.510704,6,4257.628962
58.510704,6,4257.960581
57.574733,5,4258.420459
57.574733,5,4258.701479
59.099294,6,4259.089513
58.510704,6,4259.396579
59.099294,6,4259.864838
59.099294,6,4260.270351
59.099294,6,4260.755534
57.574733,5,4261.285493
59.099294,6,4261.648742
59.099294,6,4262.017848
58.510704,6,4262.298766
58.510704,6,4262.721561
58.510704,6,4263.202968
59.099294,6,4263.625454
59.099294,6,4263.97653
57.574733,5,4264.419603
-7.032386,5,4265.372871
57.967614,5,4265.750376
59.099294,6,4266.041828
-5.900706,6,4266.650587
59.099294,6,4267.084793
59.099294,6,4267.413025
59.099294,6,4267.883699
59.099294,6,4268.301531
59.099294,6,4268.720396
57.574733,5,4269.050466
59.099294,6,4269.426338
59.099294,6,4269.698625
58.510704,6,4270.086899
57.78954,7,4270.467612
58.510704,6,4270.791063
57.574733,5,4271.320209
58.510704,6,4271.623401
57.574733,5,4272.161673
59.099294,6,4272.657032
58.510704,6,4273.10634
58.510704,6,4273.463763
57.574733,5,4273.746492
57.967614,5,4274.161819
58.510704,6,4274.449389
57.574733,5,4274.904008
57.574733,5,4275.363973
59.099294,6,4275.641684
59.099294,6,4276.097801
57.574733,5,4276.545874
54.008717,4,4276.917093
58.510704,6,4277.33621
-7.032386,5,4278.338342
57.967614,5,4278.778491
59.099294,6,4279.238527
57.574733,5,4279.605504
57.574733,5,4280.004797
59.099294,6,4280.299915
59.099294,6,4280.685599
-7.425267,5,4281.022127
59.099294,6,4281.450283
57.574733,5,4282.045592
58.510704,6,4282.417602
59.099294,6,4282.972952
57.967614,5,4283.428106
59.099294,6,4283.894309
59.099294,6,4284.282004
59.099294,6,4284.678438
59.099294,6,4285.021112
58.510704,6,4285.743387
58.510704,6,4286.918128
59.099294,6,4287.602224
59.099294,6,4287.952804
57.574733,5,4288.316255
59.099294,6,4288.906928
57.78954,7,4289.176096
58.510704,6,4289.577303
59.099294,6,4289.914619
59.099294,6,4290.115716
59.099294,6,4290.407214
58.510704,6,4290.621115
59.099294,6,4290.975178
59.099294,6,4291.30233
59.099294,6,4291.615432
59.099294,6,4291.99861
57.574733,5,4292.354176
59.099294,6,4292.735454
57.574733,5,4293.070819
59.099294,6,4293.407808
59.099294,6,4293.749704
57.574733,5,4293.988868
59.099294,6,4294.290602
-6.489296,6,4294.85864
59.099294,6,4295.178544
59.099294,6,4295.486819
57.574733,5,4295.787212
59.099294,6,4296.12247
57.066154,7,4296.493453
59.099294,6,4296.706218
59.099294,6,4296.901386
59.099294,6,4297.099565
59.099294,6,4297.48004
59.099294,6,4297.861151
59.099294,6,4298.170487
59.099294,6,4298.390445
57.574733,5,4298.637288
59.099294,6,4298.878395
57.78954,7,4299.185212
59.099294,6,4299.506527
59.099294,6,4299.822833
57.574733,5,4300.202372
57.574733,5,4300.443958
58.510704,6,4300.828081
57.78954,7,4301.117899
59.099294,6,4301.662247
58.510704,6,4302.026284
59.099294,6,4302.676671
59.099294,6,4303.212731
59.099294,6,4303.473558
59.099294,6,4303.793147
57.574733,5,4304.132302
59.099294,6,4304.34831
59.099294,6,4304.63264
57.78954,7,4304.994859
58.510704,6,4305.256462
59.099294,6,4305.561254
59.099294,6,4305.883117
59.099294,6,4306.081111
59.099294,6,4306.299184
58.510704,6,4306.559867
59.099294,6,4306.880191
59.099294,6,4307.085313
58.510704,6,4307.334571
57.574733,5,4307.691269
59.099294,6,4307.964158
58.510704,6,4308.203992
57.967614,5,4308.553539
59.099294,6,4308.810752
58.510704,6,4309.165153
58.510704,6,4309.435487
57.574733,5,4309.841596
57.78954,7,4310.182384
57.574733,5,4310.561591
59.099294,6,4310.764544
59.099294,6,4311.071322
57.574733,5,4311.323821
59.099294,6,4311.560805
58.510704,6,4311.859881
57.574733,5,4312.077935
57.78954,7,4312.271122
59.099294,6,4312.538133
57.574733,5,4312.828125
58.510704,6,4313.077569
59.099294,6,4313.640645
-6.489296,6,4314.13804
57.574733,5,4314.482924
59.099294,6,4314.75454
57.574733,5,4314.998249
59.099294,6,4315.206885
58.510704,6,4315.420753
58.510704,6,4315.71921
57.574733,5,4316.04393
59.099294,6,4316.556174
57.967614,5,4316.990553
58.510704,6,4317.256722
57.967614,5,4317.459426
57.574733,5,4317.813596
58.510704,6,4318.128607
59.099294,6,4318.463425
59.099294,6,4318.778606
57.574733,5,4319.017319
57.967614,5,4319.444715
-7.032386,5,4320.095631
59.099294,6,4320.309875
57.574733,5,4320.7571
59.099294,6,4320.964976
59.099294,6,4321.234251
57.574733,5,4321.674547
59.099294,6,4321.969119
57.78954,7,4322.264067
57.967614,5,4322.634182
-7.032386,5,4323.361783
59.099294,6,4323.691211
58.510704,6,4323.980146
58.510704,6,4324.2112
59.099294,6,4324.584219
59.099294,6,4324.895079
59.099294,6,4325.121816
59.099294,6,4325.449984
59.099294,6,4325.698132
59.099294,6,4325.906339
58.510704,6,4326.291285
59.099294,6,4326.591046
57.574733,5,4326.925756
59.099294,6,4327.26415
57.574733,5,4327.581589
58.510704,6,4327.816175
58.510704,6,4328.124943
59.099294,6,4328.358029
57.574733,5,4328.791825
59.099294,6,4329.096041
59.099294,6,4329.421856
59.099294,6,4329.761385
59.099294,6,4329.9852
59.099294,6,4330.2318
59.099294,6,4330.434942
57.574733,5,4330.647887
57.967614,5,4331.05448
59.099294,6,4331.321948
58.510704,6,4331.628314
59.099294,6,4332.0894
59.099294,6,4332.550599
59.099294,6,4332.903732
57.574733,5,4333.233784
58.510704,6,4333.451306
58.510704,6,4333.699796
57.574733,5,4333.950564
58.510704,6,4334.303737
59.099294,6,4334.708367
58.510704,6,4334.94696
58.510704,6,4335.224449
59.099294,6,4335.649784
58.510704,6,4335.898837
59.099294,6,4336.207401
58.510704,6,4336.480669
59.099294,6,4336.687789
59.099294,6,4337.116088
59.099294,6,4337.55893
59.099294,6,4338.007237
57.574733,5,4338.390028
59.099294,6,4338.86372
58.510704,6,4339.260144
58.510704,6,4339.542996
57.78954,7,4339.855951
59.099294,6,4340.163032
59.099294,6,4340.476156
57.967614,5,4341.026026
58.510704,6,4341.368136
59.099294,6,4341.631814
57.574733,5,4341.927337
59.099294,6,4342.142331
59.099294,6,4342.530986
59.099294,6,4343.016009
57.967614,5,4343.258947
59.099294,6,4343.538322
57.574733,5,4343.786161
57.574733,5,4344.096762
57.574733,5,4344.478126
59.099294,6,4344.707712
57.574733,5,4344.990639
58.510704,6,4345.287693
57.574733,5,4345.549046
59.099294,6,4345.857901
58.510704,6,4346.105193
57.574733,5,4346.587035
59.099294,6,4347.075338
59.099294,6,4347.438196
57.967614,5,4347.958789
-7.425267,5,4348.609015
57.574733,5,4349.075356
59.099294,6,4349.541502
57.78954,7,4349.930055
57.967614,5,4350.215579
57.78954,7,4350.648185
59.099294,6,4351.018669
59.099294,6,4351.303238
59.099294,6,4351.735167
59.099294,6,4351.938392
59.099294,6,4352.294988
-7.21046,7,4352.617335
59.099294,6,4352.946044
57.574733,5,4353.278733
57.574733,5,4353.821177
57.967614,5,4354.110872
57.967614,5,4354.649534
59.099294,6,4355.531112
58.510704,6,4356.081229
57.574733,5,4356.678746
59.099294,6,4357.147308
59.099294,6,4357.76476
59.099294,6,4359.459714
59.099294,6,4360.079366
57.967614,5,4360.460242
59.099294,6,4361.126926
58.510704,6,4361.413228
59.099294,6,4361.668907
59.099294,6,4362.185611
57.574733,5,4362.676429
59.099294,6,4363.077518
57.78954,7,4363.795444
57.78954,7,4364.206253
59.099294,6,4364.651462
59.099294,6,4364.993794
59.099294,6,4365.330158
59.099294,6,4365.861021
59.099294,6,4366.358217
59.099294,6,4366.829038
59.099294,6,4367.0878
59.099294,6,4367.605614
58.510704,6,4368.084577
59.099294,6,4368.492066
59.099294,6,4368.848757
57.78954,7,4369.129527
57.574733,5,4369.359931
59.099294,6,4369.72381
57.066154,7,4370.227175
59.099294,6,4370.696999
58.510704,6,4371.090848
57.574733,5,4371.421767
57.574733,5,4371.801169
57.967614,5,4372.233829
57.78954,7,4372.697005
59.099294,6,4373.009144
57.574733,5,4373.517655
58.510704,6,4373.971988
57.78954,7,4375.042182
59.099294,6,4375.286259
59.099294,6,4375.731888
59.099294,6,4376.173926
59.099294,6,4376.664987
59.099294,6,4376.970997
59.099294,6,4377.37534
59.099294,6,4377.847961
-7.032386,5,4378.944731
58.510704,6,4379.241892
59.099294,6,4379.787757
59.099294,6,4380.125156
58.510704,6,4380.571658
57.574733,5,4381.018554
57.574733,5,4381.320169
57.574733,5,4381.636808
59.099294,6,4381.933415
58.510704,6,4382.244299
59.099294,6,4382.555533
59.099294,6,4382.903836
59.099294,6,4383.325296
59.099294,6,4383.777909
58.510704,6,4384.18118
58.510704,6,4384.499389
58.510704,6,4384.861302
57.78954,7,4385.314135
59.099294,6,4385.679169
58.510704,6,4386.080413
59.099294,6,4386.375424
59.099294,6,4386.732233
57.574733,5,4387.087264
59.099294,6,4387.54094
58.510704,6,4387.9407
59.099294,6,4388.420263
57.967614,5,4388.749762
59.099294,6,4389.081371
59.099294,6,4389.321545
59.099294,6,4389.779719
58.510704,6,4390.074549
59.099294,6,4390.417135
59.099294,6,4390.725916
59.099294,6,4391.254336
59.099294,6,4392.014291
59.099294,6,4392.892088
59.099294,6,4393.359029
59.099294,6,4393.870297
59.099294,6,4394.400993
59.099294,6,4394.877348
59.099294,6,4395.311184
59.099294,6,4396.223784
58.510704,6,4396.800948
59.099294,6,4397.31753
59.099294,6,4398.156959
59.099294,6,4398.923027
59.099294,6,4399.308147
59.099294,6,4399.789805
59.099294,6,4400.452944
58.510704,6,4400.810247
57.78954,7,4401.300545
57.574733,5,4401.66436
59.099294,6,4402.255512
59.099294,6,4402.988527
57.967614,5,4403.378716
59.099294,6,4403.988067
58.510704,6,4404.321498
59.099294,6,4404.648353
59.099294,6,4405.195064
59.099294,6,4405.567017
57.574733,5,4405.934633
57.574733,5,4406.429926
58.510704,6,4407.078723
59.099294,6,4407.582181
57.78954,7,4408.2181
59.099294,6,4408.858093
57.574733,5,4409.633847
59.099294,6,4410.512516
58.510704,6,4411.287414
59.099294,6,4412.208728
58.510704,6,4412.835326
58.510704,6,4413.407677
59.099294,6,4413.915112
57.574733,5,4414.339223
59.099294,6,4414.802641
58.510704,6,4415.192565
57.574733,5,4415.53228
58.510704,6,4416.256423
57.574733,5,4416.647008
58.510704,6,4417.08656
59.099294,6,4417.595264
59.099294,6,4417.926088
57.574733,5,4418.215682
58.510704,6,4418.658652
59.099294,6,4419.077506
59.099294,6,4419.319191
59.099294,6,4419.695001
59.099294,6,4420.178632
58.510704,6,4420.487426
-5.900706,6,4420.921686
59.099294,6,4421.45931
59.099294,6,4421.923181
59.099294,6,4422.580916
58.510704,6,4422.872455
-7.425267,5,4423.410604
57.574733,5,4423.788198
59.099294,6,4424.037788
59.099294,6,4424.344012
59.099294,6,4424.761012
59.099294,6,4424.982606
58.510704,6,4425.219437
58.510704,6,4425.46051
59.099294,6,4425.940669
57.574733,5,4426.650569
59.099294,6,4427.120584
57.78954,7,4427.586139
57.574733,5,4428.045389
57.967614,5,4428.353457
59.099294,6,4428.730813
57.574733,5,4429.014224
57.574733,5,4429.369587
58.510704,6,4429.774081
59.099294,6,4430.18253
59.099294,6,4430.47157
59.099294,6,4430.917279
59.099294,6,4431.255482
57.066154,7,4431.565529
59.099294,6,4431.907184
59.099294,6,4432.52604
58.510704,6,4432.834174
58.510704,6,4433.189801
57.574733,5,4433.60069
59.099294,6,4433.995516
59.099294,6,4434.549168
58.510704,6,4435.008709
58.510704,6,4435.639354
59.099294,6,4436.014629
59.099294,6,4436.388982
59.099294,6,4436.69539
58.510704,6,4437.035195
57.967614,5,4437.337793
59.099294,6,4437.59074
59.099294,6,4437.978953
59.099294,6,4438.334858
57.066154,7,4438.789233
59.099294,6,4439.236826
59.099294,6,4439.697073
57.574733,5,4439.966727
59.099294,6,4440.309652
59.099294,6,4440.710971
58.510704,6,4440.965704
59.099294,6,4441.196878
59.099294,6,4441.411697
58.510704,6,4441.659882
59.099294,6,4442.001667
57.967614,5,4442.275591
58.510704,6,4442.522429
59.099294,6,4442.969851
-5.900706,6,4443.662012
57.78954,7,4444.012146
58.510704,6,4444.391565
57.967614,5,4444.759793
59.099294,6,4445.087246
59.099294,6,4445.460104
59.099294,6,4445.778258
59.099294,6,4446.232924
59.099294,6,4446.640971
59.099294,6,4446.925282
59.099294,6,4447.191061
58.510704,6,4447.465913
59.099294,6,4447.723089
58.510704,6,4448.128292
59.099294,6,4448.4731
57.574733,5,4448.743004
59.099294,6,4449.116457
59.099294,6,4449.410794
57.574733,5,4449.731359
58.510704,6,4450.145982
59.099294,6,4450.621486
59.099294,6,4451.039755
59.099294,6,4451.306646
59.099294,6,4451.518204
57.574733,5,4451.806084
59.099294,6,4452.062863
59.099294,6,4452.60936
59.099294,6,4452.940457
59.099294,6,4453.285743
57.967614,5,4453.558577
58.510704,6,4453.999911
59.099294,6,4454.455256
59.099294,6,4454.912875
59.099294,6,4455.158481
58.510704,6,4455.463401
59.099294,6,4455.845041
59.099294,6,4456.186845
57.574733,5,4456.520005
59.099294,6,4457.09068
59.099294,6,4457.540654
59.099294,6,4457.88569
59.099294,6,4458.452605
59.099294,6,4458.773484
59.099294,6,4459.371996
57.967614,5,4459.835801
58.510704,6,4460.231755
58.510704,6,4460.836169
58.510704,6,4461.219184
58.510704,6,4461.933137
59.099294,6,4462.822084
59.099294,6,4463.594742
-7.032386,5,4464.931917
58.510704,6,4465.659711
59.099294,6,4466.432829
59.099294,6,4466.864829
59.099294,6,4467.403239
59.099294,6,4467.7613
59.099294,6,4468.446565
57.78954,7,4468.784935
59.099294,6,4469.127433
59.099294,6,4469.508852
58.510704,6,4469.871938
59.099294,6,4470.181254
59.099294,6,4470.476439
57.967614,5,4470.923633
57.967614,5,4471.273984
57.78954,7,4471.759769
57.574733,5,4472.282764
59.099294,6,4472.555309
58.510704,6,4472.873013
57.574733,5,4473.219728
57.967614,5,4473.724105
59.099294,6,4474.162608
57.574733,5,4474.660246
58.510704,6,4474.99758
57.574733,5,4475.422411
58.510704,6,4476.05015
59.099294,6,4476.499211
59.099294,6,4476.882624
59.099294,6,4477.183014
59.099294,6,4477.533227
58.510704,6,4478.144839
59.099294,6,4478.648089
58.510704,6,4478.968525
59.099294,6,4479.390758
58.510704,6,4479.668189
57.78954,7,4480.17029
59.099294,6,4480.468078
59.099294,6,4480.784047
57.574733,5,4481.03498
59.099294,6,4481.357837
59.099294,6,4481.727612
58.510704,6,4482.035027
59.099294,6,4482.683308
57.574733,5,4482.954986
58.510704,6,4483.237159
57.574733,5,4483.659481
57.574733,5,4484.125022
58.510704,6,4484.427853
57.574733,5,4484.784083
59.099294,6,4485.252423
58.510704,6,4485.529555
57.967614,5,4485.823751
57.967614,5,4486.327577
57.574733,5,4486.737802
59.099294,6,4486.982246
57.967614,5,4487.268429
58.510704,6,4487.523613
57.574733,5,4488.039583
57.574733,5,4488.597903
57.967614,5,4489.057458
59.099294,6,4489.489237
59.099294,6,4489.692733
59.099294,6,4489.955518
58.510704,6,4490.190535
57.574733,5,4490.609176
59.099294,6,4491.113822
57.967614,5,4491.665704
57.574733,5,4492.035328
57.574733,5,4492.291193
57.574733,5,4492.650977
59.099294,6,4493.069865
57.574733,5,4493.495253
58.510704,6,4493.771153
59.099294,6,4494.140507
59.099294,6,4494.644364
59.099294,6,4495.387197
58.510704,6,4495.887226
57.574733,5,4496.228558
59.099294,6,4496.819168
59.099294,6,4497.125467
59.099294,6,4497.380003
57.574733,5,4497.784292
58.510704,6,4498.0463
59.099294,6,4498.476082
58.510704,6,4498.862487
57.967614,5,4499.291218
58.510704,6,4499.719497
59.099294,6,4500.217214
59.099294,6,4500.588541
59.099294,6,4500.839384
59.099294,6,4501.20413
57.967614,5,4501.838438
57.78954,7,4502.223675
59.099294,6,4502.554639
58.510704,6,4502.786745
59.099294,6,4503.06234
58.510704,6,4503.351442
59.099294,6,4503.603449
58.510704,6,4504.019677
59.099294,6,4504.524479
59.099294,6,4504.775959
58.510704,6,4505.063612
57.967614,5,4505.432357
59.099294,6,4505.833615
57.78954,7,4506.506952
57.574733,5,4507.049531
59.099294,6,4507.442759
57.574733,5,4507.828704
59.099294,6,4509.228197
59.099294,6,4510.130259
57.574733,5,4510.728681
58.510704,6,4511.380955
57.574733,5,4511.746512
58.510704,6,4512.689061
59.099294,6,4513.001211
59.099294,6,4513.749001
57.967614,5,4514.2245
58.510704,6,4514.552409
59.099294,6,4515.163262
59.099294,6,4515.848895
57.574733,5,4516.466789
58.510704,6,4516.977745
58.510704,6,4517.632578
58.510704,6,4518.134885
58.510704,6,4518.842974
58.510704,6,4519.423971
59.099294,6,4519.985647
59.099294,6,4520.95666
57.574733,5,4521.62489
59.099294,6,4522.406906
57.574733,5,4523.018563
57.574733,5,4523.668818
57.574733,5,4524.071279
57.574733,5,4524.71764
59.099294,6,4525.111832
57.78954,7,4525.849143
58.510704,6,4526.278813
59.099294,6,4526.939088
59.099294,6,4527.382035
58.510704,6,4527.928715
59.099294,6,4528.307755
57.574733,5,4528.626194
58.510704,6,4529.026475
59.099294,6,4529.373173
58.510704,6,4529.612887
57.574733,5,4529.920601
57.574733,5,4530.271363
59.099294,6,4530.674133
57.574733,5,4531.126942
59.099294,6,4531.536823
57.574733,5,4531.994795
57.967614,5,4532.27886
59.099294,6,4532.636366
57.967614,5,4533.069991
59.099294,6,4533.44433
59.099294,6,4533.844783
59.099294,6,4534.070193
57.967614,5,4534.352866
59.099294,6,4534.820081
59.099294,6,4535.191473
59.099294,6,4535.549126
59.099294,6,4536.148267
59.099294,6,4536.671555
57.574733,5,4537.216205
57.574733,5,4537.95423
59.099294,6,4538.754869
59.099294,6,4539.111417
57.574733,5,4539.580493
59.099294,6,4539.923372
58.510704,6,4540.383255
59.099294,6,4540.731708
59.099294,6,4540.955819
59.099294,6,4541.209568
59.099294,6,4541.644694
57.78954,7,4542.148465
58.510704,6,4542.594871
59.099294,6,4542.921237
57.574733,5,4543.234399
57.574733,5,4543.696654
59.099294,6,4544.042883
59.099294,6,4544.426405
59.099294,6,4544.75073
58.510704,6,4545.043763
58.510704,6,4545.563266
59.099294,6,4545.858615
59.099294,6,4546.107166
59.099294,6,4546.407405
58.510704,6,4546.70132
59.099294,6,4547.121022
57.574733,5,4547.539123
-5.900706,6,4548.139109
57.78954,7,4548.536167
59.099294,6,4548.789092
59.099294,6,4549.212586
59.099294,6,4549.604768
59.099294,6,4549.940943
57.574733,5,4550.400394
58.510704,6,4550.725048
59.099294,6,4551.094867
59.099294,6,4551.353963
58.510704,6,4551.603666
57.574733,5,4552.07987
59.099294,6,4552.493449
58.510704,6,4552.742247
58.510704,6,4552.973422
59.099294,6,4553.375125
59.099294,6,4553.791874
57.574733,5,4554.522154
58.510704,6,4554.95325
58.510704,6,4555.314721
59.099294,6,4555.636525
59.099294,6,4555.884874
57.967614,5,4556.292878
59.099294,6,4556.893784
57.574733,5,4557.175111
57.574733,5,4557.445151
57.78954,7,4557.847165
59.099294,6,4558.185597
59.099294,6,4558.535552
59.099294,6,4558.826698
59.099294,6,4559.171578
59.099294,6,4559.537663
59.099294,6,4559.898374
57.78954,7,4560.476894
58.510704,6,4560.793146
59.099294,6,4561.167428
59.099294,6,4561.52915
59.099294,6,4561.843257
57.967614,5,4562.247863
59.099294,6,4562.703349
57.574733,5,4563.117466
-5.900706,6,4563.714708
59.099294,6,4564.157302
59.099294,6,4564.511018
59.099294,6,4565.002052
57.574733,5,4565.353936
57.574733,5,4565.729868
58.510704,6,4566.081745
58.510704,6,4566.383358
59.099294,6,4566.767233
59.099294,6,4567.224043
59.099294,6,4567.623565
57.574733,5,4567.904248
57.574733,5,4568.212936
59.099294,6,4568.450099
57.574733,5,4568.880425
59.099294,6,4569.169214
59.099294,6,4569.71386
58.510704,6,4570.21011
58.510704,6,4570.804428
59.099294,6,4571.653621
59.099294,6,4572.794699
57.574733,5,4573.424981
-5.900706,6,4574.407088
-5.900706,6,4575.018604
57.574733,5,4575.790694
59.099294,6,4576.453618
59.099294,6,4577.56149
58.510704,6,4578.319468
59.099294,6,4579.262608
59.099294,6,4580.057666
59.099294,6,4580.934165
59.099294,6,4581.708867
59.099294,6,4582.563557
58.510704,6,4583.054867
59.099294,6,4583.77428
57.967614,5,4584.472136
57.574733,5,4584.895251
59.099294,6,4585.18692
57.574733,5,4585.449032
58.510704,6,4585.955289
58.510704,6,4586.249114
59.099294,6,4586.67331
58.510704,6,4587.059387
58.510704,6,4587.543075
59.099294,6,4587.948569
58.510704,6,4588.202051
58.510704,6,4588.931017
59.099294,6,4589.231076
58.510704,6,4589.518744
58.510704,6,4589.777829
59.099294,6,4590.138215
57.967614,5,4590.609129
-5.900706,6,4591.445456
57.574733,5,4591.801007
59.099294,6,4592.245289
57.574733,5,4592.724667
59.099294,6,4593.081255
58.510704,6,4593.46863
59.099294,6,4593.745381
59.099294,6,4594.120572
59.099294,6,4594.435803
59.099294,6,4594.67453
58.510704,6,4594.998845
59.099294,6,4595.463683
58.510704,6,4595.863424
59.099294,6,4596.16207
59.099294,6,4596.40931
58.510704,6,4596.801911
59.099294,6,4597.060138
58.510704,6,4597.478441
59.099294,6,4597.715814
59.099294,6,4598.080348
59.099294,6,4598.53713
59.099294,6,4599.029507
57.574733,5,4599.453525
59.099294,6,4599.799302
58.510704,6,4600.124971
-5.900706,6,4600.481645
58.510704,6,4600.809614
58.510704,6,4601.209921
58.510704,6,4601.708272
59.099294,6,4602.345535
57.967614,5,4602.764277
59.099294,6,4603.309254
57.967614,5,4603.594768
59.099294,6,4603.963768
57.967614,5,4604.552234
59.099294,6,4605.031719
59.099294,6,4605.611456
59.099294,6,4605.981559
59.099294,6,4606.315728
57.574733,5,4606.693376
58.510704,6,4606.925879
59.099294,6,4607.233793
58.510704,6,4607.468487
57.574733,5,4607.795564
59.099294,6,4608.006246
59.099294,6,4608.223525
57.574733,5,4608.457991
59.099294,6,4608.985778
59.099294,6,4609.228133
59.099294,6,4609.534415
59.099294,6,4609.895114
57.066154,7,4610.259567
57.967614,5,4610.750304
59.099294,6,4611.026247
57.574733,5,4611.483288
57.574733,5,4611.774419
58.510704,6,4612.022113
59.099294,6,4612.427021
59.099294,6,4612.795448
59.099294,6,4613.160499
58.510704,6,4613.641469
59.099294,6,4614.026897
58.510704,6,4614.298274
59.099294,6,4615.066958
59.099294,6,4615.447075
58.510704,6,4615.775798
59.099294,6,4615.984895
59.099294,6,4616.401628
59.099294,6,4616.925133
57.574733,5,4617.439265
59.099294,6,4617.722011
59.099294,6,4618.153452
57.967614,5,4618.595533
59.099294,6,4619.07989
57.574733,5,4619.421946
-6.489296,6,4620.160398
58.510704,6,4620.537166
57.574733,5,4620.811381
59.099294,6,4621.196354
59.099294,6,4621.602657
59.099294,6,4621.941779
59.099294,6,4622.31156
58.510704,6,4622.561392
59.099294,6,4622.834383
59.099294,6,4623.259607
59.099294,6,4623.61364
57.574733,5,4624.063143
58.510704,6,4624.302661
59.099294,6,4624.67629
59.099294,6,4624.953073
57.574733,5,4625.343222
59.099294,6,4625.994917
59.099294,6,4626.457352
57.574733,5,4627.097338
59.099294,6,4627.914247
59.099294,6,4628.521095
58.510704,6,4629.071425
59.099294,6,4629.592152
57.574733,5,4630.32652
59.099294,6,4630.939373
58.510704,6,4631.630465
59.099294,6,4632.642502
57.967614,5,4633.784208
58.510704,6,4634.453311
59.099294,6,4635.425197
57.574733,5,4635.876393
59.099294,6,4636.508663
59.099294,6,4637.235253
58.510704,6,4637.885495
59.099294,6,4638.600935
57.574733,5,4639.438621
59.099294,6,4640.3086
59.099294,6,4641.221422
57.574733,5,4642.179256
59.099294,6,4643.290884
59.099294,6,4644.360718
59.099294,6,4644.865867
59.099294,6,4645.206743
59.099294,6,4645.491529
57.78954,7,4645.890979
58.510704,6,4646.249306
59.099294,6,4646.560688
57.574733,5,4647.043445
59.099294,6,4647.474377
57.574733,5,4647.740885
59.099294,6,4648.054067
59.099294,6,4648.513493
59.099294,6,4648.78988
59.099294,6,4649.270311
57.574733,5,4649.749357
59.099294,6,4650.209688
59.099294,6,4650.679745
59.099294,6,4650.933516
59.099294,6,4651.29693
57.574733,5,4651.810718
57.967614,5,4652.201226
59.099294,6,4652.504634
58.510704,6,4652.986852
58.510704,6,4653.441653
59.099294,6,4653.716434
59.099294,6,4653.984286
57.574733,5,4654.327724
57.574733,5,4654.629887
59.099294,6,4655.033541
57.967614,5,4655.574283
57.574733,5,4655.957749
59.099294,6,4656.424367
59.099294,6,4656.848822
59.099294,6,4657.305604
59.099294,6,4657.877671
59.099294,6,4658.155956
59.099294,6,4658.569498
57.574733,5,4658.86585
59.099294,6,4659.088247
59.099294,6,4659.459587
57.574733,5,4659.885131
59.099294,6,4660.325203
57.574733,5,4660.715737
58.510704,6,4661.243789
59.099294,6,4661.640088
59.099294,6,4662.176663
59.099294,6,4662.620007
59.099294,6,4662.911526
58.510704,6,4663.305464
-7.21046,7,4664.36234
59.099294,6,4664.747862
57.967614,5,4665.036951
59.099294,6,4665.513731
59.099294,6,4665.924816
59.099294,6,4666.128911
59.099294,6,4666.496507
59.099294,6,4667.010216
59.099294,6,4667.407933
59.099294,6,4667.85449
59.099294,6,4668.29078
59.099294,6,4668.544245
59.099294,6,4669.000232
59.099294,6,4669.410843
58.510704,6,4670.868141
59.099294,6,4671.59813
58.510704,6,4671.930592
59.099294,6,4672.443277
58.510704,6,4672.750564
59.099294,6,4673.036927
58.510704,6,4673.416867
57.78954,7,4673.818137
57.574733,5,4674.230686
59.099294,6,4674.600887
59.099294,6,4674.996966
59.099294,6,4675.344813
59.099294,6,4675.634653
57.967614,5,4675.891034
59.099294,6,4676.281528
59.099294,6,4676.556377
58.510704,6,4676.808838
58.510704,6,4677.096566
57.574733,5,4677.486568
59.099294,6,4677.84153
59.099294,6,4678.290377
58.510704,6,4678.578435
59.099294,6,4678.935099
59.099294,6,4679.307137
59.099294,6,4679.822469
59.099294,6,4680.228035
57.967614,5,4680.688271
58.510704,6,4681.183451
58.510704,6,4681.438353
59.099294,6,4681.856547
58.510704,6,4682.153092
59.099294,6,4682.495261
59.099294,6,4682.744946
58.510704,6,4683.059297
59.099294,6,4683.486438
57.574733,5,4683.907794
58.510704,6,4684.5188
59.099294,6,4685.066797
57.574733,5,4685.712705
58.510704,6,4686.35445
57.574733,5,4686.926268
58.510704,6,4687.524809
59.099294,6,4688.032691
59.099294,6,4688.605358
57.967614,5,4689.719118
57.967614,5,4690.224529
58.510704,6,4690.898543
59.099294,6,4691.365062
59.099294,6,4692.090621
59.099294,6,4692.76379
58.510704,6,4693.241308
59.099294,6,4694.153183
58.510704,6,4694.565234
59.099294,6,4695.155852
58.510704,6,4695.686276
57.574733,5,4696.168939
59.099294,6,4697.085224
59.099294,6,4697.789503
-7.032386,5,4698.87434
57.574733,5,4699.385425
59.099294,6,4699.769486
57.066154,7,4700.107116
57.967614,5,4700.777399
59.099294,6,4701.242288
59.099294,6,4701.704997
58.510704,6,4702.242196
59.099294,6,4703.072129
58.510704,6,4703.978605
59.099294,6,4704.61004
59.099294,6,4705.464205
59.099294,6,4706.179748
59.099294,6,4706.764986
57.574733,5,4707.048688
57.574733,5,4707.398749
59.099294,6,4707.67415
59.099294,6,4708.016781
58.510704,6,4708.327149
59.099294,6,4708.810086
59.099294,6,4709.102109
59.099294,6,4709.542428
57.574733,5,4709.876517
59.099294,6,4710.239684
57.967614,5,4710.586331
59.099294,6,4711.0635
57.574733,5,4711.327259
58.510704,6,4711.627044
57.574733,5,4712.171259
59.099294,6,4712.572503
58.510704,6,4712.930271
57.967614,5,4713.320737
59.099294,6,4714.027369
58.510704,6,4714.52493
59.099294,6,4715.092761
59.099294,6,4715.475724
59.099294,6,4715.982048
57.967614,5,4716.583585
57.967614,5,4717.337792
57.574733,5,4717.845558
57.967614,5,4718.232971
58.510704,6,4718.627139
59.099294,6,4719.220189
58.510704,6,4719.697643
59.099294,6,4720.437108
59.099294,6,4720.836826
59.099294,6,4721.174089
57.574733,5,4721.517541
58.510704,6,4721.762864
57.181853,5,4722.419706
57.967614,5,4723.074006
58.510704,6,4723.380878
59.099294,6,4723.806904
59.099294,6,4724.321386
59.099294,6,4724.728983
58.510704,6,4725.079552
58.510704,6,4725.369342
59.099294,6,4725.717377
59.099294,6,4726.041466
59.099294,6,4726.315901
58.510704,6,4726.613996
57.574733,5,4726.950298
-7.032386,5,4727.973397
59.099294,6,4728.497364
59.099294,6,4728.890736
57.967614,5,4729.233866
59.099294,6,4729.730457
59.099294,6,4730.10936
58.510704,6,4730.423433
57.574733,5,4730.830002
57.967614,5,4731.120052
59.099294,6,4731.355169
58.510704,6,4731.742729
59.099294,6,4732.197618
59.099294,6,4732.477026
59.099294,6,4732.813957
58.510704,6,4733.162638
59.099294,6,4733.453123
58.510704,6,4733.73117
59.099294,6,4734.165087
58.510704,6,4734.446312
57.574733,5,4734.73417
57.574733,5,4735.06085
59.099294,6,4735.597714
-5.900706,6,4736.503153
59.099294,6,4736.786474
59.099294,6,4737.193197
59.099294,6,4737.470461
59.099294,6,4737.805823
57.574733,5,4738.050844
59.099294,6,4738.506296
58.510704,6,4738.870934
59.099294,6,4739.197114
59.099294,6,4739.646579
59.099294,6,4740.178066
58.510704,6,4740.533605
59.099294,6,4740.969523
59.099294,6,4741.425921
-7.032386,5,4742.666667
59.099294,6,4743.1037
-7.425267,5,4743.830512
58.510704,6,4744.196997
57.574733,5,4744.959414
57.574733,5,4745.922496
59.099294,6,4746.456422
59.099294,6,4746.787085
59.099294,6,4747.471197
57.574733,5,4748.276808
59.099294,6,4748.992182
57.574733,5,4749.772502
59.099294,6,4750.291105
59.099294,6,4750.717699
59.099294,6,4751.232476
59.099294,6,4751.764907
59.099294,6,4752.997226
59.099294,6,4754.284589
59.099294,6,4755.303141
57.574733,5,4756.135427
59.099294,6,4756.834202
59.099294,6,4757.756736
58.510704,6,4758.783643
59.099294,6,4759.55968
59.099294,6,4760.267852
59.099294,6,4761.367732
58.510704,6,4761.951955
59.099294,6,4762.842971
59.099294,6,4763.226463
59.099294,6,4763.92066
59.099294,6,4764.62622
59.099294,6,4765.268619
58.510704,6,4765.8971
57.967614,5,4766.450674
59.099294,6,4767.536959
57.574733,5,4768.362335
59.099294,6,4769.47877
58.510704,6,4770.387591
57.78954,7,4770.829478
57.574733,5,4771.173916
58.510704,6,4771.546573
59.099294,6,4771.998788
58.510704,6,4772.380254
57.967614,5,4772.842622
57.967614,5,4773.307811
59.099294,6,4773.647964
58.510704,6,4774.067842
59.099294,6,4774.420169
59.099294,6,4774.85705
59.099294,6,4775.301556
58.510704,6,4775.859841
58.510704,6,4776.370807
59.099294,6,4776.838171
57.066154,7,4777.128323
58.510704,6,4777.596861
57.574733,5,4777.880372
58.510704,6,4778.180125
57.967614,5,4778.616145
59.099294,6,4778.860031
58.510704,6,4779.067823
59.099294,6,4779.38778
58.510704,6,4779.718272
59.099294,6,4780.085805
58.510704,6,4780.347861
59.099294,6,4780.726492
59.099294,6,4780.950177
58.510704,6,4781.293911
59.099294,6,4781.549628
59.099294,6,4781.798883
58.510704,6,4782.208672
58.510704,6,4782.600791
58.510704,6,4782.846687
57.967614,5,4783.444281
59.099294,6,4783.707853
57.967614,5,4783.988145
58.510704,6,4784.438674
57.967614,5,4784.747207
57.967614,5,4785.407464
57.967614,5,4785.858385
58.510704,6,4786.305331
59.099294,6,4786.768
-7.032386,5,4787.506926
59.099294,6,4787.922491
-7.032386,5,4788.924519
59.099294,6,4789.300577
58.510704,6,4789.697202
57.574733,5,4790.116623
59.099294,6,4790.404951
59.099294,6,4790.648225
58.510704,6,4790.993111
59.099294,6,4791.24387
57.574733,5,4791.674924
57.574733,5,4791.894134
57.967614,5,4792.326965
59.099294,6,4792.668956
58.510704,6,4792.952437
57.967614,5,4793.35752
58.510704,6,4793.804783
59.099294,6,4794.07179
57.967614,5,4794.544743
57.574733,5,4794.909885
59.099294,6,4795.232941
57.181853,5,4795.583123
59.099294,6,4796.025565
59.099294,6,4796.367096
57.574733,5,4796.724638
57.967614,5,4797.182285
57.967614,5,4797.548128
58.510704,6,4797.830499
57.574733,5,4798.274777
59.099294,6,4798.488109
58.510704,6,4798.786515
58.510704,6,4799.20301
57.967614,5,4799.594273
57.574733,5,4800.116229
59.099294,6,4800.487421
-7.425267,5,4800.920448
57.574733,5,4801.311359
59.099294,6,4801.900192
57.574733,5,4802.364413
59.099294,6,4802.643219
59.099294,6,4802.858214
59.099294,6,4803.272003
58.510704,6,4803.60861
58.510704,6,4803.975118
58.510704,6,4804.19128
57.78954,7,4804.535243
57.967614,5,4805.115255
59.099294,6,4805.456609
58.510704,6,4805.730189
58.510704,6,4806.124406
59.099294,6,4806.621433
57.967614,5,4806.887707
57.574733,5,4807.303078
58.510704,6,4807.770504
57.967614,5,4808.143749
59.099294,6,4808.662493
58.510704,6,4808.982759
59.099294,6,4809.416479
59.099294,6,4809.880779
59.099294,6,4810.36193
59.099294,6,4810.85671
59.099294,6,4811.131733
59.099294,6,4811.443187
57.967614,5,4812.044054
57.967614,5,4812.940442
58.510704,6,4813.280316
59.099294,6,4813.743066
59.099294,6,4814.304964
59.099294,6,4814.79918
59.099294,6,4815.247239
57.967614,5,4815.848694
59.099294,6,4816.207973
58.510704,6,4816.640821
58.510704,6,4816.94157
59.099294,6,4817.425016
58.510704,6,4817.921938
57.574733,5,4818.470777
59.099294,6,4818.83334
58.510704,6,4819.38041
59.099294,6,4819.731954
59.099294,6,4820.323549
59.099294,6,4820.744725
-7.032386,5,4821.84931
57.574733,5,4822.35838
58.510704,6,4822.64377
-6.489296,6,4823.354166
58.510704,6,4823.710576
57.574733,5,4824.055212
57.574733,5,4824.587008
57.574733,5,4824.885859
57.574733,5,4825.305398
-7.425267,5,4825.894678
58.510704,6,4826.275241
57.574733,5,4826.630343
58.510704,6,4827.042724
59.099294,6,4827.438827
59.099294,6,4827.980822
59.099294,6,4828.352968
58.510704,6,4828.914646
59.099294,6,4829.650303
59.099294,6,4829.944557
57.967614,5,4830.619629
57.967614,5,4830.982167
57.967614,5,4831.58077
59.099294,6,4831.926693
59.099294,6,4832.254763
-5.900706,6,4832.610681
57.967614,5,4833.275132
58.510704,6,4833.607188
58.510704,6,4834.108958
59.099294,6,4834.399738
58.510704,6,4834.988805
57.574733,5,4835.277465
59.099294,6,4835.646508
58.510704,6,4835.999217
57.967614,5,4836.865549
59.099294,6,4837.557922
59.099294,6,4838.291039
59.099294,6,4838.665765
57.967614,5,4839.261578
59.099294,6,4841.133313
59.099294,6,4841.982781
57.967614,5,4842.685509
59.099294,6,4843.177378
59.099294,6,4843.564087
59.099294,6,4843.877079
59.099294,6,4844.350861
59.099294,6,4844.879325
58.510704,6,4845.254949
59.099294,6,4845.774305
59.099294,6,4846.222681
57.574733,5,4847.220674
59.099294,6,4848.412347
58.510704,6,4849.136559
59.099294,6,4849.639136
59.099294,6,4850.028122
59.099294,6,4850.387381
59.099294,6,4850.721396
59.099294,6,4850.945328
59.099294,6,4851.326838
59.099294,6,4851.683173
58.510704,6,4852.082899
57.574733,5,4852.333341
58.510704,6,4852.571891
59.099294,6,4852.843548
58.510704,6,4853.119267
59.099294,6,4853.554007
59.099294,6,4853.902475
59.099294,6,4854.256222
59.099294,6,4854.460867
59.099294,6,4854.873849
57.78954,7,4855.201564
58.510704,6,4855.457717
57.574733,5,4855.81511
59.099294,6,4856.172012
57.967614,5,4856.572238
-5.900706,6,4857.130958
57.574733,5,4857.369526
59.099294,6,4857.589747
59.099294,6,4857.916407
59.099294,6,4858.283171
59.099294,6,4858.543342
57.574733,5,4858.980219
59.099294,6,4859.359523
59.099294,6,4859.746496
58.510704,6,4860.128374
57.574733,5,4860.568393
59.099294,6,4860.885218
57.574733,5,4861.344216
59.099294,6,4861.725043
59.099294,6,4862.011986
59.099294,6,4862.227485
59.099294,6,4862.539589
57.967614,5,4862.979838
58.510704,6,4863.226029
59.099294,6,4863.619341
59.099294,6,4864.083219
58.510704,6,4864.299659
58.510704,6,4864.515336
59.099294,6,4864.768928
59.099294,6,4865.038215
59.099294,6,4865.359385
58.510704,6,4865.570934
59.099294,6,4865.826119
58.510704,6,4866.123267
59.099294,6,4866.522101
57.967614,5,4866.911025
59.099294,6,4867.111341
57.574733,5,4867.530989
59.099294,6,4867.809167
57.967614,5,4868.39332
59.099294,6,4868.920272
58.510704,6,4869.305308
59.099294,6,4869.698036
59.099294,6,4870.035532
57.967614,5,4870.385172
59.099294,6,4870.651712
59.099294,6,4870.959452
59.099294,6,4871.217382
58.510704,6,4871.597073
58.510704,6,4871.831285
58.510704,6,4872.779851
59.099294,6,4873.224772
59.099294,6,4873.516072
57.967614,5,4874.149394
59.099294,6,4874.598996
59.099294,6,4875.007611
58.510704,6,4875.567664
58.510704,6,4876.014948
57.967614,5,4876.759659
57.574733,5,4877.127534
58.510704,6,4877.542073
57.574733,5,4877.878942
59.099294,6,4878.336103
57.967614,5,4878.811093
58.510704,6,4879.218742
57.574733,5,4879.62869
58.510704,6,4880.055719
59.099294,6,4880.618731
57.574733,5,4881.062184
58.510704,6,4881.764685
57.574733,5,4882.29456
59.099294,6,4882.737439
59.099294,6,4883.238816
59.099294,6,4883.806289
58.510704,6,4884.080058
59.099294,6,4884.37596
58.510704,6,4884.66234
59.099294,6,4885.03871
-6.489296,6,4885.335287
58.510704,6,4885.604408
57.967614,5,4886.193026
58.510704,6,4886.482048
59.099294,6,4886.848573
58.510704,6,4887.296547
59.099294,6,4887.656762
59.099294,6,4888.030475
58.510704,6,4888.324134
59.099294,6,4888.597502
59.099294,6,4888.979788
58.510704,6,4889.314091
58.510704,6,4889.59009
59.099294,6,4889.952549
59.099294,6,4890.379969
59.099294,6,4890.913662
-6.489296,6,4891.968374
59.099294,6,4892.389626
59.099294,6,4893.263861
59.099294,6,4893.78238
58.510704,6,4894.205633
58.510704,6,4894.650012
59.099294,6,4895.412415
58.510704,6,4896.108205
58.510704,6,4896.573089
59.099294,6,4897.102629
58.510704,6,4897.661367
59.099294,6,4898.066333
59.099294,6,4898.630596
58.510704,6,4898.946988
59.099294,6,4899.236238
59.099294,6,4899.637926
59.099294,6,4900.175213
59.099294,6,4900.606091
57.78954,7,4900.903264
59.099294,6,4901.192497
57.574733,5,4901.585423
59.099294,6,4902.385333
59.099294,6,4902.962582
57.574733,5,4903.636386
59.099294,6,4904.07163
59.099294,6,4904.613507
59.099294,6,4905.088794
59.099294,6,4905.671669
59.099294,6,4906.169009
58.510704,6,4906.568757
59.099294,6,4907.104019
57.574733,5,4907.430182
57.574733,5,4907.800823
57.967614,5,4908.112908
59.099294,6,4908.591831
59.099294,6,4908.877455
58.510704,6,4909.487199
58.510704,6,4909.830315
59.099294,6,4910.4646
58.510704,6,4910.793969
57.967614,5,4911.115164
58.510704,6,4911.452665
57.574733,5,4911.705856
57.574733,5,4912.16218
57.574733,5,4912.699621
59.099294,6,4913.164109
59.099294,6,4913.828116
57.78954,7,4914.267107
59.099294,6,4914.71815
59.099294,6,4915.110253
59.099294,6,4915.507258
59.099294,6,4916.270813
57.967614,5,4916.724484
57.967614,5,4917.280255
57.574733,5,4917.575042
57.066154,7,4917.89594
57.967614,5,4918.45787
57.574733,5,4918.717228
59.099294,6,4919.100722
59.099294,6,4919.627289
57.574733,5,4920.141156
57.574733,5,4920.427917
59.099294,6,4920.757304
59.099294,6,4921.172824
57.574733,5,4921.670466
57.967614,5,4922.09502
57.967614,5,4922.386004
59.099294,6,4922.806102
59.099294,6,4923.347781
59.099294,6,4923.840867
57.574733,5,4924.406909
59.099294,6,4924.868127
59.099294,6,4925.338542
59.099294,6,4925.719988
57.574733,5,4926.162661
59.099294,6,4926.60391
59.099294,6,4926.829122
57.967614,5,4927.438885
58.510704,6,4927.693991
59.099294,6,4928.004167
57.574733,5,4928.254349
57.574733,5,4928.572482
58.510704,6,4928.996643
58.510704,6,4929.355329
57.967614,5,4930.100372
58.510704,6,4930.724281
57.967614,5,4931.712649
59.099294,6,4932.73486
59.099294,6,4933.509943
59.099294,6,4934.358959
59.099294,6,4934.804949
59.099294,6,4935.314129
59.099294,6,4936.022176
59.099294,6,4936.43008
59.099294,6,4936.871949
58.510704,6,4937.407063
58.510704,6,4937.907105
58.510704,6,4938.569218
58.510704,6,4938.985568
59.099294,6,4939.343707
58.510704,6,4939.672027
57.574733,5,4940.060266
57.574733,5,4940.779652
59.099294,6,4941.508248
58.510704,6,4942.014501
57.574733,5,4942.693198
58.510704,6,4943.077121
59.099294,6,4943.886358
59.099294,6,4944.35045
58.510704,6,4944.7972
58.510704,6,4945.413759
59.099294,6,4945.806869
59.099294,6,4946.462717
59.099294,6,4947.454215
57.574733,5,4948.166991
57.574733,5,4948.921469
58.510704,6,4949.610342
57.574733,5,4950.418809
59.099294,6,4951.048691
57.967614,5,4951.583788
57.574733,5,4952.128427
58.510704,6,4952.512744
59.099294,6,4953.035167
57.066154,7,4953.507283
59.099294,6,4953.850676
57.574733,5,4954.157938
59.099294,6,4954.655281
59.099294,6,4955.088129
59.099294,6,4955.629783
58.510704,6,4955.890515
59.099294,6,4956.303173
59.099294,6,4956.747509
58.510704,6,4957.117449
57.574733,5,4957.676369
59.099294,6,4958.162709
59.099294,6,4958.493794
57.967614,5,4959.058446
57.574733,5,4959.414963
57.574733,5,4959.885666
59.099294,6,4960.353799
57.967614,5,4960.70142
59.099294,6,4961.133368
58.510704,6,4961.481565
57.574733,5,4961.737353
59.099294,6,4962.078435
-6.489296,6,4963.275942
59.099294,6,4963.846518
58.510704,6,4964.129111
58.510704,6,4964.489351
57.574733,5,4964.988516
57.967614,5,4965.253098
58.510704,6,4965.56001
59.099294,6,4966.017581
57.574733,5,4966.28882
59.099294,6,4966.519822
59.099294,6,4967.093569
57.967614,5,4967.901211
57.967614,5,4968.434985
59.099294,6,4968.913894
59.099294,6,4969.217898
59.099294,6,4969.676722
59.099294,6,4970.096705
57.574733,5,4970.381409
58.510704,6,4970.665984
58.510704,6,4971.042644
58.510704,6,4971.396943
58.510704,6,4971.947908
57.574733,5,4972.206031
58.510704,6,4972.651693
59.099294,6,4973.096679
58.510704,6,4973.56267
59.099294,6,4973.839539
59.099294,6,4974.336479
59.099294,6,4974.587206
58.510704,6,4975.148741
58.510704,6,4975.571155
57.574733,5,4976.054378
59.099294,6,4976.545732
59.099294,6,4976.973482
57.967614,5,4977.542758
59.099294,6,4978.036403
59.099294,6,4978.364677
59.099294,6,4978.92068
59.099294,6,4979.641866
57.574733,5,4979.998878
57.574733,5,4980.449312
57.574733,5,4980.87537
59.099294,6,4981.145604
59.099294,6,4981.381632
58.510704,6,4981.702916
57.574733,5,4981.996523
58.510704,6,4982.340654
58.510704,6,4982.593535
57.574733,5,4982.912755
59.099294,6,4983.390116
59.099294,6,4983.806268
57.967614,5,4984.313988
59.099294,6,4984.770071
59.099294,6,4985.179406
58.510704,6,4985.545552
59.099294,6,4985.943196
59.099294,6,4986.214843
59.099294,6,4986.623937
59.099294,6,4986.910259
59.099294,6,4987.340015
58.510704,6,4987.553027
57.574733,5,4987.911519
59.099294,6,4988.304165
59.099294,6,4988.561727
58.510704,6,4988.962749
58.510704,6,4989.357008
59.099294,6,4989.642145
59.099294,6,4990.174672
57.967614,5,4990.67171
57.574733,5,4990.975942
59.099294,6,4991.406109
59.099294,6,4991.784317
59.099294,6,4992.670337
59.099294,6,4993.090806
58.510704,6,4993.559475
59.099294,6,4994.039113
58.510704,6,4994.499596
59.099294,6,4995.276592
59.099294,6,4996.19299
57.967614,5,4997.124244
59.099294,6,4997.803577
59.099294,6,4998.643034
59.099294,6,4999.120317
57.574733,5,4999.83409
57.574733,5,5000.606849
58.510704,6,5002.342227
59.099294,6,5003.143306
58.510704,6,5003.513996
59.099294,6,5004.364953
59.099294,6,5004.763595
58.510704,6,5005.256017
58.510704,6,5005.646415
59.099294,6,5006.253459
59.099294,6,5006.664372
59.099294,6,5006.98377
57.967614,5,5007.518483
59.099294,6,5008.028778
58.510704,6,5008.531656
59.099294,6,5008.870028
59.099294,6,5009.401505
57.967614,5,5009.722415
-7.032386,5,5010.621159
57.574733,5,5011.160456
59.099294,6,5011.564
-5.900706,6,5011.911992
58.510704,6,5012.39046
57.967614,5,5013.048269
59.099294,6,5013.540647
59.099294,6,5013.8894
58.510704,6,5014.236364
59.099294,6,5014.738692
59.099294,6,5015.294516
59.099294,6,5015.791429
-5.900706,6,5016.451358
59.099294,6,5017.04129
59.099294,6,5017.676223
58.510704,6,5018.2806
58.510704,6,5018.897203
59.099294,6,5019.185502
59.099294,6,5019.553671
59.099294,6,5020.052006
57.967614,5,5020.463286
59.099294,6,5020.720217
59.099294,6,5021.119495
59.099294,6,5021.50559
59.099294,6,5021.811292
58.510704,6,5022.190533
59.099294,6,5022.641506
57.967614,5,5023.160237
57.574733,5,5023.727244
58.510704,6,5023.986093
57.574733,5,5024.344426
58.510704,6,5024.830843
59.099294,6,5025.133957
59.099294,6,5025.414374
59.099294,6,5025.808694
59.099294,6,5026.465972
57.967614,5,5026.958324
59.099294,6,5027.489355
57.967614,5,5027.937361
59.099294,6,5028.447126
59.099294,6,5029.11987
59.099294,6,5029.610748
58.510704,6,5030.034369
57.574733,5,5030.368513
59.099294,6,5030.971223
58.510704,6,5031.265803
58.510704,6,5031.690404
59.099294,6,5032.407969
59.099294,6,5033.082847
59.099294,6,5033.476164
59.099294,6,5033.971992
57.574733,5,5034.294844
57.967614,5,5034.704641
57.574733,5,5035.172608
59.099294,6,5035.7326
58.510704,6,5036.101202
59.099294,6,5036.588315
58.510704,6,5036.882561
58.510704,6,5037.28049
59.099294,6,5037.842005
58.510704,6,5038.105448
59.099294,6,5038.404103
59.099294,6,5038.82726
-6.489296,6,5039.417526
58.510704,6,5039.965987
59.099294,6,5040.43264
57.78954,7,5040.799423
59.099294,6,5041.076174
57.574733,5,5041.473927
57.574733,5,5041.718944
59.099294,6,5041.968935
57.574733,5,5042.488811
58.510704,6,5042.985965
59.099294,6,5043.278473
59.099294,6,5043.631051
58.510704,6,5043.948256
59.099294,6,5044.36589
57.574733,5,5044.859995
57.574733,5,5045.191978
58.510704,6,5045.767228
57.574733,5,5046.226188
58.510704,6,5046.560291
57.574733,5,5046.988875
59.099294,6,5047.523722
59.099294,6,5047.844156
59.099294,6,5048.168266
59.099294,6,5048.771305
59.099294,6,5049.210217
59.099294,6,5049.694588
59.099294,6,5050.096994
59.099294,6,5050.989527
59.099294,6,5051.497715
58.510704,6,5052.015468
57.574733,5,5052.71791
59.099294,6,5053.098078
59.099294,6,5053.484163
59.099294,6,5054.066758
59.099294,6,5054.459224
59.099294,6,5055.07237
59.099294,6,5055.466902
58.510704,6,5055.938868
59.099294,6,5056.650657
58.510704,6,5057.472485
59.099294,6,5058.464286
58.510704,6,5059.310991
59.099294,6,5060.197816
57.574733,5,5061.030978
57.967614,5,5061.605344
59.099294,6,5062.732887
59.099294,6,5063.557196
58.510704,6,5063.952755
59.099294,6,5064.53013
59.099294,6,5065.015518
57.574733,5,5065.450025
59.099294,6,5065.874258
59.099294,6,5066.324477
58.510704,6,5066.695208
59.099294,6,5067.307204
59.099294,6,5067.56885
57.967614,5,5067.960092
59.099294,6,5068.341515
57.574733,5,5068.724459
59.099294,6,5069.094706
59.099294,6,5069.560257
59.099294,6,5070.145742
59.099294,6,5070.649681
59.099294,6,5071.106718
58.510704,6,5071.53993
58.510704,6,5072.04257
59.099294,6,5072.583446
59.099294,6,5072.987739
59.099294,6,5073.614564
57.574733,5,5074.105562
59.099294,6,5074.464357
59.099294,6,5074.870962
59.099294,6,5075.18433
57.574733,5,5075.476479
57.574733,5,5075.946265
59.099294,6,5076.232515
59.099294,6,5076.665589
57.967614,5,5077.009371
57.574733,5,5077.234512
58.510704,6,5077.504635
57.574733,5,5077.927513
57.967614,5,5078.508126
57.967614,5,5079.14179
59.099294,6,5079.587991
-5.900706,6,5080.522537
59.099294,6,5080.933124
57.574733,5,5081.447284
57.066154,7,5081.820306
58.510704,6,5082.176439
58.510704,6,5082.682976
57.967614,5,5083.042435
-5.900706,6,5083.760709
58.510704,6,5084.062476
59.099294,6,5084.435509
59.099294,6,5084.819241
59.099294,6,5085.34181
59.099294,6,5085.77113
59.099294,6,5086.155446
58.510704,6,5086.488749
59.099294,6,5086.827765
58.510704,6,5087.230348
59.099294,6,5087.737649
58.510704,6,5088.303207
57.574733,5,5088.859498
57.574733,5,5089.256858
57.967614,5,5089.825154
58.510704,6,5090.138696
59.099294,6,5090.443856
59.099294,6,5090.702959
59.099294,6,5091.034431
59.099294,6,5091.471001
57.574733,5,5091.875298
59.099294,6,5092.336277
59.099294,6,5092.691181
58.510704,6,5093.226631
59.099294,6,5093.547761
59.099294,6,5093.916609
59.099294,6,5094.296201
59.099294,6,5094.886471
57.967614,5,5095.185826
59.099294,6,5096.045443
57.574733,5,5096.451014
59.099294,6,5096.817357
57.967614,5,5097.443838
59.099294,6,5097.70148
58.510704,6,5098.022774
59.099294,6,5098.291462
59.099294,6,5098.593262
59.099294,6,5098.962709
57.066154,7,5099.301832
57.967614,5,5099.571754
57.574733,5,5099.820613
59.099294,6,5100.10156
59.099294,6,5100.740281
58.510704,6,5101.004918
58.510704,6,5101.544965
58.510704,6,5101.807518
58.510704,6,5102.046414
59.099294,6,5102.273318
59.099294,6,5102.575565
57.574733,5,5102.95384
57.967614,5,5103.518364
57.967614,5,5104.161841
59.099294,6,5104.581915
59.099294,6,5104.973235
59.099294,6,5105.51595
57.967614,5,5106.273559
57.574733,5,5106.723868
58.510704,6,5107.171745
57.574733,5,5107.678361
59.099294,6,5108.220505
58.510704,6,5108.669188
59.099294,6,5109.186937
57.967614,5,5109.701283
58.510704,6,5110.129848
58.510704,6,5110.51146
59.099294,6,5110.95039
59.099294,6,5111.497902
59.099294,6,5112.061296
58.510704,6,5112.822881
57.967614,5,5113.38537
59.099294,6,5113.691442
58.510704,6,5114.286738
59.099294,6,5114.703195
58.510704,6,5115.107666
57.574733,5,5115.369225
-5.900706,6,5116.024866
59.099294,6,5116.635553
57.78954,7,5116.979585
59.099294,6,5117.639814
57.574733,5,5118.082858
-5.900706,6,5119.119428
57.967614,5,5119.774255
57.574733,5,5120.428833
59.099294,6,5120.864881
57.574733,5,5121.447785
59.099294,6,5122.029176
-5.900706,6,5122.943259
57.066154,7,5123.495382
59.099294,6,5124.001314
59.099294,6,5124.350998
57.967614,5,5124.940102
57.967614,5,5125.225195
59.099294,6,5125.779431
59.099294,6,5126.24906
59.099294,6,5126.86868
59.099294,6,5127.29243
57.574733,5,5127.813662
57.574733,5,5128.379121
59.099294,6,5128.886503
57.967614,5,5129.68632
57.574733,5,5130.286878
59.099294,6,5131.138063
59.099294,6,5131.712888
59.099294,6,5132.462698
58.510704,6,5132.883678
59.099294,6,5133.198312
59.099294,6,5133.512751
58.510704,6,5133.950262
59.099294,6,5134.596657
58.510704,6,5135.412463
58.510704,6,5136.430065
58.510704,6,5137.15187
57.574733,5,5137.422756
59.099294,6,5137.687069
59.099294,6,5138.08568
58.510704,6,5138.650397
57.574733,5,5139.072621
58.510704,6,5139.773984
57.967614,5,5140.407554
59.099294,6,5140.793797
59.099294,6,5141.063874
59.099294,6,5141.30433
59.099294,6,5141.537652
59.099294,6,5141.933489
58.510704,6,5142.246937
59.099294,6,5142.7785
59.099294,6,5143.166261
59.099294,6,5143.498009
58.510704,6,5143.940172
59.099294,6,5144.351947
59.099294,6,5144.606632
59.099294,6,5144.895742
58.510704,6,5145.229233
59.099294,6,5145.570176
59.099294,6,5146.033148
59.099294,6,5146.351846
59.099294,6,5146.759201
58.510704,6,5147.127511
58.510704,6,5147.423437
58.510704,6,5147.816619
57.967614,5,5148.201766
57.967614,5,5148.479719
59.099294,6,5148.943543
58.510704,6,5149.167439
57.78954,7,5149.494834
59.099294,6,5149.714662
57.574733,5,5149.987456
59.099294,6,5150.29412
57.574733,5,5150.565541
59.099294,6,5151.017
57.967614,5,5151.490946
58.510704,6,5151.840648
58.510704,6,5152.115703
57.574733,5,5152.546737
59.099294,6,5152.783059
59.099294,6,5153.151065
59.099294,6,5153.391319
58.510704,6,5153.664798
58.510704,6,5153.935998
59.099294,6,5154.284385
59.099294,6,5154.566244
59.099294,6,5154.978562
59.099294,6,5155.464936
57.574733,5,5155.772086
59.099294,6,5156.17997
59.099294,6,5156.44431
58.510704,6,5156.691682
58.510704,6,5156.944768
59.099294,6,5157.222997
57.066154,7,5157.454129
59.099294,6,5157.907607
59.099294,6,5158.489228
59.099294,6,5158.800128
57.574733,5,5159.086627
59.099294,6,5159.484395
57.574733,5,5159.882281
59.099294,6,5160.189949
57.967614,5,5160.503568
-7.032386,5,5161.376935
59.099294,6,5161.948713
58.510704,6,5162.472145
59.099294,6,5162.815012
57.574733,5,5163.058879
58.510704,6,5164.405795
57.967614,5,5164.984711
58.510704,6,5165.382142
57.574733,5,5165.879601
58.510704,6,5166.370722
59.099294,6,5166.759513
57.574733,5,5167.334948
59.099294,6,5167.718784
57.967614,5,5168.351257
59.099294,6,5168.599932
59.099294,6,5169.292944
-7.425267,5,5170.006218
57.574733,5,5170.461248
58.510704,6,5170.811863
59.099294,6,5171.20649
59.099294,6,5171.459979
59.099294,6,5171.704601
59.099294,6,5172.096113
59.099294,6,5172.732697
58.510704,6,5173.092177
59.099294,6,5173.450271
59.099294,6,5173.818523
59.099294,6,5174.245897
57.574733,5,5174.613273
58.510704,6,5174.816393
59.099294,6,5175.17838
59.099294,6,5175.410256
59.099294,6,5175.78203
58.510704,6,5176.063802
59.099294,6,5176.331284
59.099294,6,5176.714892
57.574733,5,5176.964725
59.099294,6,5177.330194
59.099294,6,5177.741209
57.574733,5,5178.197142
57.574733,5,5178.688253
59.099294,6,5179.025072
59.099294,6,5179.292506
58.510704,6,5179.541871
59.099294,6,5180.022392
58.510704,6,5180.361962
59.099294,6,5180.58778
59.099294,6,5180.977957
57.967614,5,5181.262179
57.574733,5,5181.504228
59.099294,6,5181.867082
58.510704,6,5182.17951
59.099294,6,5182.530345
59.099294,6,5182.889357
58.510704,6,5183.125943
59.099294,6,5183.501717
59.099294,6,5183.882928
59.099294,6,5184.136173
59.099294,6,5184.555482
59.099294,6,5184.966437
57.967614,5,5185.330136
57.574733,5,5185.613205
58.510704,6,5185.8868
58.510704,6,5186.266299
57.967614,5,5186.751474
59.099294,6,5187.013534
59.099294,6,5187.336039
59.099294,6,5187.729758
59.099294,6,5188.012084
59.099294,6,5188.370429
59.099294,6,5188.603667
58.510704,6,5188.846948
59.099294,6,5189.160864
57.967614,5,5189.553213
58.510704,6,5189.821616
58.510704,6,5190.177602
59.099294,6,5190.43872
59.099294,6,5190.767968
58.510704,6,5191.001476
59.099294,6,5191.488008
58.510704,6,5191.887525
59.099294,6,5192.243524
59.099294,6,5192.534993
58.510704,6,5192.97972
59.099294,6,5193.430204
59.099294,6,5194.009201
59.099294,6,5194.328395
59.099294,6,5194.750865
59.099294,6,5195.109038
59.099294,6,5195.381031
59.099294,6,5195.950371
59.099294,6,5196.334047
59.099294,6,5196.704492
58.510704,6,5196.948297
57.967614,5,5197.284095
58.510704,6,5197.633443
58.510704,6,5197.957476
59.099294,6,5198.380074
57.574733,5,5198.701627
58.510704,6,5198.990465
59.099294,6,5199.205571
59.099294,6,5199.594345
57.967614,5,5199.934455
57.066154,7,5200.329007
57.574733,5,5200.699064
59.099294,6,5201.163018
59.099294,6,5201.413306
59.099294,6,5201.779654
59.099294,6,5202.076549
57.574733,5,5202.456576
58.510704,6,5202.888038
57.967614,5,5203.272135
57.574733,5,5203.536814
59.099294,6,5203.898061
58.510704,6,5204.172239
59.099294,6,5204.517809
57.574733,5,5204.872766
57.574733,5,5205.217313
58.510704,6,5205.422795
59.099294,6,5205.6906
57.967614,5,5206.030929
59.099294,6,5206.320291
59.099294,6,5206.575196
58.510704,6,5206.850593
59.099294,6,5207.203601
59.099294,6,5207.475326
59.099294,6,5207.769761
57.574733,5,5208.118954
57.574733,5,5208.470855
-5.900706,6,5209.108706
58.510704,6,5209.568681
59.099294,6,5209.924164
59.099294,6,5210.322663
58.510704,6,5210.559874
57.967614,5,5210.877174
59.099294,6,5211.232071
59.099294,6,5211.589244
59.099294,6,5211.809224
59.099294,6,5212.125391
57.967614,5,5212.54127
57.967614,5,5212.987989
57.967614,5,5213.411995
59.099294,6,5213.764609
59.099294,6,5214.114166
59.099294,6,5214.519857
58.510704,6,5214.889201
57.574733,5,5215.202304
57.574733,5,5215.670892
59.099294,6,5215.895008
59.099294,6,5216.295212
57.066154,7,5216.685202
59.099294,6,5216.89865
58.510704,6,5217.17506
57.967614,5,5217.568732
59.099294,6,5218.029199
59.099294,6,5218.401745
54.008717,4,5218.728834
57.574733,5,5219.175494
59.099294,6,5219.482296
59.099294,6,5219.7952
58.510704,6,5220.071049
59.099294,6,5220.439865
57.967614,5,5220.974834
59.099294,6,5221.237958
58.510704,6,5221.509428
59.099294,6,5221.86347
59.099294,6,5222.150631
57.967614,5,5222.550397
57.967614,5,5223.105059
59.099294,6,5223.547246
58.510704,6,5223.829376
59.099294,6,5224.075124
59.099294,6,5224.425621
59.099294,6,5224.803639
59.099294,6,5225.141442
59.099294,6,5225.587568
59.099294,6,5225.930627
57.574733,5,5226.222236
58.510704,6,5226.506013
57.574733,5,5226.923728
58.510704,6,5227.275924
57.574733,5,5227.524018
59.099294,6,5227.94454
59.099294,6,5228.320595
58.510704,6,5228.785214
58.510704,6,5229.171039
59.099294,6,5229.40253
57.967614,5,5229.685601
-7.032386,5,5230.541592
59.099294,6,5230.969455
57.967614,5,5231.557829
57.967614,5,5231.915684
59.099294,6,5232.569066
57.574733,5,5232.847804
58.510704,6,5233.207104
57.78954,7,5233.590404
57.967614,5,5233.929753
58.510704,6,5234.198746
59.099294,6,5234.590251
57.967614,5,5234.954134
58.510704,6,5235.214287
57.574733,5,5235.647852
59.099294,6,5235.883992
57.574733,5,5236.255478
58.510704,6,5236.472984
59.099294,6,5236.753496
57.574733,5,5236.974038
57.967614,5,5237.415342
59.099294,6,5237.812146
59.099294,6,5238.13181
59.099294,6,5238.449723
58.510704,6,5238.734229
59.099294,6,5239.084722
59.099294,6,5239.491481
59.099294,6,5239.933537
59.099294,6,5240.312977
57.574733,5,5240.731498
58.510704,6,5241.110144
59.099294,6,5241.445277
58.510704,6,5241.875315
59.099294,6,5242.2508
59.099294,6,5242.481694
59.099294,6,5242.906271
57.967614,5,5243.429499
59.099294,6,5243.772002
59.099294,6,5244.312896
57.967614,5,5244.596147
59.099294,6,5244.914696
58.510704,6,5245.250053
59.099294,6,5245.650128
59.099294,6,5246.013569
58.510704,6,5246.457322
59.099294,6,5246.922531
59.099294,6,5247.16606
59.099294,6,5247.505104
59.099294,6,5247.740351
59.099294,6,5248.082685
58.510704,6,5248.331932
59.099294,6,5248.622005
58.510704,6,5249.016309
59.099294,6,5249.380826
57.574733,5,5249.692259
59.099294,6,5250.098454
58.510704,6,5250.354633
59.099294,6,5250.720433
59.099294,6,5251.135494
59.099294,6,5251.52598
58.510704,6,5251.95616
58.510704,6,5252.234638
57.574733,5,5252.575274
59.099294,6,5252.938138
59.099294,6,5253.345741
58.510704,6,5253.719666
59.099294,6,5254.095987
59.099294,6,5254.521279
59.099294,6,5254.817411
59.099294,6,5255.455059
57.574733,5,5255.737364
59.099294,6,5256.119081
58.510704,6,5256.465486
59.099294,6,5256.861673
59.099294,6,5257.208005
59.099294,6,5257.557368
59.099294,6,5257.919514
-5.900706,6,5258.220527
58.510704,6,5258.446479
58.510704,6,5258.68567
59.099294,6,5259.064656
59.099294,6,5259.416892
59.099294,6,5259.826363
58.510704,6,5260.068543
57.574733,5,5260.504603
59.099294,6,5260.846718
57.574733,5,5261.206007
59.099294,6,5261.476299
57.574733,5,5261.735692
57.574733,5,5261.990738
58.510704,6,5262.262455
59.099294,6,5262.717934
59.099294,6,5263.049925
58.510704,6,5263.327669
58.510704,6,5263.713301
59.099294,6,5264.170172
57.967614,5,5264.75553
59.099294,6,5265.049255
59.099294,6,5265.503901
59.099294,6,5265.982001
59.099294,6,5266.356088
59.099294,6,5266.615209
57.574733,5,5266.986072
58.510704,6,5267.311128
59.099294,6,5267.575463
58.510704,6,5267.90806
57.574733,5,5268.332182
59.099294,6,5268.634674
59.099294,6,5269.098921
57.574733,5,5269.383251
58.510704,6,5269.643549
59.099294,6,5270.049266
58.510704,6,5270.294683
58.510704,6,5270.609527
59.099294,6,5271.094575
57.574733,5,5271.360107
58.510704,6,5271.649384
59.099294,6,5271.930225
59.099294,6,5272.287593
59.099294,6,5272.525858
57.574733,5,5273.007739
59.099294,6,5273.35036
59.099294,6,5273.706867
59.099294,6,5274.14686
58.510704,6,5274.505355
58.510704,6,5274.754854
57.574733,5,5275.01749
57.574733,5,5275.271278
-5.900706,6,5275.997965
57.78954,7,5276.654788
57.967614,5,5277.065289
57.574733,5,5277.468919
57.967614,5,5277.852284
59.099294,6,5278.277606
57.574733,5,5278.559396
59.099294,6,5278.78242
59.099294,6,5279.052897
57.967614,5,5279.331426
59.099294,6,5279.738704
58.510704,6,5280.013971
59.099294,6,5280.40943
57.574733,5,5280.700713
58.510704,6,5281.155644
59.099294,6,5281.512812
58.510704,6,5281.784111
59.099294,6,5282.214931
58.510704,6,5282.624042
57.967614,5,5282.892064
59.099294,6,5283.228907
57.574733,5,5283.478821
59.099294,6,5283.86958
59.099294,6,5284.139548
57.967614,5,5284.655082
58.510704,6,5284.972319
59.099294,6,5285.361133
57.574733,5,5285.729127
59.099294,6,5285.970575
59.099294,6,5286.226308
59.099294,6,5286.631605
59.099294,6,5287.206663
59.099294,6,5288.125182
59.099294,6,5288.985742
59.099294,6,5289.515914
58.510704,6,5289.806541
59.099294,6,5290.424948
59.099294,6,5290.691111
57.574733,5,5291.044539
58.510704,6,5291.324478
59.099294,6,5291.640727
58.510704,6,5291.964442
57.574733,5,5292.363381
58.510704,6,5292.717744
59.099294,6,5292.933189
59.099294,6,5294.31537
59.099294,6,5294.643512
59.099294,6,5294.949514
59.099294,6,5295.632037
58.510704,6,5296.201997
58.510704,6,5296.450308
59.099294,6,5296.835923
-7.425267,5,5297.845849
57.967614,5,5298.160936
58.510704,6,5298.429952
59.099294,6,5298.892375
57.967614,5,5299.357368
59.099294,6,5299.778739
59.099294,6,5300.004823
57.967614,5,5300.483537
57.574733,5,5300.851425
59.099294,6,5301.22056
-7.032386,5,5301.98413
-5.900706,6,5302.638407
57.574733,5,5303.010539
58.510704,6,5303.403292
59.099294,6,5303.900932
58.510704,6,5304.305854
58.510704,6,5304.6401
58.510704,6,5305.096054
-5.900706,6,5305.641339
58.510704,6,5305.97559
59.099294,6,5306.408169
59.099294,6,5306.747122
58.510704,6,5307.002428
59.099294,6,5307.433013
-7.032386,5,5308.111305
59.099294,6,5308.384128
58.510704,6,5308.646014
58.510704,6,5308.978907
59.099294,6,5309.440479
59.099294,6,5309.803216
59.099294,6,5310.153929
-6.489296,6,5311.122273
59.099294,6,5311.399344
59.099294,6,5311.779948
58.510704,6,5312.012225
57.967614,5,5312.396291
-7.425267,5,5312.720505
57.967614,5,5313.115182
59.099294,6,5313.46176
59.099294,6,5313.71458
59.099294,6,5314.148108
59.099294,6,5314.398573
59.099294,6,5314.745286
59.099294,6,5315.025452
59.099294,6,5315.410694
59.099294,6,5315.770943
58.510704,6,5316.064692
59.099294,6,5316.515649
59.099294,6,5316.904976
59.099294,6,5317.254611
59.099294,6,5318.119716
59.099294,6,5318.396327
58.510704,6,5318.70019
58.510704,6,5318.986577
59.099294,6,5319.443435
58.510704,6,5319.731899
57.967614,5,5320.006302
59.099294,6,5320.368475
59.099294,6,5320.721498
58.510704,6,5321.028836
59.099294,6,5321.429542
57.574733,5,5321.672768
59.099294,6,5322.038392
57.574733,5,5322.481745
58.510704,6,5322.852627
59.099294,6,5323.183339
59.099294,6,5323.586642
58.510704,6,5323.962033
59.099294,6,5324.224591
57.967614,5,5324.540157
59.099294,6,5325.062522
59.099294,6,5325.432482
57.574733,5,5325.704975
57.574733,5,5325.921535
59.099294,6,5326.310565
58.510704,6,5326.983028
57.967614,5,5327.514365
59.099294,6,5327.920776
57.967614,5,5328.344853
57.574733,5,5328.773144
58.510704,6,5329.104271
58.510704,6,5329.478812
59.099294,6,5329.72945
59.099294,6,5330.10416
58.510704,6,5330.431883
57.574733,5,5330.684942
59.099294,6,5330.975063
57.574733,5,5331.399416
59.099294,6,5331.604806
59.099294,6,5331.97254
58.510704,6,5332.281901
58.510704,6,5332.574627
59.099294,6,5333.12416
59.099294,6,5333.463614
59.099294,6,5333.865207
58.510704,6,5334.164728
59.099294,6,5334.653408
58.510704,6,5335.268526
59.099294,6,5335.649697
58.510704,6,5335.972403
59.099294,6,5336.309201
59.099294,6,5336.635605
59.099294,6,5336.990409
58.510704,6,5337.409641
58.510704,6,5337.674934
59.099294,6,5338.024852
59.099294,6,5338.312656
59.099294,6,5338.658532
58.510704,6,5338.956769
58.510704,6,5339.306755
59.099294,6,5339.784418
59.099294,6,5340.206972
58.510704,6,5340.681364
57.574733,5,5340.94067
59.099294,6,5341.483838
57.967614,5,5341.989782
57.574733,5,5342.374562
57.574733,5,5342.939235
59.099294,6,5343.750741
59.099294,6,5344.172488
57.967614,5,5344.777193
59.099294,6,5345.065635
59.099294,6,5345.39942
59.099294,6,5345.746615
59.099294,6,5346.298998
57.574733,5,5347.005736
59.099294,6,5347.404886
58.510704,6,5347.94451
59.099294,6,5348.374575
59.099294,6,5348.794819
57.574733,5,5349.247087
58.510704,6,5349.905342
59.099294,6,5350.623846
59.099294,6,5351.473321
59.099294,6,5352.409004
59.099294,6,5353.121955
59.099294,6,5353.656098
58.510704,6,5354.342828
59.099294,6,5355.081567
57.574733,5,5355.659067
59.099294,6,5356.108733
58.510704,6,5356.407215
54.008717,4,5356.997738
59.099294,6,5357.357134
57.574733,5,5357.789072
58.510704,6,5358.220752
57.574733,5,5358.706943
59.099294,6,5359.124717
58.510704,6,5359.533726
59.099294,6,5360.629504
58.510704,6,5361.083338
57.574733,5,5361.634306
59.099294,6,5362.00443
59.099294,6,5362.365635
57.574733,5,5362.768205
57.574733,5,5363.056895
57.574733,5,5363.370736
57.574733,5,5363.782515
59.099294,6,5364.186489
59.099294,6,5364.667596
59.099294,6,5365.749757
59.099294,6,5366.483535
59.099294,6,5367.319261
57.967614,5,5368.245245
59.099294,6,5368.817346
57.574733,5,5369.326818
58.510704,6,5369.910803
58.510704,6,5370.297901
59.099294,6,5371.547178
57.967614,5,5372.303212
57.574733,5,5372.964725
58.510704,6,5373.511812
59.099294,6,5374.394423
58.510704,6,5375.4406
57.574733,5,5376.164084
58.510704,6,5376.467573
59.099294,6,5376.930272
57.967614,5,5377.465197
59.099294,6,5378.036467
59.099294,6,5378.602639
57.574733,5,5378.974886
59.099294,6,5379.389252
57.574733,5,5379.659732
58.510704,6,5379.991074
57.574733,5,5380.281522
59.099294,6,5380.737295
57.967614,5,5381.220021
57.574733,5,5381.49839
58.510704,6,5381.896618
59.099294,6,5382.437506
59.099294,6,5383.087176
57.574733,5,5383.394881
59.099294,6,5383.736576
59.099294,6,5384.334746
59.099294,6,5384.810935
57.574733,5,5385.213603
58.510704,6,5385.511745
59.099294,6,5385.912752
58.510704,6,5386.16542
58.510704,6,5386.391494
59.099294,6,5386.724112
58.510704,6,5387.159986
58.510704,6,5387.397999
59.099294,6,5387.888607
59.099294,6,5388.369362
59.099294,6,5388.825305
59.099294,6,5389.260885
-7.032386,5,5390.008285
57.574733,5,5390.533432
58.510704,6,5390.863444
59.099294,6,5391.12558
57.967614,5,5391.364018
57.574733,5,5391.697532
59.099294,6,5392.054936
59.099294,6,5392.403976
57.574733,5,5392.711185
59.099294,6,5393.062641
57.574733,5,5393.471877
59.099294,6,5393.866527
59.099294,6,5394.232624
59.099294,6,5394.647197
57.967614,5,5395.127027
59.099294,6,5395.396063
57.574733,5,5395.677129
57.574733,5,5396.061313
57.967614,5,5396.346397
59.099294,6,5396.80863
58.510704,6,5397.640019
59.099294,6,5398.150161
59.099294,6,5398.574098
58.510704,6,5398.918732
57.574733,5,5399.218676
-7.032386,5,5400.025313
59.099294,6,5400.319571
59.099294,6,5400.564667
57.967614,5,5400.869986
58.510704,6,5401.227236
57.574733,5,5401.724004
59.099294,6,5402.203013
57.967614,5,5402.755433
57.574733,5,5403.202641
59.099294,6,5403.493371
59.099294,6,5403.839935
58.510704,6,5404.266895
57.967614,5,5404.634699
59.099294,6,5404.870019
59.099294,6,5405.257294
59.099294,6,5405.574492
57.574733,5,5405.990912
59.099294,6,5406.311134
57.574733,5,5406.745618
59.099294,6,5407.150874
59.099294,6,5407.675996
59.099294,6,5408.10031
58.510704,6,5408.581994
59.099294,6,5408.901997
57.574733,5,5409.174078
58.510704,6,5409.493934
58.510704,6,5409.899011
57.967614,5,5410.191779
59.099294,6,5410.64653
57.574733,5,5410.957934
59.099294,6,5411.29158
57.967614,5,5411.798381
59.099294,6,5412.289744
59.099294,6,5412.825326
59.099294,6,5413.163012
58.510704,6,5413.699705
57.574733,5,5414.033152
58.510704,6,5414.408529
59.099294,6,5414.787292
59.099294,6,5415.219214
59.099294,6,5415.579975
59.099294,6,5416.017007
57.967614,5,5416.360464
59.099294,6,5416.76631
59.099294,6,5417.169013
57.574733,5,5417.459772
57.78954,7,5417.85061
59.099294,6,5418.109803
57.967614,5,5418.408424
57.967614,5,5418.891954
57.574733,5,5419.356452
59.099294,6,5419.614552
59.099294,6,5419.893082
59.099294,6,5420.360809
58.510704,6,5420.78126
57.967614,5,5421.255561
57.574733,5,5421.527107
59.099294,6,5421.815155
58.510704,6,5422.123513
59.099294,6,5422.625799
59.099294,6,5422.881343
58.510704,6,5423.253129
58.510704,6,5423.73225
57.574733,5,5424.155899
57.574733,5,5424.443798
58.510704,6,5424.986124
57.967614,5,5425.440183
57.967614,5,5425.911155
57.574733,5,5426.288164
59.099294,6,5426.518226
58.510704,6,5426.792071
59.099294,6,5427.08023
59.099294,6,5427.49383
58.510704,6,5427.976621
59.099294,6,5428.814097
59.099294,6,5429.216456
58.510704,6,5429.815001
57.967614,5,5430.331155
59.099294,6,5430.642527
58.510704,6,5430.945637
57.967614,5,5431.387129
59.099294,6,5431.853362
57.574733,5,5432.150001
59.099294,6,5432.720135
59.099294,6,5433.124911
59.099294,6,5433.55686
57.574733,5,5433.978991
57.967614,5,5434.558483
57.574733,5,5435.024376
57.574733,5,5435.374566
59.099294,6,5435.73801
57.574733,5,5436.241348
58.510704,6,5436.514984
59.099294,6,5436.858848
59.099294,6,5437.194005
59.099294,6,5437.621946
59.099294,6,5438.030167
59.099294,6,5438.439193
59.099294,6,5439.000376
58.510704,6,5439.329033
59.099294,6,5439.640385
-6.489296,6,5440.531162
59.099294,6,5441.73155
57.574733,5,5442.445231
57.574733,5,5442.78314
57.574733,5,5443.234774
57.574733,5,5443.507492
58.510704,6,5443.797985
57.574733,5,5444.068332
57.574733,5,5444.340646
58.510704,6,5444.675866
59.099294,6,5444.972299
59.099294,6,5445.362317
59.099294,6,5445.875162
59.099294,6,5446.239474
58.510704,6,5446.537453
58.510704,6,5446.820694
58.510704,6,5447.143375
59.099294,6,5447.478558
59.099294,6,5449.028605
58.510704,6,5449.372545
58.510704,6,5449.826541
59.099294,6,5450.236652
-5.900706,6,5450.830775
59.099294,6,5451.326272
59.099294,6,5451.671498
57.574733,5,5452.089221
59.099294,6,5452.529421
58.510704,6,5452.79517
58.510704,6,5453.117529
59.099294,6,5453.537336
57.967614,5,5453.944777
58.510704,6,5454.424596
59.099294,6,5454.785133
58.510704,6,5455.075973
59.099294,6,5455.597035
59.099294,6,5456.075341
58.510704,6,5456.347623
58.510704,6,5456.604782
58.510704,6,5456.85554
59.099294,6,5457.489371
59.099294,6,5457.811678
59.099294,6,5458.17453
57.967614,5,5458.592561
58.510704,6,5458.834787
57.574733,5,5459.100945
59.099294,6,5459.509639
57.967614,5,5459.927126
57.574733,5,5460.537855
59.099294,6,5460.957351
59.099294,6,5461.527415
59.099294,6,5462.229845
59.099294,6,5462.713868
58.510704,6,5463.343178
59.099294,6,5463.839684
58.510704,6,5464.320728
59.099294,6,5464.798289
58.510704,6,5465.234168
59.099294,6,5465.713406
59.099294,6,5466.19577
59.099294,6,5466.791535
57.967614,5,5467.166249
59.099294,6,5467.579535
58.510704,6,5467.929749
59.099294,6,5468.339128
59.099294,6,5468.816705
58.510704,6,5469.3492
-5.900706,6,5470.029335
59.099294,6,5470.462663
59.099294,6,5470.931225
57.574733,5,5471.379266
59.099294,6,5471.642935
58.510704,6,5472.145938
59.099294,6,5472.909673
59.099294,6,5473.412792
-6.489296,6,5474.369896
59.099294,6,5474.686449
59.099294,6,5475.159373
57.574733,5,5475.701465
58.510704,6,5476.182969
59.099294,6,5476.668283
59.099294,6,5477.094869
59.099294,6,5477.390138
58.510704,6,5477.664713
59.099294,6,5478.262323
59.099294,6,5478.705136
59.099294,6,5479.257968
58.510704,6,5479.662607
59.099294,6,5480.107181
58.510704,6,5480.761274
57.574733,5,5481.304652
57.967614,5,5482.183851
58.510704,6,5482.67652
58.510704,6,5483.103816
59.099294,6,5483.754689
58.510704,6,5484.315587
59.099294,6,5485.017367
57.574733,5,5485.412794
58.510704,6,5486.315783
59.099294,6,5486.933988
59.099294,6,5487.625427
59.099294,6,5488.149274
59.099294,6,5489.168848
59.099294,6,5489.706928
57.574733,5,5490.017761
59.099294,6,5490.479738
57.574733,5,5490.797919
59.099294,6,5491.142441
57.574733,5,5491.510332
58.510704,6,5492.075262
59.099294,6,5492.576213
59.099294,6,5493.397565
59.099294,6,5493.69962
59.099294,6,5494.08741
59.099294,6,5494.557505
58.510704,6,5494.838298
59.099294,6,5495.607727
58.510704,6,5496.119845
57.574733,5,5496.833221
58.510704,6,5497.22181
59.099294,6,5497.787773
58.510704,6,5498.129515
58.510704,6,5498.479026
59.099294,6,5499.237652
59.099294,6,5500.215652
59.099294,6,5500.681185
58.510704,6,5501.142833
58.510704,6,5501.645088
59.099294,6,5502.227683
58.510704,6,5503.075487
58.510704,6,5503.726259
59.099294,6,5504.28019
58.510704,6,5504.885875
59.099294,6,5505.285
57.574733,5,5505.712354
59.099294,6,5506.231449
59.099294,6,5506.801928
59.099294,6,5507.388811
59.099294,6,5507.906404
57.967614,5,5508.589765
59.099294,6,5509.37321
58.510704,6,5509.684861
57.967614,5,5510.357857
58.510704,6,5510.829101
59.099294,6,5511.130617
59.099294,6,5511.515626
58.510704,6,5511.939735
58.510704,6,5512.235718
57.574733,5,5512.592827
58.510704,6,5512.859902
57.78954,7,5513.326889
59.099294,6,5513.865081
59.099294,6,5514.378314
59.099294,6,5514.780829
59.099294,6,5515.22696
59.099294,6,5515.52672
58.510704,6,5516.040203
57.967614,5,5516.537315
59.099294,6,5516.858463
58.510704,6,5517.240619
58.510704,6,5517.663047
58.510704,6,5518.057854
57.574733,5,5518.564738
58.510704,6,5519.214243
59.099294,6,5519.822189
59.099294,6,5520.315125
59.099294,6,5521.03828
58.510704,6,5522.187044
57.574733,5,5522.894162
57.574733,5,5523.483206
59.099294,6,5524.521654
59.099294,6,5525.504055
59.099294,6,5526.280727
59.099294,6,5526.996908
59.099294,6,5527.431625
57.574733,5,5527.925205
59.099294,6,5528.532891
59.099294,6,5529.184606
57.967614,5,5529.695252
59.099294,6,5530.247002
58.510704,6,5530.689129
58.510704,6,5531.320005
59.099294,6,5532.097889
57.574733,5,5532.968221
59.099294,6,5533.747597
59.099294,6,5534.493086
58.510704,6,5535.278807
58.510704,6,5536.050641
59.099294,6,5536.564688
58.510704,6,5537.343596
57.574733,5,5537.865615
57.574733,5,5538.501951
58.510704,6,5539.457052
59.099294,6,5540.378455
58.510704,6,5540.949425
58.510704,6,5541.396536
59.099294,6,5541.909755
-5.900706,6,5543.171061
59.099294,6,5543.684214
-6.489296,6,5544.173985
57.78954,7,5544.902983
58.510704,6,5545.362275
59.099294,6,5546.042269
59.099294,6,5546.55501
59.099294,6,5547.090528
-7.032386,5,5548.212248
59.099294,6,5548.874611
57.574733,5,5549.249923
58.510704,6,5549.706458
59.099294,6,5550.363799
58.510704,6,5550.734535
58.510704,6,5551.37646
59.099294,6,5552.342766
57.967614,5,5553.137363
57.967614,5,5553.914766
59.099294,6,5554.327382
59.099294,6,5554.849166
57.574733,5,5555.150143
58.510704,6,5555.426274
57.574733,5,5555.870534
59.099294,6,5556.307252
58.510704,6,5556.850998
59.099294,6,5557.200274
59.099294,6,5557.870458
57.574733,5,5558.397245
59.099294,6,5558.786087
59.099294,6,5559.300416
59.099294,6,5559.753642
59.099294,6,5560.088893
57.967614,5,5560.590403
57.967614,5,5560.925858
58.510704,6,5561.29217
59.099294,6,5561.739895
57.574733,5,5562.058476
59.099294,6,5562.86467
57.574733,5,5563.275672
59.099294,6,5563.572533
59.099294,6,5563.9271
58.510704,6,5564.258906
58.510704,6,5564.550225
59.099294,6,5564.853473
58.510704,6,5565.076978
59.099294,6,5565.391828
59.099294,6,5565.805936
58.510704,6,5566.280903
59.099294,6,5566.760772
59.099294,6,5567.283724
58.510704,6,5567.729993
59.099294,6,5568.168739
59.099294,6,5568.538322
57.967614,5,5568.955645
59.099294,6,5569.32803
59.099294,6,5569.927196
58.510704,6,5570.367687
57.967614,5,5570.866885
57.574733,5,5571.12896
58.510704,6,5571.460963
59.099294,6,5571.767917
57.574733,5,5572.072698
59.099294,6,5572.429279
59.099294,6,5572.803338
59.099294,6,5573.198581
59.099294,6,5573.499427
59.099294,6,5573.950732
59.099294,6,5574.349319
59.099294,6,5574.715046
58.510704,6,5575.130055
59.099294,6,5575.668568
59.099294,6,5576.047622
59.099294,6,5576.498643
59.099294,6,5576.939493
57.574733,5,5577.183589
59.099294,6,5577.586281
58.510704,6,5577.838497
57.574733,5,5578.138893
58.510704,6,5578.685058
59.099294,6,5579.518222
59.099294,6,5580.604864
59.099294,6,5581.444309
59.099294,6,5582.020269
58.510704,6,5582.598571
59.099294,6,5583.518087
58.510704,6,5583.998502
57.574733,5,5584.786331
59.099294,6,5585.25711
59.099294,6,5585.83135
57.574733,5,5586.723063
59.099294,6,5587.64795
59.099294,6,5588.331978
59.099294,6,5588.714426
58.510704,6,5589.409756
59.099294,6,5590.179383
59.099294,6,5590.916888
59.099294,6,5591.726751
58.510704,6,5592.27606
59.099294,6,5593.511823
59.099294,6,5594.082643
58.510704,6,5594.327574
59.099294,6,5594.670616
57.967614,5,5595.039772
58.510704,6,5595.874576
59.099294,6,5596.857193
59.099294,6,5597.59808
58.510704,6,5598.081429
57.574733,5,5598.713711
57.967614,5,5599.287029
57.574733,5,5600.019749
58.510704,6,5600.486557
57.574733,5,5600.985169
59.099294,6,5601.323557
58.510704,6,5601.82138
59.099294,6,5602.411687
57.574733,5,5602.78538
58.510704,6,5603.107527
58.510704,6,5603.491484
59.099294,6,5603.950407
58.510704,6,5604.491841
58.510704,6,5605.177052
59.099294,6,5605.738358
59.099294,6,5606.216859
59.099294,6,5606.599577
59.099294,6,5607.198799
59.099294,6,5608.265997
58.510704,6,5608.808105
59.099294,6,5609.691564
58.510704,6,5610.452094
59.099294,6,5610.855436
57.574733,5,5611.395495
58.510704,6,5611.87202
59.099294,6,5612.412943
59.099294,6,5613.011928
59.099294,6,5613.305095
59.099294,6,5613.667404
58.510704,6,5614.125364
57.574733,5,5614.515267
58.510704,6,5614.927589
59.099294,6,5615.527606
59.099294,6,5616.010314
57.574733,5,5616.573433
57.574733,5,5616.944132
59.099294,6,5617.361749
58.510704,6,5617.806065
58.510704,6,5618.306808
59.099294,6,5618.819379
59.099294,6,5619.526908
59.099294,6,5620.315263
59.099294,6,5620.974874
59.099294,6,5621.405992
58.510704,6,5621.970739
58.510704,6,5622.575316
57.574733,5,5622.997514
57.967614,5,5623.47173
59.099294,6,5623.882517
59.099294,6,5624.46058
59.099294,6,5625.338184
58.510704,6,5625.894541
58.510704,6,5626.504506
58.510704,6,5626.91104
59.099294,6,5627.447941
59.099294,6,5628.019779
59.099294,6,5628.328078
59.099294,6,5628.662418
58.510704,6,5629.200112
58.510704,6,5629.591789
58.510704,6,5630.10463
58.510704,6,5630.71733
58.510704,6,5631.229684
57.574733,5,5631.847382
58.510704,6,5632.288682
59.099294,6,5633.025248
-5.900706,6,5634.747647
59.099294,6,5635.482511
59.099294,6,5635.990165
58.510704,6,5636.732812
58.510704,6,5637.020695
59.099294,6,5637.396216
58.510704,6,5637.753402
59.099294,6,5638.139919
57.574733,5,5638.630747
57.574733,5,5639.018832
59.099294,6,5639.362698
59.099294,6,5639.752484
59.099294,6,5640.232433
58.510704,6,5640.617898
59.099294,6,5641.089752
57.574733,5,5641.499742
58.510704,6,5642.024956
59.099294,6,5642.522273
59.099294,6,5643.183635
57.574733,5,5643.558586
59.099294,6,5644.442186
57.574733,5,5644.910295
-7.425267,5,5645.86986
58.510704,6,5646.442744
58.510704,6,5647.26607
59.099294,6,5648.262294
-7.032386,5,5649.373986
58.510704,6,5649.827038
59.099294,6,5650.28381
58.510704,6,5650.659079
59.099294,6,5651.131821
58.510704,6,5651.630609
59.099294,6,5652.054842
59.099294,6,5652.999343
58.510704,6,5653.805937
58.510704,6,5654.262128
59.099294,6,5654.911246
57.967614,5,5655.310402
59.099294,6,5655.908319
59.099294,6,5656.481956
59.099294,6,5657.174035
58.510704,6,5657.79889
57.574733,5,5658.599129
58.510704,6,5659.341067
58.510704,6,5660.224991
57.574733,5,5660.9727
57.574733,5,5661.701833
57.574733,5,5662.353035
59.099294,6,5663.309132
59.099294,6,5663.823876
59.099294,6,5664.368947
59.099294,6,5665.108439
58.510704,6,5665.808152
59.099294,6,5666.338458
58.510704,6,5666.792122
59.099294,6,5667.297341
59.099294,6,5667.700669
59.099294,6,5668.063849
-5.900706,6,5668.828493
59.099294,6,5669.37464
59.099294,6,5669.923204
59.099294,6,5670.341307
59.099294,6,5670.970494
59.099294,6,5671.46517
59.099294,6,5672.221321
58.510704,6,5672.729201
59.099294,6,5673.619201
57.574733,5,5674.368175
59.099294,6,5674.7932
58.510704,6,5675.248266
58.510704,6,5675.624281
59.099294,6,5676.167596
59.099294,6,5676.496274
57.574733,5,5676.811314
58.510704,6,5677.220928
58.510704,6,5677.620577
57.574733,5,5678.123458
59.099294,6,5678.638438
57.967614,5,5679.339345
59.099294,6,5679.738171
59.099294,6,5680.316285
59.099294,6,5680.856386
59.099294,6,5681.292033
59.099294,6,5682.018172
59.099294,6,5683.001282
58.510704,6,5683.385258
58.510704,6,5683.937647
58.510704,6,5684.384178
57.574733,5,5684.760166
59.099294,6,5685.365267
58.510704,6,5685.724588
58.510704,6,5686.005439
59.099294,6,5686.352819
57.574733,5,5686.896985
59.099294,6,5687.460088
58.510704,6,5687.884246
59.099294,6,5688.237518
57.967614,5,5688.815842
59.099294,6,5689.532266
57.574733,5,5690.169653
59.099294,6,5690.636546
59.099294,6,5691.28926
57.574733,5,5691.73961
59.099294,6,5692.373554
57.574733,5,5692.847656
57.967614,5,5693.316255
58.510704,6,5694.060982
57.574733,5,5694.528144
59.099294,6,5695.205418
58.510704,6,5695.768903
59.099294,6,5696.126118
59.099294,6,5696.525114
59.099294,6,5696.991753
58.510704,6,5697.295189
59.099294,6,5697.610841
57.574733,5,5697.925665
57.574733,5,5698.282329
57.574733,5,5698.56526
59.099294,6,5698.908824
59.099294,6,5699.348195
57.967614,5,5699.869497
57.967614,5,5700.397542
59.099294,6,5700.838813
59.099294,6,5701.263138
59.099294,6,5701.776926
59.099294,6,5702.078409
58.510704,6,5702.393583
57.574733,5,5702.81589
59.099294,6,5703.404876
59.099294,6,5704.531121
59.099294,6,5705.383462
59.099294,6,5705.948104
59.099294,6,5706.375004
59.099294,6,5706.91461
59.099294,6,5707.675685
59.099294,6,5708.391775
59.099294,6,5708.782802
59.099294,6,5709.512136
59.099294,6,5710.077586
59.099294,6,5710.681523
57.574733,5,5711.299729
59.099294,6,5712.004086
58.510704,6,5713.022231
59.099294,6,5713.756691
59.099294,6,5714.828947
59.099294,6,5715.97793
59.099294,6,5716.685434
59.099294,6,5717.404936
58.510704,6,5718.058725
57.574733,5,5718.453503
59.099294,6,5719.179705
59.099294,6,5720.205027
58.510704,6,5720.943794
58.510704,6,5721.603918
59.099294,6,5722.38923
57.574733,5,5723.166087
57.574733,5,5723.641805
59.099294,6,5724.353044
59.099294,6,5724.787906
59.099294,6,5725.897738
59.099294,6,5726.887108
58.510704,6,5727.609977
59.099294,6,5728.435033
59.099294,6,5729.836326
58.510704,6,5731.063611
58.510704,6,5731.615993
59.099294,6,5732.208177
59.099294,6,5732.555074
58.510704,6,5733.133221
57.574733,5,5733.494082
59.099294,6,5733.846447
59.099294,6,5734.217673
58.510704,6,5734.593904
59.099294,6,5734.924051
59.099294,6,5735.382274
-5.900706,6,5736.690428
59.099294,6,5737.607385
59.099294,6,5738.580734
59.099294,6,5739.292436
59.099294,6,5739.747256
58.510704,6,5740.538603
57.967614,5,5741.3189
58.510704,6,5741.84394
59.099294,6,5742.556334
59.099294,6,5743.600386
59.099294,6,5744.101383
59.099294,6,5744.473734
59.099294,6,5744.853766
58.510704,6,5745.361946
59.099294,6,5745.816295
59.099294,6,5746.443325
59.099294,6,5746.986626
57.967614,5,5747.901578
58.510704,6,5748.447663
57.967614,5,5749.252052
59.099294,6,5750.394544
59.099294,6,5750.835187
59.099294,6,5751.368478
59.099294,6,5751.865714
59.099294,6,5752.478296
58.510704,6,5752.988688
57.78954,7,5753.551597
59.099294,6,5753.996448
59.099294,6,5754.656752
59.099294,6,5755.122859
59.099294,6,5755.682551
59.099294,6,5756.174187
57.574733,5,5756.903567
59.099294,6,5757.487811
59.099294,6,5758.016697
59.099294,6,5758.41847
59.099294,6,5759.083705
57.574733,5,5759.701988
59.099294,6,5760.463966
57.574733,5,5760.850597
59.099294,6,5761.373132
58.510704,6,5761.717817
58.510704,6,5762.070662
58.510704,6,5762.68195
59.099294,6,5763.226547
59.099294,6,5764.210484
59.099294,6,5765.030712
59.099294,6,5765.614337
59.099294,6,5766.375759
58.510704,6,5767.055515
59.099294,6,5767.784083
57.574733,5,5768.265956
59.099294,6,5769.294636
58.510704,6,5769.725035
57.78954,7,5770.215619
58.510704,6,5770.645966
59.099294,6,5771.086231
59.099294,6,5771.567982
58.510704,6,5772.073422
58.510704,6,5772.807624
59.099294,6,5773.466513
59.099294,6,5774.582351
59.099294,6,5775.73013
59.099294,6,5776.365875
59.099294,6,5776.99405
59.099294,6,5777.707622
57.967614,5,5778.482383
59.099294,6,5779.500966
59.099294,6,5780.46045
58.510704,6,5781.498151
59.099294,6,5782.249533
59.099294,6,5782.93603
59.099294,6,5783.365028
59.099294,6,5783.867996
59.099294,6,5784.71766
59.099294,6,5785.9149
59.099294,6,5787.255919
59.099294,6,5788.297092
57.967614,5,5789.018239
58.510704,6,5790.085263
59.099294,6,5790.691633
57.574733,5,5791.694363
59.099294,6,5792.523266
59.099294,6,5793.073367
57.574733,5,5793.722773
58.510704,6,5794.276052
59.099294,6,5795.198742
57.574733,5,5795.94189
57.574733,5,5796.489801
59.099294,6,5797.285186
59.099294,6,5797.747263
59.099294,6,5798.626446
57.967614,5,5799.33338
57.574733,5,5800.089521
58.510704,6,5800.89827
58.510704,6,5801.679149
-5.900706,6,5802.331436
59.099294,6,5802.984137
59.099294,6,5803.578086
59.099294,6,5804.079338
59.099294,6,5804.355014
59.099294,6,5804.679266
59.099294,6,5805.373038
58.510704,6,5806.126333
57.574733,5,5807.006767
58.510704,6,5807.849952
57.574733,5,5808.530998
59.099294,6,5809.154676
59.099294,6,5809.486476
59.099294,6,5810.06707
58.510704,6,5810.390368
57.574733,5,5810.885016
59.099294,6,5811.232332
59.099294,6,5811.676808
57.574733,5,5812.16728
-7.032386,5,5813.024688
59.099294,6,5813.514142
59.099294,6,5814.018535
59.099294,6,5814.474553
58.510704,6,5815.002128
59.099294,6,5815.440511
59.099294,6,5816.018955
58.510704,6,5816.634547
59.099294,6,5816.974673
58.510704,6,5817.428352
58.510704,6,5817.949264
59.099294,6,5818.475531
58.510704,6,5819.06081
59.099294,6,5819.671748
57.967614,5,5820.531168
58.510704,6,5821.134716
59.099294,6,5821.557053
58.510704,6,5822.15764
57.574733,5,5822.721938
59.099294,6,5823.355014
58.510704,6,5824.131823
57.574733,5,5824.501453
-5.900706,6,5825.372603
57.574733,5,5825.796821
59.099294,6,5826.471037
59.099294,6,5827.534675
59.099294,6,5828.059375
58.510704,6,5828.467144
59.099294,6,5829.153189
59.099294,6,5829.796556
58.510704,6,5830.124357
57.574733,5,5830.438071
57.967614,5,5830.924456
57.574733,5,5831.329431
58.510704,6,5831.628985
59.099294,6,5832.513892
58.510704,6,5833.293039
59.099294,6,5833.8225
57.574733,5,5834.174376
57.574733,5,5834.499847
59.099294,6,5834.922912
59.099294,6,5835.325834
57.78954,7,5835.608135
-5.900706,6,5836.288905
59.099294,6,5836.793951
-5.900706,6,5837.568293
57.574733,5,5837.934395
59.099294,6,5838.275487
58.510704,6,5838.879603
57.574733,5,5839.332434
59.099294,6,5839.727352
57.967614,5,5840.345761
57.574733,5,5840.661375
59.099294,6,5840.961895
59.099294,6,5841.449378
57.967614,5,5841.97341
59.099294,6,5842.549196
57.574733,5,5842.927732
59.099294,6,5843.507855
57.574733,5,5844.031188
58.510704,6,5844.829156
59.099294,6,5845.499422
58.510704,6,5846.034123
58.510704,6,5847.84987
59.099294,6,5848.604002
58.510704,6,5849.674896
58.510704,6,5850.525731
59.099294,6,5852.002436
59.099294,6,5853.219995
59.099294,6,5854.251624
59.099294,6,5854.775465
58.510704,6,5855.381195
58.510704,6,5855.835441
58.510704,6,5856.18307
59.099294,6,5856.751197
59.099294,6,5857.326198
58.510704,6,5857.768964
59.099294,6,5858.065694
58.510704,6,5858.404617
59.099294,6,5858.907385
57.967614,5,5859.52422
57.574733,5,5859.955251
57.066154,7,5860.547961
58.510704,6,5861.142121
59.099294,6,5861.498483
59.099294,6,5861.97991
59.099294,6,5862.913749
59.099294,6,5863.515632
59.099294,6,5863.852985
57.967614,5,5864.535633
59.099294,6,5865.02136
57.967614,5,5865.475703
59.099294,6,5865.914783
59.099294,6,5866.205168
59.099294,6,5866.958874
59.099294,6,5867.381683
58.510704,6,5867.767363
57.967614,5,5868.403231
59.099294,6,5868.772566
58.510704,6,5869.126257
59.099294,6,5869.487844
58.510704,6,5869.792945
58.510704,6,5870.290975
57.967614,5,5871.025978
57.78954,7,5871.810284
57.574733,5,5872.311808
57.574733,5,5872.94483
57.574733,5,5873.778072
59.099294,6,5874.224983
57.574733,5,5874.80046
59.099294,6,5875.622015
58.510704,6,5876.493247
59.099294,6,5877.562391
59.099294,6,5878.414238
58.510704,6,5879.132324
58.510704,6,5879.830379
59.099294,6,5880.359812
57.967614,5,5881.139827
57.967614,5,5882.024959
59.099294,6,5882.8009
58.510704,6,5883.284575
57.574733,5,5884.09601
59.099294,6,5885.123795
57.574733,5,5885.944069
57.967614,5,5887.114013
58.510704,6,5888.092863
59.099294,6,5888.592377
57.574733,5,5889.068936
58.510704,6,5889.580739
59.099294,6,5889.863806
59.099294,6,5890.408783
59.099294,6,5890.709711
59.099294,6,5891.208827
59.099294,6,5891.725819
57.967614,5,5892.082554
59.099294,6,5892.848222
57.574733,5,5893.256263
59.099294,6,5894.1066
58.510704,6,5894.509449
59.099294,6,5895.313524
-7.425267,5,5895.87493
59.099294,6,5896.415307
59.099294,6,5896.91134
59.099294,6,5898.050476
57.967614,5,5899.036583
57.78954,7,5900.640376
59.099294,6,5902.097351
59.099294,6,5902.678991
58.510704,6,5903.291083
59.099294,6,5904.305861
59.099294,6,5905.069716
59.099294,6,5905.527151
57.574733,5,5905.935335
59.099294,6,5906.436564
59.099294,6,5906.858733
57.967614,5,5907.391006
59.099294,6,5908.276079
59.099294,6,5908.894049
57.967614,5,5909.133832
59.099294,6,5909.49072
59.099294,6,5909.727206
58.510704,6,5910.020298
57.574733,5,5910.404321
57.967614,5,5910.693803
59.099294,6,5910.926778
58.510704,6,5911.24194
57.574733,5,5911.501227
59.099294,6,5911.74527
58.510704,6,5912.020427
59.099294,6,5912.261753
57.967614,5,5913.555447
59.099294,6,5914.323799
59.099294,6,5915.062464
57.574733,5,5915.856928
59.099294,6,5916.638272
58.510704,6,5917.157841
59.099294,6,5917.775585
57.574733,5,5918.243579
59.099294,6,5918.90058
-5.900706,6,5920.852799
58.510704,6,5921.441049
59.099294,6,5922.143723
59.099294,6,5923.509103
59.099294,6,5924.319867
59.099294,6,5924.711969
59.099294,6,5925.179029
59.099294,6,5925.980386
59.099294,6,5926.483422
59.099294,6,5926.929225
57.574733,5,5927.312183
59.099294,6,5927.794925
59.099294,6,5928.69489
59.099294,6,5929.462795
59.099294,6,5930.018407
58.510704,6,5930.588377
57.574733,5,5931.184355
59.099294,6,5931.929736
58.510704,6,5932.663221
58.510704,6,5933.321239
59.099294,6,5933.847891
57.574733,5,5934.617448
59.099294,6,5935.329049
59.099294,6,5936.297605
57.967614,5,5937.235817
59.099294,6,5937.976019
59.099294,6,5938.585769
58.510704,6,5939.254423
59.099294,6,5939.942857
59.099294,6,5940.587137
59.099294,6,5941.158308
58.510704,6,5941.715825
57.574733,5,5942.066513
59.099294,6,5942.377855
59.099294,6,5942.836981
59.099294,6,5943.142881
57.967614,5,5943.537477
59.099294,6,5943.841357
57.574733,5,5944.128788
59.099294,6,5944.574385
59.099294,6,5945.003325
59.099294,6,5945.385083
59.099294,6,5945.802988
59.099294,6,5946.51635
59.099294,6,5947.081778
59.099294,6,5947.584172
59.099294,6,5948.171613
59.099294,6,5948.626959
59.099294,6,5949.241165
59.099294,6,5950.007058
57.574733,5,5950.629661
58.510704,6,5951.562907
59.099294,6,5952.000067
57.574733,5,5952.936569
59.099294,6,5953.590347
57.967614,5,5954.911571
58.510704,6,5955.484617
57.574733,5,5955.817454
59.099294,6,5956.24317
59.099294,6,5956.810481
58.510704,6,5957.219601
57.574733,5,5957.823232
58.510704,6,5958.375441
58.510704,6,5959.010117
59.099294,6,5959.808605
58.510704,6,5960.383987
57.574733,5,5960.928575
59.099294,6,5961.479574
59.099294,6,5961.947145
57.967614,5,5962.412223
59.099294,6,5962.860411
57.967614,5,5963.594794
59.099294,6,5964.020763
59.099294,6,5964.40819
57.574733,5,5964.695885
57.967614,5,5965.23322
59.099294,6,5965.884541
59.099294,6,5966.414105
58.510704,6,5967.15232
59.099294,6,5967.9352
59.099294,6,5968.555289
59.099294,6,5969.146818
59.099294,6,5969.664408
59.099294,6,5970.169499
59.099294,6,5970.501905
59.099294,6,5971.16041
57.574733,5,5971.706446
57.574733,5,5972.020296
59.099294,6,5972.807763
59.099294,6,5973.471707
59.099294,6,5973.937414
57.574733,5,5974.603637
59.099294,6,5975.146368
58.510704,6,5975.757015
59.099294,6,5976.347895
58.510704,6,5976.877188
59.099294,6,5977.254861
59.099294,6,5977.716872
59.099294,6,5978.219399
59.099294,6,5978.665267
58.510704,6,5979.111766
59.099294,6,5979.862443
57.574733,5,5980.589818
59.099294,6,5981.165617
59.099294,6,5981.681154
59.099294,6,5982.401868
57.574733,5,5983.142016
59.099294,6,5984.212842
59.099294,6,5985.160025
59.099294,6,5986.049084
59.099294,6,5986.691781
59.099294,6,5987.548797
58.510704,6,5988.036599
59.099294,6,5988.898364
58.510704,6,5989.282261
59.099294,6,5990.145561
58.510704,6,5990.903557
59.099294,6,5991.685477
58.510704,6,5992.305081
58.510704,6,5992.700158
57.574733,5,5993.431501
58.510704,6,5994.165461
59.099294,6,5995.147914
59.099294,6,5996.018605
57.574733,5,5996.677802
59.099294,6,5997.492191
59.099294,6,5998.077848
59.099294,6,5998.751117
59.099294,6,5999.46696
57.574733,5,6000.155744
59.099294,6,6000.953302
57.574733,5,6001.663218
59.099294,6,6002.318477
59.099294,6,6002.983588
59.099294,6,6003.55337
59.099294,6,6003.937973
59.099294,6,6004.534748
57.574733,5,6004.846263
58.510704,6,6005.518351
58.510704,6,6005.829577
58.510704,6,6006.151815
57.574733,5,6006.598433
59.099294,6,6007.407187
59.099294,6,6008.012421
58.510704,6,6008.624742
57.574733,5,6009.168043
59.099294,6,6009.904529
59.099294,6,6010.437944
58.510704,6,6010.771007
57.967614,5,6011.89268
59.099294,6,6012.4013
57.574733,5,6013.143367
-5.900706,6,6014.303422
58.510704,6,6014.817034
58.510704,6,6015.180558
-5.900706,6,6016.136283
58.510704,6,6016.540411
57.967614,5,6017.181127
59.099294,6,6017.692703
58.510704,6,6018.138895
59.099294,6,6018.43869
59.099294,6,6019.14419
54.008717,4,6019.765385
59.099294,6,6020.13962
57.574733,5,6020.75277
59.099294,6,6021.431434
59.099294,6,6022.127444
59.099294,6,6022.695668
57.574733,5,6023.578386
59.099294,6,6024.147895
59.099294,6,6024.60246
58.510704,6,6025.190977
57.574733,5,6025.700732
58.510704,6,6026.130076
59.099294,6,6026.685497
59.099294,6,6027.199703
59.099294,6,6028.089151
58.510704,6,6028.820004
58.510704,6,6029.292938
58.510704,6,6029.671577
58.510704,6,6030.08409
58.510704,6,6030.422383
58.510704,6,6031.12098
57.574733,5,6031.822498
59.099294,6,6032.575339
58.510704,6,6032.981574
58.510704,6,6033.660895
59.099294,6,6034.249488
58.510704,6,6034.709506
59.099294,6,6035.278378
59.099294,6,6035.877373
57.574733,5,6036.488499
57.574733,5,6037.42001
57.967614,5,6038.663163
57.967614,5,6039.744158
58.510704,6,6040.523239
59.099294,6,6041.608515
58.510704,6,6042.415478
59.099294,6,6043.672796
59.099294,6,6044.509951
59.099294,6,6045.852495
58.510704,6,6046.761966
59.099294,6,6047.595631
59.099294,6,6048.958559
59.099294,6,6049.770973
57.967614,5,6050.622181
59.099294,6,6051.772441
57.574733,5,6052.700028
57.574733,5,6053.652024
59.099294,6,6054.635613
-7.425267,5,6055.328116
57.574733,5,6055.793999
59.099294,6,6056.543265
59.099294,6,6057.328051
59.099294,6,6057.625244
57.574733,5,6058.197825
59.099294,6,6059.130843
59.099294,6,6060.124983
57.574733,5,6060.786901
59.099294,6,6061.341166
57.574733,5,6062.012109
58.510704,6,6062.560681
58.510704,6,6063.188621
58.510704,6,6063.611062
58.510704,6,6064.522138
57.574733,5,6065.132474
58.510704,6,6065.864535
58.510704,6,6066.200049
58.510704,6,6066.982536
58.510704,6,6067.649118
59.099294,6,6068.360577
58.510704,6,6068.746532
58.510704,6,6069.383749
59.099294,6,6070.198371
58.510704,6,6070.62513
59.099294,6,6071.010602
57.967614,5,6071.528783
-7.032386,5,6072.645896
58.510704,6,6073.438507
59.099294,6,6075.790864
59.099294,6,6076.493034
58.510704,6,6077.091587
59.099294,6,6077.709535
59.099294,6,6078.25208
59.099294,6,6079.14242
58.510704,6,6079.891348
58.510704,6,6080.489947
59.099294,6,6081.930146
59.099294,6,6082.362407
59.099294,6,6082.952765
59.099294,6,6083.605402
59.099294,6,6084.257015
59.099294,6,6084.701801
59.099294,6,6085.185651
59.099294,6,6085.713542
58.510704,6,6086.12535
57.574733,5,6086.83569
57.574733,5,6087.494596
59.099294,6,6088.086082
59.099294,6,6088.579881
58.510704,6,6089.028538
59.099294,6,6089.450156
57.574733,5,6089.97823
59.099294,6,6090.336803
58.510704,6,6090.739011
57.574733,5,6091.049892
59.099294,6,6091.514416
59.099294,6,6091.791965
59.099294,6,6092.097385
59.099294,6,6092.796081
58.510704,6,6093.726479
59.099294,6,6094.100906
57.574733,5,6094.499775
59.099294,6,6094.779152
59.099294,6,6095.194003
58.510704,6,6095.572342
57.574733,5,6096.016611
59.099294,6,6096.317717
58.510704,6,6097.149765
59.099294,6,6097.543864
59.099294,6,6098.096282
58.510704,6,6098.844118
59.099294,6,6099.506435
-7.032386,5,6100.773959
59.099294,6,6101.514369
58.510704,6,6102.546285
59.099294,6,6103.542375
59.099294,6,6104.730547
59.099294,6,6105.792934
59.099294,6,6106.043468
59.099294,6,6106.205626
59.099294,6,6107.294271
59.099294,6,6108.695273
59.099294,6,6109.544122
58.510704,6,6110.276206
58.510704,6,6110.951263
59.099294,6,6111.664371
58.510704,6,6112.350055
58.510704,6,6113.119018
59.099294,6,6113.827012
58.510704,6,6114.632034
59.099294,6,6115.872535
59.099294,6,6117.126829
58.510704,6,6118.027149
59.099294,6,6118.944677
59.099294,6,6119.99315
59.099294,6,6120.425427
59.099294,6,6121.097922
59.099294,6,6121.600335
57.967614,5,6122.240022
59.099294,6,6122.835533
59.099294,6,6123.289267
57.574733,5,6123.872591
57.78954,7,6124.223526
57.967614,5,6124.992177
59.099294,6,6125.554372
58.510704,6,6125.944833
59.099294,6,6126.541669
59.099294,6,6127.182282
58.510704,6,6127.721797
59.099294,6,6128.190409
57.574733,5,6128.861692
58.510704,6,6129.309802
59.099294,6,6129.700673
59.099294,6,6130.360792
58.510704,6,6130.891674
59.099294,6,6131.544171
59.099294,6,6132.090054
59.099294,6,6132.614472
59.099294,6,6133.260307
57.574733,5,6133.673811
-5.900706,6,6134.277824
59.099294,6,6134.786535
59.099294,6,6135.562821
59.099294,6,6136.263468
58.510704,6,6136.775854
59.099294,6,6137.309908
-5.900706,6,6138.047359
58.510704,6,6138.59174
59.099294,6,6139.038101
59.099294,6,6139.612469
57.967614,5,6140.443675
58.510704,6,6140.947312
59.099294,6,6141.541213
58.510704,6,6141.973753
59.099294,6,6142.566772
-7.21046,7,6143.283461
59.099294,6,6144.189391
-5.900706,6,6145.093593
59.099294,6,6145.949453
59.099294,6,6146.334724
59.099294,6,6147.015008
58.510704,6,6147.733739
57.967614,5,6148.512946
59.099294,6,6149.556876
58.510704,6,6150.446916
59.099294,6,6151.536083
59.099294,6,6152.339416
58.510704,6,6153.035038
57.574733,5,6153.372218
59.099294,6,6154.134453
59.099294,6,6154.818079
57.967614,5,6155.18078
58.510704,6,6155.509316
57.574733,5,6155.851888
57.574733,5,6156.267212
59.099294,6,6156.66548
57.574733,5,6157.430792
59.099294,6,6158.015938
59.099294,6,6159.225319
58.510704,6,6159.722999
59.099294,6,6160.06829
59.099294,6,6160.899688
57.574733,5,6161.413212
59.099294,6,6162.943513
59.099294,6,6164.396234
59.099294,6,6166.016076
59.099294,6,6166.818502
59.099294,6,6167.609901
59.099294,6,6168.959611
57.574733,5,6169.927253
57.78954,7,6170.803039
57.574733,5,6171.642587
59.099294,6,6173.043362
57.967614,5,6173.998944
58.510704,6,6175.294127
58.510704,6,6176.29319
59.099294,6,6177.39467
58.510704,6,6178.192214
57.574733,5,6179.008958
59.099294,6,6180.324308
59.099294,6,6181.184174
59.099294,6,6182.423169
57.574733,5,6183.212813
59.099294,6,6184.456037
59.099294,6,6185.264655
59.099294,6,6185.862816
58.510704,6,6186.444352
57.967614,5,6187.304073
59.099294,6,6188.504829
59.099294,6,6189.604219
59.099294,6,6190.361823
59.099294,6,6191.252912
57.967614,5,6192.598514
59.099294,6,6193.43228
59.099294,6,6194.116236
58.510704,6,6194.491508
59.099294,6,6195.223793
59.099294,6,6195.754096
59.099294,6,6196.418726
57.574733,5,6196.861406
59.099294,6,6197.83627
59.099294,6,6198.185272
59.099294,6,6198.861492
57.574733,5,6199.473057
59.099294,6,6200.264322
59.099294,6,6200.641869
59.099294,6,6201.205329
59.099294,6,6201.682042
58.510704,6,6202.046776
59.099294,6,6202.470972
59.099294,6,6202.824684
59.099294,6,6203.397667
57.574733,5,6203.806462
59.099294,6,6204.520769
58.510704,6,6204.904561
59.099294,6,6205.370684
59.099294,6,6205.85144
58.510704,6,6206.193235
59.099294,6,6206.51704
58.510704,6,6206.912657
59.099294,6,6207.965977
57.574733,5,6208.437699
58.510704,6,6209.461848
-6.489296,6,6209.782212
57.967614,5,6210.179015
59.099294,6,6210.570785
59.099294,6,6210.983366
57.967614,5,6211.314495
59.099294,6,6211.904424
59.099294,6,6212.334759
59.099294,6,6212.903998
58.510704,6,6213.265436
58.510704,6,6213.649685
57.066154,7,6214.120872
59.099294,6,6214.929797
59.099294,6,6215.286844
59.099294,6,6215.630919
59.099294,6,6216.01504
58.510704,6,6216.420854
58.510704,6,6216.745162
-7.666476,6,6217.229005
58.510704,6,6217.708814
59.099294,6,6218.204737
57.574733,5,6218.645648
59.099294,6,6219.230468
58.510704,6,6219.758987
59.099294,6,6220.235936
57.574733,5,6220.74823
59.099294,6,6221.179125
59.099294,6,6221.679186
59.099294,6,6222.388182
58.510704,6,6223.046892
58.510704,6,6223.723555
59.099294,6,6224.827949
59.099294,6,6226.104368
59.099294,6,6227.038119
59.099294,6,6228.331021
58.510704,6,6229.246871
58.510704,6,6230.595791
58.510704,6,6231.515747
58.510704,6,6232.478229
58.510704,6,6233.245866
58.510704,6,6234.01768
59.099294,6,6235.004252
59.099294,6,6236.132483
59.099294,6,6236.960911
57.574733,5,6237.668145
57.574733,5,6238.603965
57.574733,5,6239.225023
59.099294,6,6240.408984
59.099294,6,6241.143403
59.099294,6,6241.786447
59.099294,6,6242.425947
57.574733,5,6243.024853
57.967614,5,6243.950929
59.099294,6,6244.635153
59.099294,6,6245.716154
59.099294,6,6246.442656
58.510704,6,6247.169174
59.099294,6,6247.785962
-5.900706,6,6248.958249
59.099294,6,6250.103018
59.099294,6,6251.180075
59.099294,6,6252.282836
59.099294,6,6253.364497
57.574733,5,6254.199723
58.510704,6,6254.6826
57.574733,5,6255.158337
58.510704,6,6255.557319
59.099294,6,6256.042709
57.967614,5,6256.653896
59.099294,6,6257.088563
57.574733,5,6257.558684
59.099294,6,6258.04376
59.099294,6,6258.467126
59.099294,6,6259.031621
59.099294,6,6259.365713
59.099294,6,6259.9379
57.967614,5,6260.644644
59.099294,6,6261.349294
59.099294,6,6261.732419
57.574733,5,6262.299013
57.574733,5,6262.687588
59.099294,6,6263.052037
58.510704,6,6263.454538
57.574733,5,6263.786116
59.099294,6,6264.213367
59.099294,6,6264.571275
-5.900706,6,6265.247552
59.099294,6,6265.745739
58.510704,6,6266.384003
59.099294,6,6267.320266
59.099294,6,6267.829317
58.510704,6,6268.230458
57.574733,5,6268.583524
58.510704,6,6269.010077
59.099294,6,6269.482191
59.099294,6,6270.326622
59.099294,6,6271.02
59.099294,6,6271.733034
59.099294,6,6272.294616
57.574733,5,6272.876773
-5.900706,6,6273.577353
58.510704,6,6274.18607
58.510704,6,6274.665207
59.099294,6,6275.418372
57.574733,5,6275.933666
58.510704,6,6276.622439
59.099294,6,6277.099675
58.510704,6,6277.816296
59.099294,6,6278.346788
58.510704,6,6278.700353
59.099294,6,6279.168663
59.099294,6,6279.6603
58.510704,6,6279.993633
59.099294,6,6280.342821
58.510704,6,6280.648115
57.967614,5,6281.253692
57.574733,5,6281.742899
59.099294,6,6282.500841
59.099294,6,6283.46381
57.967614,5,6284.028816
58.510704,6,6284.836832
59.099294,6,6285.648738
57.574733,5,6286.215647
59.099294,6,6286.929315
58.510704,6,6287.525637
59.099294,6,6288.423833
59.099294,6,6289.140285
59.099294,6,6289.640719
59.099294,6,6290.643277
59.099294,6,6290.957536
59.099294,6,6291.952912
59.099294,6,6292.632143
59.099294,6,6293.024658
58.510704,6,6293.577436
59.099294,6,6294.130637
59.099294,6,6294.658583
59.099294,6,6295.311758
57.574733,5,6296.17187
59.099294,6,6296.889084
57.967614,5,6298.059078
57.78954,7,6299.083117
59.099294,6,6300.210093
59.099294,6,6301.278348
58.510704,6,6302.096985
58.510704,6,6303.129408
58.510704,6,6303.772455
58.510704,6,6304.459736
59.099294,6,6305.552817
59.099294,6,6306.166621
59.099294,6,6306.805124
59.099294,6,6307.966682
58.510704,6,6308.683954
59.099294,6,6309.429387
57.574733,5,6310.128112
58.510704,6,6311.14247
58.510704,6,6311.918805
59.099294,6,6313.846731
57.574733,5,6314.765127
58.510704,6,6315.776663
57.574733,5,6316.789442
58.510704,6,6317.517484
-5.900706,6,6319.180208
59.099294,6,6319.744593
58.510704,6,6320.460554
59.099294,6,6321.507155
58.510704,6,6321.911246
59.099294,6,6322.270584
58.510704,6,6322.641552
58.510704,6,6322.93093
59.099294,6,6323.401489
58.510704,6,6324.01652
59.099294,6,6324.37053
58.510704,6,6324.62872
59.099294,6,6325.097748
59.099294,6,6325.451282
59.099294,6,6325.89533
59.099294,6,6326.331095
57.574733,5,6326.739018
59.099294,6,6327.203344
59.099294,6,6328.019469
58.510704,6,6328.483528
59.099294,6,6329.165023
58.510704,6,6329.602923
57.967614,5,6330.103716
59.099294,6,6330.534626
58.510704,6,6330.812669
57.574733,5,6331.230359
57.574733,5,6331.535101
59.099294,6,6331.837906
57.574733,5,6332.165476
58.510704,6,6332.599514
57.574733,5,6333.040616
58.510704,6,6333.385111
59.099294,6,6333.968283
57.574733,5,6334.275356
59.099294,6,6334.714915
-6.489296,6,6335.05984
59.099294,6,6335.417446
58.510704,6,6335.737189
58.510704,6,6336.145839
58.510704,6,6336.465348
59.099294,6,6336.779129
59.099294,6,6337.088077
58.510704,6,6337.468294
58.510704,6,6337.796624
59.099294,6,6338.104604
58.510704,6,6338.503982
58.510704,6,6338.789875
59.099294,6,6339.171045
59.099294,6,6339.698371
59.099294,6,6340.142733
57.967614,5,6340.684381
-5.900706,6,6341.080201
57.574733,5,6341.391235
59.099294,6,6341.904482
59.099294,6,6342.370035
59.099294,6,6342.792736
57.574733,5,6343.448078
58.510704,6,6343.834925
59.099294,6,6344.49087
59.099294,6,6345.137705
59.099294,6,6345.660182
59.099294,6,6346.061264
58.510704,6,6346.671276
59.099294,6,6347.071103
58.510704,6,6347.467474
59.099294,6,6347.977827
59.099294,6,6348.368376
59.099294,6,6348.756141
59.099294,6,6349.230998
59.099294,6,6349.519634
59.099294,6,6349.954692
57.574733,5,6350.25782
57.574733,5,6350.564779
58.510704,6,6350.837356
59.099294,6,6351.309828
59.099294,6,6351.765387
59.099294,6,6352.049044
59.099294,6,6352.705254
59.099294,6,6353.061436
59.099294,6,6353.369253
59.099294,6,6353.756861
59.099294,6,6354.086649
58.510704,6,6354.41817
58.510704,6,6354.83501
59.099294,6,6355.127221
57.574733,5,6355.41829
57.967614,5,6355.93712
59.099294,6,6356.243897
57.574733,5,6356.585074
59.099294,6,6356.949475
59.099294,6,6357.351686
59.099294,6,6357.767411
59.099294,6,6358.541267
59.099294,6,6358.84217
59.099294,6,6359.257812
59.099294,6,6359.667168
59.099294,6,6359.966542
59.099294,6,6360.645335
59.099294,6,6361.070442
57.967614,5,6361.862128
57.574733,5,6362.388736
58.510704,6,6362.841437
59.099294,6,6363.407615
59.099294,6,6363.790462
58.510704,6,6364.323174
58.510704,6,6364.790747
57.574733,5,6365.474174
59.099294,6,6366.355167
59.099294,6,6367.265586
57.967614,5,6368.138605
59.099294,6,6368.854844
59.099294,6,6370.21748
59.099294,6,6371.245438
57.574733,5,6371.880971
57.574733,5,6372.652207
58.510704,6,6373.3399
58.510704,6,6373.879071
59.099294,6,6374.756709
58.510704,6,6375.263069
58.510704,6,6375.865278
58.510704,6,6376.589899
58.510704,6,6377.293141
57.574733,5,6377.954172
-5.900706,6,6378.90007
59.099294,6,6379.52931
59.099294,6,6380.291766
59.099294,6,6381.146302
57.967614,5,6382.291261
59.099294,6,6383.281304
57.967614,5,6383.82675
59.099294,6,6384.711884
58.510704,6,6385.352152
59.099294,6,6385.979599
58.510704,6,6386.810405
59.099294,6,6387.947526
58.510704,6,6389.136117
59.099294,6,6390.471429
59.099294,6,6391.280284
57.967614,5,6391.992056
58.510704,6,6392.998806
57.574733,5,6393.793396
59.099294,6,6394.509857
59.099294,6,6395.52193
57.574733,5,6396.43247
59.099294,6,6397.615938
58.510704,6,6398.772676
59.099294,6,6399.970126
57.574733,5,6400.691266
58.510704,6,6401.078509
58.510704,6,6401.836037
59.099294,6,6402.509677
57.574733,5,6403.344791
59.099294,6,6403.691956
59.099294,6,6404.093818
58.510704,6,6404.438047
59.099294,6,6405.326602
57.574733,5,6405.810604
59.099294,6,6406.500527
57.967614,5,6407.06884
59.099294,6,6407.420271
58.510704,6,6407.774233
57.574733,5,6408.329921
59.099294,6,6409.033948
59.099294,6,6409.358872
59.099294,6,6409.996722
59.099294,6,6410.55992
58.510704,6,6411.11195
59.099294,6,6411.659579
59.099294,6,6412.380698
58.510704,6,6412.702122
59.099294,6,6413.208753
58.510704,6,6413.699045
59.099294,6,6414.081189
59.099294,6,6414.78017
59.099294,6,6415.204245
58.510704,6,6415.504564
57.574733,5,6416.15552
59.099294,6,6416.994381
57.574733,5,6417.522975
57.574733,5,6418.171218
58.510704,6,6418.695452
57.574733,5,6419.295422
59.099294,6,6419.789289
59.099294,6,6420.169496
57.574733,5,6420.642569
58.510704,6,6421.030325
59.099294,6,6421.711115
59.099294,6,6422.128203
59.099294,6,6422.600567
59.099294,6,6423.103134
58.510704,6,6423.474379
57.574733,5,6423.820328
58.510704,6,6424.172361
59.099294,6,6424.43986
59.099294,6,6424.921565
59.099294,6,6425.270659
59.099294,6,6425.53655
59.099294,6,6425.851448
58.510704,6,6426.257104
59.099294,6,6426.82136
58.510704,6,6427.435393
57.574733,5,6428.048517
59.099294,6,6428.52283
57.574733,5,6428.934981
57.574733,5,6429.38286
58.510704,6,6429.79409
58.510704,6,6430.112805
59.099294,6,6430.57414
59.099294,6,6430.978687
57.574733,5,6431.406286
59.099294,6,6431.67897
58.510704,6,6432.151144
59.099294,6,6432.554566
57.574733,5,6433.044455
57.967614,5,6433.486929
58.510704,6,6433.918802
57.967614,5,6434.507395
59.099294,6,6435.021723
57.574733,5,6435.436903
59.099294,6,6435.9399
59.099294,6,6436.678276
57.574733,5,6437.187026
57.967614,5,6437.776512
59.099294,6,6438.377543
59.099294,6,6439.152321
59.099294,6,6439.42934
59.099294,6,6439.729156
59.099294,6,6440.143465
59.099294,6,6440.606566
58.510704,6,6441.102325
59.099294,6,6441.570139
59.099294,6,6442.021282
57.574733,5,6442.503659
59.099294,6,6443.135399
57.78954,7,6443.90901
57.574733,5,6444.507301
57.574733,5,6445.164921
57.574733,5,6446.019794
59.099294,6,6446.541256
59.099294,6,6447.413559
57.574733,5,6447.93549
58.510704,6,6448.735427
58.510704,6,6449.234691
59.099294,6,6449.991209
59.099294,6,6450.855956
57.574733,5,6451.410345
59.099294,6,6452.061581
58.510704,6,6452.440559
57.574733,5,6452.901596
59.099294,6,6453.284522
59.099294,6,6453.919408
57.967614,5,6454.577883
59.099294,6,6455.161442
59.099294,6,6455.843252
59.099294,6,6456.400167
59.099294,6,6457.006989
59.099294,6,6457.400939
58.510704,6,6457.858589
57.967614,5,6458.609919
57.967614,5,6459.189945
58.510704,6,6459.646982
59.099294,6,6460.389444
58.510704,6,6461.189658
57.574733,5,6461.754676
57.967614,5,6462.233553
59.099294,6,6463.191384
59.099294,6,6464.162444
57.574733,5,6464.909763
59.099294,6,6465.861594
58.510704,6,6466.316097
59.099294,6,6467.096012
59.099294,6,6467.497632
58.510704,6,6467.938137
58.510704,6,6468.772424
59.099294,6,6469.746833
59.099294,6,6470.396709
59.099294,6,6471.203489
58.510704,6,6471.624933
57.574733,5,6472.425096
57.574733,5,6473.116331
57.574733,5,6473.73919
59.099294,6,6474.791723
59.099294,6,6475.233707
58.510704,6,6475.825168
59.099294,6,6476.255235
57.574733,5,6476.761187
59.099294,6,6477.247352
59.099294,6,6477.738383
57.574733,5,6478.348224
59.099294,6,6479.075458
59.099294,6,6479.540102
58.510704,6,6480.061611
57.967614,5,6480.684835
57.574733,5,6481.118369
57.967614,5,6481.916815
58.510704,6,6482.471452
59.099294,6,6482.913381
58.510704,6,6483.401213
58.510704,6,6483.818324
59.099294,6,6484.276037
59.099294,6,6484.832512
59.099294,6,6485.30918
59.099294,6,6485.753055
58.510704,6,6486.298891
58.510704,6,6486.599122
59.099294,6,6487.145532
57.967614,5,6487.515643
58.510704,6,6487.957467
58.510704,6,6488.382477
59.099294,6,6488.673733
58.510704,6,6488.967284
59.099294,6,6489.47903
59.099294,6,6489.913939
59.099294,6,6490.376689
59.099294,6,6490.915857
58.510704,6,6491.273977
59.099294,6,6491.75595
59.099294,6,6492.053927
59.099294,6,6492.364506
59.099294,6,6492.971481
57.574733,5,6493.421958
59.099294,6,6493.675096
59.099294,6,6494.210897
58.510704,6,6494.549677
59.099294,6,6495.023582
58.510704,6,6495.441788
57.967614,5,6495.827215
59.099294,6,6496.073053
57.967614,5,6496.453889
57.574733,5,6496.704283
59.099294,6,6497.105821
59.099294,6,6497.534504
59.099294,6,6497.780874
59.099294,6,6498.176532
59.099294,6,6498.473636
59.099294,6,6498.971741
57.574733,5,6499.268345
59.099294,6,6499.551707
59.099294,6,6500.047846
59.099294,6,6500.43537
59.099294,6,6500.719192
57.574733,5,6501.081328
58.510704,6,6501.453071
57.967614,5,6501.733818
59.099294,6,6502.197422
59.099294,6,6502.726692
57.574733,5,6503.241609
58.510704,6,6503.52916
58.510704,6,6503.852631
59.099294,6,6505.38898
58.510704,6,6505.99537
59.099294,6,6506.535315
59.099294,6,6507.168852
57.967614,5,6507.610609
58.510704,6,6507.914643
59.099294,6,6508.197098
59.099294,6,6508.608347
59.099294,6,6509.005797
58.510704,6,6509.440573
59.099294,6,6509.806795
59.099294,6,6510.039107
59.099294,6,6510.531022
57.574733,5,6510.997673
59.099294,6,6511.294835
59.099294,6,6511.612557
59.099294,6,6511.963897
58.510704,6,6512.246966
59.099294,6,6512.511789
59.099294,6,6512.971547
59.099294,6,6513.39155
59.099294,6,6513.841863
59.099294,6,6514.311974
59.099294,6,6514.686949
59.099294,6,6515.026394
59.099294,6,6515.297218
57.574733,5,6515.605999
-6.489296,6,6516.206081
59.099294,6,6516.498901
59.099294,6,6516.782984
58.510704,6,6517.275448
57.574733,5,6517.676469
58.510704,6,6518.005495
59.099294,6,6518.317834
59.099294,6,6518.633396
59.099294,6,6518.99248
59.099294,6,6519.435948
58.510704,6,6519.794151
58.510704,6,6520.250868
59.099294,6,6520.787678
58.510704,6,6521.322162
59.099294,6,6521.624331
-5.900706,6,6522.397731
58.510704,6,6522.780237
59.099294,6,6523.198201
57.574733,5,6523.492328
59.099294,6,6523.886239
58.510704,6,6524.352325
59.099294,6,6524.780968
59.099294,6,6525.14929
59.099294,6,6525.453188
59.099294,6,6525.7428
59.099294,6,6526.042273
59.099294,6,6526.332774
59.099294,6,6526.638199
57.967614,5,6526.999739
59.099294,6,6527.384694
59.099294,6,6527.886948
57.967614,5,6528.185632
59.099294,6,6528.483859
59.099294,6,6528.862453
59.099294,6,6529.301896
59.099294,6,6529.612923
57.967614,5,6530.223449
59.099294,6,6530.577978
58.510704,6,6531.007259
59.099294,6,6531.474487
59.099294,6,6531.814549
59.099294,6,6532.037551
57.066154,7,6532.575002
59.099294,6,6532.883648
58.510704,6,6533.188101
58.510704,6,6533.63674
58.510704,6,6534.015215
58.510704,6,6534.286332
59.099294,6,6534.762429
59.099294,6,6535.372796
58.510704,6,6535.648438
57.574733,5,6536.178605
57.574733,5,6536.541294
59.099294,6,6536.91223
59.099294,6,6537.560582
58.510704,6,6538.018933
57.574733,5,6538.366575
57.574733,5,6538.766383
59.099294,6,6539.216289
59.099294,6,6539.49016
59.099294,6,6539.867954
59.099294,6,6540.146878
57.78954,7,6540.48211
57.574733,5,6540.799627
59.099294,6,6541.052129
59.099294,6,6541.404709
57.967614,5,6541.779552
59.099294,6,6542.2976
57.574733,5,6543.10445
-6.489296,6,6543.864576
57.574733,5,6544.432647
57.574733,5,6544.737993
57.574733,5,6545.187017
58.510704,6,6545.476867
59.099294,6,6545.906543
59.099294,6,6546.369513
59.099294,6,6546.716059
59.099294,6,6547.14871
57.574733,5,6547.554349
59.099294,6,6547.906274
58.510704,6,6548.210644
58.510704,6,6548.75331
57.967614,5,6549.189133
59.099294,6,6549.649121
59.099294,6,6550.148445
57.574733,5,6550.436878
59.099294,6,6550.826486
59.099294,6,6551.268713
58.510704,6,6551.60433
58.510704,6,6552.014936
57.967614,5,6552.473807
57.967614,5,6552.748726
58.510704,6,6553.2311
59.099294,6,6553.880176
59.099294,6,6554.22362
59.099294,6,6554.861042
57.574733,5,6555.253294
58.510704,6,6555.968676
59.099294,6,6556.685274
-5.900706,6,6557.589626
59.099294,6,6558.383
57.574733,5,6559.002711
59.099294,6,6559.960142
59.099294,6,6560.678347
57.574733,5,6561.038765
59.099294,6,6561.700051
59.099294,6,6562.410845
59.099294,6,6563.461341
59.099294,6,6564.352801
58.510704,6,6565.262051
57.967614,5,6566.047374
59.099294,6,6566.675447
58.510704,6,6567.248238
59.099294,6,6567.995783
58.510704,6,6568.708073
59.099294,6,6569.705828
59.099294,6,6570.268508
59.099294,6,6570.696653
57.574733,5,6571.199164
59.099294,6,6571.630642
57.967614,5,6572.188042
57.574733,5,6572.547988
57.574733,5,6572.942817
58.510704,6,6573.438477
58.510704,6,6574.178028
57.574733,5,6574.75211
58.510704,6,6575.148337
59.099294,6,6576.0959
59.099294,6,6577.129673
59.099294,6,6577.548369
59.099294,6,6578.393245
59.099294,6,6579.513456
59.099294,6,6580.709965
58.510704,6,6581.559954
59.099294,6,6582.359866
59.099294,6,6583.130809
59.099294,6,6583.72326
59.099294,6,6584.276994
57.574733,5,6585.100589
59.099294,6,6585.714271
59.099294,6,6586.272812
57.574733,5,6586.979823
59.099294,6,6588.126119
57.967614,5,6588.98211
59.099294,6,6589.540609
58.510704,6,6590.267178
59.099294,6,6590.762941
57.574733,5,6591.345186
59.099294,6,6591.886894
59.099294,6,6592.447773
59.099294,6,6592.783808
59.099294,6,6593.367464
58.510704,6,6593.797274
59.099294,6,6594.206065
57.066154,7,6595.311683
58.510704,6,6596.059206
59.099294,6,6596.654329
-5.900706,6,6597.451778
59.099294,6,6597.87456
59.099294,6,6598.260861
57.574733,5,6598.723046
59.099294,6,6599.348007
58.510704,6,6599.643337
59.099294,6,6600.321345
59.099294,6,6601.430171
58.510704,6,6602.133471
58.510704,6,6602.889341
59.099294,6,6603.88489
58.510704,6,6604.676647
59.099294,6,6605.475971
59.099294,6,6605.991264
58.510704,6,6606.474166
59.099294,6,6607.498676
59.099294,6,6608.457413
57.574733,5,6609.054844
59.099294,6,6609.945442
59.099294,6,6610.901321
59.099294,6,6611.699167
58.510704,6,6612.372665
59.099294,6,6613.07489
59.099294,6,6613.913228
59.099294,6,6614.743535
59.099294,6,6615.250316
59.099294,6,6616.128896
59.099294,6,6617.02783
59.099294,6,6617.808041
58.510704,6,6618.455148
59.099294,6,6619.514821
59.099294,6,6620.075555
57.574733,5,6620.974532
59.099294,6,6621.720666
58.510704,6,6622.486573
58.510704,6,6623.745941
57.574733,5,6624.537436
58.510704,6,6625.127312
57.78954,7,6625.507812
59.099294,6,6626.015218
58.510704,6,6626.444966
59.099294,6,6627.030598
57.574733,5,6627.818476
59.099294,6,6628.527372
59.099294,6,6629.800716
59.099294,6,6630.891867
59.099294,6,6632.094997
-5.900706,6,6632.567306
59.099294,6,6632.858516
58.510704,6,6633.13118
57.574733,5,6633.45856
-7.032386,5,6634.007446
58.510704,6,6634.154981
57.574733,5,6634.400702
59.099294,6,6634.631913
59.099294,6,6634.850926
57.967614,5,6635.135174
59.099294,6,6635.351645
59.099294,6,6635.71163
59.099294,6,6635.875908
59.099294,6,6636.092707
59.099294,6,6636.304237
59.099294,6,6636.464066
57.574733,5,6636.619658
58.510704,6,6636.760703
59.099294,6,6637.016963
58.510704,6,6637.165017
59.099294,6,6637.377792
-5.900706,6,6637.73045
57.574733,5,6637.979695
57.574733,5,6638.133955
57.574733,5,6638.398019
59.099294,6,6638.775991
58.510704,6,6638.952351
59.099294,6,6639.122412
59.099294,6,6639.345073
59.099294,6,6639.527781
58.510704,6,6639.735029
59.099294,6,6639.947522
59.099294,6,6640.092921
59.099294,6,6640.308127
57.967614,5,6640.48697
57.967614,5,6640.647517
58.510704,6,6640.872941
58.510704,6,6641.106084
59.099294,6,6641.299194
59.099294,6,6641.433346
59.099294,6,6641.588031
57.574733,5,6641.809664
59.099294,6,6642.164203
57.574733,5,6642.333764
59.099294,6,6642.477626
58.510704,6,6642.651749
59.099294,6,6642.80511
59.099294,6,6643.087981
59.099294,6,6643.311531
58.510704,6,6643.483507
59.099294,6,6643.71103
58.510704,6,6643.863881
59.099294,6,6644.091863
57.574733,5,6644.236999
59.099294,6,6644.444703
59.099294,6,6644.671874
59.099294,6,6644.900901
59.099294,6,6645.18276
58.510704,6,6645.40311
57.967614,5,6645.623896
57.574733,5,6645.816558
59.099294,6,6646.060993
57.967614,5,6646.242461
59.099294,6,6646.525677
59.099294,6,6646.947654
59.099294,6,6647.845645
59.099294,6,6648.352752
58.510704,6,6649.024408
57.574733,5,6649.950733
58.510704,6,6650.339246
59.099294,6,6650.797829
57.574733,5,6651.468325
57.967614,5,6652.791564
58.510704,6,6653.233598
57.78954,7,6654.266673
58.510704,6,6655.073153
57.78954,7,6655.745735
58.510704,6,6656.536517
59.099294,6,6657.409001
58.510704,6,6658.293436
57.574733,5,6659.11666
59.099294,6,6659.469225
59.099294,6,6659.862441
57.967614,5,6660.282653
58.510704,6,6660.436678
57.574733,5,6660.688192
59.099294,6,6660.966648
57.066154,7,6661.211791
59.099294,6,6661.381896
59.099294,6,6661.655431
59.099294,6,6661.884101
58.510704,6,6662.192878
58.510704,6,6662.411777
57.574733,5,6662.722637
58.510704,6,6662.884095
59.099294,6,6663.109483
58.510704,6,6663.260113
58.510704,6,6663.410667
58.510704,6,6663.602293
59.099294,6,6663.786814
59.099294,6,6664.045687
59.099294,6,6664.250425
59.099294,6,6664.420124
59.099294,6,6664.662725
57.78954,7,6664.847963
59.099294,6,6665.059321
57.574733,5,6665.235172
57.967614,5,6665.451055
59.099294,6,6665.731676
59.099294,6,6665.978448
59.099294,6,6666.242366
58.510704,6,6666.424289
59.099294,6,6666.650508
58.510704,6,6666.797331
58.510704,6,6666.936822
59.099294,6,6667.188584
58.510704,6,6667.370045
59.099294,6,6667.572031
58.510704,6,6667.767455
57.574733,5,6668.064193
57.574733,5,6668.328179
57.574733,5,6669.479306
57.574733,5,6669.708097
59.099294,6,6669.858576
59.099294,6,6670.024198
58.510704,6,6670.190606
59.099294,6,6670.355577
59.099294,6,6670.524976
59.099294,6,6670.684002
58.510704,6,6670.84826
59.099294,6,6671.322211
59.099294,6,6672.779382
59.099294,6,6673.531783
59.099294,6,6674.249539
58.510704,6,6674.59877
59.099294,6,6675.133533
59.099294,6,6675.579258
58.510704,6,6676.038233
59.099294,6,6676.328148
59.099294,6,6676.801602
57.574733,5,6677.179373
57.574733,5,6677.955871
58.510704,6,6678.635293
57.574733,5,6679.203472
58.510704,6,6679.756732
57.574733,5,6680.337669
58.510704,6,6680.71719
57.574733,5,6681.126582
59.099294,6,6681.671322
58.510704,6,6682.185069
59.099294,6,6682.647591
58.510704,6,6682.964111
59.099294,6,6683.198485
59.099294,6,6683.480696
59.099294,6,6683.73335
58.510704,6,6684.130582
59.099294,6,6684.560756
57.574733,5,6685.102153
58.510704,6,6685.371085
58.510704,6,6685.760187
59.099294,6,6686.165336
59.099294,6,6686.444599
57.574733,5,6686.9149
59.099294,6,6687.41991
59.099294,6,6687.746626
-6.489296,6,6688.608666
59.099294,6,6689.79316
59.099294,6,6690.724581
59.099294,6,6691.325806
58.510704,6,6691.590075
59.099294,6,6691.820811
59.099294,6,6692.3236
59.099294,6,6692.730004
59.099294,6,6693.007338
59.099294,6,6693.536787
-7.21046,7,6693.908816
57.574733,5,6694.27801
59.099294,6,6694.611519
57.574733,5,6695.011519
58.510704,6,6695.364703
59.099294,6,6695.788529
59.099294,6,6696.0413
59.099294,6,6696.432429
59.099294,6,6697.10359
59.099294,6,6697.602157
58.510704,6,6698.026137
59.099294,6,6698.416241
59.099294,6,6698.846264
57.967614,5,6699.134051
59.099294,6,6699.412652
59.099294,6,6699.955685
59.099294,6,6700.524854
59.099294,6,6701.064408
57.574733,5,6701.563608
59.099294,6,6701.860299
59.099294,6,6702.508786
58.510704,6,6703.086567
59.099294,6,6703.737908
57.574733,5,6704.180299
59.099294,6,6704.561328
59.099294,6,6705.621077
59.099294,6,6706.248686
59.099294,6,6706.559975
59.099294,6,6707.351809
59.099294,6,6707.745452
59.099294,6,6708.040475
59.099294,6,6708.612226
58.510704,6,6708.91772
58.510704,6,6709.423372
57.574733,5,6709.965948
59.099294,6,6710.193595
58.510704,6,6710.473267
59.099294,6,6710.722217
59.099294,6,6710.911475
57.574733,5,6711.253825
59.099294,6,6711.496269
57.574733,5,6711.680836
59.099294,6,6711.839484
59.099294,6,6712.011532
59.099294,6,6712.172926
58.510704,6,6712.355248
59.099294,6,6712.515626
59.099294,6,6712.780823
58.510704,6,6712.940133
58.510704,6,6713.290541
59.099294,6,6713.639347
59.099294,6,6713.935928
59.099294,6,6714.095782
59.099294,6,6714.284938
59.099294,6,6714.451005
58.510704,6,6714.690272
59.099294,6,6714.979176
59.099294,6,6715.214439
57.574733,5,6715.459958
58.510704,6,6715.613363
59.099294,6,6715.783213
59.099294,6,6716.063472
59.099294,6,6716.236611
59.099294,6,6716.411893
59.099294,6,6716.643951
59.099294,6,6716.875108
59.099294,6,6717.041384
58.510704,6,6717.202388
59.099294,6,6717.427516
58.510704,6,6717.671208
58.510704,6,6717.879303
58.510704,6,6718.040139
57.574733,5,6718.266016
59.099294,6,6718.419282
59.099294,6,6718.651623
58.510704,6,6718.840265
57.78954,7,6719.060808
59.099294,6,6719.226737
58.510704,6,6719.406737
59.099294,6,6719.5831
58.510704,6,6719.757938
59.099294,6,6719.899715
59.099294,6,6720.107434
58.510704,6,6720.290374
59.099294,6,6720.529891
59.099294,6,6720.722156
58.510704,6,6720.907482
59.099294,6,6721.096968
59.099294,6,6721.27548
58.510704,6,6721.507591
59.099294,6,6721.74137
58.510704,6,6721.892195
59.099294,6,6723.046885
58.510704,6,6723.941167
57.78954,7,6725.144145
57.574733,5,6725.855072
59.099294,6,6726.530956
58.510704,6,6727.147475
59.099294,6,6727.912979
59.099294,6,6728.680714
58.510704,6,6729.377198
57.574733,5,6730.15917
59.099294,6,6730.760217
59.099294,6,6732.030215
57.574733,5,6732.636938
59.099294,6,6733.528314
57.967614,5,6734.106596
59.099294,6,6735.352593
57.574733,5,6735.817911
59.099294,6,6736.957553
59.099294,6,6737.759695
59.099294,6,6738.762196
59.099294,6,6739.660375
59.099294,6,6740.9176
59.099294,6,6742.257702
58.510704,6,6743.119443
57.967614,5,6743.960387
59.099294,6,6745.28704
59.099294,6,6746.61493
58.510704,6,6747.434542
58.510704,6,6748.783688
57.967614,5,6749.631469
59.099294,6,6750.974806
57.574733,5,6751.851343
58.510704,6,6752.938307
59.099294,6,6753.84763
58.510704,6,6754.772177
59.099294,6,6755.53982
59.099294,6,6756.898872
58.510704,6,6758.30079
59.099294,6,6759.115577
57.574733,5,6759.970353
58.510704,6,6760.712002
59.099294,6,6761.608305
59.099294,6,6762.290513
59.099294,6,6763.311715
57.574733,5,6764.089743
59.099294,6,6764.551314
59.099294,6,6765.532982
59.099294,6,6766.430909
59.099294,6,6767.63195
59.099294,6,6768.518
58.510704,6,6769.238703
57.574733,5,6769.879142
58.510704,6,6770.324528
59.099294,6,6770.918506
57.574733,5,6771.527086
58.510704,6,6772.093978
59.099294,6,6772.752098
57.574733,5,6773.468462
59.099294,6,6774.705752
58.510704,6,6775.303943
57.574733,5,6776.201277
59.099294,6,6777.262835
59.099294,6,6778.329206
59.099294,6,6779.335984
59.099294,6,6780.305993
59.099294,6,6781.672004
57.967614,5,6783.198275
59.099294,6,6784.497821
59.099294,6,6785.808344
59.099294,6,6786.637233
59.099294,6,6787.925555
58.510704,6,6788.65068
59.099294,6,6789.204552
57.967614,5,6790.258818
59.099294,6,6791.088805
58.510704,6,6791.938882
57.574733,5,6793.060254
57.574733,5,6793.982758
59.099294,6,6794.941229
58.510704,6,6795.737298
59.099294,6,6796.393835
58.510704,6,6797.280922
57.574733,5,6798.203206
58.510704,6,6798.981466
57.78954,7,6800.268792
58.510704,6,6801.191212
59.099294,6,6801.995795
59.099294,6,6802.882799
59.099294,6,6803.74149
59.099294,6,6804.54081
57.574733,5,6805.505936
58.510704,6,6806.78117
59.099294,6,6808.053608
58.510704,6,6808.87898
57.574733,5,6809.949772
59.099294,6,6811.168563
58.510704,6,6812.417791
58.510704,6,6813.259927
57.574733,5,6814.186874
59.099294,6,6815.499678
59.099294,6,6816.28419
57.574733,5,6817.402857
-7.425267,5,6818.718266
58.510704,6,6819.66061
57.574733,5,6820.852973
59.099294,6,6822.305988
59.099294,6,6823.841555
59.099294,6,6824.733929
59.099294,6,6825.730996
57.574733,5,6826.388539
59.099294,6,6826.569271
57.574733,5,6826.858364
59.099294,6,6827.100908
58.510704,6,6827.377063
58.510704,6,6827.549497
58.510704,6,6827.726615
58.510704,6,6827.887134
59.099294,6,6828.108761
59.099294,6,6828.338355
58.510704,6,6828.58627
59.099294,6,6828.796164
59.099294,6,6829.029118
57.574733,5,6829.187813
59.099294,6,6829.319375
59.099294,6,6829.554387
59.099294,6,6829.755531
59.099294,6,6829.933158
59.099294,6,6830.099829
59.099294,6,6830.295945
59.099294,6,6830.526622
58.510704,6,6830.668971
57.574733,5,6830.862425
58.510704,6,6831.101319
59.099294,6,6831.259575
59.099294,6,6831.537121
59.099294,6,6831.68639
57.574733,5,6831.840857
58.510704,6,6832.048597
59.099294,6,6832.194916
59.099294,6,6832.426936
58.510704,6,6832.589492
59.099294,6,6832.72912
59.099294,6,6832.879278
59.099294,6,6833.0981
58.510704,6,6833.281374
59.099294,6,6833.488551
59.099294,6,6833.744108
59.099294,6,6833.959971
59.099294,6,6834.214821
59.099294,6,6834.428385
57.574733,5,6834.686397
57.574733,5,6834.846972
59.099294,6,6835.102796
59.099294,6,6835.377999
58.510704,6,6835.535728
59.099294,6,6835.784341
59.099294,6,6835.927561
59.099294,6,6836.098447
58.510704,6,6836.267877
57.574733,5,6836.520227
58.510704,6,6836.668925
59.099294,6,6836.829152
58.510704,6,6837.112059
58.510704,6,6837.341349
59.099294,6,6837.678916
59.099294,6,6837.827759
58.510704,6,6837.993193
57.574733,5,6838.170119
57.574733,5,6838.346092
59.099294,6,6838.580268
58.510704,6,6838.754563
58.510704,6,6838.985532
59.099294,6,6839.1513
57.574733,5,6839.391612
59.099294,6,6839.57966
58.510704,6,6839.795463
58.510704,6,6839.96125
57.574733,5,6840.247535
59.099294,6,6840.610117
58.510704,6,6840.767609
59.099294,6,6841.00198
59.099294,6,6841.169869
59.099294,6,6841.447019
57.574733,5,6841.604744
59.099294,6,6841.813051
59.099294,6,6842.077378
57.574733,5,6842.337376
59.099294,6,6842.550142
57.574733,5,6842.737129
58.510704,6,6843.589325
59.099294,6,6844.33175
59.099294,6,6845.416439
59.099294,6,6846.516622
59.099294,6,6847.077723
59.099294,6,6847.698819
59.099294,6,6848.230098
59.099294,6,6849.176175
58.510704,6,6849.645635
58.510704,6,6850.387752
59.099294,6,6851.177761
57.574733,5,6851.932454
59.099294,6,6852.71962
59.099294,6,6853.639135
57.574733,5,6854.651319
59.099294,6,6856.825277
59.099294,6,6857.316644
59.099294,6,6858.006802
59.099294,6,6858.54471
59.099294,6,6859.547028
57.574733,5,6860.069562
59.099294,6,6860.826726
57.967614,5,6861.47577
59.099294,6,6862.132383
57.574733,5,6862.809509
59.099294,6,6863.171556
-7.21046,7,6863.977533
57.967614,5,6864.917716
57.967614,5,6865.280451
57.967614,5,6866.067112
59.099294,6,6866.60935
59.099294,6,6867.547409
58.510704,6,6868.429465
57.574733,5,6869.15461
59.099294,6,6870.256973
59.099294,6,6871.087987
58.510704,6,6871.855316
58.510704,6,6872.655085
57.967614,5,6874.15503
57.967614,5,6875.614711
59.099294,6,6877.295525
57.574733,5,6878.229271
58.510704,6,6879.221931
59.099294,6,6879.955215
57.574733,5,6880.855479
59.099294,6,6881.633022
59.099294,6,6882.868479
-5.900706,6,6884.147369
58.510704,6,6885.096083
58.510704,6,6885.959761
57.574733,5,6886.912664
57.574733,5,6887.650909
57.967614,5,6888.646484
59.099294,6,6889.179879
59.099294,6,6890.307281
59.099294,6,6891.578452
57.967614,5,6893.021049
57.574733,5,6893.922148
59.099294,6,6894.768188
59.099294,6,6896.111309
59.099294,6,6897.513244
58.510704,6,6898.425069
58.510704,6,6899.428302
57.967614,5,6900.398465
59.099294,6,6901.617172
-5.900706,6,6903.316496
57.967614,5,6904.709042
59.099294,6,6905.972471
-7.032386,5,6907.712384
59.099294,6,6909.067483
59.099294,6,6910.445402
59.099294,6,6911.64235
58.510704,6,6912.374644
59.099294,6,6913.551638
59.099294,6,6914.451204
58.510704,6,6915.218017
59.099294,6,6915.989503
57.574733,5,6917.055464
59.099294,6,6917.878199
59.099294,6,6918.746994
59.099294,6,6919.633859
58.510704,6,6920.204882
57.967614,5,6921.139368
59.099294,6,6922.192526
59.099294,6,6922.518282
57.574733,5,6923.550382
59.099294,6,6924.65678
57.967614,5,6925.533107
57.574733,5,6926.448205
-7.032386,5,6928.28495
59.099294,6,6929.367226
58.510704,6,6929.680848
59.099294,6,6929.873951
57.967614,5,6930.073477
59.099294,6,6930.252685
59.099294,6,6930.691261
59.099294,6,6930.917412
57.967614,5,6931.262974
57.574733,5,6931.463861
59.099294,6,6931.727245
59.099294,6,6931.884752
57.574733,5,6932.13367
57.967614,5,6932.433885
58.510704,6,6932.601685
59.099294,6,6932.770732
59.099294,6,6933.001745
59.099294,6,6933.250184
59.099294,6,6933.405208
57.967614,5,6933.65863
59.099294,6,6933.845848
57.574733,5,6934.003966
57.574733,5,6934.151253
57.574733,5,6934.328105
57.967614,5,6934.649836
59.099294,6,6934.816201
57.574733,5,6935.120162
59.099294,6,6935.292779
57.574733,5,6935.538816
59.099294,6,6935.681573
59.099294,6,6935.869915
54.216439,4,6936.164224
59.099294,6,6936.391672
59.099294,6,6936.655221
57.967614,5,6936.944733
59.099294,6,6937.099007
59.099294,6,6937.522711
58.510704,6,6937.755282
57.574733,5,6938.054823
59.099294,6,6938.216518
59.099294,6,6938.452739
59.099294,6,6938.596501
59.099294,6,6938.772924
58.510704,6,6938.981326
57.967614,5,6939.225884
58.510704,6,6939.407835
59.099294,6,6939.651597
59.099294,6,6939.827735
59.099294,6,6940.124402
59.099294,6,6940.407261
59.099294,6,6940.58352
58.510704,6,6940.82814
-5.900706,6,6941.262969
58.510704,6,6941.514994
58.510704,6,6941.667648
59.099294,6,6941.839246
59.099294,6,6942.000167
57.967614,5,6942.3027
59.099294,6,6942.487753
57.967614,5,6942.755114
-5.900706,6,6943.377038
54.216439,4,6943.689211
59.099294,6,6943.932134
59.099294,6,6944.315813
59.099294,6,6944.47858
59.099294,6,6944.70185
58.510704,6,6944.877844
-6.489296,6,6945.480446
59.099294,6,6945.631685
57.574733,5,6945.887534
59.099294,6,6946.151031
57.967614,5,6946.442785
57.967614,5,6946.67158
57.967614,5,6946.945596
59.099294,6,6947.250854
57.574733,5,6947.504004
57.967614,5,6947.733004
59.099294,6,6947.955624
59.099294,6,6948.101139
59.099294,6,6948.349188
59.099294,6,6948.524297
58.510704,6,6948.708863
59.099294,6,6948.933077
59.099294,6,6949.119677
59.099294,6,6949.362943
59.099294,6,6949.753436
57.967614,5,6950.077847
58.510704,6,6950.262134
57.574733,5,6950.423193
57.967614,5,6950.707108
59.099294,6,6950.973287
59.099294,6,6951.150263
59.099294,6,6951.379179
58.510704,6,6951.556586
58.510704,6,6951.71757
59.099294,6,6952.070796
59.099294,6,6952.571603
57.574733,5,6952.837286
57.574733,5,6953.12526
59.099294,6,6953.394789
59.099294,6,6953.646561
59.099294,6,6953.840618
59.099294,6,6954.001565
58.510704,6,6954.319471
58.510704,6,6954.611697
59.099294,6,6954.843195
58.510704,6,6955.114782
58.510704,6,6955.305243
57.574733,5,6955.5448
57.967614,5,6955.776305
57.967614,5,6956.137261
-6.489296,6,6956.506264
57.574733,5,6956.705741
59.099294,6,6956.970345
59.099294,6,6957.305025
57.574733,5,6957.511912
59.099294,6,6957.744015
59.099294,6,6957.910572
58.510704,6,6958.079511
59.099294,6,6958.320718
59.099294,6,6958.561701
59.099294,6,6958.750052
59.099294,6,6958.938865
57.967614,5,6959.203691
57.967614,5,6959.516537
54.008717,4,6959.862484
59.099294,6,6960.098249
59.099294,6,6960.257135
59.099294,6,6960.489352
59.099294,6,6960.635765
57.574733,5,6960.813812
58.510704,6,6961.040683
59.099294,6,6961.214514
58.510704,6,6961.448341
58.510704,6,6961.591372
57.574733,5,6961.76579
57.574733,5,6962.044437
57.574733,5,6962.219892
58.510704,6,6962.388334
59.099294,6,6962.61175
58.510704,6,6962.871202
57.967614,5,6963.026306
57.967614,5,6963.30095
-5.900706,6,6963.665766
59.099294,6,6963.809813
-7.425267,5,6964.131771
59.099294,6,6964.325174
57.967614,5,6964.538388
57.574733,5,6964.78726
59.099294,6,6964.917601
59.099294,6,6965.141297
59.099294,6,6965.407879
59.099294,6,6965.561244
57.967614,5,6965.904682
59.099294,6,6966.084466
57.967614,5,6966.268049
59.099294,6,6966.413947
58.510704,6,6966.593415
59.099294,6,6966.828789
59.099294,6,6967.060704
59.099294,6,6967.246512
59.099294,6,6967.515709
58.510704,6,6967.759956
57.066154,7,6967.925843
57.574733,5,6968.144103
59.099294,6,6968.37723
59.099294,6,6968.528092
57.574733,5,6968.781717
59.099294,6,6968.934721
59.099294,6,6969.092444
57.967614,5,6969.304471
57.574733,5,6969.483131
57.967614,5,6969.765796
59.099294,6,6969.911498
59.099294,6,6970.114641
57.967614,5,6970.305533
59.099294,6,6970.576768
58.510704,6,6970.793498
57.574733,5,6970.961933
58.510704,6,6971.190454
58.510704,6,6971.350675
58.510704,6,6971.519922
59.099294,6,6971.780241
59.099294,6,6972.148929
57.967614,5,6972.390669
-5.900706,6,6972.59177
57.574733,5,6972.800658
59.099294,6,6972.962029
59.099294,6,6973.227642
58.510704,6,6973.413706
58.510704,6,6973.577105
59.099294,6,6973.721765
59.099294,6,6973.878706
59.099294,6,6974.050286
59.099294,6,6974.244835
59.099294,6,6974.489771
57.574733,5,6974.659666
58.510704,6,6974.830473
57.574733,5,6975.091032
59.099294,6,6975.313941
58.510704,6,6975.486662
57.967614,5,6975.733736
59.099294,6,6975.880323
57.574733,5,6976.122119
59.099294,6,6976.28088
59.099294,6,6976.543253
57.574733,5,6976.69838
59.099294,6,6977.061194
59.099294,6,6977.281966
59.099294,6,6977.42533
57.967614,5,6977.564775
59.099294,6,6977.709212
59.099294,6,6977.842006
59.099294,6,6978.200878
57.574733,5,6978.500905
59.099294,6,6978.657464
57.574733,5,6978.839169
57.574733,5,6979.014706
58.510704,6,6979.165714
59.099294,6,6979.431862
59.099294,6,6979.583359
58.510704,6,6979.738755
58.510704,6,6979.911297
57.967614,5,6980.17081
57.922114,6,6980.395905
58.510704,6,6980.640741
59.099294,6,6980.802127
59.099294,6,6980.971407
59.099294,6,6981.230992
57.967614,5,6981.506733
59.099294,6,6981.748106
59.099294,6,6981.921458
59.099294,6,6982.140491
59.099294,6,6982.288616
57.574733,5,6982.543334
59.099294,6,6982.705542
58.510704,6,6982.849525
57.967614,5,6983.067891
59.099294,6,6983.290549
57.967614,5,6983.51457
57.574733,5,6983.800414
58.510704,6,6983.965425
59.099294,6,6984.190447
59.099294,6,6984.412081
58.510704,6,6984.692495
58.510704,6,6984.926302
59.099294,6,6985.096066
57.574733,5,6985.293475
59.099294,6,6985.638663
59.099294,6,6985.771938
57.967614,5,6986.030045
58.510704,6,6986.205286
59.099294,6,6986.357835
57.967614,5,6986.626185
57.574733,5,6986.902266
57.574733,5,6987.135792
58.510704,6,6987.320638
-7.425267,5,6987.550032
59.099294,6,6987.792025
58.510704,6,6987.96594
57.574733,5,6988.130184
57.967614,5,6988.361957
58.510704,6,6988.612617
59.099294,6,6988.786396
58.510704,6,6989.010056
58.510704,6,6989.157678
59.099294,6,6989.332132
59.099294,6,6989.491524
58.510704,6,6989.773921
57.967614,5,6990.029255
59.099294,6,6990.211955
58.510704,6,6990.381982
59.099294,6,6990.641418
59.099294,6,6990.814831
59.099294,6,6990.9826
59.099294,6,6991.249214
59.099294,6,6991.475231
58.510704,6,6991.694819
59.099294,6,6991.867986
59.099294,6,6992.036934
59.099294,6,6992.249886
57.967614,5,6992.482207
57.574733,5,6992.720246
58.510704,6,6992.868974
59.099294,6,6993.02921
59.099294,6,6993.244905
58.510704,6,6994.292343
57.967614,5,6994.617781
59.099294,6,6994.775282
58.510704,6,6994.953762
58.510704,6,6995.096025
59.099294,6,6995.242723
57.574733,5,6995.417624
57.574733,5,6995.661051
57.574733,5,6995.892095
59.099294,6,6996.116588
57.967614,5,6996.352273
57.574733,5,6996.527505
58.510704,6,6996.709341
58.510704,6,6996.865722
57.574733,5,6997.150615
59.099294,6,6997.304508
59.099294,6,6997.435965
57.574733,5,6997.67462
57.967614,5,6997.8474
59.099294,6,6998.015844
59.099294,6,6998.166646
57.574733,5,6998.412023
57.574733,5,6998.703754
-7.425267,5,6999.134469
59.099294,6,6999.37674
59.099294,6,6999.639627
58.510704,6,6999.887701
59.099294,6,7000.05956
59.099294,6,7000.294451
57.574733,5,7000.565004
59.099294,6,7000.743086
57.574733,5,7000.91121
59.099294,6,7001.180758
57.574733,5,7001.400085
59.099294,6,7001.619929
57.574733,5,7001.874265
58.510704,6,7002.038083
58.510704,6,7002.262376
58.510704,6,7002.530458
59.099294,6,7002.768904
57.967614,5,7003.036092
59.099294,6,7003.279982
58.510704,6,7003.463784
59.099294,6,7003.622508
59.099294,6,7003.782873
57.574733,5,7003.948502
-7.032386,5,7004.397941
57.967614,5,7004.64209
57.967614,5,7005.008577
59.099294,6,7005.200298
58.510704,6,7005.365771
57.967614,5,7005.632592
58.510704,6,7005.842344
59.099294,6,7006.064078
58.510704,6,7006.243922
59.099294,6,7006.494528
58.510704,6,7006.674227
59.099294,6,7006.840579
58.510704,6,7007.078707
59.099294,6,7007.313282
58.510704,6,7007.490215
59.099294,6,7007.722653
59.099294,6,7007.958441
58.510704,6,7008.144141
59.099294,6,7008.277033
59.099294,6,7008.469019
59.099294,6,7008.703315
59.099294,6,7008.857148
59.099294,6,7009.011417
59.099294,6,7009.165612
58.510704,6,7009.319237
59.099294,6,7009.571931
57.967614,5,7009.869153
59.099294,6,7010.090253
59.099294,6,7010.321654
59.099294,6,7010.481226
58.510704,6,7010.767084
59.099294,6,7010.932849
59.099294,6,7011.150093
59.099294,6,7011.363081
57.574733,5,7011.553183
59.099294,6,7011.759358
57.574733,5,7011.91689
59.099294,6,7012.063851
59.099294,6,7012.382744
58.510704,6,7012.67626
59.099294,6,7012.849241
59.099294,6,7013.106177
57.574733,5,7013.345216
59.099294,6,7013.576503
57.574733,5,7013.876313
59.099294,6,7014.053272
57.967614,5,7014.330744
59.099294,6,7014.5907
57.574733,5,7014.841702
59.099294,6,7015.08233
59.099294,6,7015.241925
59.099294,6,7015.46336
59.099294,6,7015.617354
57.967614,5,7015.886425
57.967614,5,7016.039918
57.574733,5,7016.202633
59.099294,6,7016.422589
59.099294,6,7016.641755
58.510704,6,7016.800327
59.099294,6,7017.162394
57.574733,5,7017.400475
59.099294,6,7017.589482
59.099294,6,7017.776047
59.099294,6,7018.042967
58.510704,6,7018.193945
59.099294,6,7018.44522
58.510704,6,7018.652048
58.510704,6,7018.888599
58.510704,6,7019.069524
59.099294,6,7019.289809
59.099294,6,7019.547388
59.099294,6,7019.788156
59.099294,6,7020.01173
59.099294,6,7020.197088
-6.489296,6,7020.559566
59.099294,6,7020.708312
57.574733,5,7020.996567
58.510704,6,7021.17336
59.099294,6,7021.398497
59.099294,6,7021.622827
59.099294,6,7021.852756
57.967614,5,7022.116432
59.099294,6,7022.36763
59.099294,6,7022.579903
58.510704,6,7022.759795
57.574733,5,7023.042502
59.099294,6,7023.255148
57.967614,5,7023.611456
59.099294,6,7023.750444
58.510704,6,7023.915297
59.099294,6,7024.265232
57.574733,5,7024.424385
59.099294,6,7024.642064
59.099294,6,7024.872176
59.099294,6,7025.097365
59.099294,6,7025.242674
59.099294,6,7025.585108
57.967614,5,7025.744511
58.510704,6,7025.959489
59.099294,6,7026.315382
58.510704,6,7026.589114
59.099294,6,7026.734348
58.510704,6,7026.908185
58.510704,6,7027.074165
58.510704,6,7027.222687
59.099294,6,7027.441847
58.510704,6,7027.580661
58.510704,6,7027.754121
59.099294,6,7027.904138
58.510704,6,7028.055376
59.099294,6,7028.188181
57.78954,7,7028.444499
59.099294,6,7028.800908
59.099294,6,7029.026358
58.510704,6,7029.245322
59.099294,6,7029.436307
59.099294,6,7029.645009
58.510704,6,7029.804347
59.099294,6,7029.980718
59.099294,6,7030.150708
58.510704,6,7030.328717
58.510704,6,7030.555815
59.099294,6,7030.775097
59.099294,6,7030.988779
59.099294,6,7031.137171
57.574733,5,7031.373369
57.574733,5,7031.533157
59.099294,6,7031.665545
59.099294,6,7031.810848
59.099294,6,7032.061377
58.510704,6,7032.228437
59.099294,6,7032.406589
59.099294,6,7032.672589
-6.489296,6,7033.030331
59.099294,6,7033.242722
57.967614,5,7033.469253
59.099294,6,7033.595532
59.099294,6,7033.804488
57.574733,5,7034.009719
59.099294,6,7034.265688
59.099294,6,7034.443479
59.099294,6,7034.645828
58.510704,6,7034.934404
57.574733,5,7035.107842
59.099294,6,7035.316652
59.099294,6,7035.485081
57.574733,5,7035.641366
-5.900706,6,7036.016378
57.574733,5,7036.302986
59.099294,6,7036.535499
59.099294,6,7036.706457
59.099294,6,7036.942895
-6.489296,6,7037.282108
57.574733,5,7037.44328
59.099294,6,7037.622449
59.099294,6,7037.771423
-5.900706,6,7038.148494
59.099294,6,7038.507681
59.099294,6,7038.679454
58.510704,6,7038.819679
59.099294,6,7039.07283
57.967614,5,7039.366691
57.967614,5,7039.638407
59.099294,6,7039.821343
59.099294,6,7039.956864
57.967614,5,7040.182587
59.099294,6,7040.411897
58.510704,6,7040.583259
59.099294,6,7040.730747
57.967614,5,7041.106833
58.510704,6,7041.242422
59.099294,6,7041.455452
59.099294,6,7041.692803
58.510704,6,7041.8627
59.099294,6,7042.035564
59.099294,6,7042.265574
59.099294,6,7042.410123
59.099294,6,7042.583045
59.099294,6,7042.768383
57.574733,5,7042.922707
57.967614,5,7043.114654
59.099294,6,7043.279202
59.099294,6,7043.500313
59.099294,6,7043.726999
57.574733,5,7043.890957
59.099294,6,7044.106137
58.510704,6,7044.258185
59.099294,6,7044.406412
59.099294,6,7044.772622
58.510704,6,7044.939901
57.967614,5,7045.19254
59.099294,6,7045.440826
59.099294,6,7045.649816
57.967614,5,7045.913049
59.099294,6,7046.088472
59.099294,6,7046.230917
59.099294,6,7046.425283
58.510704,6,7046.600887
59.099294,6,7046.819358
59.099294,6,7047.177382
59.099294,6,7047.325312
57.967614,5,7047.616816
58.510704,6,7047.771514
59.099294,6,7047.942823
57.574733,5,7048.11947
57.967614,5,7048.349674
58.510704,6,7048.589179
59.099294,6,7048.825972
59.099294,6,7049.009762
59.099294,6,7049.171255
58.510704,6,7049.332982
57.574733,5,7049.505249
59.099294,6,7049.654742
57.967614,5,7049.987167
59.099294,6,7050.203424
57.967614,5,7050.480187
59.099294,6,7050.71119
58.510704,6,7050.941531
57.574733,5,7051.093451
59.099294,6,7051.243109
59.099294,6,7051.370609
58.510704,6,7051.58309
57.574733,5,7051.791024
57.574733,5,7052.009195
59.099294,6,7052.357313
59.099294,6,7052.5745
59.099294,6,7052.837785
59.099294,6,7053.006371
59.099294,6,7053.232031
57.574733,5,7053.395793
58.510704,6,7053.56023
57.574733,5,7053.833057
59.099294,6,7054.056716
59.099294,6,7054.285046
59.099294,6,7054.458583
58.510704,6,7054.666981
58.510704,6,7054.828836
59.099294,6,7054.967335
59.099294,6,7055.183569
57.574733,5,7055.405697
59.099294,6,7055.536026
59.099294,6,7055.728138
59.099294,6,7055.961408
59.099294,6,7056.198463
59.099294,6,7056.369711
59.099294,6,7056.501578
57.574733,5,7056.712853
57.574733,5,7056.868105
59.099294,6,7057.012932
59.099294,6,7057.219167
59.099294,6,7057.421988
59.099294,6,7057.574951
57.967614,5,7057.921567
57.574733,5,7058.105347
58.510704,6,7058.274882
57.574733,5,7058.453186
59.099294,6,7058.676219
59.099294,6,7058.827632
59.099294,6,7059.07765
57.574733,5,7059.237773
59.099294,6,7059.471057
58.510704,6,7059.642969
57.967614,5,7059.923335
59.099294,6,7060.093811
57.574733,5,7060.317804
59.099294,6,7060.555154
59.099294,6,7060.765507
57.967614,5,7061.035203
59.099294,6,7061.251577
58.510704,6,7061.428362
-6.489296,6,7061.7709
59.099294,6,7061.931303
59.099294,6,7062.153982
58.510704,6,7062.39637
58.510704,6,7062.636754
59.099294,6,7062.782422
58.510704,6,7062.943355
59.099294,6,7063.155132
59.099294,6,7063.430729
58.510704,6,7063.670051
58.510704,6,7063.812891
59.099294,6,7064.035904
59.099294,6,7064.27035
59.099294,6,7064.622097
59.099294,6,7064.883594
59.099294,6,7065.107975
59.099294,6,7065.327862
57.574733,5,7065.612778
-7.032386,5,7066.127059
59.099294,6,7066.492566
59.099294,6,7066.732331
59.099294,6,7066.909554
59.099294,6,7067.129017
59.099294,6,7067.300768
59.099294,6,7067.522185
59.099294,6,7067.669747
57.967614,5,7067.898727
57.967614,5,7068.122599
59.099294,6,7068.299419
59.099294,6,7068.653006
57.967614,5,7068.923757
59.099294,6,7069.0835
57.574733,5,7069.287782
57.967614,5,7069.524889
59.099294,6,7069.750196
59.099294,6,7069.893729
58.510704,6,7070.063436
58.510704,6,7070.243058
59.099294,6,7070.474139
59.099294,6,7071.42076
59.099294,6,7071.681425
57.574733,5,7071.942605
-6.489296,6,7072.299021
59.099294,6,7072.519086
59.099294,6,7072.711136
57.574733,5,7072.943237
58.510704,6,7073.126214
57.574733,5,7073.304984
59.099294,6,7073.537363
59.099294,6,7073.711062
57.574733,5,7073.991867
59.099294,6,7074.212509
59.099294,6,7074.402461
57.967614,5,7074.695143
57.574733,5,7074.940834
59.099294,6,7075.160608
57.967614,5,7075.529391
59.099294,6,7075.757062
59.099294,6,7076.036706
59.099294,6,7076.179385
59.099294,6,7076.395753
59.099294,6,7076.539961
59.099294,6,7076.736015
59.099294,6,7076.886447
59.099294,6,7077.05928
58.510704,6,7077.234952
59.099294,6,7077.572743
57.574733,5,7077.864978
59.099294,6,7078.105113
59.099294,6,7078.342459
59.099294,6,7078.565585
57.574733,5,7078.728668
58.510704,6,7078.896351
59.099294,6,7079.111148
59.099294,6,7079.4763
59.099294,6,7079.656745
59.099294,6,7079.822084
59.099294,6,7080.059872
57.967614,5,7080.285533
58.510704,6,7080.503259
58.510704,6,7080.65715
59.099294,6,7080.849332
59.099294,6,7081.017172
59.099294,6,7081.235481
59.099294,6,7081.439218
57.574733,5,7081.731017
59.099294,6,7081.911769
58.510704,6,7082.084506
59.099294,6,7082.242523
58.510704,6,7082.473686
58.510704,6,7082.67819
57.574733,5,7082.843088
57.574733,5,7083.017466
59.099294,6,7083.240827
57.574733,5,7083.4183
57.574733,5,7083.670148
59.099294,6,7083.865222
59.099294,6,7084.08452
59.099294,6,7084.313566
59.099294,6,7084.563825
59.099294,6,7084.818661
58.510704,6,7085.023649
-5.900706,6,7085.220263
57.574733,5,7085.491491
57.574733,5,7085.649713
59.099294,6,7085.866694
57.574733,5,7086.068375
57.574733,5,7086.273992
59.099294,6,7086.500823
59.099294,6,7086.659375
-7.032386,5,7087.098141
58.510704,6,7087.255408
59.099294,6,7087.473748
57.967614,5,7087.746515
59.099294,6,7088.011059
59.099294,6,7088.160943
58.510704,6,7088.390801
57.967614,5,7088.62802
59.099294,6,7088.782395
59.099294,6,7088.917803
59.099294,6,7089.171027
58.510704,6,7089.319251
59.099294,6,7089.670174
58.510704,6,7089.810638
57.574733,5,7090.00604
58.510704,6,7090.158918
59.099294,6,7090.374595
59.099294,6,7090.54031
-5.900706,6,7090.980098
59.099294,6,7091.137031
59.099294,6,7091.299052
59.099294,6,7091.452383
59.099294,6,7091.621689
57.574733,5,7091.886904
58.510704,6,7092.104333
59.099294,6,7092.368624
57.967614,5,7092.607072
59.099294,6,7092.846807
57.574733,5,7093.08987
58.510704,6,7093.310484
59.099294,6,7093.593736
58.510704,6,7093.760108
59.099294,6,7093.937955
57.967614,5,7094.157605
59.099294,6,7094.383752
59.099294,6,7094.546557
59.099294,6,7094.716395
58.510704,6,7094.959519
59.099294,6,7095.112701
57.574733,5,7095.325836
58.510704,6,7095.472693
59.099294,6,7095.623156
57.967614,5,7095.838607
59.099294,6,7095.982448
57.574733,5,7096.261392
59.099294,6,7096.61855
-7.032386,5,7097.071862
59.099294,6,7097.290756
59.099294,6,7097.435452
58.510704,6,7097.566177
59.099294,6,7097.7254
57.574733,5,7097.882176
59.099294,6,7098.109784
58.510704,6,7098.320506
58.510704,6,7098.49902
57.574733,5,7098.760891
59.099294,6,7098.978492
59.099294,6,7099.182985
59.099294,6,7099.423218
59.099294,6,7099.646516
59.099294,6,7099.780293
59.099294,6,7099.966711
59.099294,6,7100.140811
57.574733,5,7100.390182
59.099294,6,7100.643733
58.510704,6,7100.887634
57.574733,5,7101.068109
59.099294,6,7101.329251
59.099294,6,7101.478511
57.967614,5,7101.748077
58.510704,6,7102.004737
58.510704,6,7102.174164
59.099294,6,7102.410843
59.099294,6,7102.680488
58.510704,6,7102.870235
59.099294,6,7103.10006
59.099294,6,7103.452238
59.099294,6,7103.605472
59.099294,6,7103.819794
59.099294,6,7104.074489
57.967614,5,7104.440762
57.967614,5,7104.600802
58.510704,6,7104.787049
59.099294,6,7104.991753
59.099294,6,7105.258228
57.574733,5,7105.420624
58.510704,6,7105.654379
-5.900706,6,7106.229283
59.099294,6,7106.387537
59.099294,6,7106.56348
57.574733,5,7106.803113
57.574733,5,7106.974579
58.510704,6,7107.135807
58.510704,6,7107.389655
59.099294,6,7107.549534
59.099294,6,7107.687102
57.574733,5,7107.971737
58.510704,6,7108.134033
57.574733,5,7108.354431
58.510704,6,7108.52799
59.099294,6,7108.742707
57.967614,5,7108.958388
59.099294,6,7109.179214
59.099294,6,7109.402216
59.099294,6,7109.56269
59.099294,6,7109.790216
58.510704,6,7110.021695
59.099294,6,7110.180764
59.099294,6,7110.410739
59.099294,6,7110.615672
57.967614,5,7110.870142
57.574733,5,7111.176364
57.574733,5,7111.45065
59.099294,6,7111.680447
59.099294,6,7111.827227
59.099294,6,7111.977911
59.099294,6,7112.129487
58.510704,6,7112.291341
59.099294,6,7112.496689
59.099294,6,7112.636857
59.099294,6,7112.864251
58.510704,6,7113.099641
59.099294,6,7113.304374
59.099294,6,7113.53814
57.574733,5,7113.716903
59.099294,6,7113.88263
59.099294,6,7114.10771
57.574733,5,7114.377713
59.099294,6,7114.642654
59.099294,6,7114.794432
58.510704,6,7114.962375
59.099294,6,7115.105754
59.099294,6,7115.362399
59.099294,6,7115.592447
58.510704,6,7115.833355
59.099294,6,7116.049778
58.510704,6,7116.18273
59.099294,6,7116.333877
58.510704,6,7116.494077
59.099294,6,7116.671998
57.967614,5,7116.812439
59.099294,6,7117.070398
59.099294,6,7117.21434
59.099294,6,7117.391077
59.099294,6,7117.602894
59.099294,6,7117.839851
57.574733,5,7118.052502
59.099294,6,7118.233824
58.510704,6,7118.376506
57.967614,5,7118.71392
57.574733,5,7118.868875
59.099294,6,7119.019425
57.574733,5,7119.232762
59.099294,6,7119.403422
59.099294,6,7119.550184
59.099294,6,7119.784765
59.099294,6,7120.120542
57.574733,5,7120.285827
57.574733,5,7120.440716
59.099294,6,7120.674841
57.574733,5,7120.948796
59.099294,6,7121.098585
59.099294,6,7121.251184
58.510704,6,7121.549118
57.574733,5,7121.824716
59.099294,6,7122.08247
59.099294,6,7122.317916
59.099294,6,7122.680554
59.099294,6,7123.044981
57.574733,5,7123.209675
58.510704,6,7123.367041
59.099294,6,7123.521414
58.510704,6,7123.666927
57.574733,5,7123.846208
59.099294,6,7123.98995
59.099294,6,7124.211403
57.574733,5,7124.386177
-7.032386,5,7124.889869
58.510704,6,7125.134131
-7.425267,5,7125.298184
59.099294,6,7125.527528
59.099294,6,7125.7427
59.099294,6,7125.958132
58.510704,6,7126.119609
57.574733,5,7126.372674
59.099294,6,7126.605997
54.216439,4,7126.987798
59.099294,6,7127.204478
59.099294,6,7127.445242
59.099294,6,7127.6647
59.099294,6,7127.890057
59.099294,6,7128.035921
59.099294,6,7128.179725
57.967614,5,7128.335111
59.099294,6,7128.504657
59.099294,6,7128.717493
59.099294,6,7128.855906
59.099294,6,7129.003678
57.574733,5,7129.176208
59.099294,6,7129.410478
59.099294,6,7129.553312
59.099294,6,7129.767848
59.099294,6,7129.92261
57.967614,5,7130.183831
57.574733,5,7130.334183
59.099294,6,7130.49388
59.099294,6,7130.711478
58.510704,6,7130.94139
59.099294,6,7131.143617
59.099294,6,7131.368367
59.099294,6,7131.598637
57.967614,5,7131.778934
59.099294,6,7131.919448
59.099294,6,7132.06324
57.574733,5,7132.230905
58.510704,6,7132.403083
57.574733,5,7132.650743
58.510704,6,7132.831537
59.099294,6,7133.057246
59.099294,6,7133.201705
59.099294,6,7133.572513
57.574733,5,7133.748181
59.099294,6,7133.973569
57.574733,5,7134.144475
57.967614,5,7134.39028
59.099294,6,7134.546951
57.967614,5,7134.816245
59.099294,6,7134.976107
58.510704,6,7135.156679
-5.900706,6,7135.507842
59.099294,6,7135.756891
59.099294,6,7136.031037
59.099294,6,7136.216685
59.099294,6,7136.48212
58.510704,6,7136.634476
59.099294,6,7136.863177
59.099294,6,7137.108881
59.099294,6,7137.472306
59.099294,6,7137.701084
59.099294,6,7137.92897
59.099294,6,7138.166238
58.510704,6,7138.336258
59.099294,6,7138.523113
58.510704,6,7138.700535
59.099294,6,7138.914557
57.574733,5,7139.15923
59.099294,6,7139.384876
59.099294,6,7139.533384
59.099294,6,7139.700418
58.510704,6,7139.871427
59.099294,6,7140.054959
57.574733,5,7140.305442
59.099294,6,7140.548129
59.099294,6,7140.784391
59.099294,6,7140.957901
59.099294,6,7141.183647
59.099294,6,7141.44737
59.099294,6,7141.691846
59.099294,6,7141.927963
59.099294,6,7142.203373
59.099294,6,7142.441476
57.574733,5,7142.674741
58.510704,6,7142.940918
59.099294,6,7143.199092
59.099294,6,7143.439531
57.574733,5,7143.694207
58.510704,6,7143.884851
59.099294,6,7144.120856
59.099294,6,7144.28834
59.099294,6,7144.502044
59.099294,6,7144.672009
57.967614,5,7144.832697
59.099294,6,7145.065351
59.099294,6,7145.223146
59.099294,6,7145.48554
58.510704,6,7145.666384
59.099294,6,7145.839308
59.099294,6,7146.004613
57.574733,5,7146.154294
-7.425267,5,7146.704676
59.099294,6,7146.943183
59.099294,6,7147.200856
57.967614,5,7147.336989
59.099294,6,7147.500762
59.099294,6,7147.647611
59.099294,6,7148.664598
59.099294,6,7148.939962
59.099294,6,7149.182017
59.099294,6,7149.383757
59.099294,6,7149.5904
59.099294,6,7149.743479
58.510704,6,7149.880978
58.510704,6,7150.047196
59.099294,6,7150.221657
58.510704,6,7150.459704
59.099294,6,7150.688008
58.510704,6,7150.859622
59.099294,6,7151.089847
59.099294,6,7151.310598
59.099294,6,7151.56361
59.099294,6,7152.095735
59.099294,6,7152.254673
59.099294,6,7152.418715
59.099294,6,7152.576618
58.510704,6,7152.753686
59.099294,6,7152.982385
59.099294,6,7153.147701
59.099294,6,7153.314466
59.099294,6,7153.494309
59.099294,6,7153.646665
59.099294,6,7153.893426
59.099294,6,7154.157326
59.099294,6,7154.330315
59.099294,6,7154.508102
59.099294,6,7154.66046
59.099294,6,7154.880025
59.099294,6,7155.070693
59.099294,6,7155.228165
59.099294,6,7155.597816
58.510704,6,7155.760288
59.099294,6,7155.956763
59.099294,6,7156.18025
59.099294,6,7156.447668
59.099294,6,7156.70154
59.099294,6,7156.926625
59.099294,6,7157.162333
58.510704,6,7157.400248
58.510704,6,7157.552468
59.099294,6,7157.774343
59.099294,6,7158.004228
58.510704,6,7158.162524
59.099294,6,7158.391482
59.099294,6,7158.625413
59.099294,6,7158.88543
58.510704,6,7159.037611
57.967614,5,7159.328673
57.967614,5,7159.551468
58.510704,6,7159.702669
57.574733,5,7159.987716
57.574733,5,7160.269774
59.099294,6,7160.438514
59.099294,6,7160.654189
57.574733,5,7160.886614
57.574733,5,7161.060734
58.510704,6,7161.238412
58.510704,6,7161.478666
59.099294,6,7161.72753
57.574733,5,7161.882214
58.510704,6,7162.045063
58.510704,6,7162.222817
57.574733,5,7162.429106
59.099294,6,7162.622825
59.099294,6,7162.906548
59.099294,6,7163.149873
59.099294,6,7163.406554
58.510704,6,7163.558967
59.099294,6,7163.790059
58.510704,6,7163.947287
59.099294,6,7164.160316
59.099294,6,7164.384198
58.510704,6,7164.545416
57.574733,5,7164.716834
57.967614,5,7164.967079
59.099294,6,7165.18655
59.099294,6,7165.353288
59.099294,6,7165.624394
58.510704,6,7165.804642
59.099294,6,7166.01714
59.099294,6,7166.249981
59.099294,6,7166.416699
59.099294,6,7166.634523
59.099294,6,7166.813805
59.099294,6,7167.048855
59.099294,6,7167.291214
57.967614,5,7167.54173
57.967614,5,7167.715974
59.099294,6,7167.863703
59.099294,6,7168.231081
59.099294,6,7168.392893
59.099294,6,7168.549799
59.099294,6,7168.705061
59.099294,6,7169.07064
59.099294,6,7169.228948
59.099294,6,7169.428411
59.099294,6,7169.681198
59.099294,6,7169.843931
59.099294,6,7170.0954
57.78954,7,7170.283915
-7.032386,5,7170.748269
59.099294,6,7170.964201
57.574733,5,7171.165078
58.510704,6,7171.345834
58.510704,6,7171.502861
59.099294,6,7171.684645
59.099294,6,7171.885196
59.099294,6,7172.119519
59.099294,6,7172.309972
59.099294,6,7172.585153
59.099294,6,7172.895068
59.099294,6,7173.058882
59.099294,6,7173.283413
58.510704,6,7173.461481
57.574733,5,7173.713631
59.099294,6,7173.959021
59.099294,6,7174.237142
57.967614,5,7174.420621
59.099294,6,7174.580734
57.574733,5,7174.794513
59.099294,6,7174.925676
57.574733,5,7175.2161
59.099294,6,7175.454877
59.099294,6,7175.700973
59.099294,6,7175.942451
58.510704,6,7176.198321
59.099294,6,7176.415104
57.574733,5,7176.607288
59.099294,6,7176.833643
57.967614,5,7177.085598
59.099294,6,7177.261458
59.099294,6,7177.508116
59.099294,6,7177.683424
57.574733,5,7177.875933
58.510704,6,7178.013706
57.574733,5,7178.181682
59.099294,6,7178.441078
57.574733,5,7178.619786
58.510704,6,7178.78371
59.099294,6,7179.040397
59.099294,6,7179.210693
58.510704,6,7179.367462
59.099294,6,7179.593965
59.099294,6,7179.833071
57.574733,5,7180.008912
59.099294,6,7180.240783
58.510704,6,7180.533868
57.574733,5,7180.700435
59.099294,6,7180.851701
59.099294,6,7181.0287
-5.900706,6,7181.378368
59.099294,6,7181.62786
58.510704,6,7181.85268
59.099294,6,7182.063195
59.099294,6,7182.238207
58.510704,6,7182.400978
59.099294,6,7182.616935
59.099294,6,7182.761674
57.574733,5,7183.004683
59.099294,6,7183.168026
59.099294,6,7183.381681
59.099294,6,7183.605258
59.099294,6,7183.813553
59.099294,6,7184.034628
59.099294,6,7184.196138
59.099294,6,7184.344273
59.099294,6,7184.613831
57.574733,5,7184.818221
57.967614,5,7185.205797
59.099294,6,7185.453781
59.099294,6,7185.707292
59.099294,6,7185.920236
59.099294,6,7186.173122
59.099294,6,7186.393752
59.099294,6,7186.689574
57.574733,5,7186.913684
59.099294,6,7187.09708
59.099294,6,7187.344251
59.099294,6,7187.513952
59.099294,6,7187.755863
59.099294,6,7187.97937
59.099294,6,7188.143971
59.099294,6,7188.377154
57.967614,5,7188.652303
57.967614,5,7188.904922
59.099294,6,7189.138044
57.574733,5,7189.372334
59.099294,6,7189.591694
59.099294,6,7189.753469
59.099294,6,7189.99861
59.099294,6,7190.168383
58.510704,6,7190.421401
57.574733,5,7190.661422
58.510704,6,7190.892636
59.099294,6,7191.142141
59.099294,6,7191.533407
59.099294,6,7191.794055
59.099294,6,7191.954199
59.099294,6,7192.199119
59.099294,6,7192.484281
57.574733,5,7192.667389
58.510704,6,7192.85344
58.510704,6,7193.002588
59.099294,6,7193.240349
59.099294,6,7193.388333
59.099294,6,7193.561524
58.510704,6,7193.713511
59.099294,6,7194.100237
57.574733,5,7194.311528
58.510704,6,7194.511762
59.099294,6,7194.664532
58.510704,6,7195.058832
-5.900706,6,7195.435206
59.099294,6,7195.727159
58.510704,6,7195.883819
58.510704,6,7196.175884
58.510704,6,7196.412347
59.099294,6,7196.642356
58.510704,6,7196.797491
58.510704,6,7196.95533
58.510704,6,7197.168968
58.510704,6,7197.344094
59.099294,6,7197.563034
59.099294,6,7197.717515
58.510704,6,7197.880286
58.510704,6,7198.042214
58.510704,6,7198.279087
59.099294,6,7198.5121
59.099294,6,7198.669236
59.099294,6,7199.139604
58.510704,6,7199.321918
59.099294,6,7199.585755
57.574733,5,7199.747537
59.099294,6,7199.964559
59.099294,6,7200.140029
59.099294,6,7200.301032
59.099294,6,7200.560009
59.099294,6,7200.729759
59.099294,6,7200.954923
58.510704,6,7201.105549
59.099294,6,7201.331227
57.967614,5,7201.510654
58.510704,6,7201.663211
59.099294,6,7201.815966
59.099294,6,7202.026067
59.099294,6,7202.244138
59.099294,6,7202.455626
58.510704,6,7202.609702
59.099294,6,7202.905756
59.099294,6,7203.068778
58.510704,6,7203.282859
59.099294,6,7203.460308
59.099294,6,7203.745372
59.099294,6,7203.943739
59.099294,6,7204.134549
58.510704,6,7204.301148
59.099294,6,7204.488486
58.510704,6,7204.643288
59.099294,6,7204.872948
-6.489296,6,7205.229814
57.967614,5,7205.50175
59.099294,6,7205.643546
59.099294,6,7205.873149
57.574733,5,7206.083012
59.099294,6,7206.303441
57.574733,5,7206.464757
59.099294,6,7206.742615
59.099294,6,7206.959851
59.099294,6,7207.144027
59.099294,6,7207.362653
59.099294,6,7207.562099
58.510704,6,7207.69963
59.099294,6,7207.853123
59.099294,6,7208.075459
57.574733,5,7208.240501
59.099294,6,7208.409932
58.510704,6,7208.562814
57.574733,5,7208.768749
58.510704,6,7209.06183
59.099294,6,7209.217376
59.099294,6,7209.431476
58.510704,6,7209.639737
59.099294,6,7209.863549
59.099294,6,7210.006251
59.099294,6,7210.180053
59.099294,6,7210.397656
59.099294,6,7210.573806
59.099294,6,7210.906525
59.099294,6,7211.043453
59.099294,6,7211.261454
59.099294,6,7211.442607
57.574733,5,7211.603837
58.510704,6,7211.769794
59.099294,6,7212.028493
59.099294,6,7212.199251
59.099294,6,7212.354122
59.099294,6,7212.506267
58.510704,6,7212.675834
59.099294,6,7212.846244
57.967614,5,7213.111562
59.099294,6,7213.260499
59.099294,6,7213.449309
59.099294,6,7213.586041
59.099294,6,7213.815042
59.099294,6,7214.046631
59.099294,6,7214.202289
59.099294,6,7214.565522
57.967614,5,7214.854483
59.099294,6,7215.090171
59.099294,6,7215.240223
58.510704,6,7215.383044
58.510704,6,7215.549315
59.099294,6,7215.800803
59.099294,6,7216.024935
59.099294,6,7216.266059
-5.900706,6,7216.585589
57.574733,5,7216.767934
59.099294,6,7217.004454
59.099294,6,7217.15682
59.099294,6,7217.38984
59.099294,6,7217.531113
59.099294,6,7217.698869
58.510704,6,7217.849131
59.099294,6,7218.078572
58.510704,6,7218.235049
59.099294,6,7218.395911
59.099294,6,7218.545893
59.099294,6,7218.765062
57.967614,5,7218.954043
-6.489296,6,7219.314431
59.099294,6,7219.461203
58.510704,6,7219.635228
59.099294,6,7219.79917
59.099294,6,7220.022515
59.099294,6,7220.197543
59.099294,6,7220.352955
59.099294,6,7220.714399
57.574733,5,7220.965282
57.967614,5,7221.188666
57.967614,5,7221.480171
59.099294,6,7221.648404
58.510704,6,7221.799175
59.099294,6,7221.947504
57.574733,5,7222.11281
59.099294,6,7222.637652
58.510704,6,7222.792877
59.099294,6,7223.604082
59.099294,6,7223.950778
59.099294,6,7224.136948
59.099294,6,7224.315712
58.510704,6,7224.47695
59.099294,6,7224.715573
59.099294,6,7224.945925
59.099294,6,7225.184684
59.099294,6,7225.416349
59.099294,6,7225.633106
58.510704,6,7225.80776
59.099294,6,7226.023447
-5.900706,6,7226.372142
57.967614,5,7226.544691
59.099294,6,7226.828901
58.510704,6,7227.011473
58.510704,6,7227.160227
59.099294,6,7227.392859
59.099294,6,7227.618756
59.099294,6,7227.762296
59.099294,6,7227.913181
58.510704,6,7228.062223
59.099294,6,7228.211418
58.510704,6,7228.355642
57.967614,5,7228.509151
57.967614,5,7228.680593
59.099294,6,7228.889457
59.099294,6,7229.142899
59.099294,6,7229.361394
59.099294,6,7229.535012
59.099294,6,7229.687994
57.574733,5,7229.853206
59.099294,6,7230.089529
59.099294,6,7230.339005
59.099294,6,7230.572796
59.099294,6,7230.718479
59.099294,6,7230.859449
58.510704,6,7231.005024
59.099294,6,7231.154866
59.099294,6,7231.374901
58.510704,6,7231.536146
57.967614,5,7231.693948
59.099294,6,7231.849389
58.510704,6,7231.985057
59.099294,6,7232.203202
59.099294,6,7232.421929
59.099294,6,7232.625718
58.510704,6,7232.787845
57.574733,5,7232.945598
58.510704,6,7233.182348
59.099294,6,7233.320632
59.099294,6,7233.46823
58.510704,6,7233.651433
58.510704,6,7233.811012
59.099294,6,7234.001093
57.574733,5,7234.185193
57.78954,7,7234.335493
59.099294,6,7234.564493
58.510704,6,7234.745216
-5.900706,6,7234.933622
59.099294,6,7235.082549
59.099294,6,7235.236445
59.099294,6,7235.466212
59.099294,6,7235.699262
-5.900706,6,7236.210238
59.099294,6,7236.452965
59.099294,6,7236.711501
59.099294,6,7236.896515
57.574733,5,7237.076531
59.099294,6,7237.229275
59.099294,6,7237.46961
57.574733,5,7237.648557
59.099294,6,7237.831063
59.099294,6,7238.117893
58.510704,6,7238.274605
58.510704,6,7238.500892
59.099294,6,7238.854582
59.099294,6,7239.002066
59.099294,6,7239.146025
57.574733,5,7239.369571
59.099294,6,7239.581505
57.574733,5,7239.860192
59.099294,6,7240.002031
59.099294,6,7240.168183
-6.489296,6,7240.525427
59.099294,6,7240.883843
57.967614,5,7241.136583
59.099294,6,7241.309175
59.099294,6,7241.536915
57.574733,5,7241.713199
59.099294,6,7241.865083
58.510704,6,7242.02473
59.099294,6,7242.1982
58.510704,6,7242.366382
59.099294,6,7242.507927
58.510704,6,7242.78647
59.099294,6,7243.018747
58.510704,6,7243.194786
58.510704,6,7243.361781
59.099294,6,7243.514151
59.099294,6,7243.732911
59.099294,6,7243.87527
59.099294,6,7244.024864
59.099294,6,7244.175065
59.099294,6,7244.39637
59.099294,6,7244.551913
58.510704,6,7244.710808
57.78954,7,7244.850147
58.510704,6,7245.073134
58.510704,6,7245.240726
58.510704,6,7245.42219
59.099294,6,7245.683008
59.099294,6,7245.868606
57.967614,5,7246.04229
57.574733,5,7246.331906
57.574733,5,7246.516559
57.574733,5,7246.780352
57.574733,5,7246.934759
57.574733,5,7247.221591
59.099294,6,7247.588478
58.510704,6,7247.814129
59.099294,6,7247.980957
58.510704,6,7248.145356
59.099294,6,7248.370993
59.099294,6,7248.539325
57.574733,5,7248.702589
59.099294,6,7248.849008
58.510704,6,7249.080369
58.510704,6,7249.259526
59.099294,6,7249.489575
58.510704,6,7249.659411
59.099294,6,7249.892832
57.574733,5,7250.063271
59.099294,6,7250.338222
59.099294,6,7250.480576
58.510704,6,7250.639566
57.967614,5,7250.815332
57.967614,5,7251.062917
59.099294,6,7251.241188
58.510704,6,7251.405557
59.099294,6,7251.584348
57.574733,5,7251.73692
59.099294,6,7251.955569
57.574733,5,7252.115511
59.099294,6,7252.316864
58.510704,6,7252.481243
58.510704,6,7252.715991
59.099294,6,7252.884291
57.574733,5,7253.136501
59.099294,6,7253.406734
59.099294,6,7253.654198
57.574733,5,7253.833976
59.099294,6,7254.080189
59.099294,6,7254.276524
59.099294,6,7254.518269
59.099294,6,7254.758045
58.510704,6,7254.92552
59.099294,6,7255.081229
59.099294,6,7255.319545
59.099294,6,7255.571082
57.574733,5,7255.782974
59.099294,6,7255.955814
59.099294,6,7256.112435
59.099294,6,7256.330954
59.099294,6,7256.575343
58.510704,6,7256.748174
59.099294,6,7256.895837
59.099294,6,7257.03676
59.099294,6,7257.236691
58.510704,6,7257.405007
59.099294,6,7257.633415
58.510704,6,7257.794247
59.099294,6,7257.970468
57.574733,5,7258.118883
58.510704,6,7258.2926
58.510704,6,7258.527213
57.967614,5,7258.819303
59.099294,6,7259.047533
59.099294,6,7259.229622
59.099294,6,7259.489749
59.099294,6,7259.665897
59.099294,6,7259.873607
57.78954,7,7260.466515
57.78954,7,7261.02685
58.510704,6,7261.397096
57.78954,7,7261.696375
59.099294,6,7262.029243
58.510704,6,7262.262786
58.510704,6,7262.615777
59.099294,6,7262.885588
59.099294,6,7263.44592
59.099294,6,7263.916052
59.099294,6,7264.259072
57.967614,5,7264.497652
57.066154,7,7264.760915
58.510704,6,7265.11862
59.099294,6,7265.498873
57.574733,5,7265.730942
58.510704,6,7265.958813
59.099294,6,7266.224675
59.099294,6,7266.555908
59.099294,6,7266.81583
58.510704,6,7267.051036
58.510704,6,7267.295095
58.510704,6,7267.50873
-5.900706,6,7268.197163
59.099294,6,7268.519598
59.099294,6,7268.849951
58.510704,6,7269.068974
59.099294,6,7269.276837
58.510704,6,7269.645137
59.099294,6,7269.945584
59.099294,6,7270.258755
59.099294,6,7270.577441
58.510704,6,7271.011792
57.574733,5,7271.310038
59.099294,6,7271.602662
58.510704,6,7271.872855
59.099294,6,7272.288467
59.099294,6,7272.534772
59.099294,6,7273.304081
59.099294,6,7273.810667
58.510704,6,7274.267108
59.099294,6,7274.692996
57.574733,5,7275.153179
59.099294,6,7275.823791
59.099294,6,7276.475749
59.099294,6,7276.864069
59.099294,6,7277.246202
57.967614,5,7277.584479
59.099294,6,7277.938595
59.099294,6,7278.255708
59.099294,6,7278.672551
59.099294,6,7279.15681
59.099294,6,7279.974611
59.099294,6,7280.49778
59.099294,6,7280.91368
59.099294,6,7281.274118
58.510704,6,7281.536536
59.099294,6,7281.971996
58.510704,6,7282.616272
57.574733,5,7282.985332
58.510704,6,7283.234114
-6.489296,6,7283.492196
57.967614,5,7283.747581
59.099294,6,7284.136282
57.574733,5,7284.724452
58.510704,6,7285.308642
59.099294,6,7285.709362
58.510704,6,7285.94681
59.099294,6,7286.181253
59.099294,6,7286.669172
58.510704,6,7286.897472
58.510704,6,7287.257576
59.099294,6,7287.937161
59.099294,6,7288.483157
58.510704,6,7289.296813
58.510704,6,7289.838691
58.510704,6,7290.12315
57.066154,7,7290.38149
59.099294,6,7290.539051
58.510704,6,7290.784365
59.099294,6,7291.197681
57.574733,5,7291.379537
59.099294,6,7291.536114
57.967614,5,7291.79166
59.099294,6,7292.055835
57.574733,5,7292.232893
58.510704,6,7292.404806
59.099294,6,7292.629602
59.099294,6,7292.931258
58.510704,6,7293.080707
58.510704,6,7293.325465
59.099294,6,7293.544738
59.099294,6,7293.815935
59.099294,6,7294.060804
59.099294,6,7294.307898
58.510704,6,7294.492562
59.099294,6,7294.752971
59.099294,6,7294.980606
59.099294,6,7295.129484
59.099294,6,7295.291306
59.099294,6,7295.446311
59.099294,6,7295.674744
59.099294,6,7295.831677
59.099294,6,7296.047301
59.099294,6,7296.277782
59.099294,6,7296.502721
58.510704,6,7296.723536
59.099294,6,7296.956156
59.099294,6,7297.126043
58.510704,6,7297.299791
59.099294,6,7297.459085
58.510704,6,7297.623732
59.099294,6,7297.908276
59.099294,6,7298.067342
57.967614,5,7298.29108
58.510704,6,7298.431375
58.510704,6,7298.59538
58.510704,6,7298.741377
59.099294,6,7298.977788
59.099294,6,7299.168953
59.099294,6,7299.372698
59.099294,6,7299.539034
57.967614,5,7299.802407
58.510704,6,7299.998059
58.510704,6,7300.139407
58.510704,6,7300.311499
58.510704,6,7300.549576
57.574733,5,7300.717526
-7.032386,5,7301.215511
59.099294,6,7301.418896
59.099294,6,7301.643892
58.510704,6,7301.789778
59.099294,6,7302.003503
59.099294,6,7302.231172
59.099294,6,7302.510612
59.099294,6,7302.682431
59.099294,6,7302.924102
59.099294,6,7303.167441
58.510704,6,7303.391512
59.099294,6,7303.767789
-5.900706,6,7304.281892
59.099294,6,7304.547964
57.574733,5,7304.759773
59.099294,6,7304.995906
58.510704,6,7305.154264
59.099294,6,7305.371204
58.510704,6,7305.533566
59.099294,6,7305.694365
58.510704,6,7305.902147
59.099294,6,7306.063552
57.574733,5,7306.226696
59.099294,6,7306.482528
59.099294,6,7306.729167
59.099294,6,7306.953538
59.099294,6,7307.175665
58.510704,6,7307.461696
57.574733,5,7307.714108
59.099294,6,7307.972536
59.099294,6,7308.158355
59.099294,6,7308.298425
57.574733,5,7308.499458
57.78954,7,7308.713624
59.099294,6,7308.984676
57.967614,5,7309.243165
59.099294,6,7309.464303
58.510704,6,7309.71061
59.099294,6,7309.945257
59.099294,6,7310.845452
58.510704,6,7311.122979
59.099294,6,7311.349216
59.099294,6,7311.589242
59.099294,6,7311.747999
59.099294,6,7311.992635
57.574733,5,7312.288247
59.099294,6,7312.542878
59.099294,6,7312.704915
57.967614,5,7312.998246
59.099294,6,7313.233011
59.099294,6,7313.415433
59.099294,6,7313.592145
58.510704,6,7313.839066
59.099294,6,7313.983439
59.099294,6,7314.207605
59.099294,6,7314.498073
59.099294,6,7314.7355
59.099294,6,7315.007601
59.099294,6,7315.159117
59.099294,6,7315.344723
59.099294,6,7315.619827
57.574733,5,7315.871552
59.099294,6,7316.033309
59.099294,6,7316.2697
59.099294,6,7316.506146
59.099294,6,7316.741283
59.099294,6,7316.996295
57.574733,5,7317.247103
59.099294,6,7317.40336
57.967614,5,7317.751993
58.510704,6,7317.891262
59.099294,6,7318.069768
58.510704,6,7318.237984
59.099294,6,7318.390274
57.574733,5,7318.570698
57.574733,5,7318.860237
58.510704,6,7319.083088
57.574733,5,7319.33378
-5.900706,6,7319.703746
59.099294,6,7319.934995
59.099294,6,7320.098611
59.099294,6,7320.284853
59.099294,6,7320.456773
59.099294,6,7320.600724
57.574733,5,7320.766928
58.510704,6,7320.938364
57.574733,5,7321.147853
58.510704,6,7321.291924
57.574733,5,7321.44297
57.78954,7,7321.67028
59.099294,6,7321.865141
57.967614,5,7322.215291
59.099294,6,7322.373034
59.099294,6,7322.529802
59.099294,6,7322.801633
59.099294,6,7322.971957
59.099294,6,7323.163877
57.967614,5,7323.354278
59.099294,6,7323.517995
59.099294,6,7323.675162
59.099294,6,7323.834447
57.574733,5,7324.019536
58.510704,6,7324.190449
59.099294,6,7324.360212
58.510704,6,7324.527219
58.510704,6,7324.671695
59.099294,6,7324.916056
59.099294,6,7325.162446
59.099294,6,7325.311216
59.099294,6,7325.630293
59.099294,6,7325.903832
59.099294,6,7326.137456
59.099294,6,7326.347486
59.099294,6,7326.584625
59.099294,6,7326.739399
57.574733,5,7327.025214
57.574733,5,7327.312559
59.099294,6,7327.499545
58.510704,6,7327.718339
57.574733,5,7327.902647
57.574733,5,7328.188611
59.099294,6,7328.360329
59.099294,6,7328.732248
59.099294,6,7328.954736
58.510704,6,7329.138721
59.099294,6,7329.411224
59.099294,6,7329.562052
59.099294,6,7329.712111
59.099294,6,7329.853356
57.574733,5,7330.024683
57.78954,7,7330.182786
58.510704,6,7330.366245
59.099294,6,7330.543782
59.099294,6,7330.733213
-5.900706,6,7331.085291
59.099294,6,7331.22857
59.099294,6,7331.476177
59.099294,6,7331.661822
58.510704,6,7331.901406
57.574733,5,7332.086237
59.099294,6,7332.245803
57.78954,7,7332.473844
59.099294,6,7332.708755
59.099294,6,7332.962889
58.510704,6,7333.233872
59.099294,6,7333.425174
58.510704,6,7333.60689
59.099294,6,7333.801146
59.099294,6,7334.093839
58.510704,6,7334.275476
58.510704,6,7334.458607
59.099294,6,7334.75603
59.099294,6,7334.997916
59.099294,6,7335.298016
58.510704,6,7335.589637
59.099294,6,7335.903181
59.099294,6,7336.093652
58.510704,6,7336.280285
59.099294,6,7336.700962
59.099294,6,7336.950957
59.099294,6,7337.173141
59.099294,6,7337.45709
59.099294,6,7337.723913
59.099294,6,7337.970805
58.510704,6,7338.125942
57.574733,5,7338.413031
59.099294,6,7338.590627
58.510704,6,7338.760148
58.510704,6,7338.920107
59.099294,6,7339.112071
59.099294,6,7339.355599
59.099294,6,7339.513704
58.510704,6,7339.745126
57.574733,5,7339.937022
59.099294,6,7340.169537
57.574733,5,7340.349826
57.574733,5,7340.596276
59.099294,6,7340.876674
57.78954,7,7341.107424
57.574733,5,7341.324637
59.099294,6,7341.565248
59.099294,6,7341.791261
59.099294,6,7341.951617
59.099294,6,7342.115385
59.099294,6,7342.375844
58.510704,6,7342.544112
57.574733,5,7342.83394
58.510704,6,7343.003262
58.510704,6,7343.194998
59.099294,6,7343.349642
58.510704,6,7343.490767
-7.21046,7,7343.942702
59.099294,6,7344.183959
59.099294,6,7344.434247
59.099294,6,7344.610321
59.099294,6,7344.756981
59.099294,6,7344.923856
57.574733,5,7345.091087
57.574733,5,7345.304981
58.510704,6,7345.477334
59.099294,6,7345.723773
57.574733,5,7345.938739
57.574733,5,7346.230437
57.574733,5,7346.473142
59.099294,6,7346.718239
59.099294,6,7346.873361
59.099294,6,7347.101831
59.099294,6,7347.286816
57.574733,5,7347.48393
59.099294,6,7347.641371
59.099294,6,7347.801016
58.510704,6,7347.969933
59.099294,6,7348.18855
57.574733,5,7348.40759
59.099294,6,7348.652092
58.510704,6,7348.911126
59.099294,6,7349.070155
58.510704,6,7349.235243
59.099294,6,7349.417711
59.099294,6,7349.566345
58.510704,6,7349.736867
58.510704,6,7349.890071
58.510704,6,7350.193526
59.099294,6,7350.515103
59.099294,6,7350.922547
59.099294,6,7351.225321
59.099294,6,7351.604167
59.099294,6,7351.959106
-7.032386,5,7352.624286
58.510704,6,7352.885696
59.099294,6,7353.112717
59.099294,6,7353.456598
59.099294,6,7353.668729
58.510704,6,7353.928285
59.099294,6,7354.306486
59.099294,6,7354.629948
59.099294,6,7355.013184
58.510704,6,7355.372046
59.099294,6,7355.834664
58.510704,6,7356.1253
59.099294,6,7356.850961
59.099294,6,7357.123428
58.510704,6,7357.436645
59.099294,6,7357.923146
59.099294,6,7358.28309
59.099294,6,7358.514188
59.099294,6,7358.790655
59.099294,6,7359.298523
59.099294,6,7359.933841
58.510704,6,7360.412284
59.099294,6,7360.934442
59.099294,6,7361.479309
59.099294,6,7362.053304
59.099294,6,7362.390171
59.099294,6,7363.181259
58.510704,6,7363.628545
58.510704,6,7363.980382
58.510704,6,7364.56864
57.574733,5,7364.903444
57.574733,5,7365.234882
59.099294,6,7365.508044
58.510704,6,7365.729384
-5.900706,6,7366.511435
57.574733,5,7366.737589
59.099294,6,7367.009203
59.099294,6,7367.489254
59.099294,6,7367.778704
59.099294,6,7368.016234
59.099294,6,7368.477729
57.574733,5,7369.021262
57.78954,7,7369.798842
58.510704,6,7370.185213
59.099294,6,7370.883228
59.099294,6,7371.401541
58.510704,6,7371.620852
59.099294,6,7372.113423
57.574733,5,7372.419877
57.066154,7,7372.703791
59.099294,6,7373.149346
58.510704,6,7373.478757
57.574733,5,7373.906705
59.099294,6,7374.187389
59.099294,6,7374.507964
59.099294,6,7374.828619
57.574733,5,7375.059635
59.099294,6,7375.378968
59.099294,6,7375.596715
59.099294,6,7375.951672
59.099294,6,7376.213371
59.099294,6,7376.396838
59.099294,6,7376.909854
57.574733,5,7377.314433
59.099294,6,7377.57879
58.510704,6,7378.020296
59.099294,6,7378.669626
59.099294,6,7379.214206
59.099294,6,7379.55796
57.574733,5,7379.874072
57.574733,5,7380.187567
59.099294,6,7380.357758
59.099294,6,7380.538349
59.099294,6,7380.916302
59.099294,6,7381.474805
57.574733,5,7381.897176
59.099294,6,7382.556169
59.099294,6,7383.308696
57.967614,5,7383.897046
59.099294,6,7384.34043
58.510704,6,7384.839128
59.099294,6,7385.153612
59.099294,6,7385.82351
58.510704,6,7386.196927
59.099294,6,7386.536438
59.099294,6,7386.91647
59.099294,6,7387.344533
59.099294,6,7387.814308
59.099294,6,7388.089697
59.099294,6,7388.491264
59.099294,6,7388.806748
59.099294,6,7389.120531
59.099294,6,7389.712778
59.099294,6,7390.035877
57.574733,5,7390.514126
59.099294,6,7390.855956
58.510704,6,7391.153549
59.099294,6,7391.884758
58.510704,6,7392.424422
58.510704,6,7393.229795
58.510704,6,7393.604906
57.574733,5,7394.157285
58.510704,6,7394.557177
58.510704,6,7395.021357
59.099294,6,7395.683742
57.574733,5,7396.06772
59.099294,6,7396.605567
58.510704,6,7397.006699
59.099294,6,7397.482146
59.099294,6,7398.006083
58.510704,6,7398.339405
57.78954,7,7398.940651
59.099294,6,7399.403687
57.574733,5,7399.937093
59.099294,6,7400.467143
58.510704,6,7401.014267
58.510704,6,7402.129685
59.099294,6,7403.131625
59.099294,6,7403.997841
59.099294,6,7404.906974
58.510704,6,7405.476119
59.099294,6,7406.125462
57.967614,5,7406.881492
59.099294,6,7407.672606
58.510704,6,7408.335041
57.574733,5,7409.158626
57.574733,5,7409.953671
58.510704,6,7410.691183
59.099294,6,7411.399528
59.099294,6,7412.401025
59.099294,6,7413.653142
59.099294,6,7414.252629
57.78954,7,7414.938859
59.099294,6,7415.493074
58.510704,6,7416.261127
59.099294,6,7417.838289
58.510704,6,7418.646118
59.099294,6,7419.467555
58.510704,6,7420.143367
59.099294,6,7420.781475
59.099294,6,7421.265617
58.510704,6,7421.755596
57.574733,5,7422.169924
59.099294,6,7422.798337
59.099294,6,7423.455963
58.510704,6,7424.153286
57.574733,5,7424.851511
58.510704,6,7425.531468
58.510704,6,7426.23048
59.099294,6,7426.872487
58.510704,6,7427.581323
59.099294,6,7428.232023
59.099294,6,7428.715276
57.574733,5,7429.285984
59.099294,6,7429.861688
59.099294,6,7430.36047
58.510704,6,7430.878577
59.099294,6,7431.176838
58.510704,6,7431.626681
59.099294,6,7432.47372
59.099294,6,7434.189346
58.510704,6,7434.733476
59.099294,6,7435.949557
59.099294,6,7436.31141
59.099294,6,7437.169338
58.510704,6,7437.628997
59.099294,6,7437.968364
59.099294,6,7438.548641
59.099294,6,7439.169209
58.510704,6,7439.809946
59.099294,6,7440.266121
59.099294,6,7440.688128
58.510704,6,7441.256252
58.510704,6,7441.669859
59.099294,6,7442.308315
59.099294,6,7442.67916
59.099294,6,7443.333514
59.099294,6,7444.213171
59.099294,6,7444.867586
59.099294,6,7445.369132
59.099294,6,7445.855265
59.099294,6,7446.214011
59.099294,6,7446.722253
59.099294,6,7447.117323
59.099294,6,7447.546778
57.574733,5,7447.901747
59.099294,6,7448.429187
59.099294,6,7448.714152
58.510704,6,7449.079966
59.099294,6,7449.632005
57.574733,5,7450.037739
58.510704,6,7450.378964
59.099294,6,7450.8579
59.099294,6,7451.165979
59.099294,6,7451.436405
57.574733,5,7452.024265
58.510704,6,7452.389989
59.099294,6,7453.447279
59.099294,6,7453.988719
59.099294,6,7454.524283
59.099294,6,7454.807078
59.099294,6,7455.321668
-7.032386,5,7456.138158
59.099294,6,7456.636295
58.510704,6,7456.953332
59.099294,6,7457.235214
57.574733,5,7457.711811
59.099294,6,7458.187891
59.099294,6,7458.781703
58.510704,6,7459.421852
59.099294,6,7460.112843
59.099294,6,7460.934006
59.099294,6,7461.512955
58.510704,6,7461.882508
57.967614,5,7462.708879
59.099294,6,7463.737559
58.510704,6,7464.348767
59.099294,6,7464.79836
58.510704,6,7465.752784
59.099294,6,7466.682982
59.099294,6,7467.89683
59.099294,6,7469.234765
59.099294,6,7469.970644
58.510704,6,7470.741216
59.099294,6,7471.553172
59.099294,6,7472.446046
59.099294,6,7473.645847
57.574733,5,7474.678734
57.066154,7,7475.90431
57.574733,5,7476.991242
58.510704,6,7477.800858
59.099294,6,7478.918862
58.510704,6,7479.423064
57.574733,5,7480.021092
57.574733,5,7480.62864
59.099294,6,7481.415388
57.967614,5,7481.780882
58.510704,6,7482.3605
59.099294,6,7483.269276
59.099294,6,7484.028437
58.510704,6,7484.40353
58.510704,6,7484.8808
57.574733,5,7485.217226
58.510704,6,7485.595317
57.574733,5,7486.130981
59.099294,6,7486.465525
59.099294,6,7486.787785
59.099294,6,7487.313846
59.099294,6,7487.904929
59.099294,6,7488.564558
57.574733,5,7489.279579
58.510704,6,7490.349632
59.099294,6,7491.124804
58.510704,6,7491.490463
57.967614,5,7492.17847
58.510704,6,7492.689553
59.099294,6,7493.315124
59.099294,6,7494.307246
58.510704,6,7494.66934
59.099294,6,7495.548978
59.099294,6,7496.135669
58.510704,6,7496.807402
-5.900706,6,7497.825414
57.967614,5,7498.300276
57.574733,5,7498.731027
59.099294,6,7499.221663
58.510704,6,7499.83454
58.510704,6,7500.435628
59.099294,6,7500.749263
58.510704,6,7501.085613
59.099294,6,7501.657677
59.099294,6,7502.259521
59.099294,6,7502.897128
57.574733,5,7503.422546
58.510704,6,7503.982476
58.510704,6,7504.590734
59.099294,6,7505.051172
59.099294,6,7505.564284
59.099294,6,7505.846936
58.510704,6,7506.376748
58.510704,6,7506.647885
58.510704,6,7506.95379
58.510704,6,7507.387479
59.099294,6,7507.838734
57.574733,5,7508.192593
58.510704,6,7508.554271
59.099294,6,7508.983532
58.510704,6,7509.309111
59.099294,6,7509.724699
57.574733,5,7510.236938
59.099294,6,7510.800597
59.099294,6,7511.239543
59.099294,6,7511.777506
58.510704,6,7512.051444
59.099294,6,7512.331194
58.510704,6,7512.741052
58.510704,6,7513.345271
59.099294,6,7513.618175
58.510704,6,7513.896894
59.099294,6,7514.604648
59.099294,6,7515.101982
57.574733,5,7515.728454
59.099294,6,7516.216017
58.510704,6,7516.761427
58.510704,6,7517.286654
59.099294,6,7517.693009
57.78954,7,7518.207814
59.099294,6,7518.590455
59.099294,6,7519.506032
58.510704,6,7520.298834
58.510704,6,7521.160611
57.967614,5,7522.205148
59.099294,6,7523.43302
59.099294,6,7524.230649
58.510704,6,7525.441601
58.510704,6,7526.71861
58.510704,6,7527.690523
59.099294,6,7528.799041
58.510704,6,7529.683503
59.099294,6,7530.565864
57.574733,5,7531.612347
59.099294,6,7532.859329
59.099294,6,7533.655823
57.967614,5,7534.635269
58.510704,6,7535.151526
58.510704,6,7535.664604
58.510704,6,7536.277339
58.510704,6,7536.698662
57.574733,5,7537.089572
59.099294,6,7537.397845
58.510704,6,7538.054348
59.099294,6,7538.993116
57.574733,5,7539.333845
59.099294,6,7539.687496
57.574733,5,7540.329571
59.099294,6,7540.786613
59.099294,6,7541.356302
59.099294,6,7541.847999
59.099294,6,7542.355263
59.099294,6,7543.291251
59.099294,6,7543.731563
58.510704,6,7544.3134
59.099294,6,7544.762286
59.099294,6,7545.375511
59.099294,6,7546.093312
59.099294,6,7546.608265
58.510704,6,7546.914365
-5.900706,6,7547.866711
57.574733,5,7548.290731
58.510704,6,7548.708803
58.510704,6,7549.214115
58.510704,6,7549.938114
59.099294,6,7551.016512
59.099294,6,7551.375964
59.099294,6,7551.867706
59.099294,6,7552.204747
59.099294,6,7552.684041
58.510704,6,7553.242501
59.099294,6,7553.719769
59.099294,6,7554.3286
59.099294,6,7554.682194
59.099294,6,7555.106605
59.099294,6,7555.751503
59.099294,6,7556.062652
59.099294,6,7556.545514
59.099294,6,7556.954674
58.510704,6,7557.435745
57.967614,5,7557.880555
58.510704,6,7558.221048
58.510704,6,7558.503783
59.099294,6,7559.041932
58.510704,6,7559.45009
58.510704,6,7559.830705
57.78954,7,7560.369783
59.099294,6,7560.921411
58.510704,6,7561.505566
59.099294,6,7561.817795
59.099294,6,7562.335983
58.510704,6,7562.854234
59.099294,6,7563.193467
59.099294,6,7563.758802
59.099294,6,7564.215009
57.574733,5,7564.61939
58.510704,6,7565.132291
59.099294,6,7565.582164
59.099294,6,7566.255161
58.510704,6,7566.774038
59.099294,6,7567.75087
59.099294,6,7568.565562
59.099294,6,7569.244548
57.574733,5,7569.620743
57.574733,5,7570.061381
59.099294,6,7570.594317
59.099294,6,7571.076865
57.967614,5,7571.454776
58.510704,6,7572.173918
59.099294,6,7572.794751
57.574733,5,7573.384861
59.099294,6,7573.692008
59.099294,6,7574.078837
57.574733,5,7574.597047
57.574733,5,7574.996419
57.574733,5,7575.958647
59.099294,6,7576.9322
59.099294,6,7578.274946
59.099294,6,7579.692206
58.510704,6,7580.615376
59.099294,6,7581.520301
58.510704,6,7582.502526
59.099294,6,7583.427034
59.099294,6,7584.229128
59.099294,6,7585.488601
59.099294,6,7586.463232
57.78954,7,7587.911509
59.099294,6,7589.768636
59.099294,6,7591.210263
58.510704,6,7592.093052
57.574733,5,7593.026365
58.510704,6,7593.747361
57.574733,5,7594.816439
58.510704,6,7596.07395
59.099294,6,7596.878401
59.099294,6,7598.274908
59.099294,6,7599.101948
57.967614,5,7600.312098
59.099294,6,7601.635309
58.510704,6,7602.519059
59.099294,6,7603.974155
59.099294,6,7604.78806
58.510704,6,7605.50284
59.099294,6,7605.922272
59.099294,6,7606.642905
57.574733,5,7607.265815
59.099294,6,7607.931566
59.099294,6,7608.883196
59.099294,6,7609.292291
59.099294,6,7609.767834
59.099294,6,7610.149251
59.099294,6,7610.588415
59.099294,6,7611.324886
59.099294,6,7611.713185
57.967614,5,7612.906158
58.510704,6,7613.411203
59.099294,6,7613.853307
59.099294,6,7614.347137
59.099294,6,7614.729069
57.967614,5,7615.095488
58.510704,6,7615.651633
58.510704,6,7616.06723
58.510704,6,7616.496873
57.574733,5,7616.988345
57.574733,5,7617.701429
58.510704,6,7618.722823
58.510704,6,7619.215573
59.099294,6,7619.537831
59.099294,6,7620.194879
59.099294,6,7620.745847
58.510704,6,7621.160674
59.099294,6,7621.805862
59.099294,6,7622.124724
59.099294,6,7622.605762
59.099294,6,7623.294978
58.510704,6,7623.966656
57.574733,5,7624.452664
58.510704,6,7625.052095
58.510704,6,7625.461604
59.099294,6,7626.108476
59.099294,6,7626.474923
57.574733,5,7626.850262
59.099294,6,7627.49264
59.099294,6,7627.862964
59.099294,6,7628.553815
59.099294,6,7629.108821
59.099294,6,7630.142184
58.510704,6,7630.555709
58.510704,6,7631.031156
58.510704,6,7631.381283
58.510704,6,7632.025681
59.099294,6,7632.46501
58.510704,6,7632.952592
59.099294,6,7633.686784
57.574733,5,7634.392537
59.099294,6,7635.491256
59.099294,6,7636.45726
59.099294,6,7637.351629
59.099294,6,7638.495435
57.967614,5,7639.54055
59.099294,6,7640.449774
57.574733,5,7641.09702
59.099294,6,7641.675995
57.066154,7,7642.265007
59.099294,6,7643.121971
59.099294,6,7644.647243
59.099294,6,7645.498445
59.099294,6,7646.896795
59.099294,6,7648.153502
59.099294,6,7648.980423
59.099294,6,7650.197037
58.510704,6,7651.034079
57.574733,5,7652.188749
57.574733,5,7652.986777
59.099294,6,7654.319118
59.099294,6,7655.925906
59.099294,6,7656.894074
58.510704,6,7657.808856
59.099294,6,7659.225241
59.099294,6,7660.825233
58.510704,6,7661.648617
58.510704,6,7663.02422
59.099294,6,7665.297393
57.574733,5,7666.53676
57.967614,5,7667.538483
58.510704,6,7668.421546
58.510704,6,7669.241242
58.510704,6,7670.065593
59.099294,6,7671.132119
59.099294,6,7671.464223
57.967614,5,7671.995454
59.099294,6,7672.417822
58.510704,6,7672.797252
-7.032386,5,7673.71225
58.510704,6,7674.029407
58.510704,6,7674.43447
58.510704,6,7674.883643
58.510704,6,7675.401169
57.967614,5,7675.773398
58.510704,6,7676.113879
57.967614,5,7676.550125
59.099294,6,7677.111134
58.510704,6,7677.453965
57.574733,5,7677.950662
58.510704,6,7678.409285
59.099294,6,7678.782866
59.099294,6,7679.464058
57.574733,5,7680.046669
58.510704,6,7680.43446
59.099294,6,7680.704146
58.510704,6,7680.971613
59.099294,6,7681.377328
59.099294,6,7681.824697
57.574733,5,7682.254077
58.510704,6,7682.689439
58.510704,6,7683.171204
59.099294,6,7683.644815
59.099294,6,7684.094741
59.099294,6,7684.501547
57.574733,5,7685.134119
59.099294,6,7685.395632
59.099294,6,7685.679335
57.574733,5,7686.25851
57.967614,5,7686.772206
59.099294,6,7687.504435
59.099294,6,7687.844492
59.099294,6,7688.450513
58.510704,6,7688.83012
59.099294,6,7689.265097
58.510704,6,7689.797079
58.510704,6,7690.147265
59.099294,6,7690.638029
57.574733,5,7690.916558
57.967614,5,7691.493552
59.099294,6,7691.860025
57.967614,5,7692.18884
58.510704,6,7692.494907
58.510704,6,7692.96997
59.099294,6,7693.593988
59.099294,6,7694.029349
58.510704,6,7694.360934
59.099294,6,7694.716017
57.574733,5,7695.056823
59.099294,6,7695.648092
59.099294,6,7696.161388
58.510704,6,7696.568402
59.099294,6,7696.868584
57.967614,5,7697.236486
58.510704,6,7697.761886
57.574733,5,7698.119748
59.099294,6,7698.598404
57.967614,5,7699.111388
57.967614,5,7699.418742
59.099294,6,7699.857778
57.967614,5,7700.216758
57.574733,5,7700.536291
59.099294,6,7701.061881
57.967614,5,7701.664365
-5.900706,6,7702.061795
57.574733,5,7702.473238
58.510704,6,7702.802366
59.099294,6,7703.264789
59.099294,6,7704.112933
59.099294,6,7704.746264
57.967614,5,7705.416054
59.099294,6,7705.992634
59.099294,6,7706.31
59.099294,6,7706.757714
59.099294,6,7707.532222
59.099294,6,7707.829911
58.510704,6,7708.264498
58.510704,6,7708.739955
58.510704,6,7709.27387
57.967614,5,7709.870869
57.574733,5,7710.596501
-7.032386,5,7711.77646
59.099294,6,7713.00791
58.510704,6,7713.786391
59.099294,6,7715.140969
59.099294,6,7716.596823
59.099294,6,7717.596201
58.510704,6,7718.172669
57.967614,5,7719.073372
57.574733,5,7719.956692
57.574733,5,7720.677271
59.099294,6,7721.730723
57.967614,5,7722.762965
57.574733,5,7723.762684
58.510704,6,7724.382397
59.099294,6,7725.5241
59.099294,6,7726.722042
57.967614,5,7727.441629
58.510704,6,7728.184257
59.099294,6,7728.963975
59.099294,6,7730.168048
58.510704,6,7730.9921
59.099294,6,7732.273489
57.967614,5,7733.200233
59.099294,6,7734.520679
59.099294,6,7735.430261
57.967614,5,7736.487191
57.967614,5,7737.385855
58.510704,6,7738.314606
57.967614,5,7739.500173
59.099294,6,7740.882805
57.574733,5,7742.033574
59.099294,6,7742.879983
57.967614,5,7744.313492
58.510704,6,7744.864246
57.574733,5,7745.462082
59.099294,6,7746.147711
59.099294,6,7746.965159
57.574733,5,7747.570711
59.099294,6,7748.575354
58.510704,6,7749.63842
59.099294,6,7750.333046
57.967614,5,7751.067438
59.099294,6,7751.864866
57.967614,5,7752.628175
58.510704,6,7753.780152
57.967614,5,7754.403106
59.099294,6,7754.725153
58.510704,6,7755.048104
59.099294,6,7755.59142
57.574733,5,7756.209809
57.967614,5,7756.852684
57.574733,5,7757.297292
59.099294,6,7757.743132
59.099294,6,7758.11291
57.574733,5,7758.585256
59.099294,6,7759.504745
58.510704,6,7760.325595
57.574733,5,7760.885998
57.967614,5,7761.649825
58.510704,6,7762.213117
59.099294,6,7762.892146
59.099294,6,7764.008677
58.510704,6,7764.643187
57.967614,5,7765.385536
57.967614,5,7765.961045
57.574733,5,7766.621584
59.099294,6,7767.179229
59.099294,6,7767.792872
57.967614,5,7768.445691
59.099294,6,7768.927451
59.099294,6,7769.480503
-7.425267,5,7770.028395
58.510704,6,7770.460882
59.099294,6,7770.972647
59.099294,6,7771.272958
58.510704,6,7771.808286
59.099294,6,7772.231132
57.967614,5,7772.603571
59.099294,6,7773.266036
57.967614,5,7773.693589
59.099294,6,7774.528597
58.510704,6,7774.939799
59.099294,6,7775.259476
59.099294,6,7775.797992
59.099294,6,7776.999486
59.099294,6,7777.304785
59.099294,6,7777.929785
58.510704,6,7778.356002
59.099294,6,7778.915914
58.510704,6,7779.249028
58.510704,6,7779.617342
59.099294,6,7780.294843
58.510704,6,7780.65594
57.066154,7,7781.230634
59.099294,6,7781.836575
59.099294,6,7782.682137
58.510704,6,7783.410843
59.099294,6,7784.193344
58.510704,6,7784.590151
57.574733,5,7785.006339
59.099294,6,7785.473546
59.099294,6,7785.880482
57.967614,5,7786.418196
59.099294,6,7786.736274
57.967614,5,7787.354552
57.967614,5,7787.66438
59.099294,6,7788.128947
58.510704,6,7788.805047
59.099294,6,7789.54277
57.574733,5,7790.380687
57.574733,5,7790.933684
58.510704,6,7791.580229
59.099294,6,7792.335587
57.967614,5,7793.160655
59.099294,6,7794.204023
57.967614,5,7795.259668
59.099294,6,7796.186543
59.099294,6,7796.798426
59.099294,6,7797.304704
57.574733,5,7798.106813
57.967614,5,7798.893003
59.099294,6,7799.963929
57.574733,5,7800.811001
57.967614,5,7801.743373
58.510704,6,7802.708641
59.099294,6,7803.443355
57.967614,5,7804.344348
57.574733,5,7805.25443
59.099294,6,7806.593035
59.099294,6,7807.373024
59.099294,6,7808.151307
59.099294,6,7809.573839
-5.900706,6,7810.968621
57.574733,5,7811.760494
58.510704,6,7812.296159
57.967614,5,7813.098042
58.510704,6,7813.876336
59.099294,6,7814.464644
59.099294,6,7815.734774
58.510704,6,7816.99901
59.099294,6,7818.344798
58.510704,6,7819.144525
57.574733,5,7820.211507
58.510704,6,7821.029656
59.099294,6,7822.446339
59.099294,6,7823.396529
59.099294,6,7824.759286
59.099294,6,7825.65357
58.510704,6,7826.445566
59.099294,6,7827.56286
57.967614,5,7828.479768
59.099294,6,7829.256591
59.099294,6,7829.984609
59.099294,6,7831.186038
57.967614,5,7831.994196
57.574733,5,7832.509177
58.510704,6,7833.183236
59.099294,6,7834.04259
59.099294,6,7834.585331
59.099294,6,7835.421394
57.574733,5,7836.235308
57.967614,5,7836.720763
58.510704,6,7837.313197
58.510704,6,7837.900234
59.099294,6,7838.319259
59.099294,6,7838.995295
57.574733,5,7839.550806
58.510704,6,7840.112639
59.099294,6,7840.615601
59.099294,6,7841.334703
59.099294,6,7841.925809
59.099294,6,7842.443075
59.099294,6,7843.508998
58.510704,6,7843.946729
59.099294,6,7844.553353
59.099294,6,7845.371098
59.099294,6,7846.751484
57.967614,5,7847.774162
57.967614,5,7848.27379
57.574733,5,7848.651911
57.574733,5,7849.119001
59.099294,6,7849.648882
59.099294,6,7850.724223
59.099294,6,7851.948594
59.099294,6,7852.854697
59.099294,6,7854.101987
59.099294,6,7854.737064
59.099294,6,7855.584914
58.510704,6,7856.280975
58.510704,6,7856.799839
58.510704,6,7857.289352
59.099294,6,7857.806466
58.510704,6,7858.271992
59.099294,6,7858.856399
59.099294,6,7859.187279
59.099294,6,7859.66863
59.099294,6,7860.228924
59.099294,6,7860.837348
57.574733,5,7861.668032
59.099294,6,7862.085756
59.099294,6,7862.556421
59.099294,6,7863.154735
58.510704,6,7863.511585
57.967614,5,7863.91363
58.510704,6,7864.287864
59.099294,6,7864.743769
59.099294,6,7865.197117
59.099294,6,7865.731819
57.967614,5,7866.089499
58.510704,6,7866.60426
59.099294,6,7867.186261
59.099294,6,7867.491856
57.574733,5,7867.896471
58.510704,6,7868.405479
57.574733,5,7868.940925
57.967614,5,7869.620365
58.510704,6,7870.136134
58.510704,6,7870.811992
58.510704,6,7871.300179
59.099294,6,7872.202654
57.574733,5,7873.167979
58.510704,6,7874.053423
58.510704,6,7874.847809
57.574733,5,7875.942804
58.510704,6,7876.914402
59.099294,6,7877.616069
59.099294,6,7878.267029
57.967614,5,7878.993225
59.099294,6,7879.702168
59.099294,6,7880.682463
58.510704,6,7881.716092
58.510704,6,7882.366577
58.510704,6,7882.93731
57.967614,5,7883.866684
59.099294,6,7885.289382
59.099294,6,7886.328483
59.099294,6,7887.247804
57.574733,5,7888.290761
58.510704,6,7888.974885
59.099294,6,7889.640438
59.099294,6,7890.551294
57.967614,5,7891.185615
59.099294,6,7892.154304
57.967614,5,7892.774353
59.099294,6,7893.50157
57.574733,5,7894.18313
59.099294,6,7894.838383
59.099294,6,7895.479821
58.510704,6,7895.849519
57.967614,5,7896.64728
59.099294,6,7897.193412
59.099294,6,7897.915578
59.099294,6,7898.931754
58.510704,6,7899.675894
57.967614,5,7900.303108
58.510704,6,7900.871763
59.099294,6,7901.660362
58.510704,6,7902.28005
59.099294,6,7903.235955
57.574733,5,7904.047596
59.099294,6,7904.966124
57.967614,5,7906.162196
-7.032386,5,7907.470584
-5.900706,6,7908.248082
59.099294,6,7909.03769
57.967614,5,7909.855379
58.510704,6,7911.382735
59.099294,6,7912.975728
58.510704,6,7913.886787
58.510704,6,7914.450039
57.574733,5,7915.173201
58.510704,6,7915.710974
59.099294,6,7916.38167
57.574733,5,7916.837536
59.099294,6,7917.486145
59.099294,6,7917.923531
58.510704,6,7918.587517
57.574733,5,7918.91107
59.099294,6,7919.769945
58.510704,6,7920.439903
58.510704,6,7921.363441
57.78954,7,7922.408396
58.510704,6,7923.595007
59.099294,6,7924.561019
58.510704,6,7925.381034
57.574733,5,7926.07978
57.574733,5,7926.447822
59.099294,6,7927.111187
59.099294,6,7928.000976
59.099294,6,7928.985848
59.099294,6,7929.51446
58.510704,6,7930.102686
59.099294,6,7930.811985
58.510704,6,7931.198456
59.099294,6,7931.781184
59.099294,6,7932.106527
58.510704,6,7932.758378
57.574733,5,7933.780214
58.510704,6,7934.721541
59.099294,6,7935.587476
57.574733,5,7936.490367
57.574733,5,7937.367533
59.099294,6,7938.984979
59.099294,6,7940.202059
58.510704,6,7941.384554
57.967614,5,7942.136718
57.574733,5,7942.821939
59.099294,6,7943.928724
59.099294,6,7944.797442
57.967614,5,7946.530876
58.510704,6,7947.507945
59.099294,6,7948.723681
59.099294,6,7949.916419
57.574733,5,7951.278165
59.099294,6,7952.17469
59.099294,6,7953.712945
58.510704,6,7955.332316
57.574733,5,7956.482616
58.510704,6,7957.675776
57.967614,5,7958.5936
58.510704,6,7959.587927
59.099294,6,7960.751225
59.099294,6,7961.328226
59.099294,6,7961.865723
59.099294,6,7963.125514
59.099294,6,7964.351484
58.510704,6,7965.003024
58.510704,6,7965.491296
59.099294,6,7966.027367
59.099294,6,7966.651888
58.510704,6,7967.184548
57.574733,5,7967.826706
59.099294,6,7968.733092
59.099294,6,7969.283242
59.099294,6,7970.06968
59.099294,6,7970.441974
58.510704,6,7970.887751
57.574733,5,7971.391007
57.967614,5,7972.298485
59.099294,6,7973.541907
59.099294,6,7974.320766
58.510704,6,7974.95643
58.510704,6,7975.745723
59.099294,6,7976.483192
59.099294,6,7977.070874
57.967614,5,7977.525686
58.510704,6,7978.282885
57.574733,5,7978.963557
59.099294,6,7979.545862
58.510704,6,7980.11896
57.967614,5,7980.887721
59.099294,6,7981.675726
59.099294,6,7982.618748
57.967614,5,7983.303575
58.510704,6,7983.995149
57.574733,5,7984.593859
59.099294,6,7985.147791
58.510704,6,7985.834957
59.099294,6,7986.552987
58.510704,6,7987.06332
59.099294,6,7987.53629
59.099294,6,7987.924459
57.967614,5,7988.607178
58.510704,6,7989.008809
59.099294,6,7989.569348
59.099294,6,7990.042
59.099294,6,7990.679232
57.574733,5,7991.117413
57.967614,5,7991.659184
58.510704,6,7992.206807
58.510704,6,7992.638529
59.099294,6,7993.129405
59.099294,6,7993.502357
58.510704,6,7993.836207
57.967614,5,7994.199658
59.099294,6,7994.65139
58.510704,6,7995.283122
59.099294,6,7995.865735
59.099294,6,7996.330096
59.099294,6,7996.922821
59.099294,6,7997.875317
59.099294,6,7998.453383
58.510704,6,7999.354897
59.099294,6,7999.751627
59.099294,6,8000.515479
59.099294,6,8000.952699
57.967614,5,8001.494521
57.967614,5,8002.014649
58.510704,6,8002.4236
57.967614,5,8003.337755
59.099294,6,8004.290118
58.510704,6,8005.392133
58.510704,6,8006.621282
59.099294,6,8007.435709
57.967614,5,8008.164603
58.510704,6,8008.956617
57.574733,5,8009.722464
59.099294,6,8010.179621
58.510704,6,8010.408941
57.574733,5,8010.715113
58.510704,6,8011.033282
57.967614,5,8011.329827
57.967614,5,8011.593642
59.099294,6,8011.886089
58.510704,6,8012.069822
59.099294,6,8012.224291
57.574733,5,8012.477418
59.099294,6,8012.677333
59.099294,6,8012.942328
58.510704,6,8013.130063
59.099294,6,8013.352732
59.099294,6,8013.515876
58.510704,6,8013.678921
57.967614,5,8014.006402
59.099294,6,8014.169264
59.099294,6,8014.336591
58.510704,6,8014.494899
59.099294,6,8014.716615
59.099294,6,8014.878721
59.099294,6,8015.165577
59.099294,6,8015.414679
57.574733,5,8015.672039
59.099294,6,8015.92381
59.099294,6,8016.121877
58.510704,6,8016.386503
57.574733,5,8016.555793
57.967614,5,8016.815566
58.510704,6,8017.00053
58.510704,6,8017.168692
57.574733,5,8017.468144
58.510704,6,8017.755934
59.099294,6,8017.954947
57.967614,5,8018.149256
58.510704,6,8018.420765
59.099294,6,8018.602387
59.099294,6,8018.873715
58.510704,6,8019.139442
-5.900706,6,8019.604161
58.510704,6,8019.895922
59.099294,6,8020.630221
59.099294,6,8021.405214
57.574733,5,8021.918024
59.099294,6,8022.573006
59.099294,6,8023.14974
57.967614,5,8023.524564
57.967614,5,8024.070038
59.099294,6,8024.679952
58.510704,6,8025.250199
59.099294,6,8025.535801
59.099294,6,8025.99345
58.510704,6,8026.523444
57.967614,5,8026.916129
59.099294,6,8027.54892
57.574733,5,8027.832121
-7.032386,5,8029.004058
-5.900706,6,8029.981514
58.510704,6,8030.264236
59.099294,6,8030.727331
59.099294,6,8031.090048
58.510704,6,8031.612185
57.967614,5,8031.895784
59.099294,6,8032.500091
59.099294,6,8033.138251
-7.425267,5,8033.557777
58.510704,6,8033.964061
58.510704,6,8034.288953
59.099294,6,8035.133678
59.099294,6,8035.906605
59.099294,6,8037.060102
57.967614,5,8037.366418
58.510704,6,8037.576424
59.099294,6,8038.004547
59.099294,6,8038.308933
58.510704,6,8038.478463
58.510704,6,8038.651871
59.099294,6,8039.007109
59.099294,6,8039.902052
59.099294,6,8041.034804
58.510704,6,8041.600729
57.574733,5,8042.330259
59.099294,6,8042.962524
59.099294,6,8043.556482
59.099294,6,8044.277113
59.099294,6,8045.262735
57.967614,5,8046.131244
59.099294,6,8046.859623
59.099294,6,8047.869237
58.510704,6,8049.232886
58.510704,6,8049.857727
59.099294,6,8050.429777
59.099294,6,8051.05033
59.099294,6,8051.874253
57.967614,5,8052.54504
59.099294,6,8053.4876
58.510704,6,8053.926878
58.510704,6,8054.326775
59.099294,6,8054.693308
59.099294,6,8055.086841
57.967614,5,8055.947073
58.510704,6,8056.699013
57.574733,5,8057.189186
57.967614,5,8057.963194
58.510704,6,8058.294329
59.099294,6,8059.034266
57.574733,5,8059.542281
58.510704,6,8060.056118
59.099294,6,8060.893348
57.967614,5,8061.566306
59.099294,6,8062.362209
57.574733,5,8062.904458
59.099294,6,8063.840466
59.099294,6,8064.198274
57.574733,5,8065.026933
59.099294,6,8065.662127
59.099294,6,8066.899783
57.574733,5,8067.796983
58.510704,6,8068.414076
59.099294,6,8069.648681
59.099294,6,8070.731534
59.099294,6,8071.870983
58.510704,6,8072.659826
57.574733,5,8073.474689
58.510704,6,8074.328239
59.099294,6,8075.739726
57.574733,5,8076.851505
59.099294,6,8078.34266
57.967614,5,8079.336161
58.510704,6,8079.834311
57.967614,5,8080.633736
57.574733,5,8081.168024
57.574733,5,8081.58781
57.574733,5,8082.143224
57.574733,5,8082.973128
57.574733,5,8083.768599
59.099294,6,8084.439701
59.099294,6,8084.965267
57.967614,5,8085.607535
58.510704,6,8086.289601
58.510704,6,8086.966304
58.510704,6,8087.64341
59.099294,6,8088.570289
59.099294,6,8089.31739
58.510704,6,8089.681073
59.099294,6,8090.011363
57.967614,5,8090.647287
59.099294,6,8091.25954
58.510704,6,8091.941978
58.510704,6,8092.410517
59.099294,6,8092.757498
59.099294,6,8093.464723
59.099294,6,8094.017407
57.967614,5,8094.494225
57.967614,5,8094.925475
57.967614,5,8095.521077
58.510704,6,8095.923995
59.099294,6,8096.636068
59.099294,6,8097.470328
59.099294,6,8098.227404
59.099294,6,8098.995179
59.099294,6,8099.480067
57.574733,5,8100.071582
59.099294,6,8100.747029
59.099294,6,8101.374093
58.510704,6,8101.97661
59.099294,6,8102.551632
58.510704,6,8103.156807
58.510704,6,8103.631788
59.099294,6,8104.694753
59.099294,6,8105.438292
57.066154,7,8106.281268
59.099294,6,8106.808544
59.099294,6,8107.396617
59.099294,6,8107.701657
57.066154,7,8108.383807
59.099294,6,8108.880034
57.574733,5,8109.336978
58.510704,6,8109.899477
59.099294,6,8110.691782
59.099294,6,8111.178011
58.510704,6,8111.594825
57.574733,5,8112.187646
58.510704,6,8112.53565
57.574733,5,8113.117562
59.099294,6,8113.749223
57.574733,5,8114.233757
59.099294,6,8114.738551
57.967614,5,8115.234632
58.510704,6,8115.723527
59.099294,6,8116.306577
57.967614,5,8116.62099
58.510704,6,8117.017855
57.967614,5,8117.594941
59.099294,6,8117.935806
59.099294,6,8118.227952
-5.900706,6,8118.71313
59.099294,6,8119.061789
59.099294,6,8119.601798
59.099294,6,8120.221356
59.099294,6,8120.668609
57.574733,5,8121.261395
59.099294,6,8122.413517
58.510704,6,8123.055164
57.967614,5,8123.964493
58.510704,6,8124.756547
57.967614,5,8125.9535
59.099294,6,8127.313315
59.099294,6,8128.111785
59.099294,6,8128.935125
59.099294,6,8129.826463
58.510704,6,8130.922581
58.510704,6,8131.988528
59.099294,6,8133.312658
57.967614,5,8134.235514
59.099294,6,8135.393651
58.510704,6,8136.3343
57.967614,5,8137.56513
57.967614,5,8138.521982
59.099294,6,8139.481353
59.099294,6,8140.927554
59.099294,6,8142.526104
59.099294,6,8143.556528
57.967614,5,8144.712848
59.099294,6,8146.623937
59.099294,6,8147.817758
57.574733,5,8148.840958
59.099294,6,8149.696075
59.099294,6,8150.323891
57.967614,5,8151.029346
58.510704,6,8151.742526
59.099294,6,8152.927922
57.574733,5,8153.946504
57.967614,5,8154.69177
57.967614,5,8155.660732
59.099294,6,8156.516001
59.099294,6,8157.349123
59.099294,6,8158.31287
58.510704,6,8158.955844
57.967614,5,8159.724061
59.099294,6,8160.576987
59.099294,6,8161.399637
58.510704,6,8162.286317
59.099294,6,8163.621852
58.510704,6,8164.127223
59.099294,6,8164.582304
58.510704,6,8165.075533
57.967614,5,8165.703158
59.099294,6,8166.517358
57.967614,5,8167.077499
58.510704,6,8167.506459
59.099294,6,8167.928802
59.099294,6,8168.591311
58.510704,6,8169.082571
59.099294,6,8169.907237
59.099294,6,8170.545158
58.510704,6,8171.08179
59.099294,6,8171.732928
58.510704,6,8172.133052
59.099294,6,8172.93336
58.510704,6,8173.584202
57.967614,5,8174.400132
57.574733,5,8174.989463
57.967614,5,8175.484364
59.099294,6,8175.876563
57.967614,5,8176.386724
57.574733,5,8176.942266
59.099294,6,8177.642066
59.099294,6,8177.994456
57.967614,5,8178.905179
59.099294,6,8179.275952
59.099294,6,8179.799864
59.099294,6,8180.222721
57.574733,5,8180.712591
59.099294,6,8181.317622
58.510704,6,8182.198093
59.099294,6,8182.839479
58.510704,6,8183.388939
59.099294,6,8183.936669
58.510704,6,8184.361757
58.510704,6,8184.800739
57.967614,5,8185.206871
59.099294,6,8186.126506
59.099294,6,8186.842189
59.099294,6,8188.121378
58.510704,6,8189.176536
57.574733,5,8190.156325
58.510704,6,8191.384659
59.099294,6,8192.809167
58.510704,6,8193.63278
59.099294,6,8194.508132
58.510704,6,8195.43966
-5.900706,6,8196.398916
57.967614,5,8198.03091
59.099294,6,8199.410515
59.099294,6,8200.396426
59.099294,6,8201.363385
58.510704,6,8202.036193
58.510704,6,8202.722574
57.574733,5,8203.830669
59.099294,6,8205.346617
-5.900706,6,8206.980433
59.099294,6,8207.398069
58.510704,6,8207.742287
57.967614,5,8208.297849
57.066154,7,8208.950742
59.099294,6,8209.655093
59.099294,6,8210.340034
59.099294,6,8211.089056
57.574733,5,8211.673657
59.099294,6,8212.358351
57.967614,5,8212.932714
59.099294,6,8214.015035
58.510704,6,8214.640438
58.510704,6,8215.402315
58.510704,6,8216.006927
57.967614,5,8216.505016
59.099294,6,8216.924258
59.099294,6,8217.308135
58.510704,6,8217.743397
57.967614,5,8218.319487
57.574733,5,8218.814121
58.510704,6,8219.24293
58.510704,6,8219.710946
59.099294,6,8220.346824
57.574733,5,8220.742879
59.099294,6,8221.453407
59.099294,6,8222.217572
59.099294,6,8222.542255
57.967614,5,8222.942678
59.099294,6,8223.633096
59.099294,6,8224.168202
59.099294,6,8225.030878
57.574733,5,8225.617743
58.510704,6,8225.928971
58.510704,6,8226.440418
59.099294,6,8226.831117
59.099294,6,8227.43182
57.967614,5,8227.92827
58.510704,6,8228.246827
59.099294,6,8228.696518
58.510704,6,8229.319006
57.967614,5,8229.688956
58.510704,6,8229.996519
59.099294,6,8230.565897
58.510704,6,8230.996901
57.967614,5,8231.388682
58.510704,6,8231.864387
59.099294,6,8232.166076
59.099294,6,8232.729719
59.099294,6,8233.605592
57.967614,5,8234.093027
59.099294,6,8234.643277
59.099294,6,8235.159381
58.510704,6,8235.522572
-7.425267,5,8235.811179
59.099294,6,8236.411268
58.510704,6,8236.755331
57.967614,5,8237.319309
57.967614,5,8238.188213
58.510704,6,8238.632394
58.510704,6,8238.973837
59.099294,6,8239.466638
58.510704,6,8239.848684
59.099294,6,8240.243274
57.574733,5,8240.650539
59.099294,6,8241.135495
57.574733,5,8241.455859
58.510704,6,8241.837368
59.099294,6,8242.403895
58.510704,6,8242.987535
59.099294,6,8243.648097
57.967614,5,8244.509472
58.510704,6,8244.908813
59.099294,6,8245.683279
57.574733,5,8246.007512
57.574733,5,8246.585718
59.099294,6,8247.233619
59.099294,6,8248.198377
59.099294,6,8249.154312
59.099294,6,8249.940051
58.510704,6,8250.856669
58.510704,6,8251.580508
59.099294,6,8252.674252
58.510704,6,8253.337092
59.099294,6,8254.249028
59.099294,6,8255.473578
57.967614,5,8256.73836
57.967614,5,8257.433282
57.967614,5,8258.269851
59.099294,6,8258.861135
59.099294,6,8259.832505
59.099294,6,8260.408489
58.510704,6,8261.059553
57.967614,5,8261.657971
58.510704,6,8262.317165
57.967614,5,8262.993842
57.574733,5,8263.950864
57.574733,5,8264.837209
59.099294,6,8265.526347
59.099294,6,8266.300151
59.099294,6,8267.707129
59.099294,6,8269.247822
59.099294,6,8270.489199
59.099294,6,8271.527993
57.967614,5,8272.353763
58.510704,6,8273.047966
57.574733,5,8273.843044
59.099294,6,8274.484939
59.099294,6,8275.644062
59.099294,6,8276.659069
57.574733,5,8277.51703
58.510704,6,8278.254833
57.574733,5,8278.975389
59.099294,6,8279.663697
57.574733,5,8280.511683
59.099294,6,8281.429112
59.099294,6,8282.453217
59.099294,6,8283.560835
58.510704,6,8284.364074
59.099294,6,8284.976456
59.099294,6,8286.305396
58.510704,6,8287.113661
59.099294,6,8288.268732
57.967614,5,8289.307912
58.510704,6,8290.150058
59.099294,6,8291.556539
59.099294,6,8292.331512
59.099294,6,8293.30048
59.099294,6,8294.625469
59.099294,6,8295.658154
58.510704,6,8296.288574
57.967614,5,8296.827419
57.574733,5,8297.302709
59.099294,6,8297.830024
58.510704,6,8298.364916
59.099294,6,8298.845103
-7.032386,5,8299.820645
58.510704,6,8300.12447
59.099294,6,8300.420626
58.510704,6,8300.884983
58.510704,6,8301.261649
59.099294,6,8301.593446
57.574733,5,8302.236561
59.099294,6,8302.755778
58.510704,6,8303.45506
59.099294,6,8303.812891
57.574733,5,8304.477957
59.099294,6,8305.266588
57.967614,5,8306.000327
59.099294,6,8306.723103
57.967614,5,8307.547012
59.099294,6,8308.587708
58.510704,6,8309.585477
59.099294,6,8310.262638
58.510704,6,8310.874532
59.099294,6,8311.502932
59.099294,6,8312.62675
-5.900706,6,8313.968424
58.510704,6,8314.421242
59.099294,6,8315.258125
57.967614,5,8316.13335
59.099294,6,8316.615995
57.967614,5,8317.143793
58.510704,6,8317.886059
58.510704,6,8318.823143
57.967614,5,8319.643811
57.967614,5,8320.392793
58.510704,6,8321.201941
58.510704,6,8321.749158
57.574733,5,8322.230944
-10.991283,4,8322.721939
59.099294,6,8323.794301
-7.032386,5,8324.888847
57.967614,5,8325.283061
57.574733,5,8325.727175
59.099294,6,8326.107121
59.099294,6,8326.757092
58.510704,6,8327.362652
59.099294,6,8328.283694
59.099294,6,8328.70161
59.099294,6,8329.450438
58.510704,6,8330.047251
57.574733,5,8330.537219
57.574733,5,8331.169335
57.574733,5,8331.741514
57.967614,5,8332.336887
57.574733,5,8332.978114
57.967614,5,8333.447129
57.574733,5,8334.20405
58.510704,6,8334.696989
58.510704,6,8335.244635
-7.032386,5,8336.354511
59.099294,6,8336.946022
59.099294,6,8338.044474
57.574733,5,8338.805471
57.574733,5,8339.227374
57.574733,5,8339.61147
57.967614,5,8340.348309
59.099294,6,8340.795697
59.099294,6,8341.239213
58.510704,6,8341.591106
59.099294,6,8342.130796
57.967614,5,8342.654531
57.574733,5,8343.018193
59.099294,6,8343.595956
59.099294,6,8344.09887
59.099294,6,8344.701716
59.099294,6,8345.859671
59.099294,6,8347.318647
58.510704,6,8348.222565
57.967614,5,8349.104664
59.099294,6,8350.259528
58.510704,6,8350.997655
59.099294,6,8351.736244
59.099294,6,8353.09475
59.099294,6,8354.42631
57.574733,5,8355.180423
57.967614,5,8355.842887
59.099294,6,8357.009289
59.099294,6,8358.301437
58.510704,6,8359.679263
59.099294,6,8360.590961
58.510704,6,8361.362462
59.099294,6,8362.528023
59.099294,6,8363.320529
59.099294,6,8363.786883
57.574733,5,8364.340691
59.099294,6,8365.121951
57.574733,5,8365.713288
59.099294,6,8366.46576
59.099294,6,8367.058689
58.510704,6,8367.454257
58.510704,6,8367.88861
58.510704,6,8368.864939
59.099294,6,8369.392019
57.574733,5,8369.996595
59.099294,6,8370.472042
59.099294,6,8370.668865
57.967614,5,8370.8631
59.099294,6,8371.224591
59.099294,6,8371.49099
59.099294,6,8371.727623
59.099294,6,8371.983055
59.099294,6,8372.24242
59.099294,6,8373.426338
59.099294,6,8374.39597
57.967614,5,8375.401386
58.510704,6,8376.203074
59.099294,6,8377.383941
59.099294,6,8378.362866
57.967614,5,8379.133707
57.967614,5,8380.248062
57.967614,5,8381.47885
59.099294,6,8382.602691
57.066154,7,8384.321757
59.099294,6,8385.708211
57.967614,5,8386.242108
58.510704,6,8386.68107
57.574733,5,8387.538302
59.099294,6,8388.032684
58.510704,6,8388.602792
59.099294,6,8389.086907
59.099294,6,8389.629186
57.967614,5,8390.244071
59.099294,6,8390.892714
57.574733,5,8391.417171
59.099294,6,8391.858608
57.967614,5,8392.428007
59.099294,6,8393.233584
59.099294,6,8394.46718
59.099294,6,8395.669229
59.099294,6,8396.625501
59.099294,6,8396.989511
59.099294,6,8397.998327
57.967614,5,8398.624768
58.510704,6,8399.138659
58.510704,6,8399.560464
57.967614,5,8400.230025
59.099294,6,8400.584156
58.510704,6,8401.248625
59.099294,6,8401.738938
59.099294,6,8403.605559
58.510704,6,8404.334968
58.510704,6,8405.622985
59.099294,6,8406.760259
57.967614,5,8407.639879
59.099294,6,8408.005012
57.967614,5,8408.519783
59.099294,6,8409.267726
59.099294,6,8409.744637
58.510704,6,8410.25534
59.099294,6,8411.041712
59.099294,6,8412.298677
59.099294,6,8413.571646
58.510704,6,8414.322351
59.099294,6,8415.555683
57.574733,5,8416.658556
59.099294,6,8417.975349
59.099294,6,8418.582887
59.099294,6,8419.624657
58.510704,6,8420.403108
59.099294,6,8421.92013
57.967614,5,8422.841406
57.967614,5,8424.157029
59.099294,6,8425.505384
58.510704,6,8426.511247
59.099294,6,8427.511084
59.099294,6,8429.210846
59.099294,6,8430.116179
59.099294,6,8431.19907
59.099294,6,8431.872434
59.099294,6,8432.81675
57.967614,5,8433.413081
59.099294,6,8434.309064
59.099294,6,8434.95195
57.574733,5,8435.663715
59.099294,6,8436.55789
58.510704,6,8437.173069
57.574733,5,8438.346871
59.099294,6,8439.736072
57.967614,5,8440.714806
59.099294,6,8441.182195
58.510704,6,8441.747952
57.574733,5,8442.309325
57.574733,5,8442.94269
59.099294,6,8444.045761
58.510704,6,8444.595059
59.099294,6,8445.528307
58.510704,6,8445.990726
58.510704,6,8446.726573
58.510704,6,8447.307127
58.510704,6,8448.08717
57.574733,5,8448.979661
58.510704,6,8449.825689
57.574733,5,8450.492763
59.099294,6,8451.139198
59.099294,6,8451.666456
59.099294,6,8452.321128
59.099294,6,8453.137825
59.099294,6,8454.000134
59.099294,6,8455.209324
59.099294,6,8456.15967
59.099294,6,8457.057517
58.510704,6,8458.311146
59.099294,6,8459.235059
59.099294,6,8460.332181
58.510704,6,8460.852956
58.510704,6,8461.256946
58.510704,6,8461.840988
-6.489296,6,8462.41218
59.099294,6,8462.945492
58.510704,6,8463.480756
58.510704,6,8464.047743
59.099294,6,8464.631515
59.099294,6,8465.411228
59.099294,6,8466.230443
59.099294,6,8466.760448
57.967614,5,8467.492219
57.574733,5,8467.979599
59.099294,6,8468.656838
58.510704,6,8469.41645
58.510704,6,8470.045823
57.574733,5,8470.425361
59.099294,6,8470.98124
58.510704,6,8471.279937
59.099294,6,8471.735575
59.099294,6,8472.104945
59.099294,6,8472.498451
57.967614,5,8472.83988
59.099294,6,8473.391473
58.510704,6,8473.727912
59.099294,6,8474.004037
59.099294,6,8474.571116
-6.489296,6,8475.445596
59.099294,6,8476.022479
58.510704,6,8477.396153
58.510704,6,8478.234191
57.967614,5,8479.155779
58.510704,6,8479.928276
57.574733,5,8480.941816
57.574733,5,8481.651931
59.099294,6,8482.298243
58.510704,6,8483.203214
59.099294,6,8483.923709
59.099294,6,8484.809119
59.099294,6,8485.38993
57.967614,5,8485.963541
59.099294,6,8487.09414
59.099294,6,8488.063235
59.099294,6,8489.431748
59.099294,6,8490.674637
58.510704,6,8491.506141
59.099294,6,8492.545048
59.099294,6,8493.434721
59.099294,6,8494.571154
59.099294,6,8495.57632
58.510704,6,8496.560033
57.574733,5,8497.509182
58.510704,6,8498.393224
57.574733,5,8499.410436
58.510704,6,8500.094995
59.099294,6,8501.157194
58.510704,6,8501.583092
58.510704,6,8502.174985
59.099294,6,8502.623583
57.574733,5,8503.264196
59.099294,6,8504.143597
57.967614,5,8504.640695
58.510704,6,8504.985389
57.574733,5,8505.551099
58.510704,6,8505.895314
59.099294,6,8506.308555
59.099294,6,8506.840747
58.510704,6,8507.35336
58.510704,6,8507.789359
58.510704,6,8508.262585
57.967614,5,8508.869365
57.967614,5,8509.274942
59.099294,6,8509.774915
59.099294,6,8510.322133
-5.900706,6,8510.715208
59.099294,6,8511.238656
57.967614,5,8511.69993
59.099294,6,8512.319176
59.099294,6,8512.743165
59.099294,6,8513.294098
59.099294,6,8513.857639
59.099294,6,8514.455393
59.099294,6,8514.841915
57.967614,5,8515.337079
59.099294,6,8515.7667
57.574733,5,8516.329622
59.099294,6,8516.856416
57.967614,5,8517.205704
59.099294,6,8517.731091
59.099294,6,8518.180283
59.099294,6,8518.491093
59.099294,6,8518.881324
59.099294,6,8519.316958
58.510704,6,8519.840991
59.099294,6,8520.246514
58.510704,6,8520.906323
59.099294,6,8521.433265
59.099294,6,8521.769231
59.099294,6,8522.305257
59.099294,6,8522.79661
57.574733,5,8523.131136
58.510704,6,8523.697034
59.099294,6,8524.219471
59.099294,6,8524.670693
59.099294,6,8525.311318
59.099294,6,8525.834953
59.099294,6,8527.292296
57.967614,5,8528.06942
59.099294,6,8529.105176
57.574733,5,8529.450038
57.574733,5,8529.862211
59.099294,6,8530.190711
58.510704,6,8530.577073
58.510704,6,8531.106924
59.099294,6,8531.424974
58.510704,6,8531.970798
57.967614,5,8532.476336
59.099294,6,8532.867784
58.510704,6,8533.335762
57.967614,5,8533.757028
59.099294,6,8534.360985
58.510704,6,8534.705659
59.099294,6,8535.065365
59.099294,6,8535.448091
59.099294,6,8536.061152
58.510704,6,8536.606782
58.510704,6,8537.179697
59.099294,6,8537.796997
57.967614,5,8538.29163
59.099294,6,8538.842336
59.099294,6,8539.642865
59.099294,6,8540.249562
59.099294,6,8540.707884
58.510704,6,8541.226916
57.967614,5,8541.658622
58.510704,6,8542.297463
58.510704,6,8542.710893
59.099294,6,8543.095334
59.099294,6,8543.430956
59.099294,6,8544.054165
58.510704,6,8544.376848
59.099294,6,8544.690843
59.099294,6,8545.22114
58.510704,6,8545.574671
59.099294,6,8545.932163
59.099294,6,8546.453978
59.099294,6,8546.956056
59.099294,6,8547.72543
58.510704,6,8548.127366
59.099294,6,8548.543571
58.510704,6,8548.902105
58.510704,6,8549.294319
57.574733,5,8549.854296
59.099294,6,8550.228169
59.099294,6,8550.639644
58.510704,6,8550.97332
59.099294,6,8551.336442
59.099294,6,8551.987496
59.099294,6,8552.551729
58.510704,6,8553.074561
59.099294,6,8553.618657
59.099294,6,8554.275325
58.510704,6,8554.624631
58.510704,6,8554.959516
59.099294,6,8555.494405
59.099294,6,8555.983029
58.510704,6,8556.289991
59.099294,6,8556.9778
57.574733,5,8557.832224
57.967614,5,8558.564388
58.510704,6,8558.971056
58.510704,6,8559.323644
57.574733,5,8559.85479
57.967614,5,8560.298001
57.574733,5,8560.742357
58.510704,6,8561.179445
59.099294,6,8561.485935
57.574733,5,8561.818105
59.099294,6,8562.409114
58.510704,6,8562.83716
59.099294,6,8563.519666
59.099294,6,8563.913975
58.510704,6,8564.285464
59.099294,6,8564.735821
58.510704,6,8565.080116
59.099294,6,8565.973094
59.099294,6,8566.502911
59.099294,6,8566.850237
59.099294,6,8567.223333
59.099294,6,8567.658797
57.574733,5,8568.068025
59.099294,6,8568.454003
59.099294,6,8568.767829
57.574733,5,8569.302563
58.510704,6,8569.834679
59.099294,6,8570.163885
58.510704,6,8570.557668
59.099294,6,8571.267105
57.967614,5,8571.787388
59.099294,6,8572.457304
59.099294,6,8572.851783
58.510704,6,8573.284745
59.099294,6,8573.63728
58.510704,6,8574.018276
59.099294,6,8574.344868
59.099294,6,8574.68813
57.967614,5,8575.507343
59.099294,6,8575.997367
59.099294,6,8576.450355
58.510704,6,8576.80174
57.967614,5,8577.148963
59.099294,6,8577.914721
59.099294,6,8578.428377
59.099294,6,8578.801911
58.510704,6,8579.326494
59.099294,6,8579.927356
58.510704,6,8580.266389
59.099294,6,8580.586994
58.510704,6,8581.135808
59.099294,6,8581.705455
59.099294,6,8582.481476
59.099294,6,8582.843319
59.099294,6,8583.439942
58.510704,6,8583.768424
58.510704,6,8584.154641
57.574733,5,8584.593718
59.099294,6,8585.280675
59.099294,6,8585.656394
57.574733,5,8586.212969
57.066154,7,8586.757065
59.099294,6,8587.252512
58.510704,6,8587.747252
58.510704,6,8588.135726
59.099294,6,8588.485874
59.099294,6,8588.872276
57.967614,5,8589.244541
59.099294,6,8589.708591
58.510704,6,8590.083453
57.967614,5,8590.68048
59.099294,6,8591.192051
57.574733,5,8591.703737
58.510704,6,8592.044317
57.574733,5,8592.677748
58.510704,6,8593.123958
59.099294,6,8593.83161
59.099294,6,8594.326928
59.099294,6,8594.879775
58.510704,6,8595.184957
58.510704,6,8595.490829
58.510704,6,8595.914091
59.099294,6,8596.49895
57.574733,5,8596.99996
59.099294,6,8597.650682
59.099294,6,8598.304321
59.099294,6,8598.66557
59.099294,6,8598.943954
59.099294,6,8599.43453
57.574733,5,8599.862233
59.099294,6,8600.408875
57.967614,5,8600.974775
57.967614,5,8601.338944
59.099294,6,8601.789544
59.099294,6,8602.356056
59.099294,6,8602.848114
59.099294,6,8603.44033
59.099294,6,8604.043731
58.510704,6,8604.448805
59.099294,6,8604.941979
59.099294,6,8605.490387
58.510704,6,8605.985098
58.510704,6,8606.558097
58.510704,6,8606.930172
59.099294,6,8607.305298
59.099294,6,8607.719104
57.967614,5,8608.28997
58.510704,6,8608.841048
59.099294,6,8609.324251
58.510704,6,8609.707211
59.099294,6,8610.363866
58.510704,6,8610.74042
59.099294,6,8611.313302
57.574733,5,8611.699153
59.099294,6,8612.248835
57.574733,5,8612.735596
59.099294,6,8613.072633
59.099294,6,8613.460772
59.099294,6,8613.999771
59.099294,6,8615.633044
58.510704,6,8616.083758
59.099294,6,8616.783871
57.574733,5,8617.463032
57.574733,5,8617.868868
59.099294,6,8618.258444
57.967614,5,8618.603333
58.510704,6,8619.047082
57.574733,5,8619.395651
57.574733,5,8619.882301
58.510704,6,8620.524918
58.510704,6,8620.985198
59.099294,6,8621.337366
59.099294,6,8621.689864
59.099294,6,8622.04695
59.099294,6,8622.444197
59.099294,6,8622.822939
58.510704,6,8623.380206
58.510704,6,8623.875455
58.510704,6,8624.176466
59.099294,6,8624.560166
58.510704,6,8625.15461
59.099294,6,8625.510023
57.574733,5,8625.886382
59.099294,6,8626.655809
59.099294,6,8627.322828
59.099294,6,8627.695135
58.510704,6,8627.999735
59.099294,6,8628.415539
59.099294,6,8628.723129
59.099294,6,8629.079291
59.099294,6,8629.608159
58.510704,6,8630.195183
57.574733,5,8630.570653
59.099294,6,8631.059507
59.099294,6,8631.490061
59.099294,6,8631.832912
59.099294,6,8632.379552
59.099294,6,8632.720393
59.099294,6,8633.315602
59.099294,6,8633.784388
59.099294,6,8634.320888
59.099294,6,8634.828419
59.099294,6,8635.717497
59.099294,6,8636.044135
59.099294,6,8636.532823
59.099294,6,8637.278735
59.099294,6,8637.917668
59.099294,6,8638.51954
59.099294,6,8638.872925
58.510704,6,8639.229098
59.099294,6,8639.841268
59.099294,6,8640.325862
58.510704,6,8640.748819
58.510704,6,8641.098581
59.099294,6,8641.487051
59.099294,6,8642.04692
58.510704,6,8642.424615
59.099294,6,8643.214633
59.099294,6,8643.99779
58.510704,6,8644.501574
59.099294,6,8644.934645
59.099294,6,8645.474417
59.099294,6,8646.185909
59.099294,6,8646.714731
59.099294,6,8647.244316
59.099294,6,8647.895751
59.099294,6,8648.338316
58.510704,6,8648.716832
57.574733,5,8649.089764
58.510704,6,8649.681148
59.099294,6,8650.030191
-6.489296,6,8650.363724
59.099294,6,8650.795672
57.574733,5,8651.249711
57.967614,5,8651.891841
58.510704,6,8652.235315
59.099294,6,8652.595036
59.099294,6,8653.06782
59.099294,6,8653.566651
59.099294,6,8654.115288
58.510704,6,8654.668161
58.510704,6,8655.217994
59.099294,6,8655.723001
59.099294,6,8656.264454
57.967614,5,8656.731833
58.510704,6,8657.03766
59.099294,6,8657.557872
59.099294,6,8657.968305
58.510704,6,8658.355376
59.099294,6,8659.021055
57.574733,5,8659.447459
58.510704,6,8659.813833
58.510704,6,8660.40994
58.510704,6,8660.808898
58.510704,6,8661.19279
58.510704,6,8661.572899
57.967614,5,8662.24154
59.099294,6,8662.95321
59.099294,6,8663.399326
59.099294,6,8663.963482
59.099294,6,8664.448239
59.099294,6,8665.021877
58.510704,6,8665.511046
59.099294,6,8665.966669
59.099294,6,8666.533207
57.574733,5,8666.956017
59.099294,6,8667.645578
58.510704,6,8668.248522
59.099294,6,8668.800176
58.510704,6,8669.11487
59.099294,6,8669.603927
59.099294,6,8670.16689
59.099294,6,8670.61768
59.099294,6,8671.064687
58.510704,6,8671.654562
59.099294,6,8671.980186
59.099294,6,8672.535971
58.510704,6,8673.009808
59.099294,6,8673.585969
59.099294,6,8674.218737
58.510704,6,8674.546046
58.510704,6,8675.074267
58.510704,6,8675.49309
58.510704,6,8675.974486
59.099294,6,8676.379634
57.574733,5,8676.77782
57.967614,5,8677.155134
58.510704,6,8677.553062
58.510704,6,8677.893589
59.099294,6,8678.420478
59.099294,6,8678.992508
59.099294,6,8679.5097
59.099294,6,8680.15854
59.099294,6,8680.780424
58.510704,6,8681.163938
59.099294,6,8681.896676
59.099294,6,8682.236598
59.099294,6,8682.732248
59.099294,6,8683.640404
59.099294,6,8684.13683
59.099294,6,8684.581246
58.510704,6,8684.982438
59.099294,6,8685.627662
59.099294,6,8686.179427
-5.900706,6,8686.675988
59.099294,6,8687.156243
58.510704,6,8687.499018
59.099294,6,8688.0636
59.099294,6,8688.399457
58.510704,6,8688.771415
57.574733,5,8689.1815
58.510704,6,8689.481061
58.510704,6,8689.898744
59.099294,6,8690.328505
57.574733,5,8690.682334
59.099294,6,8691.205491
59.099294,6,8691.523758
58.510704,6,8691.909642
59.099294,6,8692.530289
59.099294,6,8693.041585
58.510704,6,8693.411213
59.099294,6,8693.985599
57.574733,5,8694.452349
59.099294,6,8695.039321
57.574733,5,8695.651183
59.099294,6,8696.09161
59.099294,6,8696.690418
59.099294,6,8697.300645
58.510704,6,8697.675673
58.510704,6,8698.043562
58.510704,6,8698.478758
59.099294,6,8698.843752
58.510704,6,8699.560707
57.574733,5,8700.878019
59.099294,6,8701.807352
59.099294,6,8702.696666
59.099294,6,8703.31042
58.510704,6,8704.110075
57.967614,5,8705.045944
59.099294,6,8706.187855
57.574733,5,8707.00299
59.099294,6,8708.251755
58.510704,6,8709.16977
59.099294,6,8710.561592
58.510704,6,8711.142937
59.099294,6,8711.645458
58.510704,6,8712.191818
59.099294,6,8712.844302
59.099294,6,8713.982862
59.099294,6,8714.434001
59.099294,6,8714.778707
58.510704,6,8715.102974
58.510704,6,8715.492698
58.510704,6,8715.901018
59.099294,6,8716.285411
59.099294,6,8716.897141
58.510704,6,8717.560513
59.099294,6,8717.904001
59.099294,6,8718.471391
59.099294,6,8719.145092
58.510704,6,8719.662716
57.967614,5,8720.163844
57.967614,5,8720.919944
58.510704,6,8721.341799
59.099294,6,8722.089774
59.099294,6,8723.068271
59.099294,6,8723.769834
57.574733,5,8724.277873
58.510704,6,8724.79505
59.099294,6,8725.389232
59.099294,6,8725.881256
59.099294,6,8726.584458
59.099294,6,8727.133079
59.099294,6,8727.7129
59.099294,6,8728.196964
57.967614,5,8728.762703
57.574733,5,8729.450921
59.099294,6,8730.042109
-6.489296,6,8730.425541
57.967614,5,8731.06877
-5.900706,6,8731.886172
57.574733,5,8732.41645
59.099294,6,8733.148063
59.099294,6,8733.714571
57.967614,5,8734.08912
59.099294,6,8734.696001
59.099294,6,8735.087211
-5.900706,6,8735.483449
59.099294,6,8736.315783
58.510704,6,8736.643385
59.099294,6,8737.272931
59.099294,6,8737.637505
57.967614,5,8738.060946
58.510704,6,8738.545391
59.099294,6,8738.978384
57.967614,5,8739.568757
59.099294,6,8740.005473
57.574733,5,8740.539747
58.510704,6,8740.898598
59.099294,6,8741.267122
58.510704,6,8741.743299
59.099294,6,8742.219963
59.099294,6,8742.867034
57.574733,5,8743.733279
58.510704,6,8744.465214
57.574733,5,8744.862801
58.510704,6,8745.605055
58.510704,6,8746.466697
59.099294,6,8746.869416
58.510704,6,8747.209833
58.510704,6,8747.659574
59.099294,6,8748.029482
59.099294,6,8748.803688
59.099294,6,8749.290249
59.099294,6,8750.119576
58.510704,6,8750.503183
58.510704,6,8750.925171
59.099294,6,8751.235649
59.099294,6,8751.530105
59.099294,6,8752.182154
59.099294,6,8752.7253
59.099294,6,8753.033316
58.510704,6,8753.698962
59.099294,6,8754.363027
59.099294,6,8754.975487
59.099294,6,8755.837649
58.510704,6,8757.223564
57.967614,5,8758.237811
59.099294,6,8759.284822
58.510704,6,8759.718642
59.099294,6,8760.433341
59.099294,6,8760.888214
59.099294,6,8761.650544
57.967614,5,8762.320656
58.510704,6,8762.837713
59.099294,6,8763.397769
57.574733,5,8763.796426
59.099294,6,8764.176353
-5.900706,6,8765.060054
59.099294,6,8765.444952
58.510704,6,8765.768178
57.967614,5,8766.514922
59.099294,6,8767.742722
59.099294,6,8768.846551
58.510704,6,8769.580992
59.099294,6,8770.286162
59.099294,6,8771.109534
59.099294,6,8771.887028
57.574733,5,8772.57037
59.099294,6,8773.657457
58.510704,6,8774.52713
58.510704,6,8775.821054
-6.489296,6,8776.720671
58.510704,6,8778.110009
58.510704,6,8778.918161
57.967614,5,8779.668881
58.510704,6,8780.716462
59.099294,6,8781.569475
58.510704,6,8782.161088
57.574733,5,8783.128169
59.099294,6,8784.08825
59.099294,6,8784.750241
59.099294,6,8785.899192
59.099294,6,8786.683389
58.510704,6,8787.339626
59.099294,6,8788.149492
58.510704,6,8788.795308
58.510704,6,8789.283997
59.099294,6,8790.693735
59.099294,6,8791.966285
58.510704,6,8792.599364
59.099294,6,8793.547495
58.510704,6,8794.157574
58.510704,6,8794.782249
57.574733,5,8795.304485
-6.489296,6,8795.923524
58.510704,6,8796.387108
-5.900706,6,8797.102428
59.099294,6,8797.838015
59.099294,6,8798.838633
59.099294,6,8799.968131
58.510704,6,8800.460615
58.510704,6,8801.611284
59.099294,6,8802.370409
59.099294,6,8803.047328
58.510704,6,8803.913847
57.574733,5,8804.667465
59.099294,6,8805.53897
58.510704,6,8806.218511
59.099294,6,8806.883746
57.967614,5,8807.515472
59.099294,6,8807.941603
59.099294,6,8808.541138
59.099294,6,8809.078763
59.099294,6,8809.797092
59.099294,6,8810.130298
59.099294,6,8810.70427
59.099294,6,8811.849544
58.510704,6,8812.55402
59.099294,6,8813.426691
59.099294,6,8814.129488
59.099294,6,8815.352732
58.510704,6,8816.332803
59.099294,6,8817.293042
59.099294,6,8818.16713
59.099294,6,8819.046927
58.510704,6,8820.453586
58.510704,6,8821.255642
57.574733,5,8823.476056
57.967614,5,8824.60166
59.099294,6,8826.101525
57.967614,5,8827.287361
59.099294,6,8828.490392
57.574733,5,8829.271357
59.099294,6,8830.148804
59.099294,6,8831.024968
59.099294,6,8831.934313
57.574733,5,8832.944312
58.510704,6,8834.369817
59.099294,6,8835.274572
57.574733,5,8836.019767
59.099294,6,8836.92838
58.510704,6,8837.715309
59.099294,6,8838.968431
59.099294,6,8839.797711
58.510704,6,8840.693471
59.099294,6,8841.531826
58.510704,6,8842.37259
59.099294,6,8843.55847
58.510704,6,8844.542142
58.510704,6,8845.696476
58.510704,6,8846.789813
59.099294,6,8847.380938
-5.900706,6,8848.621212
59.099294,6,8849.648885
59.099294,6,8850.546838
58.510704,6,8851.124289
59.099294,6,8851.782946
58.510704,6,8852.760329
59.099294,6,8853.73909
59.099294,6,8854.472192
59.099294,6,8855.307496
59.099294,6,8856.146577
59.099294,6,8857.060871
59.099294,6,8857.866121
58.510704,6,8858.426408
59.099294,6,8859.411115
59.099294,6,8860.102845
57.967614,5,8860.947481
58.510704,6,8861.753393
59.099294,6,8862.641172
59.099294,6,8863.209278
59.099294,6,8864.032942
59.099294,6,8864.640749
59.099294,6,8865.424643
59.099294,6,8866.461292
58.510704,6,8867.342289
58.510704,6,8867.943621
58.510704,6,8868.450125
59.099294,6,8869.010326
-7.032386,5,8870.144871
58.510704,6,8870.595043
57.574733,5,8871.454935
58.510704,6,8872.169297
57.967614,5,8872.948728
59.099294,6,8873.792027
59.099294,6,8874.480589
59.099294,6,8875.098643
59.099294,6,8875.8298
59.099294,6,8876.301654
59.099294,6,8877.741493
58.510704,6,8878.680609
57.574733,5,8879.613467
59.099294,6,8881.095701
-6.489296,6,8882.003121
58.510704,6,8882.955181
59.099294,6,8883.799144
-6.489296,6,8885.379453
59.099294,6,8886.872309
59.099294,6,8887.923238
58.510704,6,8888.875895
59.099294,6,8890.150434
59.099294,6,8890.9661
59.099294,6,8891.704046
57.967614,5,8892.483786
59.099294,6,8893.399873
58.510704,6,8894.353307
59.099294,6,8895.127677
57.574733,5,8896.201491
59.099294,6,8897.210318
-5.900706,6,8898.656515
59.099294,6,8899.442393
59.099294,6,8900.030016
57.967614,5,8901.044682
58.510704,6,8902.362255
57.967614,5,8903.238529
59.099294,6,8904.549239
59.099294,6,8905.56157
58.510704,6,8906.633445
58.510704,6,8907.734202
59.099294,6,8908.359064
59.099294,6,8908.967703
58.510704,6,8909.46855
59.099294,6,8910.108727
57.967614,5,8910.874037
59.099294,6,8911.959825
57.967614,5,8912.875206
59.099294,6,8914.008139
59.099294,6,8914.674218
59.099294,6,8915.892807
57.574733,5,8916.549664
57.967614,5,8917.288135
59.099294,6,8918.785233
59.099294,6,8919.453722
57.574733,5,8920.328195
59.099294,6,8921.109324
59.099294,6,8922.198827
58.510704,6,8922.827511
57.967614,5,8923.617409
59.099294,6,8924.420585
57.967614,5,8924.940763
58.510704,6,8925.310326
58.510704,6,8925.849555
58.510704,6,8926.457952
58.510704,6,8927.223187
59.099294,6,8927.874796
59.099294,6,8928.691464
57.967614,5,8929.299581
57.574733,5,8930.01097
58.510704,6,8930.390323
59.099294,6,8930.79322
58.510704,6,8931.313467
58.510704,6,8931.77216
58.510704,6,8932.262679
59.099294,6,8932.858825
59.099294,6,8933.371028
59.099294,6,8933.889992
-7.032386,5,8935.58297
58.510704,6,8936.460267
59.099294,6,8937.03814
59.099294,6,8938.163619
58.510704,6,8939.326978
58.510704,6,8940.244664
-6.489296,6,8941.430339
58.510704,6,8942.219732
57.967614,5,8943.694168
59.099294,6,8945.239678
59.099294,6,8946.842929
59.099294,6,8947.84896
59.099294,6,8948.959473
58.510704,6,8949.872866
58.510704,6,8950.780275
57.574733,5,8951.718809
59.099294,6,8952.653168
59.099294,6,8953.650145
59.099294,6,8954.599588
59.099294,6,8955.171057
59.099294,6,8955.797097
59.099294,6,8956.444452
59.099294,6,8957.51033
58.510704,6,8958.150216
58.510704,6,8958.678456
58.510704,6,8959.603016
58.510704,6,8960.228728
57.574733,5,8960.723567
58.510704,6,8961.365307
59.099294,6,8962.139226
59.099294,6,8963.079582
58.510704,6,8963.712144
58.510704,6,8964.463318
59.099294,6,8965.438966
58.510704,6,8966.140604
59.099294,6,8967.01656
59.099294,6,8967.720002
57.574733,5,8968.213824
58.510704,6,8968.909124
58.510704,6,8969.611822
57.967614,5,8970.695752
58.510704,6,8971.367135
57.574733,5,8972.031521
57.574733,5,8972.589671
59.099294,6,8973.455063
-6.489296,6,8974.170616
57.967614,5,8974.983235
59.099294,6,8975.906145
59.099294,6,8976.752104
59.099294,6,8977.533313
59.099294,6,8978.220505
58.510704,6,8978.650043
57.967614,5,8979.483128
57.574733,5,8980.018739
57.967614,5,8980.611135
58.510704,6,8980.986793
59.099294,6,8981.836036
59.099294,6,8982.499806
59.099294,6,8983.711167
58.510704,6,8984.507063
59.099294,6,8985.205303
57.574733,5,8985.60198
59.099294,6,8986.018786
59.099294,6,8986.772694
59.099294,6,8987.601923
-5.900706,6,8988.107858
59.099294,6,8988.998794
59.099294,6,8989.583719
58.510704,6,8990.050256
57.574733,5,8990.486467
59.099294,6,8991.013386
58.510704,6,8991.751982
59.099294,6,8992.35717
57.967614,5,8992.960572
57.574733,5,8993.534797
58.510704,6,8994.01321
59.099294,6,8994.73193
59.099294,6,8995.536203
57.967614,5,8996.509956
59.099294,6,8997.928077
59.099294,6,8998.935603
59.099294,6,9000.418838
59.099294,6,9001.920658
57.574733,5,9003.092009
59.099294,6,9004.713987
58.510704,6,9005.740621
59.099294,6,9007.25069
57.574733,5,9008.393106
59.099294,6,9009.352865
59.099294,6,9010.332749
59.099294,6,9011.342957
-6.489296,6,9013.573456
57.967614,5,9014.327998
57.967614,5,9015.215319
59.099294,6,9016.182844
57.574733,5,9016.921406
59.099294,6,9017.98934
57.967614,5,9018.81025
59.099294,6,9019.462156
58.510704,6,9020.604071
59.099294,6,9021.229417
59.099294,6,9022.175813
58.510704,6,9022.794711
58.510704,6,9023.39633
57.574733,5,9023.84631
59.099294,6,9024.642968
59.099294,6,9025.681636
59.099294,6,9026.839941
59.099294,6,9027.578645
59.099294,6,9028.311518
59.099294,6,9029.371441
58.510704,6,9030.351673
59.099294,6,9031.217219
59.099294,6,9031.997679
58.510704,6,9032.797891
58.510704,6,9033.648119
58.510704,6,9034.110265
58.510704,6,9034.641999
58.510704,6,9035.439328
57.574733,5,9036.515985
57.574733,5,9037.508404
57.574733,5,9038.024627
57.574733,5,9038.926534
58.510704,6,9040.088209
59.099294,6,9040.908128
57.574733,5,9041.594234
58.510704,6,9042.160592
57.574733,5,9042.919919
58.510704,6,9043.807422
57.574733,5,9044.564857
59.099294,6,9045.372927
59.099294,6,9046.266167
59.099294,6,9047.191386
59.099294,6,9048.017696
57.574733,5,9048.324269
58.510704,6,9048.534267
57.967614,5,9048.911415
59.099294,6,9049.293746
59.099294,6,9049.563058
57.967614,5,9049.870284
59.099294,6,9050.047213
57.574733,5,9050.325618
59.099294,6,9050.57027
59.099294,6,9050.830727
59.099294,6,9051.097334
57.574733,5,9051.289987
59.099294,6,9051.500044
58.510704,6,9051.728218
59.099294,6,9051.906586
59.099294,6,9052.156817
57.967614,5,9052.465176
59.099294,6,9052.767525
58.510704,6,9053.032881
59.099294,6,9053.252116
57.574733,5,9053.450522
59.099294,6,9053.734593
58.510704,6,9053.929166
59.099294,6,9054.186426
58.510704,6,9054.463324
59.099294,6,9054.720371
59.099294,6,9054.988378
58.510704,6,9055.191035
59.099294,6,9055.352478
59.099294,6,9055.5088
57.574733,5,9055.708538
59.099294,6,9055.912539
58.510704,6,9056.165614
57.574733,5,9056.359765
59.099294,6,9056.548465
57.967614,5,9056.864635
58.510704,6,9057.03687
59.099294,6,9057.224694
59.099294,6,9057.491695
59.099294,6,9057.680819
59.099294,6,9057.922756
59.099294,6,9058.188408
59.099294,6,9058.368346
58.510704,6,9058.635449
59.099294,6,9058.799961
57.574733,5,9059.078057
58.510704,6,9059.27413
59.099294,6,9059.499932
57.967614,5,9059.675272
58.510704,6,9059.864666
58.510704,6,9060.032261
59.099294,6,9060.264426
57.967614,5,9060.583147
58.510704,6,9060.77426
57.574733,5,9060.96084
59.099294,6,9061.344723
59.099294,6,9061.53423
57.967614,5,9061.850338
59.099294,6,9062.11412
59.099294,6,9062.328838
59.099294,6,9062.563439
59.099294,6,9062.828957
59.099294,6,9063.102469
59.099294,6,9063.391702
57.967614,5,9063.642888
58.510704,6,9063.920113
59.099294,6,9064.098088
58.510704,6,9064.56651
59.099294,6,9064.76898
59.099294,6,9065.02867
57.574733,5,9065.206919
57.967614,5,9065.491566
59.099294,6,9065.768107
59.099294,6,9066.074634
57.574733,5,9066.391376
58.510704,6,9066.665563
58.510704,6,9066.840343
57.967614,5,9067.17239
57.574733,5,9067.430041
59.099294,6,9067.681889
59.099294,6,9067.988048
59.099294,6,9068.254381
-5.900706,6,9068.799843
59.099294,6,9069.06265
59.099294,6,9069.327997
59.099294,6,9069.7221
59.099294,6,9069.982813
59.099294,6,9070.230217
59.099294,6,9070.433836
57.574733,5,9070.616837
58.510704,6,9070.881758
58.510704,6,9072.00601
59.099294,6,9072.253395
59.099294,6,9072.567224
59.099294,6,9072.978314
59.099294,6,9073.256557
59.099294,6,9073.596293
59.099294,6,9073.87737
59.099294,6,9074.051892
59.099294,6,9074.311055
59.099294,6,9074.592155
59.099294,6,9074.893612
59.099294,6,9075.197572
59.099294,6,9075.460114
58.510704,6,9075.701443
59.099294,6,9075.900257
59.099294,6,9076.155874
59.099294,6,9076.40521
59.099294,6,9076.631806
57.574733,5,9076.822965
59.099294,6,9077.084336
57.574733,5,9077.282252
59.099294,6,9077.437583
59.099294,6,9077.751956
58.510704,6,9077.951179
-7.032386,5,9078.424943
59.099294,6,9078.689439
57.574733,5,9079.001588
57.967614,5,9079.287441
59.099294,6,9079.592109
59.099294,6,9079.781211
59.099294,6,9079.949139
59.099294,6,9080.220167
59.099294,6,9080.48557
57.967614,5,9080.758009
59.099294,6,9081.024786
59.099294,6,9081.217303
58.510704,6,9081.473975
59.099294,6,9081.736193
57.574733,5,9081.939077
57.574733,5,9082.124905
59.099294,6,9082.504874
59.099294,6,9082.794951
59.099294,6,9083.056572
59.099294,6,9083.326272
57.574733,5,9083.51511
58.510704,6,9083.705721
59.099294,6,9083.891081
59.099294,6,9084.077136
58.510704,6,9084.241619
59.099294,6,9084.429995
58.510704,6,9084.588894
59.099294,6,9084.856954
59.099294,6,9085.043876
59.099294,6,9085.310956
58.510704,6,9085.51779
59.099294,6,9085.802883
57.574733,5,9086.07074
59.099294,6,9086.355329
59.099294,6,9086.755084
59.099294,6,9087.044467
58.510704,6,9087.305772
59.099294,6,9087.511292
58.510704,6,9087.812761
58.510704,6,9088.003338
59.099294,6,9088.2924
59.099294,6,9088.577479
58.510704,6,9088.754122
59.099294,6,9089.040724
59.099294,6,9089.45184
59.099294,6,9089.738393
59.099294,6,9090.032387
58.510704,6,9090.205642
59.099294,6,9090.384171
58.510704,6,9090.701614
59.099294,6,9091.019784
59.099294,6,9091.345127
58.510704,6,9091.570822
59.099294,6,9091.849075
59.099294,6,9092.033625
57.574733,5,9092.212096
59.099294,6,9092.513658
59.099294,6,9092.811498
57.574733,5,9093.059786
57.574733,5,9093.362779
59.099294,6,9093.67499
58.510704,6,9093.905703
57.967614,5,9094.107623
58.510704,6,9094.31277
59.099294,6,9094.567196
59.099294,6,9094.81322
57.967614,5,9095.052656
58.510704,6,9095.215896
58.510704,6,9095.46404
59.099294,6,9095.754395
57.574733,5,9096.020838
59.099294,6,9096.293715
58.510704,6,9096.604031
59.099294,6,9096.865683
59.099294,6,9097.15797
57.574733,5,9097.422663
59.099294,6,9097.720783
59.099294,6,9097.917066
58.510704,6,9098.113176
59.099294,6,9098.405849
59.099294,6,9098.699338
58.510704,6,9098.862432
59.099294,6,9099.130818
58.510704,6,9099.303262
58.510704,6,9099.512743
59.099294,6,9099.784481
59.099294,6,9100.125715
58.510704,6,9100.311396
59.099294,6,9100.568695
59.099294,6,9100.846632
59.099294,6,9101.159476
57.967614,5,9101.365625
58.510704,6,9101.623317
57.967614,5,9101.867014
57.574733,5,9102.065805
58.510704,6,9102.302944
59.099294,6,9102.564687
59.099294,6,9102.759152
59.099294,6,9102.969636
59.099294,6,9103.400749
59.099294,6,9103.716479
59.099294,6,9103.989346
57.967614,5,9104.341875
59.099294,6,9104.547334
59.099294,6,9104.809626
57.574733,5,9105.097217
58.510704,6,9105.419317
58.510704,6,9105.751126
59.099294,6,9106.069546
59.099294,6,9106.367781
59.099294,6,9106.661837
58.510704,6,9107.040862
58.510704,6,9107.360869
59.099294,6,9107.573334
59.099294,6,9107.78083
57.967614,5,9108.115221
59.099294,6,9108.373376
58.510704,6,9108.576946
59.099294,6,9108.765762
59.099294,6,9109.179481
59.099294,6,9109.422141
59.099294,6,9109.614094
59.099294,6,9109.792092
59.099294,6,9110.057604
58.510704,6,9110.29159
59.099294,6,9110.532408
59.099294,6,9110.708131
59.099294,6,9110.959402
59.099294,6,9111.248683
59.099294,6,9111.407012
58.510704,6,9111.585423
58.510704,6,9111.783894
59.099294,6,9111.961747
59.099294,6,9112.171727
57.574733,5,9112.374283
58.510704,6,9112.609237
59.099294,6,9112.875095
59.099294,6,9113.061112
58.510704,6,9113.34853
59.099294,6,9113.675277
59.099294,6,9113.890942
59.099294,6,9114.146609
54.008717,4,9114.382327
58.510704,6,9114.726202
57.574733,5,9114.991241
59.099294,6,9115.286289
58.510704,6,9115.540783
59.099294,6,9115.775155
58.510704,6,9115.982302
59.099294,6,9116.213066
57.574733,5,9116.4768
57.967614,5,9116.753069
59.099294,6,9116.982144
59.099294,6,9117.184151
58.510704,6,9117.378649
58.510704,6,9117.558307
59.099294,6,9117.735483
57.574733,5,9117.991282
59.099294,6,9118.231223
59.099294,6,9118.42186
59.099294,6,9118.687079
59.099294,6,9118.859988
57.967614,5,9119.050912
59.099294,6,9119.328699
59.099294,6,9119.761239
57.967614,5,9120.065944
59.099294,6,9120.264354
59.099294,6,9120.44232
59.099294,6,9120.745512
58.510704,6,9121.03905
58.510704,6,9121.312263
59.099294,6,9121.589678
59.099294,6,9121.779047
58.510704,6,9121.978559
59.099294,6,9122.255089
59.099294,6,9122.455127
59.099294,6,9122.641362
59.099294,6,9123.038269
57.967614,5,9123.246793
59.099294,6,9123.534647
59.099294,6,9123.71117
57.574733,5,9123.903364
58.510704,6,9124.234815
57.574733,5,9124.429385
59.099294,6,9124.734574
57.574733,5,9125.005695
58.510704,6,9125.295895
59.099294,6,9125.571007
59.099294,6,9125.786952
59.099294,6,9126.074127
59.099294,6,9126.246632
-5.900706,6,9126.635
59.099294,6,9127.056855
59.099294,6,9127.268341
57.574733,5,9127.54841
58.510704,6,9127.792069
59.099294,6,9128.072262
59.099294,6,9128.365976
58.510704,6,9128.628404
57.574733,5,9128.954856
59.099294,6,9129.130014
59.099294,6,9129.297289
59.099294,6,9129.481069
58.510704,6,9129.672244
59.099294,6,9129.852133
58.510704,6,9130.068095
57.574733,5,9130.268279
59.099294,6,9130.519363
59.099294,6,9130.697199
58.510704,6,9130.980309
58.510704,6,9131.256954
59.099294,6,9131.519919
59.099294,6,9131.779941
57.967614,5,9132.085085
57.967614,5,9132.414759
59.099294,6,9132.614219
59.099294,6,9132.872429
57.574733,5,9133.155022
59.099294,6,9133.383101
57.574733,5,9133.601397
59.099294,6,9133.790016
59.099294,6,9133.995603
59.099294,6,9134.286325
59.099294,6,9134.451988
59.099294,6,9134.638646
59.099294,6,9134.803004
58.510704,6,9134.98405
59.099294,6,9135.240066
59.099294,6,9135.48901
58.510704,6,9135.723883
57.574733,5,9136.024037
57.574733,5,9136.257535
57.574733,5,9136.459078
57.574733,5,9136.733508
57.574733,5,9136.992581
57.967614,5,9137.266536
59.099294,6,9137.642546
58.510704,6,9137.838679
59.099294,6,9138.033103
57.574733,5,9138.270451
59.099294,6,9138.501258
59.099294,6,9138.757214
59.099294,6,9139.085914
57.574733,5,9139.259505
59.099294,6,9139.449029
57.967614,5,9139.658395
57.574733,5,9139.854359
57.574733,5,9140.028507
57.574733,5,9140.28925
59.099294,6,9140.551727
59.099294,6,9140.747995
58.510704,6,9140.923105
59.099294,6,9141.23874
59.099294,6,9141.566976
59.099294,6,9141.858115
59.099294,6,9142.044426
59.099294,6,9142.363826
58.510704,6,9142.554509
58.510704,6,9142.756779
57.574733,5,9142.947651
59.099294,6,9143.124627
59.099294,6,9143.394276
59.099294,6,9143.61173
59.099294,6,9143.809692
59.099294,6,9143.998407
59.099294,6,9144.347671
59.099294,6,9144.618849
59.099294,6,9144.882413
59.099294,6,9145.06139
59.099294,6,9145.31937
57.574733,5,9145.492618
59.099294,6,9145.761464
59.099294,6,9145.97886
57.574733,5,9146.175067
57.574733,5,9146.359184
57.574733,5,9146.584368
59.099294,6,9146.800337
59.099294,6,9147.106745
58.510704,6,9147.30371
59.099294,6,9147.505072
57.574733,5,9147.803763
59.099294,6,9148.070136
57.574733,5,9148.310347
58.510704,6,9148.577585
59.099294,6,9148.86498
59.099294,6,9149.194299
59.099294,6,9149.454609
59.099294,6,9149.665114
59.099294,6,9149.819977
57.967614,5,9150.214806
57.967614,5,9150.539433
57.967614,5,9150.851702
59.099294,6,9151.106531
59.099294,6,9151.378681
59.099294,6,9151.659052
58.510704,6,9151.944159
59.099294,6,9152.172369
59.099294,6,9152.458032
59.099294,6,9152.670187
58.510704,6,9152.823416
59.099294,6,9152.98084
58.510704,6,9153.165283
59.099294,6,9153.421465
59.099294,6,9153.635401
58.510704,6,9153.824204
59.099294,6,9154.084292
58.510704,6,9154.312944
59.099294,6,9154.538003
59.099294,6,9154.818721
59.099294,6,9155.105603
59.099294,6,9155.311592
58.510704,6,9155.591966
57.574733,5,9155.791835
-7.032386,5,9156.29611
57.967614,5,9156.515672
57.967614,5,9156.75306
58.510704,6,9156.952428
59.099294,6,9157.180977
59.099294,6,9157.571978
58.510704,6,9157.764831
57.574733,5,9158.061889
59.099294,6,9158.329125
-6.489296,6,9158.720994
59.099294,6,9158.903535
58.510704,6,9159.104583
59.099294,6,9159.284228
59.099294,6,9159.44999
57.574733,5,9159.693126
58.510704,6,9159.906027
57.574733,5,9160.804967
59.099294,6,9161.13363
58.510704,6,9161.332697
59.099294,6,9161.532747
57.967614,5,9161.832452
59.099294,6,9162.011998
59.099294,6,9162.187145
57.967614,5,9162.415494
58.510704,6,9162.608472
59.099294,6,9162.893105
57.574733,5,9163.072979
57.574733,5,9163.287975
59.099294,6,9163.572315
59.099294,6,9163.766501
59.099294,6,9164.042315
59.099294,6,9164.312667
57.967614,5,9164.600241
59.099294,6,9164.816161
59.099294,6,9165.098577
58.510704,6,9165.280446
59.099294,6,9165.479014
58.510704,6,9165.749309
57.574733,5,9165.962792
59.099294,6,9166.372371
59.099294,6,9166.634636
58.510704,6,9166.837804
59.099294,6,9167.054157
58.510704,6,9167.25722
57.574733,5,9167.542583
59.099294,6,9167.810635
58.510704,6,9167.979012
58.510704,6,9168.176633
59.099294,6,9168.35763
59.099294,6,9168.606113
58.510704,6,9168.87954
58.510704,6,9169.0677
58.510704,6,9169.264048
59.099294,6,9169.59059
57.574733,5,9169.80325
59.099294,6,9170.067901
58.510704,6,9170.310465
58.510704,6,9170.515516
59.099294,6,9170.89531
59.099294,6,9171.167991
59.099294,6,9171.406951
59.099294,6,9171.673158
57.574733,5,9172.020842
58.510704,6,9172.238032
59.099294,6,9172.510868
59.099294,6,9172.688776
57.967614,5,9172.887029
59.099294,6,9173.146468
59.099294,6,9173.342242
58.510704,6,9173.602993
59.099294,6,9173.868757
59.099294,6,9174.182413
57.967614,5,9174.469442
59.099294,6,9174.643979
57.967614,5,9174.953481
58.510704,6,9175.127175
59.099294,6,9175.365254
58.510704,6,9175.553166
59.099294,6,9175.817346
58.510704,6,9175.986747
59.099294,6,9176.165983
57.574733,5,9176.373641
59.099294,6,9176.6764
59.099294,6,9176.936347
58.510704,6,9177.14522
59.099294,6,9177.372291
59.099294,6,9177.760481
59.099294,6,9178.011998
59.099294,6,9178.183215
59.099294,6,9178.462873
57.574733,5,9178.665627
57.574733,5,9178.862105
59.099294,6,9179.13044
57.574733,5,9179.360397
59.099294,6,9179.582638
58.510704,6,9179.848775
58.510704,6,9180.01522
59.099294,6,9180.201123
59.099294,6,9180.477867
58.510704,6,9180.654432
-5.900706,6,9181.181015
57.574733,5,9181.41547
59.099294,6,9181.684277
58.510704,6,9181.882776
59.099294,6,9182.188376
59.099294,6,9182.352309
57.967614,5,9182.743987
58.510704,6,9182.948842
59.099294,6,9183.244041
59.099294,6,9183.515461
59.099294,6,9183.720678
59.099294,6,9183.906453
59.099294,6,9184.140803
58.510704,6,9184.411064
59.099294,6,9184.696867
59.099294,6,9184.874537
59.099294,6,9185.036962
59.099294,6,9185.217448
59.099294,6,9185.492431
58.510704,6,9185.664941
57.574733,5,9185.874359
58.510704,6,9186.140664
59.099294,6,9186.33042
59.099294,6,9186.589629
59.099294,6,9186.85582
58.510704,6,9187.010736
57.967614,5,9187.202247
59.099294,6,9187.470918
59.099294,6,9187.760748
59.099294,6,9187.965214
59.099294,6,9188.148999
57.967614,5,9188.468864
57.967614,5,9188.765751
58.510704,6,9188.949921
57.574733,5,9189.208087
59.099294,6,9189.472366
59.099294,6,9189.6345
58.510704,6,9189.842422
59.099294,6,9190.0509
57.574733,5,9190.222466
59.099294,6,9190.494425
59.099294,6,9190.68443
59.099294,6,9190.954709
58.510704,6,9191.271275
-7.425267,5,9191.45424
59.099294,6,9191.700863
57.967614,5,9191.900789
59.099294,6,9192.080373
59.099294,6,9192.378317
59.099294,6,9192.56152
58.510704,6,9192.751003
59.099294,6,9193.058546
59.099294,6,9193.360358
59.099294,6,9193.750955
58.510704,6,9193.960492
59.099294,6,9194.231217
59.099294,6,9194.499916
59.099294,6,9194.677289
57.967614,5,9194.876035
57.574733,5,9195.076772
59.099294,6,9195.242419
58.510704,6,9195.43161
59.099294,6,9195.604536
-5.900706,6,9195.976856
59.099294,6,9196.173976
59.099294,6,9196.332663
57.574733,5,9196.566599
58.510704,6,9196.744822
59.099294,6,9196.953475
57.574733,5,9197.2748
59.099294,6,9197.557497
58.510704,6,9197.7681
59.099294,6,9198.074892
57.574733,5,9198.259302
57.066154,7,9198.426663
59.099294,6,9198.59514
59.099294,6,9198.855974
59.099294,6,9199.043594
59.099294,6,9199.301165
57.574733,5,9199.487218
57.574733,5,9199.743557
57.967614,5,9199.933431
57.574733,5,9200.175313
59.099294,6,9200.429673
57.574733,5,9200.688761
58.510704,6,9201.089292
59.099294,6,9201.353636
59.099294,6,9201.531284
59.099294,6,9201.738258
58.510704,6,9201.937789
59.099294,6,9202.182339
58.510704,6,9202.378734
-5.900706,6,9202.589251
58.510704,6,9202.762671
58.510704,6,9203.026718
59.099294,6,9203.192895
59.099294,6,9203.441595
59.099294,6,9203.666941
58.510704,6,9203.838079
59.099294,6,9203.997026
57.574733,5,9204.188232
57.574733,5,9204.378663
58.510704,6,9204.606163
59.099294,6,9204.814935
-5.900706,6,9205.038298
57.574733,5,9205.310853
-5.900706,6,9205.843484
59.099294,6,9206.180016
57.78954,7,9206.464275
59.099294,6,9206.674968
59.099294,6,9206.860072
59.099294,6,9207.059899
59.099294,6,9208.174011
59.099294,6,9208.591618
58.510704,6,9208.851116
57.967614,5,9209.257088
58.510704,6,9209.562668
57.967614,5,9209.811643
59.099294,6,9210.050163
59.099294,6,9210.327988
57.574733,5,9210.520499
58.510704,6,9210.717624
59.099294,6,9210.977786
59.099294,6,9211.185647
58.510704,6,9211.470225
57.967614,5,9211.749437
59.099294,6,9211.930035
59.099294,6,9212.11779
59.099294,6,9212.450189
59.099294,6,9212.757737
59.099294,6,9213.081789
58.510704,6,9213.350688
58.510704,6,9213.667156
59.099294,6,9214.000238
57.967614,5,9214.328045
57.967614,5,9214.726455
59.099294,6,9215.743376
59.099294,6,9217.700508
59.099294,6,9219.182014
58.510704,6,9219.595444
58.510704,6,9219.811482
58.510704,6,9220.094646
59.099294,6,9220.42496
59.099294,6,9220.729235
58.510704,6,9220.946422
59.099294,6,9221.261062
57.574733,5,9221.489186
59.099294,6,9221.698429
57.967614,5,9222.032719
59.099294,6,9222.334326
59.099294,6,9222.716131
58.510704,6,9223.01845
59.099294,6,9223.357003
59.099294,6,9223.722773
57.574733,5,9224.045305
58.510704,6,9224.332782
59.099294,6,9224.708177
57.967614,5,9224.897449
59.099294,6,9225.157683
59.099294,6,9225.393558
57.574733,5,9225.679887
59.099294,6,9225.989635
58.510704,6,9226.379366
59.099294,6,9226.667592
59.099294,6,9226.858113
58.510704,6,9227.046307
58.510704,6,9227.317313
57.574733,5,9227.523293
58.510704,6,9227.703833
59.099294,6,9227.987029
57.574733,5,9228.284513
57.574733,5,9228.501973
58.510704,6,9228.700981
-5.900706,6,9229.251758
59.099294,6,9229.516615
59.099294,6,9229.934227
58.510704,6,9230.111691
57.574733,5,9230.328111
59.099294,6,9230.499636
59.099294,6,9230.751533
57.574733,5,9230.949705
58.510704,6,9231.148664
59.099294,6,9231.447308
58.510704,6,9231.641793
59.099294,6,9231.848433
59.099294,6,9232.114257
-7.425267,5,9232.880066
59.099294,6,9233.235595
59.099294,6,9233.570165
58.510704,6,9233.847458
59.099294,6,9234.028063
57.574733,5,9234.270119
59.099294,6,9234.597689
57.574733,5,9234.829172
57.78954,7,9235.104753
59.099294,6,9235.376074
58.510704,6,9235.587439
59.099294,6,9235.775718
59.099294,6,9235.977768
57.574733,5,9236.249413
59.099294,6,9236.514205
57.574733,5,9236.719449
59.099294,6,9236.908738
59.099294,6,9237.19324
58.510704,6,9237.474694
59.099294,6,9237.741262
59.099294,6,9238.023755
58.510704,6,9238.342289
59.099294,6,9238.599748
57.967614,5,9238.886405
57.967614,5,9239.188614
59.099294,6,9239.409096
58.510704,6,9239.576349
57.967614,5,9239.877427
59.099294,6,9240.145787
57.967614,5,9240.414131
59.099294,6,9240.674205
59.099294,6,9240.86097
58.510704,6,9241.057295
59.099294,6,9241.242134
58.510704,6,9241.458027
59.099294,6,9241.716928
57.967614,5,9242.006771
59.099294,6,9242.195447
59.099294,6,9242.59955
59.099294,6,9243.008842
59.099294,6,9243.326272
59.099294,6,9243.624639
59.099294,6,9243.903452
59.099294,6,9244.219677
57.967614,5,9244.424273
59.099294,6,9244.720149
58.510704,6,9245.016484
59.099294,6,9245.239193
58.510704,6,9245.550997
57.967614,5,9245.76675
59.099294,6,9245.939001
59.099294,6,9246.123449
58.510704,6,9246.372249
59.099294,6,9246.553764
58.510704,6,9246.782081
58.510704,6,9246.968341
59.099294,6,9247.242099
59.099294,6,9247.504456
57.967614,5,9247.718221
58.510704,6,9247.897689
-5.900706,6,9248.138234
59.099294,6,9248.316958
59.099294,6,9248.501319
59.099294,6,9248.741683
59.099294,6,9249.046569
59.099294,6,9249.256133
59.099294,6,9249.458124
59.099294,6,9249.7179
58.510704,6,9249.921682
59.099294,6,9250.203472
59.099294,6,9250.380455
57.574733,5,9250.558559
57.574733,5,9250.871412
57.574733,5,9251.065002
59.099294,6,9251.251734
57.967614,5,9251.522526
59.099294,6,9251.852419
58.510704,6,9252.05147
59.099294,6,9252.371613
58.510704,6,9252.622093
59.099294,6,9253.019704
58.510704,6,9253.227944
59.099294,6,9253.457362
59.099294,6,9254.799394
58.510704,6,9255.173648
58.510704,6,9255.433714
57.574733,5,9255.706049
59.099294,6,9256.052753
57.967614,5,9256.290148
59.099294,6,9256.55157
58.510704,6,9256.760551
59.099294,6,9256.993741
59.099294,6,9257.290128
59.099294,6,9257.550612
57.967614,5,9257.745657
59.099294,6,9257.99369
59.099294,6,9258.169363
58.510704,6,9258.344822
-5.900706,6,9258.762123
59.099294,6,9259.002526
57.574733,5,9259.198848
57.967614,5,9259.503928
59.099294,6,9259.679944
59.099294,6,9259.872162
58.510704,6,9260.063575
59.099294,6,9260.490545
58.510704,6,9260.684626
59.099294,6,9261.007343
58.510704,6,9261.185883
59.099294,6,9261.361908
59.099294,6,9261.56992
58.510704,6,9261.849653
57.574733,5,9262.167012
58.510704,6,9262.427426
59.099294,6,9262.693745
58.510704,6,9263.081998
58.510704,6,9263.437512
59.099294,6,9263.617043
-5.900706,6,9263.861946
59.099294,6,9264.137171
57.967614,5,9264.382952
59.099294,6,9264.689829
58.510704,6,9264.979802
59.099294,6,9265.293578
57.967614,5,9265.607826
59.099294,6,9265.801419
59.099294,6,9266.068077
57.574733,5,9266.269629
59.099294,6,9266.531704
59.099294,6,9266.815297
59.099294,6,9267.091833
59.099294,6,9267.281809
59.099294,6,9267.465525
58.510704,6,9267.659298
59.099294,6,9267.853843
59.099294,6,9268.168382
58.510704,6,9268.382004
59.099294,6,9268.568959
57.574733,5,9268.878348
58.510704,6,9269.074128
59.099294,6,9269.329926
58.510704,6,9269.52806
58.510704,6,9269.809955
59.099294,6,9270.108566
58.510704,6,9270.370727
59.099294,6,9270.668425
59.099294,6,9270.996637
59.099294,6,9271.321248
58.510704,6,9271.513904
59.099294,6,9271.787921
59.099294,6,9272.003219
59.099294,6,9272.308195
57.574733,5,9272.496935
59.099294,6,9272.769226
59.099294,6,9272.935734
58.510704,6,9273.245662
58.510704,6,9273.469848
59.099294,6,9273.646456
59.099294,6,9273.918054
58.510704,6,9274.22032
58.510704,6,9274.434088
58.510704,6,9274.599376
59.099294,6,9274.860826
59.099294,6,9275.062335
59.099294,6,9275.36222
57.574733,5,9275.662604
59.099294,6,9275.922999
59.099294,6,9276.237772
59.099294,6,9276.438502
59.099294,6,9276.735667
57.574733,5,9277.034838
59.099294,6,9277.215566
57.574733,5,9277.454793
59.099294,6,9277.725569
59.099294,6,9277.936872
59.099294,6,9278.11017
59.099294,6,9278.273034
59.099294,6,9278.464764
59.099294,6,9278.811557
58.510704,6,9278.991934
59.099294,6,9279.265768
58.510704,6,9279.454004
59.099294,6,9279.752007
58.510704,6,9279.955029
57.967614,5,9280.147128
57.967614,5,9280.345976
57.574733,5,9280.632741
58.510704,6,9280.896211
58.510704,6,9281.178893
59.099294,6,9281.467263
57.574733,5,9281.662804
58.510704,6,9281.9431
58.510704,6,9282.120748
58.510704,6,9282.389954
58.510704,6,9282.666793
59.099294,6,9282.962364
59.099294,6,9283.213929
59.099294,6,9283.465089
59.099294,6,9283.740318
59.099294,6,9284.067465
59.099294,6,9284.341577
59.099294,6,9284.515345
59.099294,6,9284.791298
58.510704,6,9285.114453
59.099294,6,9285.337969
59.099294,6,9285.624044
59.099294,6,9285.83838
59.099294,6,9286.120478
57.967614,5,9286.328665
57.574733,5,9286.576895
59.099294,6,9286.774205
59.099294,6,9287.009172
59.099294,6,9287.200764
57.967614,5,9287.493061
58.510704,6,9287.697944
59.099294,6,9287.871162
57.967614,5,9288.092833
59.099294,6,9288.399942
57.967614,5,9288.740355
57.967614,5,9288.945487
59.099294,6,9289.220014
59.099294,6,9289.480707
57.574733,5,9289.794895
59.099294,6,9289.972134
59.099294,6,9290.1814
58.510704,6,9290.385856
59.099294,6,9290.690954
59.099294,6,9290.992828
59.099294,6,9291.238266
59.099294,6,9291.449154
59.099294,6,9291.624861
59.099294,6,9291.876208
57.574733,5,9292.087413
58.510704,6,9292.362909
59.099294,6,9292.629986
59.099294,6,9292.812917
59.099294,6,9293.210021
57.574733,5,9293.402147
58.510704,6,9293.587506
59.099294,6,9293.74751
59.099294,6,9294.01234
59.099294,6,9294.212572
58.510704,6,9294.447438
58.510704,6,9294.713485
59.099294,6,9294.952638
57.574733,5,9295.241285
57.574733,5,9295.45739
59.099294,6,9295.646254
59.099294,6,9295.815327
58.510704,6,9296.078077
59.099294,6,9296.289589
59.099294,6,9296.499076
59.099294,6,9296.843158
59.099294,6,9297.071884
58.510704,6,9297.364149
59.099294,6,9297.698701
59.099294,6,9297.990089
58.510704,6,9298.308362
59.099294,6,9298.528954
59.099294,6,9298.710177
-5.900706,6,9299.125518
-6.489296,6,9299.545549
57.574733,5,9299.744689
59.099294,6,9299.971146
59.099294,6,9300.148631
58.510704,6,9300.415972
57.574733,5,9300.658821
58.510704,6,9300.92726
58.510704,6,9301.114405
58.510704,6,9301.307679
59.099294,6,9301.493084
59.099294,6,9301.664596
58.510704,6,9301.867808
58.510704,6,9302.061294
59.099294,6,9302.252673
59.099294,6,9302.55803
58.510704,6,9302.744581
59.099294,6,9302.981684
57.967614,5,9303.190749
57.574733,5,9303.407304
58.510704,6,9303.602646
57.574733,5,9303.79141
58.510704,6,9303.968801
58.510704,6,9304.246498
59.099294,6,9304.457723
58.510704,6,9304.636423
59.099294,6,9304.904381
58.510704,6,9305.100766
57.967614,5,9305.308704
58.510704,6,9305.576079
57.967614,5,9305.870955
59.099294,6,9306.080695
59.099294,6,9306.254363
59.099294,6,9306.513388
59.099294,6,9306.777048
59.099294,6,9307.024674
58.510704,6,9307.200633
57.574733,5,9307.381175
58.510704,6,9307.686378
59.099294,6,9308.002684
57.574733,5,9308.271721
59.099294,6,9308.5516
59.099294,6,9308.827738
59.099294,6,9309.067831
59.099294,6,9309.43752
59.099294,6,9309.710153
59.099294,6,9309.97432
57.574733,5,9310.324271
59.099294,6,9310.731984
58.510704,6,9310.936799
59.099294,6,9311.256763
58.510704,6,9311.530781
59.099294,6,9311.709366
57.967614,5,9311.907052
-7.425267,5,9312.11363
59.099294,6,9312.396473
58.510704,6,9312.60686
57.574733,5,9312.943755
58.510704,6,9313.230106
58.510704,6,9313.53898
58.510704,6,9313.846637
59.099294,6,9314.018863
58.510704,6,9314.208639
57.574733,5,9314.412116
59.099294,6,9314.641013
59.099294,6,9314.945937
59.099294,6,9315.202881
59.099294,6,9315.519499
59.099294,6,9315.800539
58.510704,6,9316.074801
59.099294,6,9316.385735
57.574733,5,9316.60254
58.510704,6,9316.792706
57.574733,5,9316.992738
59.099294,6,9317.17081
58.510704,6,9317.370219
59.099294,6,9317.6394
59.099294,6,9317.851614
59.099294,6,9318.078975
58.510704,6,9318.267564
57.967614,5,9318.462666
59.099294,6,9318.860348
59.099294,6,9319.123719
58.510704,6,9319.401218
58.510704,6,9319.698197
58.510704,6,9319.911661
58.510704,6,9320.217166
57.967614,5,9320.613353
59.099294,6,9320.817883
59.099294,6,9321.06103
58.510704,6,9321.327565
57.574733,5,9321.654579
59.099294,6,9321.944661
59.099294,6,9322.156893
59.099294,6,9322.350685
58.510704,6,9322.551308
58.510704,6,9322.73898
59.099294,6,9323.157615
59.099294,6,9323.350209
57.574733,5,9323.588739
59.099294,6,9323.844863
59.099294,6,9324.091112
58.510704,6,9324.28242
59.099294,6,9324.544636
59.099294,6,9324.786892
58.510704,6,9325.218888
59.099294,6,9325.478993
58.510704,6,9325.706971
57.967614,5,9325.993843
58.510704,6,9326.186396
58.510704,6,9326.362232
59.099294,6,9326.661489
58.510704,6,9327.256578
58.510704,6,9327.44998
58.510704,6,9327.633631
58.510704,6,9327.825924
59.099294,6,9328.0014
59.099294,6,9328.312075
59.099294,6,9328.564653
59.099294,6,9328.854386
58.510704,6,9329.141844
59.099294,6,9329.321769
59.099294,6,9329.583089
59.099294,6,9329.843459
58.510704,6,9330.010436
59.099294,6,9330.223031
59.099294,6,9330.434919
59.099294,6,9330.630746
59.099294,6,9330.844879
59.099294,6,9331.148473
57.967614,5,9331.474098
58.510704,6,9331.753411
59.099294,6,9331.960309
-5.900706,6,9332.191484
58.510704,6,9332.401642
59.099294,6,9332.828392
57.574733,5,9333.157921
59.099294,6,9333.378835
57.574733,5,9333.629881
58.510704,6,9333.901432
59.099294,6,9334.199093
59.099294,6,9334.529035
59.099294,6,9334.822306
59.099294,6,9335.12213
59.099294,6,9335.30895
58.510704,6,9335.617062
59.099294,6,9335.883593
57.78954,7,9336.288229
59.099294,6,9336.555285
59.099294,6,9336.737481
59.099294,6,9337.010913
59.099294,6,9337.280822
59.099294,6,9337.576632
57.967614,5,9337.787496
58.510704,6,9337.973042
59.099294,6,9338.143574
57.967614,5,9338.435196
57.574733,5,9338.6333
58.510704,6,9338.804845
57.967614,5,9339.083264
59.099294,6,9339.487114
59.099294,6,9339.77566
58.510704,6,9339.962372
59.099294,6,9340.234181
57.574733,5,9340.51376
59.099294,6,9340.791078
59.099294,6,9341.020791
58.510704,6,9341.323135
59.099294,6,9341.53485
57.967614,5,9341.860489
59.099294,6,9342.04848
57.574733,5,9342.252285
58.510704,6,9342.551355
58.510704,6,9342.740391
59.099294,6,9343.828006
59.099294,6,9344.066677
57.574733,5,9344.402197
59.099294,6,9344.662801
57.574733,5,9344.863543
59.099294,6,9345.143751
59.099294,6,9345.410887
57.967614,5,9345.603714
59.099294,6,9345.886571
59.099294,6,9346.110354
57.967614,5,9346.373456
57.967614,5,9346.686083
57.574733,5,9346.869915
58.510704,6,9347.119931
59.099294,6,9347.29686
59.099294,6,9347.575165
59.099294,6,9347.847652
59.099294,6,9348.111333
59.099294,6,9348.344176
58.510704,6,9348.508363
58.510704,6,9348.81086
58.510704,6,9348.995317
58.510704,6,9349.286029
59.099294,6,9349.67871
59.099294,6,9349.895449
59.099294,6,9350.15075
57.967614,5,9350.546
57.574733,5,9350.753165
59.099294,6,9351.019325
59.099294,6,9351.303945
59.099294,6,9351.503431
58.510704,6,9351.697018
59.099294,6,9351.971441
58.510704,6,9352.195939
59.099294,6,9352.462826
59.099294,6,9352.781346
59.099294,6,9352.95725
58.510704,6,9353.148467
59.099294,6,9353.320153
58.510704,6,9353.518179
59.099294,6,9353.788738
59.099294,6,9354.059121
59.099294,6,9354.32971
57.574733,5,9354.530476
59.099294,6,9354.691588
59.099294,6,9354.877793
59.099294,6,9355.140077
57.574733,5,9355.335193
59.099294,6,9355.596329
59.099294,6,9355.851652
59.099294,6,9356.062107
57.574733,5,9356.252783
59.099294,6,9356.520446
59.099294,6,9356.772181
-5.900706,6,9357.267163
59.099294,6,9357.53865
58.510704,6,9357.743638
58.510704,6,9357.927819
58.510704,6,9358.13146
59.099294,6,9358.399727
59.099294,6,9358.716824
59.099294,6,9358.969014
59.099294,6,9359.218872
57.967614,5,9359.523407
58.510704,6,9359.82759
58.510704,6,9360.019849
58.510704,6,9360.275839
57.967614,5,9360.597474
58.510704,6,9360.781399
57.967614,5,9361.08909
57.574733,5,9361.388462
59.099294,6,9361.563206
-7.032386,5,9362.062567
57.574733,5,9362.250319
59.099294,6,9362.523911
59.099294,6,9362.765314
59.099294,6,9363.157411
59.099294,6,9363.440598
59.099294,6,9363.635471
57.967614,5,9364.042536
59.099294,6,9364.378568
58.510704,6,9364.578766
59.099294,6,9364.762877
58.510704,6,9364.9512
57.574733,5,9365.135948
59.099294,6,9365.342337
58.510704,6,9365.58053
59.099294,6,9365.757549
57.574733,5,9366.029111
58.510704,6,9366.227563
57.574733,5,9366.432127
57.967614,5,9366.67429
59.099294,6,9366.944376
58.510704,6,9367.140906
57.574733,5,9367.339642
57.967614,5,9367.656053
59.099294,6,9367.929099
57.574733,5,9368.218786
57.967614,5,9368.534648
58.510704,6,9368.71416
57.967614,5,9368.917866
58.510704,6,9369.1277
59.099294,6,9369.317222
57.967614,5,9369.527519
57.574733,5,9369.849604
58.510704,6,9370.198523
57.574733,5,9370.404015
59.099294,6,9370.628477
59.099294,6,9371.109434
59.099294,6,9371.346828
58.510704,6,9371.546763
59.099294,6,9371.750416
59.099294,6,9372.069275
57.967614,5,9372.401582
57.574733,5,9372.622859
57.967614,5,9372.946844
58.510704,6,9373.25657
59.099294,6,9373.473801
57.574733,5,9373.82653
59.099294,6,9374.014684
57.967614,5,9374.334229
59.099294,6,9374.66314
59.099294,6,9374.95745
59.099294,6,9375.190921
57.967614,5,9375.41565
59.099294,6,9375.606501
59.099294,6,9375.972178
58.510704,6,9376.274347
57.967614,5,9376.683424
58.510704,6,9376.933421
58.510704,6,9377.111127
57.574733,5,9377.350815
59.099294,6,9377.550596
57.574733,5,9377.759789
57.574733,5,9377.969009
58.510704,6,9378.140509
58.510704,6,9378.335904
-7.032386,5,9378.82732
59.099294,6,9379.136988
58.510704,6,9379.316494
59.099294,6,9379.503301
58.510704,6,9379.731352
57.574733,5,9380.050678
59.099294,6,9380.399574
59.099294,6,9380.636869
59.099294,6,9381.080053
57.967614,5,9381.383284
59.099294,6,9381.72749
59.099294,6,9381.94005
59.099294,6,9382.237601
57.967614,5,9382.532008
59.099294,6,9382.724124
59.099294,6,9383.053152
58.510704,6,9383.249555
57.574733,5,9383.573919
59.099294,6,9384.028992
59.099294,6,9384.371921
57.574733,5,9384.679434
59.099294,6,9384.998232
57.574733,5,9385.223559
57.967614,5,9385.530342
59.099294,6,9386.029773
59.099294,6,9386.358159
59.099294,6,9386.667607
59.099294,6,9386.958928
-5.900706,6,9387.354189
58.510704,6,9387.617146
59.099294,6,9387.83105
58.510704,6,9388.098255
59.099294,6,9388.277585
58.510704,6,9388.547814
59.099294,6,9388.748062
57.967614,5,9389.020898
59.099294,6,9389.311962
59.099294,6,9389.634102
59.099294,6,9389.837298
57.967614,5,9390.161314
59.099294,6,9390.34954
57.574733,5,9390.603406
59.099294,6,9390.834945
-5.900706,6,9391.430868
59.099294,6,9391.674967
57.574733,5,9391.974495
57.967614,5,9392.31195
59.099294,6,9392.593697
58.510704,6,9392.764267
-5.900706,6,9393.144643
57.574733,5,9393.416471
59.099294,6,9393.744781
58.510704,6,9393.93601
59.099294,6,9394.21881
59.099294,6,9394.493234
58.510704,6,9394.799619
59.099294,6,9394.960382
59.099294,6,9395.203824
57.967614,5,9395.40726
58.510704,6,9395.68059
59.099294,6,9395.953188
59.099294,6,9396.13463
58.510704,6,9396.452439
59.099294,6,9396.857464
58.510704,6,9397.043242
-5.900706,6,9397.58421
58.510704,6,9397.832478
57.574733,5,9398.102103
57.574733,5,9398.298362
58.510704,6,9398.495437
58.510704,6,9398.682168
58.510704,6,9398.844011
57.574733,5,9399.113457
59.099294,6,9399.297763
59.099294,6,9399.463607
59.099294,6,9399.653029
58.510704,6,9399.883942
57.967614,5,9400.14039
59.099294,6,9400.327422
57.574733,5,9400.526031
59.099294,6,9400.802588
57.574733,5,9401.001205
59.099294,6,9401.176368
59.099294,6,9401.367233
59.099294,6,9401.642441
57.574733,5,9402.010199
59.099294,6,9402.271107
59.099294,6,9402.651433
-6.489296,6,9403.017136
59.099294,6,9403.263605
59.099294,6,9403.528075
59.099294,6,9403.780847
-7.032386,5,9404.231067
58.510704,6,9404.500307
59.099294,6,9404.681906
57.574733,5,9404.871834
59.099294,6,9405.046292
59.099294,6,9405.316131
58.510704,6,9405.55407
59.099294,6,9405.815429
57.967614,5,9406.187529
57.967614,5,9406.398245
57.967614,5,9406.710712
59.099294,6,9406.96709
59.099294,6,9407.237017
59.099294,6,9407.819828
58.510704,6,9408.660146
58.510704,6,9409.355376
59.099294,6,9410.26752
59.099294,6,9412.06948
59.099294,6,9413.151223
59.099294,6,9414.160793
57.967614,5,9415.180412
58.510704,6,9415.813187
57.574733,5,9416.828587
59.099294,6,9418.385642
59.099294,6,9419.164413
59.099294,6,9419.497203
59.099294,6,9419.669186
58.510704,6,9419.969471
59.099294,6,9420.273923
58.510704,6,9420.577077
59.099294,6,9420.883421
59.099294,6,9421.135488
57.574733,5,9421.333785
58.510704,6,9421.526504
57.967614,5,9421.812474
57.574733,5,9422.046321
57.967614,5,9422.34855
59.099294,6,9422.766395
59.099294,6,9423.052466
59.099294,6,9423.32934
59.099294,6,9423.55459
59.099294,6,9423.813164
59.099294,6,9424.086327
58.510704,6,9424.290719
59.099294,6,9424.455727
58.510704,6,9424.734704
59.099294,6,9424.999943
59.099294,6,9425.204141
59.099294,6,9425.373034
58.510704,6,9425.6584
59.099294,6,9426.062447
58.510704,6,9426.334797
58.510704,6,9426.52672
59.099294,6,9426.709415
59.099294,6,9426.967889
59.099294,6,9427.172136
59.099294,6,9427.374562
58.510704,6,9427.770611
58.510704,6,9427.944199
59.099294,6,9428.23496
57.574733,5,9428.51649
57.574733,5,9428.711035
58.510704,6,9428.917387
59.099294,6,9429.109381
58.510704,6,9429.296882
59.099294,6,9429.456788
58.510704,6,9429.735517
59.099294,6,9430.032369
59.099294,6,9430.225363
-7.425267,5,9430.684675
58.510704,6,9430.873617
59.099294,6,9431.123746
58.510704,6,9431.414712
59.099294,6,9431.696862
59.099294,6,9432.089641
59.099294,6,9432.340775
57.574733,5,9432.532501
-7.032386,5,9432.895881
59.099294,6,9433.31268
57.574733,5,9433.58024
59.099294,6,9433.886724
57.967614,5,9434.146906
59.099294,6,9434.465032
58.510704,6,9434.638611
59.099294,6,9434.914195
58.510704,6,9435.299175
59.099294,6,9435.577383
57.574733,5,9435.826845
59.099294,6,9436.128024
59.099294,6,9436.337695
59.099294,6,9436.664386
59.099294,6,9436.866701
59.099294,6,9437.043256
59.099294,6,9437.212007
57.967614,5,9437.493907
59.099294,6,9437.682971
58.510704,6,9437.853859
59.099294,6,9438.047962
59.099294,6,9438.324448
59.099294,6,9438.559344
59.099294,6,9438.72939
57.967614,5,9438.915493
59.099294,6,9439.322155
59.099294,6,9439.6396
59.099294,6,9439.935681
57.574733,5,9440.175958
-7.032386,5,9442.269111
59.099294,6,9442.826149
58.510704,6,9443.898911
58.510704,6,9444.545993
57.967614,5,9445.267615
59.099294,6,9445.500975
58.510704,6,9446.191684
59.099294,6,9446.657375
59.099294,6,9446.930074
57.967614,5,9447.245219
58.510704,6,9447.573036
59.099294,6,9447.784816
57.967614,5,9448.117328
58.510704,6,9448.425756
59.099294,6,9448.737495
59.099294,6,9448.990353
59.099294,6,9449.264548
57.574733,5,9449.465399
58.510704,6,9449.811159
59.099294,6,9450.081425
58.510704,6,9450.35723
57.574733,5,9451.365715
59.099294,6,9452.102115
59.099294,6,9453.259972
58.510704,6,9453.92928
59.099294,6,9454.246246
57.967614,5,9454.529036
57.967614,5,9454.768969
59.099294,6,9455.085266
59.099294,6,9455.504203
59.099294,6,9455.683962
59.099294,6,9455.855765
58.510704,6,9456.050156
59.099294,6,9456.317166
58.510704,6,9456.507053
59.099294,6,9456.801944
59.099294,6,9457.072407
58.510704,6,9457.271676
57.574733,5,9457.451247
57.967614,5,9457.747893
59.099294,6,9458.024501
58.510704,6,9458.219872
59.099294,6,9458.432528
59.099294,6,9458.74993
59.099294,6,9459.032309
59.099294,6,9459.229213
59.099294,6,9459.497121
59.099294,6,9459.76234
59.099294,6,9459.948705
57.574733,5,9460.145245
58.510704,6,9460.336459
58.510704,6,9460.508583
59.099294,6,9460.769748
57.574733,5,9461.021752
58.510704,6,9461.282307
58.510704,6,9461.473922
58.510704,6,9461.689282
59.099294,6,9461.868627
59.099294,6,9462.14765
59.099294,6,9462.518252
59.099294,6,9463.427085
57.967614,5,9465.234701
59.099294,6,9465.980878
59.099294,6,9466.773097
59.099294,6,9467.453832
58.510704,6,9467.971347
58.510704,6,9468.420556
57.574733,5,9469.044268
59.099294,6,9469.954117
59.099294,6,9470.415699
59.099294,6,9470.6394
59.099294,6,9471.018595
59.099294,6,9471.628428
59.099294,6,9471.83539
59.099294,6,9472.030567
57.574733,5,9472.274871
57.967614,5,9472.496401
59.099294,6,9472.765906
59.099294,6,9473.071146
59.099294,6,9473.365802
57.574733,5,9473.595769
59.099294,6,9473.804569
59.099294,6,9473.953058
59.099294,6,9474.235775
58.510704,6,9474.924093
58.510704,6,9475.338972
59.099294,6,9475.727501
59.099294,6,9476.198568
59.099294,6,9476.755752
59.099294,6,9477.494593
59.099294,6,9477.881674
57.967614,5,9478.434845
59.099294,6,9479.163728
58.510704,6,9479.64255
59.099294,6,9479.899914
59.099294,6,9480.210821
59.099294,6,9480.479863
59.099294,6,9480.753043
58.510704,6,9480.936036
59.099294,6,9481.152178
58.510704,6,9481.389534
59.099294,6,9481.618772
57.574733,5,9481.851822
59.099294,6,9482.107985
58.510704,6,9482.27778
59.099294,6,9482.534187
59.099294,6,9482.933935
58.510704,6,9483.264657
58.510704,6,9483.477571
59.099294,6,9483.724345
58.510704,6,9483.952847
59.099294,6,9484.167688
58.510704,6,9484.365343
58.510704,6,9484.60565
58.510704,6,9484.812312
58.510704,6,9485.057746
58.510704,6,9485.256498
59.099294,6,9485.469546
58.510704,6,9485.668973
57.574733,5,9485.86125
59.099294,6,9486.116727
-6.489296,6,9486.52983
57.967614,5,9486.882627
59.099294,6,9487.134825
57.574733,5,9487.370378
59.099294,6,9487.622154
58.510704,6,9487.810355
59.099294,6,9488.122122
58.510704,6,9488.36545
57.574733,5,9488.57758
59.099294,6,9488.911113
58.510704,6,9489.136329
58.510704,6,9489.405873
59.099294,6,9489.705084
57.967614,5,9489.952523
59.099294,6,9490.147947
57.574733,5,9490.414483
59.099294,6,9490.681462
57.574733,5,9490.922129
59.099294,6,9491.818448
57.574733,5,9493.1378
59.099294,6,9494.814875
58.510704,6,9495.91251
58.510704,6,9497.161977
58.510704,6,9497.405975
59.099294,6,9497.684208
59.099294,6,9498.183098
59.099294,6,9498.399158
59.099294,6,9498.676767
59.099294,6,9498.937705
59.099294,6,9499.125228
59.099294,6,9499.367705
58.510704,6,9499.546409
59.099294,6,9499.765087
59.099294,6,9499.935135
59.099294,6,9500.202908
57.574733,5,9500.525028
59.099294,6,9500.783916
58.510704,6,9500.98225
58.510704,6,9501.172487
59.099294,6,9501.44999
59.099294,6,9501.880069
58.510704,6,9502.130588
59.099294,6,9502.402246
59.099294,6,9502.597952
58.510704,6,9502.875565
59.099294,6,9503.142817
59.099294,6,9503.337939
59.099294,6,9503.701687
59.099294,6,9504.7885
59.099294,6,9506.548183
58.510704,6,9506.745738
58.510704,6,9507.034409
59.099294,6,9507.249441
59.099294,6,9507.650308
59.099294,6,9507.874447
59.099294,6,9508.049795
58.510704,6,9508.336347
-8.211028,5,9508.554266
57.574733,5,9508.756348
59.099294,6,9508.934334
58.510704,6,9509.212168
59.099294,6,9509.509522
57.574733,5,9509.773542
59.099294,6,9509.972224
59.099294,6,9510.234324
58.510704,6,9510.411137
58.510704,6,9510.723389
57.967614,5,9511.152635
59.099294,6,9511.432498
59.099294,6,9511.601195
59.099294,6,9511.874742
57.574733,5,9512.084344
59.099294,6,9512.965726
59.099294,6,9514.091005
59.099294,6,9515.276808
59.099294,6,9515.516571
59.099294,6,9516.025543
59.099294,6,9516.420192
57.967614,5,9516.72197
59.099294,6,9516.899163
58.510704,6,9517.103305
59.099294,6,9517.289437
58.510704,6,9517.499899
59.099294,6,9517.694144
59.099294,6,9517.91683
59.099294,6,9518.129306
58.510704,6,9518.339326
59.099294,6,9518.54532
58.510704,6,9518.752497
58.510704,6,9519.734565
-5.900706,6,9521.270909
59.099294,6,9522.242068
59.099294,6,9522.475973
57.574733,5,9522.824703
59.099294,6,9523.333011
59.099294,6,9523.668459
59.099294,6,9523.983976
59.099294,6,9524.161696
59.099294,6,9524.448147
59.099294,6,9524.635218
59.099294,6,9524.801974
59.099294,6,9525.096947
59.099294,6,9525.310689
58.510704,6,9525.514177
59.099294,6,9525.718436
57.967614,5,9525.993804
59.099294,6,9526.239569
58.510704,6,9526.658232
59.099294,6,9526.856276
58.510704,6,9527.093895
58.510704,6,9527.365936
58.510704,6,9527.639921
59.099294,6,9527.831202
59.099294,6,9528.121136
59.099294,6,9528.333837
59.099294,6,9528.61162
57.967614,5,9528.815878
58.510704,6,9529.595085
57.967614,5,9530.950183
59.099294,6,9531.542496
58.510704,6,9531.77158
59.099294,6,9532.17457
59.099294,6,9532.442715
57.967614,5,9532.87534
59.099294,6,9533.160578
59.099294,6,9533.413266
58.510704,6,9533.603646
59.099294,6,9533.85656
-5.900706,6,9534.223739
57.967614,5,9534.47208
59.099294,6,9534.731714
58.510704,6,9535.079962
58.510704,6,9536.152203
59.099294,6,9537.828568
58.510704,6,9538.279615
58.510704,6,9538.542712
59.099294,6,9539.016711
59.099294,6,9539.308599
59.099294,6,9539.563022
59.099294,6,9539.837636
59.099294,6,9540.030842
59.099294,6,9540.311867
59.099294,6,9540.573554
58.510704,6,9540.745146
59.099294,6,9541.039554
57.967614,5,9541.253637
59.099294,6,9541.462416
58.510704,6,9541.745356
57.574733,5,9541.973904
58.510704,6,9542.146149
58.510704,6,9542.405465
58.510704,6,9543.292721
58.510704,6,9543.792782
59.099294,6,9544.367889
59.099294,6,9545.107398
59.099294,6,9545.53096
57.967614,5,9546.111784
58.510704,6,9546.535191
59.099294,6,9546.974885
58.510704,6,9547.526127
57.574733,5,9547.93495
59.099294,6,9548.672098
59.099294,6,9549.525577
58.510704,6,9549.759336
59.099294,6,9550.09083
58.510704,6,9550.407863
59.099294,6,9550.810589
58.510704,6,9550.984124
59.099294,6,9551.1754
59.099294,6,9551.357386
59.099294,6,9551.600915
59.099294,6,9551.804033
59.099294,6,9552.224684
59.099294,6,9552.425813
59.099294,6,9552.688825
58.510704,6,9552.881309
57.574733,5,9553.087951
57.967614,5,9553.431774
59.099294,6,9553.695988
59.099294,6,9553.977819
59.099294,6,9554.287074
59.099294,6,9554.54631
58.510704,6,9554.762143
59.099294,6,9555.028923
59.099294,6,9555.240508
58.510704,6,9555.496613
59.099294,6,9555.907495
58.510704,6,9556.50219
59.099294,6,9556.93716
58.510704,6,9557.379048
58.510704,6,9557.994586
59.099294,6,9558.831845
57.574733,5,9559.132508
58.510704,6,9559.378941
59.099294,6,9559.710693
58.510704,6,9559.910981
58.510704,6,9560.104687
59.099294,6,9560.432404
59.099294,6,9560.597731
59.099294,6,9560.770111
59.099294,6,9560.967133
59.099294,6,9561.14336
59.099294,6,9561.394522
59.099294,6,9561.627714
59.099294,6,9561.891734
59.099294,6,9562.471508
59.099294,6,9562.725649
59.099294,6,9562.983605
59.099294,6,9563.15352
57.967614,5,9563.399883
59.099294,6,9563.68751
59.099294,6,9563.854682
59.099294,6,9564.020416
59.099294,6,9564.272121
59.099294,6,9564.529453
58.510704,6,9564.777388
59.099294,6,9564.96203
57.574733,5,9565.130891
59.099294,6,9565.394594
59.099294,6,9565.660654
59.099294,6,9565.921871
59.099294,6,9566.211251
59.099294,6,9566.394813
57.967614,5,9566.657396
59.099294,6,9566.844303
59.099294,6,9567.039889
57.574733,5,9567.218274
59.099294,6,9567.392678
57.967614,5,9567.66801
59.099294,6,9567.824946
58.510704,6,9568.100699
59.099294,6,9568.27013
59.099294,6,9568.535649
59.099294,6,9568.796616
59.099294,6,9568.959232
58.510704,6,9569.14453
58.510704,6,9569.395785
59.099294,6,9569.803297
59.099294,6,9570.102082
58.510704,6,9570.288153
59.099294,6,9570.534756
59.099294,6,9570.808206
58.510704,6,9570.987754
59.099294,6,9571.172606
59.099294,6,9571.366906
59.099294,6,9571.56154
57.574733,5,9571.793601
59.099294,6,9572.000347
59.099294,6,9572.1745
59.099294,6,9572.364119
59.099294,6,9573.349392
57.574733,5,9573.672259
57.967614,5,9573.981269
59.099294,6,9574.321784
59.099294,6,9574.518487
59.099294,6,9574.688423
57.574733,5,9574.886048
57.574733,5,9575.095658
59.099294,6,9575.354565
57.574733,5,9575.664495
57.574733,5,9575.920763
59.099294,6,9576.136731
59.099294,6,9576.415459
58.510704,6,9576.709513
58.510704,6,9576.91802
59.099294,6,9577.182778
59.099294,6,9577.350199
59.099294,6,9577.509785
58.510704,6,9577.749111
59.099294,6,9578.158345
59.099294,6,9578.357856
59.099294,6,9578.694587
57.574733,5,9578.895776
58.510704,6,9579.079474
59.099294,6,9579.257916
59.099294,6,9579.538116
57.574733,5,9579.775137
57.967614,5,9581.004567
57.574733,5,9582.3757
59.099294,6,9583.51141
59.099294,6,9584.88347
-10.991283,4,9586.204035
57.574733,5,9587.388105
57.574733,5,9588.634151
57.574733,5,9589.884709
59.099294,6,9590.871889
57.574733,5,9591.128215
57.574733,5,9591.326543
59.099294,6,9591.731802
57.967614,5,9591.978045
59.099294,6,9592.298552
59.099294,6,9592.577663
59.099294,6,9592.88485
59.099294,6,9593.313217
59.099294,6,9593.590292
57.574733,5,9593.782992
58.510704,6,9593.959423
-7.032386,5,9594.491462
59.099294,6,9594.682219
57.967614,5,9594.865126
57.574733,5,9595.16642
59.099294,6,9595.456367
57.574733,5,9595.650239
59.099294,6,9595.949695
59.099294,6,9596.335375
59.099294,6,9596.540577
57.574733,5,9596.81566
57.967614,5,9597.183827
59.099294,6,9597.451273
59.099294,6,9597.717469
59.099294,6,9597.979661
57.574733,5,9598.247458
59.099294,6,9598.523209
59.099294,6,9598.804748
59.099294,6,9598.970766
59.099294,6,9599.128363
58.510704,6,9599.294443
-7.425267,5,9599.559755
59.099294,6,9599.828206
57.967614,5,9600.031881
57.967614,5,9600.417222
57.967614,5,9600.584445
57.574733,5,9600.751654
57.574733,5,9600.951907
59.099294,6,9601.130913
59.099294,6,9601.349885
59.099294,6,9601.650584
57.574733,5,9601.846344
59.099294,6,9602.050811
59.099294,6,9602.216519
57.574733,5,9602.493095
58.510704,6,9602.763999
59.099294,6,9602.9424
57.967614,5,9603.140546
57.967614,5,9603.448426
57.967614,5,9603.678259
59.099294,6,9603.848438
59.099294,6,9604.043292
57.574733,5,9604.353699
57.574733,5,9604.554985
59.099294,6,9604.814094
59.099294,6,9605.048472
59.099294,6,9605.237263
59.099294,6,9605.430829
59.099294,6,9605.737899
59.099294,6,9606.143127
57.967614,5,9606.534888
57.967614,5,9606.791327
59.099294,6,9606.973842
59.099294,6,9607.153684
57.574733,5,9607.405348
59.099294,6,9607.799921
-7.425267,5,9608.127349
57.574733,5,9608.342331
59.099294,6,9608.498315
59.099294,6,9608.722726
59.099294,6,9608.980123
58.510704,6,9609.179929
57.967614,5,9609.576544
59.099294,6,9609.855138
59.099294,6,9610.123166
58.510704,6,9610.418801
57.967614,5,9610.678689
59.099294,6,9611.076951
-7.425267,5,9611.272245
57.967614,5,9611.54613
57.574733,5,9611.813138
59.099294,6,9612.073334
59.099294,6,9612.234218
59.099294,6,9612.486091
59.099294,6,9612.71137
57.967614,5,9613.010039
58.510704,6,9613.313666
57.574733,5,9613.589791
59.099294,6,9613.828169
57.78954,7,9614.098232
59.099294,6,9614.314344
59.099294,6,9614.518287
59.099294,6,9614.687725
59.099294,6,9614.960113
58.510704,6,9615.169192
59.099294,6,9615.341084
59.099294,6,9615.5183
59.099294,6,9615.779175
59.099294,6,9615.97013
59.099294,6,9616.195443
57.967614,5,9616.396221
58.510704,6,9616.573961
59.099294,6,9616.761519
58.510704,6,9616.990282
59.099294,6,9617.250994
59.099294,6,9617.556614
59.099294,6,9617.850259
59.099294,6,9618.010501
59.099294,6,9618.291475
59.099294,6,9618.463372
59.099294,6,9618.657938
59.099294,6,9618.910042
57.574733,5,9619.088594
57.574733,5,9619.273101
57.967614,5,9619.55182
57.574733,5,9619.73615
57.967614,5,9619.927537
59.099294,6,9620.118317
59.099294,6,9620.273538
59.099294,6,9620.524867
59.099294,6,9620.825892
59.099294,6,9621.090388
59.099294,6,9621.523823
57.967614,5,9621.83731
57.967614,5,9622.117695
59.099294,6,9622.418753
59.099294,6,9622.624483
59.099294,6,9622.826199
58.510704,6,9623.103741
59.099294,6,9623.412206
59.099294,6,9623.734017
57.574733,5,9623.934421
57.967614,5,9624.340806
59.099294,6,9624.546306
58.510704,6,9624.838596
57.967614,5,9625.234489
58.510704,6,9625.498881
59.099294,6,9625.688163
57.574733,5,9625.915401
59.099294,6,9626.167989
-7.425267,5,9626.78479
59.099294,6,9627.055053
58.510704,6,9627.335071
59.099294,6,9627.615187
59.099294,6,9627.890709
57.574733,5,9628.206455
59.099294,6,9628.369069
59.099294,6,9628.671957
59.099294,6,9628.906076
59.099294,6,9629.103368
59.099294,6,9629.293562
58.510704,6,9629.586179
57.574733,5,9629.874172
54.008717,4,9630.140023
57.574733,5,9630.561071
58.510704,6,9630.765564
59.099294,6,9630.965645
57.574733,5,9631.146965
59.099294,6,9631.483219
57.574733,5,9631.752954
59.099294,6,9631.988388
59.099294,6,9632.178956
58.510704,6,9632.417114
59.099294,6,9632.600295
59.099294,6,9632.781507
58.510704,6,9633.05579
59.099294,6,9633.225138
58.510704,6,9633.519117
58.510704,6,9633.708856
59.099294,6,9633.882924
59.099294,6,9634.142548
57.574733,5,9634.348648
59.099294,6,9634.593528
57.574733,5,9634.792629
58.510704,6,9635.077892
59.099294,6,9635.252736
58.510704,6,9635.514674
57.967614,5,9635.804303
58.510704,6,9636.068911
59.099294,6,9636.322421
59.099294,6,9636.572379
57.967614,5,9636.773678
59.099294,6,9636.940273
59.099294,6,9637.119532
59.099294,6,9637.310401
59.099294,6,9637.567896
58.510704,6,9637.778676
59.099294,6,9638.046096
59.099294,6,9638.239091
57.574733,5,9638.501003
59.099294,6,9638.778723
59.099294,6,9638.957989
57.574733,5,9639.241314
59.099294,6,9639.437504
57.574733,5,9639.628544
58.510704,6,9639.810562
57.574733,5,9639.996487
-5.900706,6,9640.474792
57.574733,5,9640.648997
-7.032386,5,9641.145633
59.099294,6,9641.428348
57.574733,5,9641.711593
59.099294,6,9641.951169
58.510704,6,9642.14016
58.510704,6,9642.390575
59.099294,6,9642.553951
58.510704,6,9642.831974
58.510704,6,9643.092588
59.099294,6,9643.507071
59.099294,6,9643.971199
57.574733,5,9644.260459
59.099294,6,9644.594428
59.099294,6,9644.789757
57.574733,5,9644.995572
57.574733,5,9645.203177
57.967614,5,9645.530923
59.099294,6,9645.809779
59.099294,6,9645.982639
59.099294,6,9646.183902
57.967614,5,9646.38537
57.574733,5,9646.668818
59.099294,6,9646.983377
57.574733,5,9647.253783
59.099294,6,9647.673666
59.099294,6,9647.969475
57.574733,5,9648.816965
59.099294,6,9650.027086
57.574733,5,9650.826729
58.510704,6,9651.797909
59.099294,6,9652.96458
59.099294,6,9653.906021
58.510704,6,9654.453007
59.099294,6,9654.701355
59.099294,6,9654.988574
57.574733,5,9655.259309
58.510704,6,9655.517447
59.099294,6,9655.775926
57.967614,5,9656.046213
57.574733,5,9656.250582
58.510704,6,9656.522961
59.099294,6,9656.825949
59.099294,6,9657.117336
59.099294,6,9657.287956
59.099294,6,9657.5659
57.574733,5,9657.749209
59.099294,6,9658.009142
57.967614,5,9658.32091
59.099294,6,9658.623715
59.099294,6,9658.811218
59.099294,6,9659.11359
59.099294,6,9659.314698
58.510704,6,9659.530655
57.967614,5,9659.737553
59.099294,6,9659.916966
59.099294,6,9660.232113
59.099294,6,9660.516411
59.099294,6,9660.94062
58.510704,6,9661.133832
57.967614,5,9661.341787
59.099294,6,9661.496747
57.574733,5,9661.692032
57.967614,5,9661.963881
59.099294,6,9662.236545
59.099294,6,9662.556664
57.574733,5,9662.779108
57.574733,5,9663.003803
57.967614,5,9663.381052
59.099294,6,9663.579629
59.099294,6,9663.918152
58.510704,6,9664.098012
58.510704,6,9664.448999
59.099294,6,9664.655145
57.574733,5,9664.847059
59.099294,6,9665.118479
59.099294,6,9665.293193
59.099294,6,9665.55837
59.099294,6,9665.766737
59.099294,6,9666.082312
59.099294,6,9666.361265
57.967614,5,9666.646402
59.099294,6,9666.844096
57.574733,5,9667.125957
59.099294,6,9667.31282
59.099294,6,9667.498593
-5.900706,6,9667.894109
57.967614,5,9668.229159
59.099294,6,9668.516516
57.967614,5,9668.724282
57.574733,5,9669.046881
-7.425267,5,9669.558113
57.574733,5,9669.871027
57.574733,5,9670.17199
59.099294,6,9670.349483
58.510704,6,9670.561178
59.099294,6,9670.85737
57.574733,5,9671.188118
59.099294,6,9671.516853
59.099294,6,9671.718982
57.967614,5,9671.918969
58.510704,6,9672.120021
58.510704,6,9672.357918
59.099294,6,9672.647961
57.967614,5,9672.908334
58.510704,6,9673.195163
58.510704,6,9673.393347
-7.032386,5,9673.946307
59.099294,6,9674.241919
59.099294,6,9674.532119
57.574733,5,9674.746219
57.574733,5,9675.009687
59.099294,6,9675.219655
59.099294,6,9675.453307
57.574733,5,9675.777309
59.099294,6,9676.111025
58.510704,6,9676.362261
59.099294,6,9676.647148
59.099294,6,9676.825122
57.574733,5,9677.10495
57.574733,5,9677.39116
57.574733,5,9677.65974
59.099294,6,9677.859307
57.967614,5,9678.291962
57.574733,5,9678.542333
59.099294,6,9678.751792
57.574733,5,9678.949334
57.574733,5,9679.225087
57.574733,5,9680.412968
59.099294,6,9680.66528
57.574733,5,9680.992334
58.510704,6,9681.200112
57.574733,5,9681.492087
59.099294,6,9681.668821
58.510704,6,9681.981692
58.510704,6,9682.203713
59.099294,6,9682.49929
59.099294,6,9682.714391
59.099294,6,9682.931318
58.510704,6,9683.257284
59.099294,6,9683.811329
59.099294,6,9684.550385
57.574733,5,9684.812601
57.967614,5,9685.02912
57.574733,5,9685.399331
59.099294,6,9685.789953
58.510704,6,9686.025336
59.099294,6,9686.236499
59.099294,6,9686.58002
57.574733,5,9686.785744
59.099294,6,9686.98235
59.099294,6,9687.32786
59.099294,6,9687.531691
59.099294,6,9687.761411
59.099294,6,9688.087941
54.008717,4,9688.356539
59.099294,6,9688.652004
59.099294,6,9688.862256
59.099294,6,9689.275926
59.099294,6,9689.642354
59.099294,6,9689.931497
59.099294,6,9690.122836
59.099294,6,9690.463069
59.099294,6,9690.659824
59.099294,6,9691.078189
59.099294,6,9691.266433
59.099294,6,9691.544425
57.574733,5,9691.859034
59.099294,6,9692.158405
57.574733,5,9692.401824
59.099294,6,9692.582351
59.099294,6,9692.776452
58.510704,6,9692.985292
59.099294,6,9693.281456
58.510704,6,9693.51602
57.967614,5,9693.874412
59.099294,6,9694.129354
59.099294,6,9694.339638
58.510704,6,9694.54118
57.967614,5,9694.785359
57.574733,5,9695.061269
59.099294,6,9695.501427
57.574733,5,9695.799892
59.099294,6,9696.133783
59.099294,6,9696.432991
59.099294,6,9696.617547
57.574733,5,9696.997069
59.099294,6,9697.192879
59.099294,6,9697.472796
59.099294,6,9697.754443
59.099294,6,9698.022405
59.099294,6,9698.306318
58.510704,6,9698.600191
59.099294,6,9698.788089
59.099294,6,9699.100326
58.510704,6,9699.29971
59.099294,6,9699.484701
59.099294,6,9699.807747
59.099294,6,9700.089626
59.099294,6,9700.270725
59.099294,6,9700.467648
58.510704,6,9700.794932
59.099294,6,9700.995605
58.510704,6,9701.189741
58.510704,6,9701.362641
57.574733,5,9701.573354
57.574733,5,9701.760031
58.510704,6,9702.044601
57.967614,5,9702.248664
59.099294,6,9702.452235
58.510704,6,9702.615799
57.574733,5,9702.835054
57.967614,5,9703.042767
59.099294,6,9703.259255
59.099294,6,9703.631411
59.099294,6,9703.978459
58.510704,6,9704.239601
57.967614,5,9704.560272
59.099294,6,9704.847314
57.574733,5,9705.048826
57.574733,5,9705.248103
57.574733,5,9705.559562
59.099294,6,9705.82068
59.099294,6,9706.099075
59.099294,6,9706.310606
58.510704,6,9706.657862
58.510704,6,9706.911418
58.510704,6,9707.111995
59.099294,6,9707.287708
58.510704,6,9707.495558
59.099294,6,9707.741947
59.099294,6,9708.149302
59.099294,6,9708.478102
59.099294,6,9708.664932
57.574733,5,9708.940896
59.099294,6,9709.333914
58.510704,6,9709.515232
59.099294,6,9709.778373
57.967614,5,9710.066586
59.099294,6,9710.275265
57.967614,5,9710.617089
59.099294,6,9710.889351
59.099294,6,9711.167663
57.967614,5,9711.503853
58.510704,6,9711.744898
59.099294,6,9712.013488
57.574733,5,9712.235223
59.099294,6,9712.519756
58.510704,6,9712.712022
57.574733,5,9712.986965
59.099294,6,9713.258528
58.510704,6,9713.558965
59.099294,6,9713.767361
57.574733,5,9714.12705
59.099294,6,9714.413318
59.099294,6,9714.609039
58.510704,6,9714.808564
59.099294,6,9715.078134
59.099294,6,9715.355134
59.099294,6,9715.681007
59.099294,6,9715.969979
57.574733,5,9716.165703
57.967614,5,9716.490193
-5.900706,6,9717.014107
58.510704,6,9717.272919
57.574733,5,9717.47296
59.099294,6,9717.673165
58.510704,6,9717.9809
57.574733,5,9718.262653
59.099294,6,9718.508167
59.099294,6,9718.689301
57.78954,7,9718.961077
59.099294,6,9719.229549
57.574733,5,9719.407026
57.574733,5,9719.696361
58.510704,6,9719.94681
57.574733,5,9720.251885
58.510704,6,9720.463151
59.099294,6,9720.677853
57.574733,5,9720.967667
59.099294,6,9721.230684
59.099294,6,9721.495745
58.510704,6,9721.677668
59.099294,6,9721.993892
59.099294,6,9722.203924
58.510704,6,9722.428889
59.099294,6,9722.683982
58.510704,6,9722.880422
59.099294,6,9723.128459
59.099294,6,9723.423619
59.099294,6,9723.669808
59.099294,6,9723.879368
59.099294,6,9724.153638
58.510704,6,9724.352726
-5.900706,6,9724.759254
59.099294,6,9724.934537
59.099294,6,9725.121749
59.099294,6,9725.368142
57.574733,5,9725.612793
57.574733,5,9725.901083
59.099294,6,9726.222309
59.099294,6,9726.503801
59.099294,6,9726.728755
59.099294,6,9727.113479
59.099294,6,9727.330022
59.099294,6,9727.617181
59.099294,6,9727.900922
57.574733,5,9728.098821
59.099294,6,9728.377629
57.574733,5,9728.599932
59.099294,6,9728.79227
58.510704,6,9728.992798
59.099294,6,9729.280466
58.510704,6,9729.482853
59.099294,6,9729.77043
58.510704,6,9730.099203
59.099294,6,9730.370131
59.099294,6,9730.543662
57.574733,5,9730.815942
59.099294,6,9731.00941
59.099294,6,9731.212417
59.099294,6,9731.396272
59.099294,6,9731.693222
59.099294,6,9731.873428
59.099294,6,9732.174123
57.78954,7,9732.456371
58.510704,6,9732.882622
57.574733,5,9733.201225
57.574733,5,9733.450211
59.099294,6,9733.721996
59.099294,6,9733.905647
57.967614,5,9734.242253
57.574733,5,9734.513676
59.099294,6,9734.738993
59.099294,6,9734.987773
59.099294,6,9735.19596
58.510704,6,9735.479881
58.510704,6,9735.677843
59.099294,6,9735.955665
57.967614,5,9736.177274
59.099294,6,9736.455782
57.574733,5,9736.672624
57.574733,5,9736.956588
59.099294,6,9737.135492
58.510704,6,9737.418455
58.510704,6,9737.690561
57.574733,5,9737.965262
57.574733,5,9738.153419
59.099294,6,9738.36575
-5.900706,6,9738.751043
59.099294,6,9738.958041
57.574733,5,9739.265005
59.099294,6,9739.561218
59.099294,6,9739.822836
59.099294,6,9740.215
57.574733,5,9740.485547
58.510704,6,9740.690672
59.099294,6,9740.914698
59.099294,6,9741.160098
58.510704,6,9741.384565
57.967614,5,9741.567271
57.967614,5,9741.75851
59.099294,6,9742.047354
59.099294,6,9742.375181
57.574733,5,9742.562598
59.099294,6,9742.874644
59.099294,6,9743.205737
59.099294,6,9743.389173
59.099294,6,9743.64549
57.574733,5,9743.832597
59.099294,6,9744.023681
59.099294,6,9744.408776
58.510704,6,9744.619727
59.099294,6,9744.820649
59.099294,6,9745.123919
57.967614,5,9745.39947
59.099294,6,9745.681359
59.099294,6,9745.891066
59.099294,6,9746.091299
58.510704,6,9746.359465
58.510704,6,9746.598956
57.574733,5,9746.910348
59.099294,6,9747.114477
59.099294,6,9747.594774
57.574733,5,9747.799619
57.574733,5,9748.061433
58.510704,6,9748.272899
59.099294,6,9748.444257
59.099294,6,9748.622151
-7.425267,5,9748.834715
59.099294,6,9749.117447
59.099294,6,9749.36159
59.099294,6,9749.683712
57.574733,5,9749.963912
57.574733,5,9750.223565
57.574733,5,9750.460067
59.099294,6,9750.629739
57.967614,5,9750.949593
59.099294,6,9751.222585
59.099294,6,9751.539034
57.967614,5,9751.868122
59.099294,6,9752.188818
57.574733,5,9752.416819
57.574733,5,9752.630757
-5.900706,6,9752.859731
59.099294,6,9753.164041
57.574733,5,9753.430086
59.099294,6,9753.790035
57.967614,5,9754.09575
59.099294,6,9754.418525
57.967614,5,9754.728667
59.099294,6,9754.959049
59.099294,6,9755.186085
59.099294,6,9755.627393
59.099294,6,9755.971745
58.510704,6,9756.24669
57.574733,5,9756.551681
57.574733,5,9756.749766
59.099294,6,9757.006469
59.099294,6,9757.262513
59.099294,6,9757.563524
59.099294,6,9757.836151
59.099294,6,9758.004892
59.099294,6,9758.28312
59.099294,6,9758.553065
58.510704,6,9758.761133
59.099294,6,9759.043062
57.574733,5,9759.266453
58.510704,6,9759.520225
58.510704,6,9759.831363
58.510704,6,9760.088013
58.510704,6,9760.287445
57.967614,5,9760.482438
57.574733,5,9760.742414
59.099294,6,9760.919043
57.574733,5,9761.106146
59.099294,6,9761.508143
57.574733,5,9761.721483
59.099294,6,9761.998139
59.099294,6,9762.282878
59.099294,6,9762.495055
57.574733,5,9762.722572
59.099294,6,9762.987265
59.099294,6,9763.298938
57.574733,5,9763.589052
59.099294,6,9763.781281
57.574733,5,9763.982558
59.099294,6,9764.20024
59.099294,6,9764.446683
59.099294,6,9764.815017
59.099294,6,9765.136465
57.967614,5,9765.319697
57.574733,5,9765.591166
57.574733,5,9765.817938
59.099294,6,9766.00254
59.099294,6,9766.285186
59.099294,6,9766.550459
59.099294,6,9766.816608
59.099294,6,9767.209947
59.099294,6,9767.408991
58.510704,6,9767.639804
58.510704,6,9767.935183
59.099294,6,9768.126628
59.099294,6,9768.391175
59.099294,6,9768.572541
59.099294,6,9768.832901
57.574733,5,9769.023143
59.099294,6,9769.304846
59.099294,6,9769.596779
57.967614,5,9769.838847
57.574733,5,9770.112942
59.099294,6,9770.38674
57.967614,5,9770.709476
59.099294,6,9770.944584
59.099294,6,9771.120347
59.099294,6,9771.399948
57.574733,5,9771.601274
59.099294,6,9771.81425
59.099294,6,9772.006251
58.510704,6,9772.210083
59.099294,6,9772.493867
59.099294,6,9772.681242
59.099294,6,9772.948883
59.099294,6,9773.331538
57.574733,5,9774.416802
57.967614,5,9774.753014
59.099294,6,9775.144867
58.510704,6,9775.44789
58.510704,6,9775.717664
57.574733,5,9775.934511
57.967614,5,9776.229897
59.099294,6,9776.499738
59.099294,6,9776.805076
57.967614,5,9777.008418
57.574733,5,9777.279073
57.967614,5,9777.599995
59.099294,6,9777.919357
58.510704,6,9778.212094
57.967614,5,9778.521625
58.510704,6,9778.801241
57.967614,5,9779.123837
59.099294,6,9779.346369
59.099294,6,9779.637126
57.574733,5,9779.935619
57.574733,5,9780.127642
59.099294,6,9780.423187
59.099294,6,9780.616174
59.099294,6,9780.817946
59.099294,6,9781.089851
-7.032386,5,9781.64115
57.967614,5,9781.969379
58.510704,6,9782.17977
57.967614,5,9782.498587
57.574733,5,9782.706381
59.099294,6,9782.896017
58.510704,6,9783.215094
59.099294,6,9783.39004
58.510704,6,9783.690771
57.574733,5,9783.893865
58.510704,6,9784.13085
57.967614,5,9784.467021
57.574733,5,9784.742129
59.099294,6,9785.027172
59.099294,6,9785.264725
59.099294,6,9785.480098
57.574733,5,9785.731271
57.967614,5,9786.073493
57.967614,5,9786.461667
57.967614,5,9786.870439
59.099294,6,9787.070561
59.099294,6,9787.27141
57.967614,5,9787.670794
57.967614,5,9787.932865
57.574733,5,9788.148822
57.967614,5,9788.557204
58.510704,6,9788.781918
58.510704,6,9789.126512
57.967614,5,9789.346807
59.099294,6,9789.527567
58.510704,6,9789.745207
59.099294,6,9790.001404
58.510704,6,9790.193044
-7.032386,5,9790.716169
57.967614,5,9790.989635
59.099294,6,9791.178467
57.574733,5,9791.419306
57.967614,5,9791.721982
58.510704,6,9792.005233
57.967614,5,9792.291859
59.099294,6,9792.561342
59.099294,6,9792.74932
59.099294,6,9793.080261
57.967614,5,9793.293877
58.510704,6,9793.598215
57.967614,5,9793.786383
59.099294,6,9793.956837
57.967614,5,9794.27386
59.099294,6,9794.517192
58.510704,6,9794.726625
57.967614,5,9795.117982
57.967614,5,9795.459285
59.099294,6,9795.635527
57.967614,5,9795.932372
59.099294,6,9796.204794
57.574733,5,9796.39955
59.099294,6,9796.663407
59.099294,6,9797.054631
-7.032386,5,9797.620681
57.967614,5,9797.950573
58.510704,6,9798.164955
57.574733,5,9798.454088
59.099294,6,9798.637579
59.099294,6,9798.945481
59.099294,6,9799.122182
57.574733,5,9799.314967
57.967614,5,9799.619557
58.510704,6,9799.822157
59.099294,6,9800.105418
59.099294,6,9800.387833
57.574733,5,9800.570367
57.967614,5,9800.766187
57.574733,5,9800.969698
57.967614,5,9801.256931
59.099294,6,9801.462008
57.967614,5,9801.751925
59.099294,6,9802.181504
57.574733,5,9802.470493
57.967614,5,9802.890426
57.574733,5,9803.193361
59.099294,6,9803.377364
59.099294,6,9803.53987
58.510704,6,9803.707735
59.099294,6,9803.893645
57.967614,5,9804.240644
59.099294,6,9804.491479
59.099294,6,9804.77493
57.967614,5,9805.053801
58.510704,6,9805.256464
58.510704,6,9805.541989
57.967614,5,9805.925015
59.099294,6,9806.133078
59.099294,6,9806.306189
59.099294,6,9806.482002
57.574733,5,9806.680987
59.099294,6,9806.898651
57.967614,5,9807.237491
59.099294,6,9807.468731
59.099294,6,9807.822264
57.967614,5,9808.15078
57.967614,5,9808.374697
59.099294,6,9808.650367
-6.489296,6,9809.032014
58.510704,6,9809.311863
57.967614,5,9809.605062
57.574733,5,9809.81868
59.099294,6,9810.008005
59.099294,6,9810.201981
59.099294,6,9810.504317
57.574733,5,9810.702526
59.099294,6,9811.095307
59.099294,6,9811.414518
-7.032386,5,9811.906472
59.099294,6,9812.207172
57.967614,5,9812.419601
57.574733,5,9812.725859
57.967614,5,9813.052173
58.510704,6,9813.33229
57.967614,5,9813.554857
-7.032386,5,9814.056655
57.967614,5,9814.424863
59.099294,6,9814.720296
58.510704,6,9815.004384
59.099294,6,9815.302146
58.510704,6,9815.573992
57.967614,5,9815.866465
57.967614,5,9816.217713
59.099294,6,9816.518752
59.099294,6,9816.847687
59.099294,6,9817.048674
57.967614,5,9817.372565
58.510704,6,9817.57981
59.099294,6,9817.868734
59.099294,6,9818.071299
57.574733,5,9818.28833
57.574733,5,9818.590645
57.574733,5,9818.836374
57.574733,5,9819.049087
58.510704,6,9819.260548
57.967614,5,9819.476375
58.510704,6,9819.790989
57.574733,5,9820.016623
59.099294,6,9820.329185
59.099294,6,9820.524878
57.574733,5,9820.802369
58.510704,6,9820.993948
58.510704,6,9821.195154
57.574733,5,9821.41154
57.967614,5,9821.616611
58.510704,6,9821.871355
59.099294,6,9822.192391
59.099294,6,9822.436832
59.099294,6,9822.690353
57.574733,5,9822.957601
58.510704,6,9823.18092
57.574733,5,9823.408019
59.099294,6,9823.713818
57.967614,5,9824.127185
57.574733,5,9824.356311
57.967614,5,9824.671736
57.574733,5,9824.963984
57.967614,5,9825.248187
57.967614,5,9825.531992
57.574733,5,9825.911542
58.510704,6,9826.128403
59.099294,6,9826.36153
57.967614,5,9826.64224
57.967614,5,9826.893707
58.510704,6,9827.082098
57.967614,5,9827.421972
57.574733,5,9827.712487
57.574733,5,9828.012565
59.099294,6,9828.314564
58.510704,6,9828.570146
57.574733,5,9828.894056
57.574733,5,9829.181018
57.574733,5,9829.538229
-5.900706,6,9830.095326
57.574733,5,9830.323063
58.510704,6,9830.53693
58.510704,6,9830.823036
57.967614,5,9831.214662
59.099294,6,9831.502236
59.099294,6,9831.925074
58.510704,6,9832.132311
59.099294,6,9832.399142
57.574733,5,9832.590159
-7.032386,5,9833.131261
57.574733,5,9833.391325
58.510704,6,9833.612481
57.574733,5,9833.818749
57.967614,5,9834.212086
-7.032386,5,9834.709601
57.574733,5,9834.912326
59.099294,6,9835.181262
59.099294,6,9835.406211
57.574733,5,9835.817749
59.099294,6,9836.156102
57.967614,5,9836.522136
58.510704,6,9836.868258
59.099294,6,9837.195865
-7.032386,5,9837.750429
57.574733,5,9837.958826
59.099294,6,9838.177478
57.967614,5,9838.391335
59.099294,6,9838.634664
59.099294,6,9838.908301
57.967614,5,9839.190089
59.099294,6,9839.371734
57.967614,5,9839.764372
58.510704,6,9840.017383
59.099294,6,9840.450133
59.099294,6,9840.649374
57.967614,5,9840.912211
59.099294,6,9841.207623
57.967614,5,9841.455568
57.967614,5,9841.771195
59.099294,6,9842.057904
57.574733,5,9842.252815
57.574733,5,9842.495881
59.099294,6,9842.767092
59.099294,6,9843.033051
59.099294,6,9843.214785
59.099294,6,9843.400837
59.099294,6,9843.711542
57.574733,5,9843.987481
57.574733,5,9844.411499
59.099294,6,9844.699127
57.574733,5,9845.006138
57.967614,5,9845.274312
58.510704,6,9845.490679
59.099294,6,9845.665973
59.099294,6,9845.845901
59.099294,6,9846.258326
57.967614,5,9846.570248
59.099294,6,9846.763079
59.099294,6,9846.965976
57.967614,5,9847.172989
59.099294,6,9847.444423
57.574733,5,9847.651391
57.967614,5,9847.973212
59.099294,6,9848.171145
-7.032386,5,9848.637975
58.510704,6,9848.981628
59.099294,6,9849.35318
57.574733,5,9849.640598
58.510704,6,9849.992351
57.967614,5,9850.371262
59.099294,6,9850.548628
57.967614,5,9850.910966
57.967614,5,9851.153063
58.510704,6,9851.476795
58.510704,6,9851.744099
59.099294,6,9851.940228
57.574733,5,9852.254916
58.510704,6,9852.457883
57.967614,5,9852.740363
59.099294,6,9853.071251
59.099294,6,9853.370234
57.967614,5,9853.647697
57.967614,5,9854.06224
59.099294,6,9854.472904
57.967614,5,9854.860558
59.099294,6,9855.054347
59.099294,6,9855.268394
58.510704,6,9855.536391
57.967614,5,9855.956185
-7.032386,5,9856.449414
58.510704,6,9856.63809
59.099294,6,9856.92259
57.967614,5,9857.146372
57.574733,5,9857.542729
58.510704,6,9857.720105
57.967614,5,9858.034634
57.967614,5,9858.234823
59.099294,6,9858.626564
59.099294,6,9858.837267
57.574733,5,9859.024343
57.574733,5,9859.33143
57.967614,5,9859.714303
59.099294,6,9859.888164
57.967614,5,9860.297296
58.510704,6,9860.513291
57.967614,5,9860.809512
57.967614,5,9861.110533
59.099294,6,9861.28648
57.574733,5,9861.490897
57.574733,5,9861.686846
57.574733,5,9861.989508
57.574733,5,9862.292888
59.099294,6,9862.49182
57.967614,5,9862.799746
59.099294,6,9863.062805
59.099294,6,9863.255146
59.099294,6,9863.413022
59.099294,6,9863.615018
59.099294,6,9863.895879
57.574733,5,9864.18467
-7.032386,5,9864.741058
59.099294,6,9864.944705
-7.032386,5,9865.486724
57.967614,5,9865.768607
57.967614,5,9866.041163
58.510704,6,9866.2402
59.099294,6,9866.423155
59.099294,6,9866.622208
59.099294,6,9866.907804
57.967614,5,9867.202039
57.967614,5,9867.398811
59.099294,6,9867.569852
57.967614,5,9867.886817
59.099294,6,9868.100736
57.967614,5,9868.386858
59.099294,6,9868.685938
59.099294,6,9868.877669
59.099294,6,9869.077839
59.099294,6,9869.366534
57.574733,5,9869.550058
58.510704,6,9869.78794
58.510704,6,9869.969792
59.099294,6,9870.181331
57.574733,5,9870.44463
59.099294,6,9870.658388
57.574733,5,9871.007118
57.967614,5,9871.344939
57.574733,5,9871.598882
59.099294,6,9871.872619
57.574733,5,9872.148601
57.967614,5,9872.46097
58.510704,6,9872.741532
59.099294,6,9873.019144
57.574733,5,9873.293359
57.967614,5,9873.621033
57.967614,5,9873.937921
59.099294,6,9874.143533
57.574733,5,9874.533256
57.967614,5,9874.751507
59.099294,6,9875.138067
59.099294,6,9875.462543
57.574733,5,9875.74387
57.574733,5,9875.934612
59.099294,6,9876.19261
57.967614,5,9876.480204
-7.425267,5,9876.988014
58.510704,6,9877.186776
57.967614,5,9877.503888
58.510704,6,9877.865247
57.967614,5,9879.062829
57.967614,5,9879.346824
59.099294,6,9879.610445
58.510704,6,9879.885413
59.099294,6,9880.178336
57.967614,5,9880.509296
57.967614,5,9880.729605
58.510704,6,9880.969011
57.967614,5,9881.376456
58.510704,6,9881.680486
58.510704,6,9881.923413
58.510704,6,9882.102228
57.967614,5,9882.387723
59.099294,6,9882.610298
58.510704,6,9882.820457
58.510704,6,9883.01878
59.099294,6,9883.277697
-6.489296,6,9883.676489
-7.032386,5,9884.274
58.510704,6,9884.482532
59.099294,6,9884.788526
58.510704,6,9885.013588
57.574733,5,9885.329898
58.510704,6,9885.608842
59.099294,6,9885.85879
-5.900706,6,9886.476491
58.510704,6,9886.779639
59.099294,6,9886.987903
58.510704,6,9887.256091
57.574733,5,9887.442557
59.099294,6,9887.644025
58.510704,6,9887.830647
59.099294,6,9888.010476
57.574733,5,9888.239219
59.099294,6,9888.425508
59.099294,6,9888.686819
58.510704,6,9888.916216
57.574733,5,9889.271337
57.967614,5,9889.472956
57.574733,5,9889.663039
57.967614,5,9889.976429
57.967614,5,9890.20724
59.099294,6,9890.420243
58.510704,6,9890.58406
58.510704,6,9890.858882
58.510704,6,9891.153142
58.510704,6,9891.372707
59.099294,6,9891.558324
59.099294,6,9891.830731
57.967614,5,9892.053193
59.099294,6,9892.511114
57.574733,5,9892.848861
59.099294,6,9893.045561
59.099294,6,9893.33195
59.099294,6,9893.642672
59.099294,6,9893.871788
57.967614,5,9894.157507
59.099294,6,9894.490227
59.099294,6,9894.662948
57.574733,5,9894.8528
59.099294,6,9895.12719
58.510704,6,9895.303408
59.099294,6,9895.552009
59.099294,6,9895.853782
57.574733,5,9896.075354
59.099294,6,9896.241944
59.099294,6,9896.422301
59.099294,6,9896.771338
57.574733,5,9897.102299
59.099294,6,9897.406364
57.967614,5,9897.750493
58.510704,6,9897.998416
58.510704,6,9898.261333
59.099294,6,9898.551461
57.574733,5,9898.806554
59.099294,6,9898.984129
59.099294,6,9899.184254
59.099294,6,9899.410659
59.099294,6,9899.675681
-7.032386,5,9900.158473
57.574733,5,9900.396922
58.510704,6,9900.72681
-7.032386,5,9901.122027
59.099294,6,9901.395375
-7.425267,5,9901.581078
58.510704,6,9901.884052
57.967614,5,9902.216669
59.099294,6,9902.487602
59.099294,6,9902.760303
57.574733,5,9903.047434
57.574733,5,9903.237683
57.574733,5,9903.488808
59.099294,6,9903.770861
57.574733,5,9903.990969
59.099294,6,9904.211906
57.967614,5,9904.647362
57.574733,5,9904.882853
57.574733,5,9905.083265
57.574733,5,9905.29098
59.099294,6,9905.55918
59.099294,6,9905.739638
59.099294,6,9905.95155
57.967614,5,9906.280727
57.967614,5,9906.567305
58.510704,6,9906.862042
59.099294,6,9907.153776
58.510704,6,9907.478574
59.099294,6,9907.747725
59.099294,6,9907.938707
59.099294,6,9908.252539
58.510704,6,9908.520551
59.099294,6,9908.68031
59.099294,6,9908.965492
58.510704,6,9909.162414
59.099294,6,9909.448358
57.574733,5,9909.676607
59.099294,6,9909.86649
58.510704,6,9910.141086
59.099294,6,9910.355237
59.099294,6,9910.592482
59.099294,6,9911.0552
59.099294,6,9911.261372
58.510704,6,9911.481829
57.574733,5,9911.690933
57.967614,5,9912.115596
59.099294,6,9912.412571
59.099294,6,9912.61934
57.967614,5,9912.978125
58.510704,6,9913.182048
59.099294,6,9913.377487
58.510704,6,9913.626852
58.510704,6,9913.826868
57.967614,5,9914.097136
59.099294,6,9914.395387
59.099294,6,9914.597719
57.574733,5,9914.785381
59.099294,6,9915.035784
59.099294,6,9915.309216
-7.032386,5,9915.799801
59.099294,6,9916.007198
58.510704,6,9916.277303
58.510704,6,9916.575604
58.510704,6,9916.786551
57.574733,5,9916.98613
58.510704,6,9917.273931
59.099294,6,9917.586029
57.967614,5,9917.837739
57.967614,5,9918.289014
57.967614,5,9918.634548
59.099294,6,9918.829333
57.574733,5,9919.067602
59.099294,6,9919.397555
59.099294,6,9919.579426
58.510704,6,9919.988662
58.510704,6,9920.191155
57.574733,5,9920.440596
57.967614,5,9920.62343
59.099294,6,9920.877925
59.099294,6,9921.078475
57.967614,5,9921.370179
59.099294,6,9921.548968
57.967614,5,9921.832823
59.099294,6,9922.098974
58.510704,6,9922.304569
59.099294,6,9922.574718
59.099294,6,9922.7695
59.099294,6,9922.94277
59.099294,6,9923.220333
58.510704,6,9923.46395
57.967614,5,9923.648444
59.099294,6,9923.960695
59.099294,6,9924.268841
59.099294,6,9924.482943
57.967614,5,9924.674015
59.099294,6,9924.890998
58.510704,6,9925.174135
57.967614,5,9925.698423
58.510704,6,9925.916495
59.099294,6,9926.106867
59.099294,6,9926.374187
59.099294,6,9926.592257
59.099294,6,9927.112879
59.099294,6,9928.332096
59.099294,6,9929.250313
59.099294,6,9930.250834
59.099294,6,9930.966516
59.099294,6,9931.851536
59.099294,6,9933.527886
57.574733,5,9934.440169
57.574733,5,9934.894519
57.574733,5,9935.707946
57.574733,5,9936.652168
57.967614,5,9937.703122
58.510704,6,9938.925941
59.099294,6,9939.302029
58.510704,6,9939.520249
59.099294,6,9939.835803
58.510704,6,9940.106548
57.574733,5,9940.330654
59.099294,6,9940.503246
59.099294,6,9940.751368
59.099294,6,9940.96811
58.510704,6,9941.181244
59.099294,6,9941.488462
59.099294,6,9941.757518
57.574733,5,9941.964564
58.510704,6,9942.231045
59.099294,6,9942.510823
59.099294,6,9942.697984
57.967614,5,9942.912183
59.099294,6,9943.201642
57.574733,5,9943.450962
58.510704,6,9943.654787
58.510704,6,9943.837471
59.099294,6,9944.010385
57.967614,5,9944.352111
59.099294,6,9944.559831
59.099294,6,9944.82568
57.574733,5,9945.029772
57.967614,5,9945.432477
57.967614,5,9945.930104
57.574733,5,9946.141493
59.099294,6,9946.340247
57.967614,5,9946.562161
57.967614,5,9946.948016
59.099294,6,9948.419355
59.099294,6,9949.377772
59.099294,6,9950.8861
59.099294,6,9952.186075
59.099294,6,9953.466253
57.574733,5,9954.726448
57.967614,5,9956.337858
57.967614,5,9957.550272
-5.900706,6,9958.643453
59.099294,6,9959.722716
59.099294,6,9961.205091
57.967614,5,9962.943633
58.510704,6,9963.862788
59.099294,6,9965.027566
58.510704,6,9965.836282
57.967614,5,9966.902921
59.099294,6,9967.749478
57.967614,5,9969.18639
58.510704,6,9970.111092
59.099294,6,9971.484446
57.574733,5,9972.574263
59.099294,6,9973.634377
57.574733,5,9974.760796
59.099294,6,9975.122357
59.099294,6,9975.824282
59.099294,6,9976.393144
58.510704,6,9977.084194
59.099294,6,9977.985338
57.967614,5,9978.690259
57.574733,5,9979.481526
57.574733,5,9980.021241
57.574733,5,9980.940953
59.099294,6,9982.053319
59.099294,6,9982.78922
59.099294,6,9983.345063
57.967614,5,9983.990108
59.099294,6,9984.730658
59.099294,6,9985.605397
59.099294,6,9986.707714
57.967614,5,9988.446534
59.099294,6,9989.991004
58.510704,6,9990.785546
58.510704,6,9991.036723
57.574733,5,9991.340131
59.099294,6,9991.65531
59.099294,6,9992.096944
59.099294,6,9992.541082
57.967614,5,9992.827045
57.574733,5,9993.03895
59.099294,6,9993.301844
57.967614,5,9993.612886
59.099294,6,9993.937219
59.099294,6,9994.129591
59.099294,6,9994.35968
58.510704,6,9994.655017
57.574733,5,9994.975306
59.099294,6,9995.16123
57.967614,5,9995.491766
59.099294,6,9995.68718
58.510704,6,9995.940677
59.099294,6,9996.25729
57.574733,5,9996.476023
59.099294,6,9996.664823
59.099294,6,9996.94891
57.574733,5,9997.198115
59.099294,6,9997.511317
57.967614,5,9997.918952
59.099294,6,9998.312718
59.099294,6,9998.520443
57.967614,5,9998.734911
57.574733,5,9998.928996
59.099294,6,9999.357056
57.574733,5,9999.593319
59.099294,6,9999.898862
59.099294,6,10000.221104
57.574733,5,10000.439141
57.967614,5,10000.754047
59.099294,6,10000.946919
59.099294,6,10001.21109
59.099294,6,10001.572568
57.967614,5,10001.794692
59.099294,6,10002.034919
59.099294,6,10002.322805
59.099294,6,10002.50564
58.510704,6,10002.724366
59.099294,6,10002.955987
58.510704,6,10003.241073
58.510704,6,10003.57725
57.574733,5,10003.87838
59.099294,6,10004.107139
59.099294,6,10004.340075
57.967614,5,10004.586839
58.510704,6,10004.837764
57.574733,5,10006.258995
58.510704,6,10008.048989
59.099294,6,10009.306284
59.099294,6,10010.534749
59.099294,6,10012.408445
59.099294,6,10013.752962
59.099294,6,10015.209453
59.099294,6,10016.389324
59.099294,6,10018.129074
59.099294,6,10019.921244
59.099294,6,10020.976389
58.510704,6,10022.13912
59.099294,6,10023.148805
57.967614,5,10024.148656
57.574733,5,10025.011084
57.574733,5,10025.833589
59.099294,6,10026.608864
59.099294,6,10028.075843
59.099294,6,10029.775876
59.099294,6,10030.960345
57.574733,5,10032.133769
-5.900706,6,10034.412807
59.099294,6,10035.565912
58.510704,6,10036.823554
-7.425267,5,10039.151925
59.099294,6,10040.214758
59.099294,6,10041.19441
59.099294,6,10041.950659
59.099294,6,10043.35047
59.099294,6,10044.846205
58.510704,6,10045.868121
58.510704,6,10046.754899
59.099294,6,10047.627654
59.099294,6,10048.455925
59.099294,6,10050.210044
57.574733,5,10051.297027
59.099294,6,10051.875626
59.099294,6,10052.174323
57.574733,5,10052.462188
57.967614,5,10052.893955
57.574733,5,10053.107876
57.574733,5,10053.32322
58.510704,6,10054.848296
57.574733,5,10055.836441
57.967614,5,10057.191615
59.099294,6,10058.213491
58.510704,6,10059.006784
58.510704,6,10059.24859
59.099294,6,10059.592938
59.099294,6,10060.056082
59.099294,6,10060.365383
59.099294,6,10060.585276
58.510704,6,10060.782346
59.099294,6,10060.996223
59.099294,6,10061.211395
-5.900706,6,10061.874401
59.099294,6,10062.065527
59.099294,6,10062.338221
57.574733,5,10062.644936
58.510704,6,10062.941187
59.099294,6,10063.233469
59.099294,6,10063.444358
59.099294,6,10063.778331
58.510704,6,10063.952584
58.510704,6,10064.23638
59.099294,6,10064.54485
58.510704,6,10064.844319
59.099294,6,10065.12406
58.510704,6,10065.315274
57.574733,5,10065.576301
59.099294,6,10065.747173
59.099294,6,10066.036633
57.574733,5,10066.221498
59.099294,6,10066.51812
59.099294,6,10066.761373
57.967614,5,10067.071725
58.510704,6,10067.389358
59.099294,6,10067.652085
59.099294,6,10067.908203
59.099294,6,10068.169506
59.099294,6,10068.448206
59.099294,6,10068.714504
59.099294,6,10068.909169
59.099294,6,10069.10137
59.099294,6,10069.468669
58.510704,6,10069.655313
59.099294,6,10069.920031
57.574733,5,10070.148505
58.510704,6,10070.400085
58.510704,6,10070.611508
59.099294,6,10070.867001
59.099294,6,10071.186856
59.099294,6,10071.346853
59.099294,6,10071.53222
58.510704,6,10071.706524
59.099294,6,10072.025562
57.967614,5,10072.21316
57.967614,5,10072.451857
59.099294,6,10072.656758
59.099294,6,10072.865826
57.574733,5,10073.115345
58.510704,6,10073.406394
59.099294,6,10073.584613
59.099294,6,10073.909007
59.099294,6,10074.191976
59.099294,6,10074.391504
58.510704,6,10074.645355
59.099294,6,10074.823396
59.099294,6,10075.006245
59.099294,6,10075.18283
58.510704,6,10075.452888
57.967614,5,10075.828507
58.510704,6,10077.683284
59.099294,6,10078.385319
58.510704,6,10078.774047
59.099294,6,10079.011441
59.099294,6,10079.412434
59.099294,6,10079.684942
58.510704,6,10079.87272
59.099294,6,10080.072351
59.099294,6,10080.413097
57.967614,5,10080.62859
57.574733,5,10080.845446
57.574733,5,10081.110909
59.099294,6,10081.319747
58.510704,6,10081.660121
58.510704,6,10081.949286
59.099294,6,10082.13482
58.510704,6,10082.356837
58.510704,6,10082.631915
58.510704,6,10082.838949
59.099294,6,10083.05635
59.099294,6,10083.335227
59.099294,6,10083.599138
59.099294,6,10083.882035
58.510704,6,10084.147146
59.099294,6,10084.472677
58.510704,6,10084.698256
58.510704,6,10085.112085
58.510704,6,10085.298794
59.099294,6,10085.626924
59.099294,6,10085.93061
59.099294,6,10086.210578
59.099294,6,10086.498642
57.574733,5,10086.686725
59.099294,6,10086.950465
57.967614,5,10087.201829
58.510704,6,10087.46971
58.510704,6,10087.648189
59.099294,6,10087.946599
59.099294,6,10088.255627
57.574733,5,10088.548311
59.099294,6,10088.760043
59.099294,6,10089.03312
58.510704,6,10089.274986
58.510704,6,10089.575341
58.510704,6,10089.772289
59.099294,6,10090.084573
57.574733,5,10090.283581
59.099294,6,10090.455593
59.099294,6,10090.641654
59.099294,6,10090.900616
59.099294,6,10091.181937
59.099294,6,10091.36624
58.510704,6,10091.553646
58.510704,6,10091.851124
58.510704,6,10092.036205
58.510704,6,10092.322627
59.099294,6,10092.519639
58.510704,6,10092.718971
59.099294,6,10093.022773
57.967614,5,10093.253549
59.099294,6,10093.466232
59.099294,6,10093.76962
59.099294,6,10094.055362
59.099294,6,10094.256569
59.099294,6,10094.437284
59.099294,6,10094.622869
57.574733,5,10094.860254
59.099294,6,10095.023506
58.510704,6,10095.208906
58.510704,6,10095.496962
59.099294,6,10095.691044
59.099294,6,10095.89242
59.099294,6,10096.068416
58.510704,6,10096.251636
59.099294,6,10096.442106
59.099294,6,10096.634358
57.967614,5,10096.980725
58.510704,6,10097.271656
59.099294,6,10097.545011
59.099294,6,10097.854567
57.967614,5,10098.182054
57.574733,5,10098.393314
58.510704,6,10098.59656
59.099294,6,10098.867232
57.574733,5,10099.186151
58.510704,6,10099.3766
57.967614,5,10099.70125
59.099294,6,10099.953889
57.574733,5,10100.21934
-5.900706,6,10100.583243
59.099294,6,10100.744601
59.099294,6,10101.04982
59.099294,6,10101.328648
59.099294,6,10101.669997
59.099294,6,10101.911104
59.099294,6,10102.14724
59.099294,6,10102.338962
59.099294,6,10102.640849
59.099294,6,10102.884779
59.099294,6,10103.184877
59.099294,6,10103.347934
58.510704,6,10103.603772
59.099294,6,10103.783032
59.099294,6,10104.091891
58.510704,6,10104.389308
59.099294,6,10104.678619
59.099294,6,10104.89857
59.099294,6,10105.172562
59.099294,6,10105.356564
58.510704,6,10105.529573
57.574733,5,10105.733044
59.099294,6,10105.952394
57.967614,5,10106.313416
59.099294,6,10106.498577
54.008717,4,10106.804893
57.967614,5,10107.099002
57.967614,5,10107.294163
59.099294,6,10107.478699
59.099294,6,10107.678704
59.099294,6,10107.960146
59.099294,6,10108.273687
59.099294,6,10108.615352
57.574733,5,10108.946162
58.510704,6,10109.222916
57.967614,5,10109.507509
59.099294,6,10109.706755
58.510704,6,10109.888804
59.099294,6,10110.193318
59.099294,6,10110.477184
59.099294,6,10110.784081
58.510704,6,10110.991198
58.510704,6,10111.196639
59.099294,6,10111.401114
59.099294,6,10111.719862
59.099294,6,10111.948764
59.099294,6,10112.154191
59.099294,6,10112.443408
59.099294,6,10112.742416
59.099294,6,10112.9297
58.510704,6,10113.106434
58.510704,6,10113.306555
59.099294,6,10113.613523
59.099294,6,10113.825268
57.574733,5,10114.081198
59.099294,6,10114.396291
59.099294,6,10114.703975
58.510704,6,10114.91497
59.099294,6,10115.119028
59.099294,6,10115.43448
58.510704,6,10115.628803
59.099294,6,10115.917322
57.574733,5,10116.110466
59.099294,6,10116.377868
59.099294,6,10116.654768
58.510704,6,10116.919304
57.967614,5,10117.205692
57.967614,5,10117.480067
59.099294,6,10117.807321
59.099294,6,10117.974459
59.099294,6,10118.254335
59.099294,6,10118.430904
58.510704,6,10118.621266
58.510704,6,10118.909765
58.510704,6,10119.190556
59.099294,6,10119.38225
57.967614,5,10119.709217
59.099294,6,10120.037243
57.967614,5,10120.407547
-6.489296,6,10120.884179
57.574733,5,10121.139299
57.574733,5,10121.341615
58.510704,6,10121.553071
59.099294,6,10121.969175
58.510704,6,10122.164273
58.510704,6,10122.352413
59.099294,6,10122.53985
58.510704,6,10122.820443
57.574733,5,10123.127441
-5.900706,6,10123.521952
59.099294,6,10123.71916
59.099294,6,10123.905465
57.967614,5,10124.297884
58.510704,6,10124.517333
58.510704,6,10124.722257
59.099294,6,10124.928154
59.099294,6,10125.254225
57.574733,5,10125.464628
59.099294,6,10125.64683
57.967614,5,10126.041364
59.099294,6,10126.231125
57.967614,5,10126.420515
59.099294,6,10126.605288
57.967614,5,10126.91979
58.510704,6,10127.120965
59.099294,6,10127.316905
-5.900706,6,10127.679878
57.967614,5,10127.956096
57.967614,5,10128.26823
58.510704,6,10128.503991
58.510704,6,10128.677843
-5.900706,6,10129.035012
59.099294,6,10129.33808
59.099294,6,10129.584348
59.099294,6,10129.762916
57.574733,5,10129.964626
59.099294,6,10130.231399
58.510704,6,10130.509238
59.099294,6,10130.695875
-7.032386,5,10131.165259
59.099294,6,10131.336132
59.099294,6,10131.646646
57.967614,5,10131.957086
59.099294,6,10132.243528
59.099294,6,10132.527486
57.967614,5,10132.746777
57.967614,5,10132.956794
58.510704,6,10133.127866
57.574733,5,10133.337694
57.967614,5,10133.593291
58.510704,6,10133.779836
57.967614,5,10133.989306
58.510704,6,10134.182216
59.099294,6,10134.434704
59.099294,6,10134.840695
-5.900706,6,10135.432687
59.099294,6,10135.709324
58.510704,6,10135.965165
57.574733,5,10136.208162
59.099294,6,10136.477338
59.099294,6,10136.782724
57.574733,5,10137.024651
57.574733,5,10137.238464
58.510704,6,10137.497728
58.510704,6,10137.683167
59.099294,6,10137.892503
58.510704,6,10138.146499
57.967614,5,10138.413254
59.099294,6,10138.593384
59.099294,6,10138.889634
59.099294,6,10139.080255
59.099294,6,10139.268292
57.574733,5,10139.52777
59.099294,6,10139.689729
58.510704,6,10139.963422
-5.900706,6,10140.202213
59.099294,6,10140.382959
58.510704,6,10140.646395
59.099294,6,10140.828213
59.099294,6,10140.989524
59.099294,6,10141.267796
59.099294,6,10141.465549
57.574733,5,10141.712868
59.099294,6,10141.975639
59.099294,6,10142.240378
58.510704,6,10142.434242
58.510704,6,10142.848514
57.574733,5,10143.041414
59.099294,6,10143.22066
59.099294,6,10143.518413
59.099294,6,10143.845057
58.510704,6,10144.147662
59.099294,6,10144.437695
57.574733,5,10144.712984
58.510704,6,10144.94776
59.099294,6,10145.215411
58.510704,6,10145.399484
-5.900706,6,10145.630896
57.574733,5,10145.921094
58.510704,6,10146.121037
57.967614,5,10146.316539
57.574733,5,10146.514155
59.099294,6,10146.729376
59.099294,6,10146.936073
57.967614,5,10147.271748
58.510704,6,10147.56992
57.574733,5,10147.901285
57.967614,5,10148.145268
59.099294,6,10148.465155
59.099294,6,10148.763341
57.574733,5,10148.998131
59.099294,6,10149.209934
59.099294,6,10149.455164
59.099294,6,10149.768094
57.574733,5,10149.975629
59.099294,6,10151.169922
57.967614,5,10151.534602
57.574733,5,10151.7526
-5.900706,6,10152.137016
58.510704,6,10152.456264
59.099294,6,10152.730247
57.574733,5,10152.918526
59.099294,6,10153.178241
59.099294,6,10153.52721
57.574733,5,10153.858231
59.099294,6,10154.055801
58.510704,6,10154.252344
59.099294,6,10154.52886
57.967614,5,10154.864228
59.099294,6,10155.068324
59.099294,6,10155.341898
58.510704,6,10155.60014
57.574733,5,10155.939976
58.510704,6,10156.167321
58.510704,6,10156.469976
57.967614,5,10156.775705
59.099294,6,10156.995236
58.510704,6,10157.231594
58.510704,6,10157.441586
59.099294,6,10157.765973
59.099294,6,10157.992311
59.099294,6,10158.269846
58.510704,6,10158.591409
58.510704,6,10158.804268
58.510704,6,10158.994817
59.099294,6,10159.192156
-6.489296,6,10159.645018
59.099294,6,10159.84104
58.510704,6,10160.073865
58.510704,6,10160.269201
59.099294,6,10160.570967
59.099294,6,10160.874225
59.099294,6,10161.143401
58.510704,6,10161.354263
59.099294,6,10161.63409
58.510704,6,10161.961246
59.099294,6,10162.260171
59.099294,6,10162.653609
59.099294,6,10162.928192
59.099294,6,10163.110676
59.099294,6,10163.448793
59.099294,6,10163.71681
59.099294,6,10163.994391
59.099294,6,10164.307682
58.510704,6,10164.493591
59.099294,6,10164.670376
57.574733,5,10164.865326
59.099294,6,10165.134016
57.574733,5,10165.383754
58.510704,6,10165.676531
58.510704,6,10165.883663
58.510704,6,10166.095248
58.510704,6,10166.367438
59.099294,6,10166.984952
59.099294,6,10168.631919
59.099294,6,10170.200721
59.099294,6,10171.734677
58.510704,6,10172.926555
58.510704,6,10173.892658
59.099294,6,10175.217891
58.510704,6,10176.26925
58.510704,6,10177.250764
59.099294,6,10178.720022
58.510704,6,10179.508675
59.099294,6,10180.53166
57.574733,5,10181.190531
57.967614,5,10182.150309
59.099294,6,10183.050075
58.510704,6,10183.873922
58.510704,6,10184.454757
58.510704,6,10185.099717
59.099294,6,10185.658559
59.099294,6,10186.622658
59.099294,6,10187.037894
59.099294,6,10187.757792
58.510704,6,10188.248415
58.510704,6,10188.805377
58.510704,6,10189.435848
58.510704,6,10189.981354
59.099294,6,10190.401514
59.099294,6,10191.04529
58.510704,6,10191.438248
58.510704,6,10191.822093
59.099294,6,10192.411069
58.510704,6,10193.075573
59.099294,6,10194.551803
-6.489296,6,10195.830294
59.099294,6,10196.685497
59.099294,6,10198.045658
59.099294,6,10198.793339
59.099294,6,10200.208962
58.510704,6,10201.108305
57.967614,5,10202.199337
59.099294,6,10203.454647
59.099294,6,10204.289139
59.099294,6,10205.592584
59.099294,6,10206.965702
58.510704,6,10208.156005
59.099294,6,10209.805839
57.574733,5,10211.192837
59.099294,6,10212.238463
59.099294,6,10214.015368
-5.900706,6,10215.406339
59.099294,6,10216.386324
59.099294,6,10217.345333
59.099294,6,10219.041973
59.099294,6,10220.659741
57.574733,5,10221.790694
59.099294,6,10223.633103
59.099294,6,10224.814311
59.099294,6,10225.801544
59.099294,6,10226.331746
59.099294,6,10227.221062
59.099294,6,10228.824398
58.510704,6,10230.416642
59.099294,6,10231.31633
59.099294,6,10232.742464
59.099294,6,10234.44841
58.510704,6,10235.753429
59.099294,6,10236.749454
59.099294,6,10237.733742
59.099294,6,10239.166288
58.510704,6,10240.143178
57.967614,5,10240.996299
57.574733,5,10241.517285
57.967614,5,10242.472151
59.099294,6,10243.062786
59.099294,6,10244.660129
57.574733,5,10245.479999
59.099294,6,10246.508531
59.099294,6,10247.486024
59.099294,6,10248.555936
58.510704,6,10249.354053
59.099294,6,10249.949689
59.099294,6,10251.268481
59.099294,6,10252.727235
57.574733,5,10253.692724
59.099294,6,10254.500115
59.099294,6,10255.841944
59.099294,6,10256.968188
59.099294,6,10258.630829
59.099294,6,10259.912493
58.510704,6,10260.705449
59.099294,6,10262.094071
59.099294,6,10263.070419
58.510704,6,10263.705625
59.099294,6,10264.559721
58.510704,6,10265.649932
58.510704,6,10267.1762
59.099294,6,10268.231687
57.967614,5,10270.042934
59.099294,6,10271.656317
58.510704,6,10272.639834
59.099294,6,10273.639602
59.099294,6,10275.229702
57.574733,5,10276.380494
59.099294,6,10277.540128
59.099294,6,10278.881853
59.099294,6,10280.487502
59.099294,6,10282.293239
59.099294,6,10283.502558
59.099294,6,10284.654487
57.574733,5,10285.754156
-5.900706,6,10286.940785
59.099294,6,10288.690477
58.510704,6,10289.98
59.099294,6,10291.534409
57.574733,5,10292.432466
58.510704,6,10293.419027
58.510704,6,10294.28033
59.099294,6,10295.848657
58.510704,6,10296.982532
57.574733,5,10298.042358
59.099294,6,10298.888745
59.099294,6,10299.474824
58.510704,6,10300.667881
59.099294,6,10301.533602
59.099294,6,10302.385381
58.510704,6,10303.857343
58.510704,6,10304.720206
58.510704,6,10305.817485
59.099294,6,10307.011479
57.967614,5,10308.081343
59.099294,6,10309.270743
59.099294,6,10310.270113
58.510704,6,10311.236113
59.099294,6,10312.141457
59.099294,6,10313.506916
59.099294,6,10314.763546
58.510704,6,10315.62574
57.967614,5,10316.771722
58.510704,6,10317.651897
59.099294,6,10318.50738
59.099294,6,10319.42796
59.099294,6,10319.898813
58.510704,6,10320.599106
59.099294,6,10321.009252
59.099294,6,10322.035235
59.099294,6,10322.775063
58.510704,6,10323.167044
58.510704,6,10323.92336
59.099294,6,10324.398866
59.099294,6,10324.961436
59.099294,6,10325.347806
59.099294,6,10326.113055
59.099294,6,10326.841073
58.510704,6,10327.55742
59.099294,6,10328.100365
57.574733,5,10328.857735
58.510704,6,10329.392866
59.099294,6,10330.355571
59.099294,6,10331.200374
59.099294,6,10332.327455
58.510704,6,10333.340338
59.099294,6,10334.423057
57.574733,5,10335.527318
59.099294,6,10336.516727
58.510704,6,10337.593506
58.510704,6,10338.620098
59.099294,6,10340.195063
59.099294,6,10341.376917
59.099294,6,10342.911107
59.099294,6,10343.89816
59.099294,6,10345.582272
58.510704,6,10346.679788
59.099294,6,10348.42302
57.574733,5,10349.538098
58.510704,6,10350.725867
59.099294,6,10352.568008
57.574733,5,10353.937993
59.099294,6,10354.951907
59.099294,6,10356.452016
58.510704,6,10357.405438
58.510704,6,10358.471452
58.510704,6,10359.98883
58.510704,6,10361.299334
59.099294,6,10362.425682
58.510704,6,10363.492044
59.099294,6,10364.455885
58.510704,6,10365.157964
58.510704,6,10366.522023
59.099294,6,10367.561586
59.099294,6,10368.572534
59.099294,6,10369.635657
57.574733,5,10370.748248
58.510704,6,10371.791353
58.510704,6,10372.872246
59.099294,6,10374.053658
59.099294,6,10375.458196
59.099294,6,10376.557713
59.099294,6,10377.605696
59.099294,6,10378.696823
58.510704,6,10379.629877
59.099294,6,10381.342762
59.099294,6,10382.311606
59.099294,6,10383.82102
59.099294,6,10385.572076
59.099294,6,10387.283829
58.510704,6,10388.309521
59.099294,6,10389.279654
59.099294,6,10390.10995
58.510704,6,10391.019149
59.099294,6,10392.339028
59.099294,6,10394.183929
59.099294,6,10395.787193
58.510704,6,10397.127386
59.099294,6,10397.809681
59.099294,6,10399.016363
59.099294,6,10399.761609
59.099294,6,10401.482044
59.099294,6,10403.311695
59.099294,6,10404.391177
59.099294,6,10405.486367
59.099294,6,10406.568136
-5.900706,6,10408.919856
59.099294,6,10410.759244
58.510704,6,10412.708492
59.099294,6,10413.868259
58.510704,6,10415.095351
59.099294,6,10416.148941
58.510704,6,10417.411525
57.967614,5,10419.100712
59.099294,6,10421.100169
59.099294,6,10422.700086
59.099294,6,10424.167052
57.967614,5,10425.416397
59.099294,6,10426.78886
59.099294,6,10427.573098
59.099294,6,10428.529337
58.510704,6,10429.18185
59.099294,6,10430.275742
59.099294,6,10431.398334
59.099294,6,10432.702197
59.099294,6,10434.090778
59.099294,6,10435.658546
59.099294,6,10437.115953
58.510704,6,10438.415108
59.099294,6,10439.688715
57.967614,5,10440.640491
59.099294,6,10441.771092
58.510704,6,10442.333155
58.510704,6,10443.200097
58.510704,6,10444.101154
59.099294,6,10444.607178
59.099294,6,10445.493685
59.099294,6,10446.022272
58.510704,6,10447.287242
59.099294,6,10448.027435
58.510704,6,10448.688235
58.510704,6,10449.192863
59.099294,6,10450.113528
59.099294,6,10451.17345
58.510704,6,10451.770834
59.099294,6,10452.485008
59.099294,6,10453.09804
59.099294,6,10453.945613
59.099294,6,10454.811242
59.099294,6,10455.310952
59.099294,6,10455.925697
58.510704,6,10456.748884
59.099294,6,10457.745333
59.099294,6,10459.20224
59.099294,6,10460.802302
57.967614,5,10462.178758
59.099294,6,10463.299004
59.099294,6,10464.283037
58.510704,6,10465.686382
59.099294,6,10466.827047
59.099294,6,10467.836762
57.574733,5,10468.900214
58.510704,6,10469.980467
59.099294,6,10471.719594
59.099294,6,10473.475628
57.574733,5,10474.928293
59.099294,6,10476.68837
58.510704,6,10477.671419
59.099294,6,10478.761642
59.099294,6,10480.173746
59.099294,6,10481.199075
59.099294,6,10482.531315
59.099294,6,10484.004194
58.510704,6,10485.142851
59.099294,6,10487.346982
59.099294,6,10488.989636
59.099294,6,10490.631042
58.510704,6,10491.785912
59.099294,6,10493.284103
58.510704,6,10494.265888
58.510704,6,10495.430828
59.099294,6,10496.288455
58.510704,6,10497.492375
58.510704,6,10498.748934
59.099294,6,10499.861431
59.099294,6,10500.902259
59.099294,6,10501.619484
58.510704,6,10502.0775
57.574733,5,10502.708662
57.574733,5,10503.304369
59.099294,6,10503.833833
59.099294,6,10504.67217
59.099294,6,10505.230966
58.510704,6,10505.70491
57.574733,5,10506.434853
59.099294,6,10507.612925
59.099294,6,10508.073869
59.099294,6,10508.892975
59.099294,6,10509.731332
59.099294,6,10510.544824
59.099294,6,10511.337185
58.510704,6,10511.972474
59.099294,6,10512.522376
57.967614,5,10513.199731
59.099294,6,10514.546748
58.510704,6,10515.066313
59.099294,6,10516.152905
59.099294,6,10516.919618
-5.900706,6,10518.034683
58.510704,6,10518.477932
59.099294,6,10519.450748
58.510704,6,10520.144713
59.099294,6,10520.684618
57.574733,5,10521.172473
59.099294,6,10521.69761
58.510704,6,10522.307808
59.099294,6,10523.093128
57.574733,5,10524.08542
59.099294,6,10524.876597
57.574733,5,10525.731183
59.099294,6,10526.59358
59.099294,6,10527.348282
59.099294,6,10528.219363
57.574733,5,10529.200596
59.099294,6,10530.864626
57.967614,5,10532.608067
58.510704,6,10533.520994
58.510704,6,10534.483153
59.099294,6,10535.32452
59.099294,6,10536.14259
59.099294,6,10537.538039
59.099294,6,10538.990111
59.099294,6,10540.485146
59.099294,6,10541.587854
59.099294,6,10542.563695
57.967614,5,10543.545738
59.099294,6,10544.557605
59.099294,6,10545.867644
58.510704,6,10546.936676
59.099294,6,10548.491438
58.510704,6,10550.289974
58.510704,6,10551.175835
59.099294,6,10552.94092
59.099294,6,10553.944038
59.099294,6,10555.567773
59.099294,6,10557.118741
58.510704,6,10558.005525
59.099294,6,10559.063088
59.099294,6,10560.67491
57.574733,5,10562.015039
58.510704,6,10563.151799
59.099294,6,10563.888579
59.099294,6,10564.595069
59.099294,6,10565.65944
59.099294,6,10566.698193
57.574733,5,10567.510149
58.510704,6,10568.460492
59.099294,6,10569.650364
59.099294,6,10571.379055
59.099294,6,10572.489144
59.099294,6,10574.301965
59.099294,6,10576.038494
59.099294,6,10577.677591
57.967614,5,10579.699898
59.099294,6,10580.777614
59.099294,6,10582.449476
-7.032386,5,10584.485114
59.099294,6,10586.336729
58.510704,6,10587.350181
58.510704,6,10588.0487
59.099294,6,10589.030854
59.099294,6,10590.404357
58.510704,6,10590.892278
59.099294,6,10592.336412
58.510704,6,10593.101725
59.099294,6,10594.548549
59.099294,6,10595.673276
58.510704,6,10596.588658
58.510704,6,10597.466175
57.967614,5,10598.896238
57.967614,5,10599.933541
59.099294,6,10600.985632
58.510704,6,10601.766795
57.967614,5,10602.795788
58.510704,6,10603.502279
-7.032386,5,10604.918036
59.099294,6,10605.34665
57.574733,5,10605.949816
59.099294,6,10607.219858
58.510704,6,10607.962139
57.967614,5,10608.879062
59.099294,6,10609.794113
58.510704,6,10610.935753
57.967614,5,10612.700251
59.099294,6,10614.619612
59.099294,6,10616.392508
58.510704,6,10617.522325
57.574733,5,10618.762664
59.099294,6,10620.134567
59.099294,6,10621.431795
59.099294,6,10622.616215
59.099294,6,10624.292149
59.099294,6,10625.823382
59.099294,6,10626.760839
59.099294,6,10627.682735
58.510704,6,10628.829406
58.510704,6,10629.882801
59.099294,6,10630.546629
58.510704,6,10631.2532
58.510704,6,10631.902107
57.574733,5,10632.81857
57.574733,5,10633.447394
59.099294,6,10634.976624
58.510704,6,10636.095743
58.510704,6,10636.961573
59.099294,6,10638.457097
57.574733,5,10639.442636
59.099294,6,10640.776918
59.099294,6,10641.633416
-5.900706,6,10642.91279
58.510704,6,10643.745973
58.510704,6,10644.89262
59.099294,6,10646.306712
57.574733,5,10647.187836
59.099294,6,10647.969313
59.099294,6,10649.215813
59.099294,6,10650.029785
57.967614,5,10651.459521
59.099294,6,10652.519282
59.099294,6,10653.719183
57.967614,5,10654.723693
57.574733,5,10655.629785
59.099294,6,10656.46693
57.967614,5,10657.217809
59.099294,6,10658.351863
59.099294,6,10659.557161
59.099294,6,10660.974551
59.099294,6,10661.585546
59.099294,6,10662.605067
58.510704,6,10663.416431
57.967614,5,10664.975556
59.099294,6,10665.659381
58.510704,6,10666.371332
57.78954,7,10667.250973
59.099294,6,10667.768993
59.099294,6,10668.527062
59.099294,6,10669.099925
59.099294,6,10669.771142
59.099294,6,10670.41627
57.967614,5,10671.39287
57.967614,5,10672.628962
58.510704,6,10674.048354
58.510704,6,10675.520238
58.510704,6,10676.433252
57.967614,5,10677.999295
58.510704,6,10678.944337
58.510704,6,10679.843203
-7.032386,5,10681.46411
59.099294,6,10682.789915
59.099294,6,10684.125554
59.099294,6,10685.612167
59.099294,6,10687.150207
58.510704,6,10688.037189
59.099294,6,10689.449121
57.967614,5,10690.976409
57.574733,5,10692.059754
59.099294,6,10692.934517
59.099294,6,10694.544368
58.510704,6,10695.847952
57.574733,5,10696.4101
59.099294,6,10697.178073
59.099294,6,10697.610748
-6.489296,6,10698.406631
59.099294,6,10698.806509
59.099294,6,10699.261816
57.574733,5,10699.68014
59.099294,6,10700.361017
57.574733,5,10700.864675
59.099294,6,10701.227218
58.510704,6,10701.70736
57.967614,5,10702.262841
58.510704,6,10702.740264
59.099294,6,10703.131827
59.099294,6,10703.764412
58.510704,6,10704.475067
59.099294,6,10705.196732
57.574733,5,10705.592683
59.099294,6,10706.287177
58.510704,6,10706.698796
59.099294,6,10707.105703
58.510704,6,10707.722814
59.099294,6,10708.275876
58.510704,6,10708.74973
58.510704,6,10709.301004
57.574733,5,10709.875386
59.099294,6,10710.223404
57.574733,5,10710.644952
59.099294,6,10711.325756
59.099294,6,10712.119931
59.099294,6,10712.468994
59.099294,6,10713.015393
58.510704,6,10713.512691
57.574733,5,10713.913199
59.099294,6,10714.663231
57.967614,5,10715.47112
59.099294,6,10715.906425
58.510704,6,10716.283715
59.099294,6,10716.931619
57.574733,5,10717.368669
59.099294,6,10717.700559
59.099294,6,10718.330764
57.967614,5,10719.01094
58.510704,6,10719.480087
57.574733,5,10720.001717
58.510704,6,10720.502433
58.510704,6,10720.975818
58.510704,6,10721.384706
59.099294,6,10721.870616
59.099294,6,10722.453552
59.099294,6,10723.116444
59.099294,6,10723.906445
57.967614,5,10724.766172
59.099294,6,10725.428701
59.099294,6,10726.233642
59.099294,6,10726.646878
58.510704,6,10727.041528
57.967614,5,10727.730477
59.099294,6,10728.325745
59.099294,6,10728.99203
59.099294,6,10729.328755
59.099294,6,10730.117821
59.099294,6,10730.740378
59.099294,6,10731.528538
57.574733,5,10731.9602
58.510704,6,10732.469286
59.099294,6,10732.86802
59.099294,6,10733.322957
59.099294,6,10733.890626
58.510704,6,10734.255042
58.510704,6,10734.920775
58.510704,6,10735.491453
59.099294,6,10735.963701
57.574733,5,10736.54033
59.099294,6,10737.000546
58.510704,6,10737.60226
59.099294,6,10738.461151
59.099294,6,10738.880878
59.099294,6,10739.543914
57.967614,5,10740.160868
59.099294,6,10740.827605
59.099294,6,10741.391183
58.510704,6,10741.866693
58.510704,6,10742.236367
58.510704,6,10742.663885
59.099294,6,10743.062234
59.099294,6,10743.444901
59.099294,6,10744.095496
57.967614,5,10744.54425
58.510704,6,10744.926346
58.510704,6,10745.35273
59.099294,6,10745.762628
58.510704,6,10746.342205
59.099294,6,10746.712866
57.574733,5,10747.113537
59.099294,6,10747.87517
59.099294,6,10748.504745
58.510704,6,10749.003774
58.510704,6,10749.406778
59.099294,6,10750.033238
59.099294,6,10750.588877
59.099294,6,10751.194461
59.099294,6,10751.736796
59.099294,6,10752.255198
59.099294,6,10752.571285
59.099294,6,10753.129029
58.510704,6,10753.739336
57.967614,5,10754.624584
59.099294,6,10755.207744
59.099294,6,10755.553234
59.099294,6,10756.356991
58.510704,6,10756.713524
59.099294,6,10757.207986
59.099294,6,10757.587326
57.967614,5,10758.243235
59.099294,6,10758.694809
59.099294,6,10759.04462
58.510704,6,10759.515672
57.574733,5,10759.868674
59.099294,6,10760.775643
57.574733,5,10761.557648
57.967614,5,10762.2519
58.510704,6,10762.886963
59.099294,6,10763.897897
59.099294,6,10764.44068
58.510704,6,10765.022932
59.099294,6,10765.655113
59.099294,6,10766.108924
58.510704,6,10766.731736
59.099294,6,10767.767118
57.574733,5,10768.329251
59.099294,6,10769.176337
59.099294,6,10769.807407
59.099294,6,10770.275736
58.510704,6,10770.894991
59.099294,6,10771.391319
59.099294,6,10771.768137
58.510704,6,10772.368535
58.510704,6,10772.765134
59.099294,6,10773.172376
59.099294,6,10774.134073
57.967614,5,10774.948679
57.574733,5,10775.475767
58.510704,6,10776.089569
57.967614,5,10777.217809
59.099294,6,10777.807909
59.099294,6,10778.725591
58.510704,6,10779.741818
59.099294,6,10780.612601
57.574733,5,10781.761338
58.510704,6,10782.669886
58.510704,6,10783.582952
57.967614,5,10785.124243
59.099294,6,10786.111298
58.510704,6,10786.968789
59.099294,6,10788.061559
57.967614,5,10789.033709
59.099294,6,10790.578825
59.099294,6,10792.784165
59.099294,6,10793.641307
59.099294,6,10795.02019
59.099294,6,10796.203702
59.099294,6,10797.18118
59.099294,6,10797.846601
59.099294,6,10798.925595
57.574733,5,10800.058613
58.510704,6,10800.886469
57.574733,5,10801.713077
58.510704,6,10802.495153
58.510704,6,10803.230002
59.099294,6,10804.278651
58.510704,6,10805.787213
59.099294,6,10807.143906
57.574733,5,10808.069724
59.099294,6,10809.531373
59.099294,6,10810.407804
57.574733,5,10811.30516
58.510704,6,10812.27274
59.099294,6,10813.299901
59.099294,6,10814.305862
58.510704,6,10814.929093
58.510704,6,10815.425326
57.967614,5,10816.110052
59.099294,6,10816.851787
59.099294,6,10817.243231
58.510704,6,10818.213979
59.099294,6,10819.755816
58.510704,6,10820.614705
59.099294,6,10822.125689
59.099294,6,10823.026327
57.574733,5,10824.167957
58.510704,6,10825.434035
57.78954,7,10826.72067
58.510704,6,10827.46987
59.099294,6,10828.34727
59.099294,6,10829.795051
57.574733,5,10831.02265
57.574733,5,10831.865763
59.099294,6,10833.261936
57.574733,5,10834.20945
59.099294,6,10835.162824
58.510704,6,10836.278211
58.510704,6,10837.343458
59.099294,6,10838.289453
59.099294,6,10839.214258
59.099294,6,10840.9006
59.099294,6,10841.684472
58.510704,6,10842.289063
57.78954,7,10842.802116
59.099294,6,10843.159675
59.099294,6,10843.54871
59.099294,6,10844.328177
58.510704,6,10844.718954
59.099294,6,10845.355076
59.099294,6,10845.738877
58.510704,6,10846.240781
59.099294,6,10846.823591
58.510704,6,10847.147304
59.099294,6,10847.818176
58.510704,6,10848.177659
59.099294,6,10848.893847
59.099294,6,10849.460967
57.574733,5,10850.15467
57.967614,5,10850.664237
57.967614,5,10851.544686
59.099294,6,10851.954942
59.099294,6,10852.479839
58.510704,6,10852.968693
58.510704,6,10853.572136
59.099294,6,10854.101451
58.510704,6,10854.63226
59.099294,6,10855.187103
58.510704,6,10855.676976
59.099294,6,10856.367543
59.099294,6,10857.009891
59.099294,6,10857.436962
58.510704,6,10857.816956
59.099294,6,10858.310676
59.099294,6,10858.868809
59.099294,6,10859.362806
58.510704,6,10859.884271
59.099294,6,10860.356185
59.099294,6,10861.161654
58.510704,6,10861.677939
58.510704,6,10862.100891
58.510704,6,10862.499725
59.099294,6,10862.958821
59.099294,6,10863.569613
59.099294,6,10864.070872
58.510704,6,10864.470872
59.099294,6,10865.042814
59.099294,6,10865.665142
58.510704,6,10866.049367
58.510704,6,10866.594764
59.099294,6,10867.167904
57.78954,7,10867.756159
59.099294,6,10868.124662
58.510704,6,10868.550735
59.099294,6,10869.038161
58.510704,6,10869.463245
58.510704,6,10870.151005
58.510704,6,10870.563931
57.574733,5,10870.951155
59.099294,6,10871.725135
59.099294,6,10872.414774
59.099294,6,10873.037812
58.510704,6,10873.589513
-5.900706,6,10874.66784
59.099294,6,10875.245388
58.510704,6,10875.579737
59.099294,6,10876.290148
57.574733,5,10876.802555
58.510704,6,10877.231724
58.510704,6,10877.609429
59.099294,6,10878.016787
59.099294,6,10878.493715
58.510704,6,10878.846032
58.510704,6,10879.325515
59.099294,6,10879.890209
59.099294,6,10880.326815
59.099294,6,10881.023868
59.099294,6,10881.609515
59.099294,6,10882.244645
59.099294,6,10882.971425
59.099294,6,10883.544523
59.099294,6,10884.051556
59.099294,6,10884.636785
59.099294,6,10885.361782
58.510704,6,10885.734324
58.510704,6,10886.142849
58.510704,6,10886.724782
58.510704,6,10887.120203
58.510704,6,10887.666201
59.099294,6,10888.293173
58.510704,6,10888.68801
59.099294,6,10889.234135
59.099294,6,10889.800606
57.78954,7,10890.323675
58.510704,6,10890.866386
59.099294,6,10891.56853
59.099294,6,10891.964166
58.510704,6,10892.665684
59.099294,6,10893.509778
59.099294,6,10893.841387
59.099294,6,10894.385223
58.510704,6,10894.961458
59.099294,6,10895.430648
58.510704,6,10896.150063
59.099294,6,10896.571815
59.099294,6,10897.043197
58.510704,6,10897.44686
59.099294,6,10898.051864
58.510704,6,10898.563326
59.099294,6,10898.932102
59.099294,6,10899.638539
58.510704,6,10900.141233
59.099294,6,10900.644896
59.099294,6,10901.02154
-6.489296,6,10901.420395
59.099294,6,10902.065486
58.510704,6,10902.618057
58.510704,6,10903.084838
59.099294,6,10903.519118
58.510704,6,10904.315107
59.099294,6,10904.719312
59.099294,6,10905.449716
58.510704,6,10906.123284
59.099294,6,10906.972821
57.967614,5,10907.590098
59.099294,6,10908.025709
59.099294,6,10908.604836
58.510704,6,10909.366131
58.510704,6,10909.735393
-6.489296,6,10910.876495
58.510704,6,10911.374489
59.099294,6,10912.12623
59.099294,6,10912.587475
59.099294,6,10912.920508
59.099294,6,10913.485775
59.099294,6,10914.099569
59.099294,6,10914.455118
58.510704,6,10914.982338
58.510704,6,10915.421795
59.099294,6,10915.835301
59.099294,6,10916.504134
59.099294,6,10916.901334
59.099294,6,10917.631516
59.099294,6,10918.531824
59.099294,6,10919.100844
59.099294,6,10919.612153
58.510704,6,10920.086052
59.099294,6,10920.615575
59.099294,6,10921.039863
59.099294,6,10921.587775
58.510704,6,10922.122714
59.099294,6,10922.891862
59.099294,6,10923.310062
58.510704,6,10923.683889
57.574733,5,10924.206885
57.574733,5,10924.618026
59.099294,6,10925.157894
59.099294,6,10925.677262
59.099294,6,10926.059364
59.099294,6,10926.529061
59.099294,6,10926.890294
59.099294,6,10927.212293
58.510704,6,10927.756087
59.099294,6,10928.352106
59.099294,6,10929.042088
59.099294,6,10929.427601
59.099294,6,10929.782444
59.099294,6,10930.500925
58.510704,6,10930.886393
58.510704,6,10931.404284
58.510704,6,10931.770763
59.099294,6,10932.132288
59.099294,6,10932.76837
59.099294,6,10933.323014
58.510704,6,10933.773015
58.510704,6,10934.304349
58.510704,6,10934.974497
59.099294,6,10935.644914
59.099294,6,10936.408888
59.099294,6,10936.901062
59.099294,6,10937.662139
59.099294,6,10938.090467
59.099294,6,10938.77185
57.574733,5,10939.190052
59.099294,6,10939.725437
57.574733,5,10940.179032
59.099294,6,10940.660969
59.099294,6,10941.232517
58.510704,6,10941.895161
57.574733,5,10942.346191
59.099294,6,10942.866878
59.099294,6,10943.542015
59.099294,6,10943.998431
59.099294,6,10944.505696
57.066154,7,10944.914245
59.099294,6,10945.316684
59.099294,6,10945.709938
59.099294,6,10946.292851
59.099294,6,10946.818315
57.574733,5,10947.228911
58.510704,6,10948.06847
59.099294,6,10948.649438
59.099294,6,10949.600197
59.099294,6,10950.033099
58.510704,6,10950.466174
59.099294,6,10951.288257
58.510704,6,10951.811355
59.099294,6,10952.310116
57.574733,5,10952.837878
59.099294,6,10953.177842
59.099294,6,10953.711112
59.099294,6,10954.127082
58.510704,6,10954.514081
59.099294,6,10955.028969
58.510704,6,10955.471026
59.099294,6,10956.411051
59.099294,6,10956.897603
58.510704,6,10957.599045
59.099294,6,10958.149539
59.099294,6,10958.624459
57.574733,5,10959.195974
58.510704,6,10959.759452
59.099294,6,10960.146003
58.510704,6,10960.578909
59.099294,6,10961.343438
57.574733,5,10962.259562
58.510704,6,10962.755128
59.099294,6,10963.294161
59.099294,6,10964.307363
58.510704,6,10964.708319
58.510704,6,10965.131
58.510704,6,10965.5882
58.510704,6,10966.040847
59.099294,6,10966.633172
59.099294,6,10967.098196
58.510704,6,10967.502649
58.510704,6,10968.208222
59.099294,6,10968.888205
57.574733,5,10969.662146
59.099294,6,10971.102432
59.099294,6,10971.884407
59.099294,6,10972.270715
59.099294,6,10973.017386
59.099294,6,10973.95595
58.510704,6,10974.430742
58.510704,6,10975.053492
59.099294,6,10975.662038
59.099294,6,10976.450098
59.099294,6,10976.884526
59.099294,6,10977.554681
58.510704,6,10978.136772
59.099294,6,10978.869687
58.510704,6,10979.320382
58.510704,6,10980.116161
57.967614,5,10981.024771
59.099294,6,10981.400665
58.510704,6,10981.802023
59.099294,6,10982.498769
59.099294,6,10982.90224
58.510704,6,10983.414607
59.099294,6,10983.789009
58.510704,6,10984.169744
59.099294,6,10984.817939
-6.489296,6,10985.522639
59.099294,6,10986.35739
59.099294,6,10986.835234
59.099294,6,10987.593608
58.510704,6,10988.13681
58.510704,6,10988.670252
58.510704,6,10989.178483
59.099294,6,10989.763388
58.510704,6,10990.299511
57.066154,7,10990.865122
58.510704,6,10991.370337
59.099294,6,10991.930901
59.099294,6,10992.700059
59.099294,6,10993.097642
58.510704,6,10993.595188
59.099294,6,10994.542878
59.099294,6,10995.279931
59.099294,6,10995.72993
59.099294,6,10996.200164
59.099294,6,10996.608384
59.099294,6,10997.295128
59.099294,6,10997.892879
59.099294,6,10998.438612
59.099294,6,10999.04591
57.78954,7,10999.808539
57.574733,5,11000.27566
59.099294,6,11000.673351
58.510704,6,11001.113162
59.099294,6,11001.783401
59.099294,6,11002.465911
58.510704,6,11003.064246
58.510704,6,11003.623948
59.099294,6,11004.319207
59.099294,6,11004.697249
59.099294,6,11005.309164
