run_id,tube_sequence,step,time_s,evaluation_class,selected_jet,x,y,z,velocity_x_mps,velocity_y_mps,velocity_z_mps,selected_bin_contact_points,crossed_bin_entry,inside_selected_bin_xy,below_selected_bin_rim,bin_candidate_steps
20260730_044546_990042_seed42,1,4992,20.800000,polystyrene tube 1,3,-2.362388,1.164190,9.246662,0.356677,0.999495,0.187652,0,0,0,0,0
20260730_044546_990042_seed42,1,5000,20.833333,polystyrene tube 1,3,-2.333626,1.197480,9.261784,1.303369,0.997926,0.682322,0,0,0,0,0
20260730_044546_990042_seed42,1,5008,20.866667,polystyrene tube 1,3,-2.274766,1.230708,9.292000,2.148838,0.995845,1.080588,0,0,0,0,0
20260730_044546_990042_seed42,1,5016,20.900000,polystyrene tube 1,3,-2.191793,1.263848,9.333744,2.758924,0.992836,1.346720,0,0,0,0,0
20260730_044546_990042_seed42,1,5024,20.933333,polystyrene tube 1,3,-2.096386,1.296888,9.376564,2.868518,0.989741,1.163007,0,0,0,0,0
20260730_044546_990042_seed42,1,5032,20.966667,polystyrene tube 1,3,-2.001104,1.329824,9.410517,2.847530,0.986648,0.892749,0,0,0,0,0
20260730_044546_990042_seed42,1,5040,21.000000,polystyrene tube 1,3,-1.906738,1.362659,9.435641,2.814726,0.983616,0.632614,0,0,0,0,0
20260730_044546_990042_seed42,1,5048,21.033333,polystyrene tube 1,3,-1.813631,1.395393,9.452261,2.773119,0.980670,0.381564,0,0,0,0,0
20260730_044546_990042_seed42,1,5056,21.066667,polystyrene tube 1,3,-1.722017,1.428032,9.460636,2.726044,0.977841,0.137020,0,0,0,0,0
20260730_044546_990042_seed42,1,5064,21.100000,polystyrene tube 1,3,-1.632016,1.460579,9.460921,2.677045,0.975149,-0.104665,0,0,0,0,0
20260730_044546_990042_seed42,1,5072,21.133333,polystyrene tube 1,3,-1.543629,1.493038,9.453141,2.629729,0.972591,-0.347468,0,0,0,0,0
20260730_044546_990042_seed42,1,5080,21.166667,polystyrene tube 1,3,-1.456736,1.525414,9.437193,2.587605,0.970131,-0.594923,0,0,0,0,0
20260730_044546_990042_seed42,1,5088,21.200000,polystyrene tube 1,3,-1.371107,1.557708,9.412876,2.553921,0.967690,-0.849539,0,0,0,0,0
20260730_044546_990042_seed42,1,5096,21.233333,polystyrene tube 1,3,-1.286412,1.589920,9.379937,2.530416,0.965002,-1.109912,0,0,0,0,0
20260730_044546_990042_seed42,1,5104,21.266667,polystyrene tube 1,3,-1.202256,1.622023,9.338174,2.521925,0.961441,-1.380028,0,0,0,0,0
20260730_044546_990042_seed42,1,5112,21.300000,polystyrene tube 1,3,-1.118114,1.654008,9.287326,2.530834,0.957859,-1.659572,0,0,0,0,0
20260730_044546_990042_seed42,1,5120,21.333333,polystyrene tube 1,3,-1.033458,1.685866,9.228164,2.541263,0.953521,-1.810429,0,0,0,0,0
20260730_044546_990042_seed42,1,5128,21.366667,polystyrene tube 1,3,-1.015367,1.716548,9.226219,0.005595,0.868757,0.111043,1,0,0,0,0
20260730_044546_990042_seed42,1,5136,21.400000,polystyrene tube 1,3,-1.015745,1.744802,9.225608,-0.026167,0.829542,-0.133063,1,0,0,0,0
20260730_044546_990042_seed42,1,5144,21.433333,polystyrene tube 1,3,-1.016394,1.771246,9.221414,0.000499,0.748238,0.004452,1,0,0,0,0
20260730_044546_990042_seed42,1,5152,21.466667,polystyrene tube 1,3,-1.016266,1.795359,9.221314,0.008963,0.700251,-0.005234,1,0,0,0,0
20260730_044546_990042_seed42,1,5160,21.500000,polystyrene tube 1,3,-1.016031,1.817914,9.221706,-0.000911,0.658527,0.008488,1,0,0,0,0
20260730_044546_990042_seed42,1,5168,21.533333,polystyrene tube 1,3,-1.015643,1.839179,9.221721,0.005874,0.621885,-0.012704,1,0,0,0,0
20260730_044546_990042_seed42,1,5176,21.566667,polystyrene tube 1,3,-1.015362,1.859224,9.221856,0.013650,0.583322,0.017315,1,0,0,0,0
20260730_044546_990042_seed42,1,5184,21.600000,polystyrene tube 1,3,-1.015203,1.878155,9.221831,0.013239,0.552856,-0.008048,2,0,0,0,0
20260730_044546_990042_seed42,1,5192,21.633333,polystyrene tube 1,3,-1.015162,1.896060,9.221899,0.009915,0.523767,0.006259,3,0,0,0,0
20260730_044546_990042_seed42,1,5200,21.666667,polystyrene tube 1,3,-1.015127,1.913051,9.221848,-0.012267,0.500648,-0.023697,3,0,0,0,0
20260730_044546_990042_seed42,1,5208,21.700000,polystyrene tube 1,3,-1.015091,1.929255,9.221999,-0.010707,0.476531,0.009478,3,0,0,0,0
20260730_044546_990042_seed42,1,5216,21.733333,polystyrene tube 1,3,-1.015138,1.944817,9.221792,-0.010414,0.459117,-0.018043,3,0,0,0,0
20260730_044546_990042_seed42,1,5224,21.766667,polystyrene tube 1,3,-1.015246,1.959830,9.221942,-0.001382,0.443056,0.009719,4,0,0,0,0
20260730_044546_990042_seed42,1,5232,21.800000,polystyrene tube 1,3,-1.015435,1.974372,9.221680,-0.001441,0.429664,-0.018602,3,0,0,0,0
20260730_044546_990042_seed42,1,5240,21.833333,polystyrene tube 1,3,-1.015603,1.988489,9.221854,0.004589,0.417693,0.010585,3,0,0,0,0
20260730_044546_990042_seed42,1,5248,21.866667,polystyrene tube 1,3,-1.015835,2.002229,9.221548,-0.000472,0.406790,-0.013161,2,0,0,0,0
20260730_044546_990042_seed42,1,5256,21.900000,polystyrene tube 1,3,-1.015573,2.015661,9.221517,0.035151,0.398811,-0.024736,1,0,0,0,0
20260730_044546_990042_seed42,1,5264,21.933333,polystyrene tube 1,3,-1.012924,2.028858,9.219178,0.037388,0.400890,-0.064820,2,0,0,0,0
20260730_044546_990042_seed42,1,5272,21.966667,polystyrene tube 1,3,-1.011398,2.042485,9.217395,0.047716,0.414093,-0.076603,2,0,0,0,0
20260730_044546_990042_seed42,1,5280,22.000000,polystyrene tube 1,3,-1.009760,2.056528,9.213620,0.058634,0.431605,-0.092736,2,0,0,0,0
20260730_044546_990042_seed42,1,5288,22.033333,polystyrene tube 1,3,-1.008822,2.071005,9.213669,0.023911,0.438275,-0.011669,2,0,0,0,0
20260730_044546_990042_seed42,1,5296,22.066667,polystyrene tube 1,3,-1.007884,2.085711,9.213696,0.031162,0.440312,0.009588,1,0,0,0,0
20260730_044546_990042_seed42,1,5304,22.100000,polystyrene tube 1,3,-1.006996,2.100339,9.213338,0.022980,0.436880,-0.030046,0,0,0,0,0
20260730_044546_990042_seed42,1,5312,22.133333,polystyrene tube 1,3,-1.006024,2.114729,9.213707,0.027561,0.428729,-0.010309,0,0,0,0,0
20260730_044546_990042_seed42,1,5320,22.166667,polystyrene tube 1,3,-1.005168,2.128947,9.213614,0.031807,0.421999,0.010446,0,0,0,0,0
20260730_044546_990042_seed42,1,5328,22.200000,polystyrene tube 1,3,-1.004275,2.142897,9.213547,0.024852,0.416786,-0.024804,0,0,0,0,0
20260730_044546_990042_seed42,1,5336,22.233333,polystyrene tube 1,3,-1.003392,2.156668,9.213692,0.029442,0.408890,-0.001493,0,0,0,0,0
20260730_044546_990042_seed42,1,5344,22.266667,polystyrene tube 1,3,-1.002601,2.170231,9.213330,0.021877,0.405707,-0.032877,0,0,0,0,0
20260730_044546_990042_seed42,1,5352,22.300000,polystyrene tube 1,3,-1.001713,2.183553,9.213707,0.026078,0.396969,-0.009933,0,0,0,0,0
20260730_044546_990042_seed42,1,5360,22.333333,polystyrene tube 1,3,-1.000956,2.196707,9.213536,0.028395,0.391150,0.014138,0,0,0,0,0
20260730_044546_990042_seed42,1,5368,22.366667,polystyrene tube 1,3,-1.000113,2.209606,9.213684,0.023144,0.384609,-0.012831,0,0,0,0,0
20260730_044546_990042_seed42,1,5376,22.400000,polystyrene tube 1,3,-0.999360,2.222362,9.213645,0.027068,0.377255,0.011356,0,0,0,0,0
20260730_044546_990042_seed42,1,5384,22.433333,polystyrene tube 1,3,-0.998582,2.234873,9.213640,0.020377,0.372779,-0.012211,0,0,0,0,0
20260730_044546_990042_seed42,1,5392,22.466667,polystyrene tube 1,3,-0.997821,2.247228,9.213688,0.024245,0.365913,0.015163,0,0,0,0,0
20260730_044546_990042_seed42,1,5400,22.500000,polystyrene tube 1,3,-0.997082,2.259392,9.213565,0.017491,0.362881,-0.007233,0,0,0,0,0
20260730_044546_990042_seed42,1,5408,22.533333,polystyrene tube 1,3,-0.996343,2.271419,9.213633,0.021631,0.356659,0.020063,0,0,0,0,0
20260730_044546_990042_seed42,1,5416,22.566667,polystyrene tube 1,3,-0.995636,2.283255,9.213462,0.016117,0.354765,-0.001986,0,0,0,0,0
20260730_044546_990042_seed42,1,5424,22.600000,polystyrene tube 1,3,-0.994921,2.294928,9.213628,0.025377,0.347852,-0.002315,0,0,0,0,0
20260730_044546_990042_seed42,1,5432,22.633333,polystyrene tube 1,3,-0.994264,2.306421,9.213539,0.018991,0.343891,-0.020960,0,0,0,0,0
20260730_044546_990042_seed42,1,5440,22.666667,polystyrene tube 1,3,-0.993553,2.317764,9.213703,0.022309,0.336271,0.006571,0,0,0,0,0
20260730_044546_990042_seed42,1,5448,22.700000,polystyrene tube 1,3,-0.992903,2.328935,9.213600,0.016503,0.332794,-0.009910,0,0,0,0,0
20260730_044546_990042_seed42,1,5456,22.733333,polystyrene tube 1,3,-0.992239,2.339988,9.213609,0.020229,0.327377,0.019934,0,0,0,0,0
20260730_044546_990042_seed42,1,5464,22.766667,polystyrene tube 1,3,-0.991570,2.350847,9.213514,0.020030,0.326911,-0.022672,0,0,0,0,0
20260730_044546_990042_seed42,1,5472,22.800000,polystyrene tube 1,3,-0.990984,2.361599,9.213563,0.023612,0.319464,0.006739,0,0,0,0,0
20260730_044546_990042_seed42,1,5480,22.833333,polystyrene tube 1,3,-0.990344,2.372154,9.213706,0.017519,0.314267,-0.007786,0,0,0,0,0
20260730_044546_990042_seed42,1,5488,22.866667,polystyrene tube 1,3,-0.989787,2.382637,9.213509,0.020360,0.310707,0.022065,0,0,0,0,0
20260730_044546_990042_seed42,1,5496,22.900000,polystyrene tube 1,3,-0.989114,2.392899,9.213671,0.015190,0.306111,0.008788,0,0,0,0,0
20260730_044546_990042_seed42,1,5504,22.933333,polystyrene tube 1,3,-0.988605,2.403049,9.213332,0.015357,0.305526,-0.026662,0,0,0,0,0
20260730_044546_990042_seed42,1,5512,22.966667,polystyrene tube 1,3,-0.987975,2.413069,9.213727,0.018431,0.297152,0.003480,0,0,0,0,0
20260730_044546_990042_seed42,1,5520,23.000000,polystyrene tube 1,3,-0.987428,2.422979,9.213528,0.012931,0.295831,-0.006747,0,0,0,0,0
20260730_044546_990042_seed42,1,5528,23.033333,polystyrene tube 1,3,-0.986831,2.432789,9.213524,0.021742,0.293372,-0.001497,0,0,0,0,0
20260730_044546_990042_seed42,1,5536,23.066667,polystyrene tube 1,3,-0.986294,2.442407,9.213675,0.016140,0.287621,-0.010854,0,0,0,0,0
20260730_044546_990042_seed42,1,5544,23.100000,polystyrene tube 1,3,-0.985820,2.451989,9.213465,0.018515,0.284272,0.019138,0,0,0,0,0
20260730_044546_990042_seed42,1,5552,23.133333,polystyrene tube 1,3,-0.985195,2.461380,9.213641,0.013984,0.280319,0.011206,0,0,0,0,0
20260730_044546_990042_seed42,1,5560,23.166667,polystyrene tube 1,3,-0.984729,2.470662,9.213460,0.014076,0.279171,-0.019551,0,0,0,0,0
20260730_044546_990042_seed42,1,5568,23.200000,polystyrene tube 1,3,-0.984185,2.479860,9.213689,0.016798,0.271408,0.008929,0,0,0,0,0
20260730_044546_990042_seed42,1,5576,23.233333,polystyrene tube 1,3,-0.983652,2.488897,9.213625,0.011979,0.269933,0.002903,0,0,0,0,0
20260730_044546_990042_seed42,1,5584,23.266667,polystyrene tube 1,3,-0.983230,2.497859,9.213379,0.017955,0.268569,0.011823,0,0,0,0,0
20260730_044546_990042_seed42,1,5592,23.300000,polystyrene tube 1,3,-0.982675,2.506672,9.213747,0.014957,0.260726,0.004201,0,0,0,0,0
20260730_044546_990042_seed42,1,5600,23.333333,polystyrene tube 1,3,-0.982198,2.515375,9.213510,0.010248,0.261003,-0.001095,0,0,0,0,0
20260730_044546_990042_seed42,1,5608,23.366667,polystyrene tube 1,3,-0.981744,2.523981,9.213587,0.017622,0.255111,0.007444,0,0,0,0,0
20260730_044546_990042_seed42,1,5616,23.400000,polystyrene tube 1,3,-0.981239,2.532447,9.213735,0.012692,0.251058,0.002994,0,0,0,0,0
20260730_044546_990042_seed42,1,5624,23.433333,polystyrene tube 1,3,-0.980812,2.540822,9.213404,0.013023,0.253593,-0.021533,0,0,0,0,0
20260730_044546_990042_seed42,1,5632,23.466667,polystyrene tube 1,3,-0.980350,2.549125,9.213668,0.015288,0.244747,0.007326,0,0,0,0,0
20260730_044546_990042_seed42,1,5640,23.500000,polystyrene tube 1,3,-0.979874,2.557275,9.213665,0.011039,0.242831,0.003728,0,0,0,0,0
20260730_044546_990042_seed42,1,5648,23.533333,polystyrene tube 1,3,-0.979505,2.565330,9.213393,0.011131,0.242753,-0.018479,0,0,0,0,0
20260730_044546_990042_seed42,1,5656,23.566667,polystyrene tube 1,3,-0.979023,2.573319,9.213680,0.013492,0.235007,0.010235,0,0,0,0,0
20260730_044546_990042_seed42,1,5664,23.600000,polystyrene tube 1,3,-0.978575,2.581111,9.213637,0.013476,0.234747,-0.010964,0,0,0,0,0
20260730_044546_990042_seed42,1,5672,23.633333,polystyrene tube 1,3,-0.978240,2.588896,9.213414,0.009305,0.232613,-0.012888,0,0,0,0,0
20260730_044546_990042_seed42,1,5680,23.666667,polystyrene tube 1,3,-0.977748,2.596584,9.213566,0.011975,0.229072,0.015638,0,0,0,0,0
20260730_044546_990042_seed42,1,5688,23.700000,polystyrene tube 1,3,-0.977359,2.604078,9.213719,0.011584,0.223255,-0.004676,0,0,0,0,0
20260730_044546_990042_seed42,1,5696,23.733333,polystyrene tube 1,3,-0.977002,2.611583,9.213376,0.007778,0.225186,-0.006010,0,0,0,0,0
20260730_044546_990042_seed42,1,5704,23.766667,polystyrene tube 1,3,-0.976579,2.618939,9.213644,0.013959,0.217791,0.004680,0,0,0,0,0
20260730_044546_990042_seed42,1,5712,23.800000,polystyrene tube 1,3,-0.976207,2.633629,9.245170,0.000000,0.999833,-0.040873,0,0,0,0,0
20260730_044546_990042_seed42,1,5720,23.833333,polystyrene tube 1,3,-0.976207,2.700291,9.245170,-0.000000,0.999833,-0.040873,0,0,0,0,0
20260730_044546_990042_seed42,1,5728,23.866667,polystyrene tube 1,3,-0.976207,2.766954,9.245170,-0.000000,0.999833,-0.040873,0,0,0,0,0
20260730_044546_990042_seed42,1,5736,23.900000,polystyrene tube 1,3,-0.976207,2.833616,9.245170,-0.000000,0.999833,-0.040873,0,0,0,0,0
20260730_044546_990042_seed42,1,5744,23.933333,polystyrene tube 1,3,-0.976207,2.900279,9.245170,-0.000000,0.999833,-0.040873,0,0,0,0,0
20260730_044546_990042_seed42,1,5752,23.966667,polystyrene tube 1,3,-0.976207,2.966941,9.245170,-0.000000,0.999833,-0.040873,0,0,0,0,0
20260730_044546_990042_seed42,1,5760,24.000000,polystyrene tube 1,3,-0.976207,3.033604,9.245170,-0.000000,0.999833,-0.040873,0,0,0,0,0
20260730_044546_990042_seed42,1,5768,24.033333,polystyrene tube 1,3,-0.976207,3.100266,9.245170,-0.000000,0.999833,-0.040873,0,0,0,0,0
20260730_044546_990042_seed42,1,5776,24.066667,polystyrene tube 1,3,-0.976207,3.166929,9.245170,-0.000000,0.999833,-0.040873,0,0,0,0,0
20260730_044546_990042_seed42,1,5784,24.100000,polystyrene tube 1,3,-0.976207,3.233591,9.245170,-0.000000,0.999833,-0.040873,0,0,0,0,0
20260730_044546_990042_seed42,1,5792,24.133333,polystyrene tube 1,3,-0.976207,3.300254,9.245170,-0.000000,0.999833,-0.040873,0,0,0,0,0
20260730_044546_990042_seed42,1,5800,24.166667,polystyrene tube 1,3,-0.976218,3.366818,9.245321,-0.000651,0.995714,-0.003768,0,0,0,0,0
20260730_044546_990042_seed42,1,5808,24.200000,polystyrene tube 1,3,-0.976229,3.433447,9.245278,-0.000334,0.998774,-0.014077,0,0,0,0,0
20260730_044546_990042_seed42,1,5816,24.233333,polystyrene tube 1,3,-0.976239,3.500076,9.245278,-0.000334,0.998779,-0.014204,0,0,0,0,0
20260730_044546_990042_seed42,1,5824,24.266667,polystyrene tube 1,3,-0.976250,3.566704,9.245278,-0.000334,0.998774,-0.014080,0,0,0,0,0
20260730_044546_990042_seed42,1,5832,24.300000,polystyrene tube 1,3,-0.976261,3.633332,9.245278,-0.000334,0.998774,-0.014082,0,0,0,0,0
20260730_044546_990042_seed42,1,5840,24.333333,polystyrene tube 1,3,-0.976272,3.699961,9.245278,-0.000334,0.998774,-0.014084,0,0,0,0,0
20260730_044546_990042_seed42,1,5848,24.366667,polystyrene tube 1,3,-0.976283,3.766589,9.245278,-0.000334,0.998774,-0.014085,0,0,0,0,0
20260730_044546_990042_seed42,1,5856,24.400000,polystyrene tube 1,3,-0.976294,3.833218,9.245278,-0.000334,0.998774,-0.014087,0,0,0,0,0
20260730_044546_990042_seed42,1,5864,24.433333,polystyrene tube 1,3,-0.976305,3.899846,9.245278,-0.000334,0.998774,-0.014089,0,0,0,0,0
20260730_044546_990042_seed42,1,5872,24.466667,polystyrene tube 1,3,-0.976562,3.966322,9.245320,-0.000642,0.995744,-0.004047,0,0,0,0,0
20260730_044546_990042_seed42,1,5880,24.500000,polystyrene tube 1,3,-0.976563,4.032986,9.245170,-0.000000,0.999833,-0.040873,0,0,0,0,0
20260730_044546_990042_seed42,1,5888,24.533333,polystyrene tube 1,3,-0.976563,4.099648,9.245170,-0.000000,0.999833,-0.040873,0,0,0,0,0
20260730_044546_990042_seed42,1,5896,24.566667,polystyrene tube 1,3,-0.976563,4.166311,9.245170,-0.000000,0.999833,-0.040873,0,0,0,0,0
20260730_044546_990042_seed42,1,5904,24.600000,polystyrene tube 1,3,-0.976563,4.232973,9.245170,-0.000000,0.999833,-0.040873,0,0,0,0,0
20260730_044546_990042_seed42,1,5912,24.633333,polystyrene tube 1,3,-0.976563,4.299636,9.245170,-0.000000,0.999833,-0.040873,0,0,0,0,0
20260730_044546_990042_seed42,1,5920,24.666667,polystyrene tube 1,3,-0.976563,4.366298,9.245170,-0.000000,0.999833,-0.040873,0,0,0,0,0
20260730_044546_990042_seed42,1,5928,24.700000,polystyrene tube 1,3,-0.976563,4.432961,9.245170,-0.000000,0.999833,-0.040873,0,0,0,0,0
20260730_044546_990042_seed42,1,5936,24.733333,polystyrene tube 1,3,-0.976563,4.499623,9.245170,-0.000000,0.999833,-0.040873,0,0,0,0,0
20260730_044546_990042_seed42,1,5944,24.766667,polystyrene tube 1,3,-0.976563,4.566286,9.245170,-0.000000,0.999833,-0.040873,0,0,0,0,0
20260730_044546_990042_seed42,2,10704,44.600000,polystyrene tube 1,3,-2.358413,1.168354,9.249481,0.702448,0.999306,0.447440,0,0,0,0,0
20260730_044546_990042_seed42,2,10712,44.633333,polystyrene tube 1,3,-2.310302,1.201632,9.280015,2.079816,0.997395,1.312440,0,0,0,0,0
20260730_044546_990042_seed42,2,10720,44.666667,polystyrene tube 1,3,-2.220032,1.234832,9.335770,3.201468,0.994629,1.932425,0,0,0,0,0
20260730_044546_990042_seed42,2,10728,44.700000,polystyrene tube 1,3,-2.100087,1.267928,9.404854,3.880890,0.991271,2.131479,0,0,0,0,0
20260730_044546_990042_seed42,2,10736,44.733333,polystyrene tube 1,3,-1.968044,1.300908,9.470906,3.991559,0.987746,1.813136,0,0,0,0,0
20260730_044546_990042_seed42,2,10744,44.766667,polystyrene tube 1,3,-1.834978,1.333760,9.526815,3.972074,0.983491,1.589553,0,0,0,0,0
20260730_044546_990042_seed42,2,10752,44.800000,polystyrene tube 1,3,-1.702688,1.366476,9.574811,3.962879,0.979701,1.311291,0,0,0,0,0
20260730_044546_990042_seed42,2,10760,44.833333,polystyrene tube 1,3,-1.571029,1.399065,9.613996,3.935186,0.975902,1.061058,0,0,0,0,0
20260730_044546_990042_seed42,2,10768,44.866667,polystyrene tube 1,3,-1.440553,1.431529,9.645316,3.893747,0.972170,0.837401,0,0,0,0,0
20260730_044546_990042_seed42,2,10776,44.900000,polystyrene tube 1,3,-1.311678,1.463871,9.669754,3.840319,0.968592,0.646321,0,0,0,0,0
20260730_044546_990042_seed42,2,10784,44.933333,polystyrene tube 1,3,-1.184750,1.496098,9.688400,3.778069,0.965336,0.487528,0,0,0,0,0
20260730_044546_990042_seed42,2,10792,44.966667,polystyrene tube 1,3,-1.060015,1.528227,9.702306,3.709190,0.962632,0.360050,0,0,0,0,0
20260730_044546_990042_seed42,2,10800,45.000000,polystyrene tube 1,3,-0.937640,1.560278,9.712363,3.637463,0.960759,0.253631,0,0,0,0,0
20260730_044546_990042_seed42,2,10808,45.033333,polystyrene tube 1,3,-0.817696,1.592284,9.719264,3.562463,0.959024,0.172730,0,0,0,0,0
20260730_044546_990042_seed42,2,10816,45.066667,polystyrene tube 1,3,-0.699879,1.624174,9.722173,3.524631,0.955198,-0.046086,0,0,0,0,0
20260730_044546_990042_seed42,2,10824,45.100000,polystyrene tube 1,3,-0.597545,1.652878,9.744719,2.692979,0.782795,1.267382,2,0,0,0,0
20260730_044546_990042_seed42,2,10832,45.133333,polystyrene tube 1,3,-0.507744,1.678956,9.780822,2.694801,0.782007,0.920606,0,0,0,0,0
20260730_044546_990042_seed42,2,10840,45.166667,polystyrene tube 1,3,-0.417898,1.705016,9.805378,2.695732,0.781695,0.574482,0,0,0,0,0
20260730_044546_990042_seed42,2,10848,45.200000,polystyrene tube 1,3,-0.328038,1.731073,9.818408,2.695703,0.781822,0.229024,0,1,1,0,0
20260730_044546_990042_seed42,2,10856,45.233333,polystyrene tube 1,3,-0.238197,1.757142,9.819935,2.694648,0.782347,-0.115732,0,1,1,0,0
20260730_044546_990042_seed42,2,10864,45.266667,polystyrene tube 1,3,-0.148411,1.783235,9.809984,2.692501,0.783230,-0.459721,0,1,1,0,0
20260730_044546_990042_seed42,2,10872,45.300000,polystyrene tube 1,3,-0.058716,1.809363,9.788581,2.689205,0.784429,-0.802855,0,1,1,1,0
20260730_044546_990042_seed42,2,10880,45.333333,polystyrene tube 1,3,0.030602,1.835458,9.783367,2.675434,0.783346,-0.055145,4,1,1,1,0
20260730_044546_990042_seed42,2,10888,45.366667,polystyrene tube 1,3,0.119715,1.861609,9.776556,2.670850,0.785602,-0.366912,1,1,1,1,0
20260730_044546_990042_seed42,2,10896,45.400000,polystyrene tube 1,3,0.208631,1.887839,9.758196,2.664287,0.788088,-0.712863,0,1,1,1,0
20260730_044546_990042_seed42,2,10904,45.433333,polystyrene tube 1,3,0.297677,1.914380,9.748839,2.670805,0.798903,-0.302880,2,1,1,1,0
20260730_044546_990042_seed42,2,10912,45.466667,polystyrene tube 1,3,0.316497,1.940767,9.747803,0.066554,0.786965,0.056708,6,1,1,1,0
20260730_044546_990042_seed42,2,10920,45.500000,polystyrene tube 1,3,0.316883,1.966601,9.749180,0.004056,0.768374,0.026594,6,1,1,1,0
20260730_044546_990042_seed42,2,10928,45.533333,polystyrene tube 1,3,0.317774,1.991980,9.750414,0.039382,0.756315,-0.006453,7,1,1,1,0
20260730_044546_990042_seed42,2,10936,45.566667,polystyrene tube 1,3,0.319391,2.016806,9.751048,-0.008762,0.732708,0.020282,6,1,1,1,0
20260730_044546_990042_seed42,2,10944,45.600000,polystyrene tube 1,3,0.318687,2.040867,9.751560,-0.029230,0.712892,-0.004079,6,1,1,1,0
20260730_044546_990042_seed42,2,10952,45.633333,polystyrene tube 1,3,0.312315,2.062188,9.752041,-0.229378,0.624291,-0.116926,6,1,1,1,0
20260730_044546_990042_seed42,2,10960,45.666667,polystyrene tube 1,3,0.305031,2.082275,9.751431,-0.211268,0.590378,-0.028106,4,1,1,1,0
20260730_044546_990042_seed42,2,10968,45.700000,polystyrene tube 1,3,0.298218,2.101502,9.749918,-0.199569,0.564656,-0.061405,5,1,1,1,0
20260730_044546_990042_seed42,2,10976,45.733333,polystyrene tube 1,3,0.291517,2.119817,9.746690,-0.200085,0.533874,-0.116845,3,1,1,1,0
20260730_044546_990042_seed42,2,10984,45.766667,polystyrene tube 1,3,0.284987,2.137120,9.740339,-0.191588,0.505626,-0.268537,1,1,1,1,0
20260730_044546_990042_seed42,2,10992,45.800000,polystyrene tube 1,3,0.278687,2.153976,9.725394,-0.186659,0.505685,-0.606893,3,1,1,1,0
20260730_044546_990042_seed42,2,11000,45.833333,polystyrene tube 1,3,0.272560,2.170828,9.699184,-0.181199,0.505421,-0.944477,1,1,1,1,0
20260730_044546_990042_seed42,2,11008,45.866667,polystyrene tube 1,3,0.266625,2.187666,9.661737,-0.175231,0.504823,-1.281128,1,1,1,1,0
20260730_044546_990042_seed42,2,11016,45.900000,polystyrene tube 1,3,0.261171,2.204122,9.613379,-0.149436,0.479404,-1.597500,4,1,1,1,0
20260730_044546_990042_seed42,2,11024,45.933333,polystyrene tube 1,3,0.256756,2.219543,9.554498,-0.094579,0.422732,-1.899574,2,1,1,1,0
20260730_044546_990042_seed42,2,11032,45.966667,polystyrene tube 1,3,0.254273,2.233151,9.485321,-0.054928,0.394013,-2.230175,3,1,1,1,0
20260730_044546_990042_seed42,2,11040,46.000000,polystyrene tube 1,3,0.254396,2.244041,9.406498,0.217344,0.034180,-2.290026,7,1,1,1,0
20260730_044546_990042_seed42,2,11048,46.033333,polystyrene tube 1,3,0.269637,2.239149,9.331835,0.601580,-0.253719,-2.269156,3,1,1,1,0
20260730_044546_990042_seed42,2,11056,46.066667,polystyrene tube 1,3,0.299758,2.221229,9.263893,1.139276,-0.742719,-1.859160,3,1,1,1,0
20260730_044546_990042_seed42,2,11064,46.100000,polystyrene tube 1,3,0.346625,2.189701,9.211533,1.647691,-1.069105,-1.295654,2,1,1,1,0
20260730_044546_990042_seed42,2,11072,46.133333,polystyrene tube 1,3,0.407178,2.149580,9.176054,1.954712,-1.315472,-0.841408,3,1,1,1,0
20260730_044546_990042_seed42,2,11080,46.166667,polystyrene tube 1,3,0.476839,2.104710,9.154423,2.171835,-1.383274,-0.534812,2,1,1,1,0
20260730_044546_990042_seed42,2,11088,46.200000,polystyrene tube 1,3,0.551092,2.057033,9.139534,2.264298,-1.462948,-0.408030,2,1,1,1,0
20260730_044546_990042_seed42,2,11096,46.233333,polystyrene tube 1,3,0.627427,2.007473,9.125501,2.308372,-1.504051,-0.451164,2,1,1,1,0
20260730_044546_990042_seed42,2,11104,46.266667,polystyrene tube 1,3,0.704840,1.956883,9.108195,2.332802,-1.527941,-0.591131,2,1,1,1,0
20260730_044546_990042_seed42,2,11112,46.300000,polystyrene tube 1,3,0.782564,1.905971,9.082707,2.330703,-1.526862,-0.917572,0,1,1,1,0
20260730_044546_990042_seed42,2,11120,46.333333,polystyrene tube 1,3,0.860213,1.855095,9.046354,2.328343,-1.525793,-1.243093,0,1,1,1,0
20260730_044546_990042_seed42,2,11128,46.366667,polystyrene tube 1,3,0.937778,1.804254,8.999168,2.325674,-1.524699,-1.567626,0,1,1,1,0
20260730_044546_990042_seed42,2,11136,46.400000,polystyrene tube 1,3,1.015248,1.753451,8.941183,2.322655,-1.523546,-1.891088,0,1,1,1,4
20260730_044546_990042_seed42,2,11144,46.433333,polystyrene tube 1,3,1.031040,1.739366,8.901319,-0.278456,0.027372,-0.993947,3,1,1,1,12
20260730_044546_990042_seed42,2,11152,46.466667,polystyrene tube 1,3,1.020730,1.740935,8.862984,-0.353125,0.077728,-1.279465,3,1,1,1,12
20260730_044546_990042_seed42,2,11160,46.500000,polystyrene tube 1,3,1.006983,1.745062,8.815640,-0.444494,0.149369,-1.554190,4,1,1,1,12
20260730_044546_990042_seed42,2,11168,46.533333,polystyrene tube 1,3,0.990689,1.751378,8.758938,-0.545573,0.244334,-1.820671,6,1,1,1,12
20260730_044546_990042_seed42,2,11176,46.566667,polystyrene tube 1,3,0.966978,1.744885,8.737818,-0.736457,-0.242942,-0.544190,6,1,1,1,12
20260730_044546_990042_seed42,2,11184,46.600000,polystyrene tube 1,3,0.940432,1.738668,8.717784,-0.816250,-0.168598,-0.703823,6,1,1,1,12
20260730_044546_990042_seed42,2,11192,46.633333,polystyrene tube 1,3,0.911472,1.736330,8.693590,-0.927823,0.107211,-0.653655,6,1,1,1,12
20260730_044546_990042_seed42,2,11200,46.666667,polystyrene tube 1,3,0.880903,1.741604,8.668210,-0.903555,0.250393,-0.805823,7,1,1,1,12
20260730_044546_990042_seed42,2,11208,46.700000,polystyrene tube 1,3,0.851152,1.750888,8.636735,-0.883701,0.386657,-0.998244,6,1,1,1,12
20260730_044546_990042_seed42,2,11216,46.733333,polystyrene tube 1,3,0.822741,1.762954,8.598651,-0.836774,0.396086,-1.254908,6,1,1,1,12
20260730_044546_990042_seed42,2,11224,46.766667,polystyrene tube 1,3,0.795335,1.777771,8.552775,-0.808392,0.502810,-1.471935,5,1,1,1,12
20260730_044546_990042_seed42,2,11232,46.800000,polystyrene tube 1,3,0.768878,1.793829,8.497573,-0.780375,0.462942,-1.818413,5,1,1,1,12
20260730_044546_990042_seed42,2,11240,46.833333,polystyrene tube 1,3,0.743434,1.809012,8.431215,-0.758180,0.541012,-2.084944,8,1,1,1,12
20260730_044546_990042_seed42,2,11248,46.866667,polystyrene tube 1,3,0.726374,1.821966,8.363198,-0.424731,0.420020,-2.104916,8,1,1,1,12
20260730_044546_990042_seed42,2,11256,46.900000,polystyrene tube 1,3,0.715542,1.836049,8.288807,-0.200652,0.453440,-2.296245,3,1,1,1,12
20260730_044546_990042_seed42,2,11264,46.933333,polystyrene tube 1,3,0.727334,1.844604,8.213959,0.839749,0.074983,-2.205041,10,1,1,1,12
20260730_044546_990042_seed42,2,11272,46.966667,polystyrene tube 1,3,0.768442,1.828147,8.133498,1.094219,-0.929028,-2.475037,12,1,1,1,12
20260730_044546_990042_seed42,2,11280,47.000000,polystyrene tube 1,3,0.803227,1.796171,8.046524,0.910992,-0.990415,-2.704629,8,1,1,1,12
20260730_044546_990042_seed42,2,11288,47.033333,polystyrene tube 1,3,0.824353,1.764633,7.957807,0.497705,-0.921026,-2.701440,4,1,1,1,12
20260730_044546_990042_seed42,2,11296,47.066667,polystyrene tube 1,3,0.841106,1.733837,7.861603,0.506520,-0.926538,-3.048839,4,1,1,1,12
20260730_044546_990042_seed42,2,11304,47.100000,polystyrene tube 1,3,0.870811,1.699438,7.759376,0.985472,-1.060398,-3.191977,4,1,1,1,12
20260730_044546_990042_seed42,2,11312,47.133333,polystyrene tube 1,3,0.903736,1.663922,7.646739,0.989249,-1.070101,-3.543907,0,1,1,1,12
20260730_044546_990042_seed42,2,11320,47.166667,polystyrene tube 1,3,0.936728,1.628067,7.522409,0.989727,-1.080704,-3.893649,0,1,1,1,12
20260730_044546_990042_seed42,2,11328,47.200000,polystyrene tube 1,3,0.969679,1.591844,7.386465,0.986955,-1.092070,-4.240811,0,1,1,1,12
20260730_044546_990042_seed42,2,11336,47.233333,polystyrene tube 1,3,1.002481,1.555231,7.239001,0.981010,-1.104055,-4.585016,0,1,1,1,12
20260730_044546_990042_seed42,2,11344,47.266667,polystyrene tube 1,3,1.029039,1.513053,7.081923,0.495577,-1.498385,-4.784065,4,1,1,1,12
20260730_044546_990042_seed42,2,11352,47.300000,polystyrene tube 1,3,1.042883,1.462219,6.917427,0.372065,-1.538185,-5.072170,0,1,1,1,12
20260730_044546_990042_seed42,2,11360,47.333333,polystyrene tube 1,3,1.055246,1.411035,6.742903,0.369819,-1.533123,-5.379653,0,1,1,1,12
20260730_044546_990042_seed42,2,11368,47.366667,polystyrene tube 1,3,1.067532,1.360026,6.558172,0.367457,-1.527736,-5.684736,0,1,1,1,12
20260730_044546_990042_seed42,2,11376,47.400000,polystyrene tube 1,3,1.079737,1.309201,6.363316,0.364983,-1.522028,-5.987315,0,1,1,1,12
20260730_044546_990042_seed42,3,16136,67.233333,polystyrene tube 1,3,-2.359686,1.164190,9.249013,0.727980,0.999478,0.510557,0,0,0,0,0
20260730_044546_990042_seed42,3,16144,67.266667,polystyrene tube 1,3,-2.301203,1.197471,9.289898,2.634082,0.997349,1.832022,0,0,0,0,0
20260730_044546_990042_seed42,3,16152,67.300000,polystyrene tube 1,3,-2.185825,1.230660,9.368424,4.076727,0.993992,2.709193,0,0,0,0,0
20260730_044546_990042_seed42,3,16160,67.333333,polystyrene tube 1,3,-2.035936,1.263722,9.463318,4.768007,0.989932,2.873976,0,0,0,0,0
20260730_044546_990042_seed42,3,16168,67.366667,polystyrene tube 1,3,-1.873327,1.296645,9.554080,4.926040,0.985733,2.545274,0,0,0,0,0
20260730_044546_990042_seed42,3,16176,67.400000,polystyrene tube 1,3,-1.707670,1.329430,9.631855,5.006438,0.981640,2.144188,0,0,0,0,0
20260730_044546_990042_seed42,3,16184,67.433333,polystyrene tube 1,3,-1.539548,1.362081,9.696048,5.074430,0.977650,1.731386,0,0,0,0,0
20260730_044546_990042_seed42,3,16192,67.466667,polystyrene tube 1,3,-1.369404,1.394600,9.746307,5.128407,0.973752,1.309192,0,0,0,0,0
20260730_044546_990042_seed42,3,16200,67.500000,polystyrene tube 1,3,-1.197727,1.426990,9.782363,5.167184,0.969937,0.880073,0,0,0,0,0
20260730_044546_990042_seed42,3,16208,67.533333,polystyrene tube 1,3,-1.025039,1.459255,9.804031,5.189996,0.966191,0.446570,0,0,0,0,0
20260730_044546_990042_seed42,3,16216,67.566667,polystyrene tube 1,3,-0.851879,1.491396,9.811209,5.196491,0.962501,0.011230,0,0,0,0,0
20260730_044546_990042_seed42,3,16224,67.600000,polystyrene tube 1,3,-0.678791,1.523415,9.803881,5.186706,0.958853,-0.423446,0,0,0,0,0
20260730_044546_990042_seed42,3,16232,67.633333,polystyrene tube 1,3,-0.506312,1.555312,9.782111,5.161041,0.955234,-0.855067,0,0,0,0,0
20260730_044546_990042_seed42,3,16240,67.666667,polystyrene tube 1,3,-0.334959,1.587089,9.746042,5.120224,0.951630,-1.281389,0,1,1,1,0
20260730_044546_990042_seed42,3,16248,67.700000,polystyrene tube 1,3,-0.182286,1.618644,9.697679,4.484998,0.945022,-1.750159,1,1,1,1,0
20260730_044546_990042_seed42,3,16256,67.733333,polystyrene tube 1,3,-0.036978,1.650085,9.628428,4.238133,0.941670,-2.356280,1,1,1,1,0
20260730_044546_990042_seed42,3,16264,67.766667,polystyrene tube 1,3,0.023268,1.676513,9.605894,0.305894,0.699173,0.384166,6,1,1,1,0
20260730_044546_990042_seed42,3,16272,67.800000,polystyrene tube 1,3,0.031655,1.699860,9.614432,0.166829,0.712090,0.173471,5,1,1,1,0
20260730_044546_990042_seed42,3,16280,67.833333,polystyrene tube 1,3,0.033235,1.722424,9.617665,-0.002373,0.673376,-0.012282,5,1,1,1,0
20260730_044546_990042_seed42,3,16288,67.866667,polystyrene tube 1,3,0.030818,1.744929,9.613727,-0.163884,0.678558,-0.183262,5,1,1,1,0
20260730_044546_990042_seed42,3,16296,67.900000,polystyrene tube 1,3,0.022994,1.767563,9.604205,-0.298644,0.679563,-0.374389,5,1,1,1,0
20260730_044546_990042_seed42,3,16304,67.933333,polystyrene tube 1,3,0.010443,1.790238,9.588597,-0.447861,0.680840,-0.547646,5,1,1,1,0
20260730_044546_990042_seed42,3,16312,67.966667,polystyrene tube 1,3,-0.007385,1.812958,9.567598,-0.612596,0.682323,-0.700506,5,1,1,1,0
20260730_044546_990042_seed42,3,16320,68.000000,polystyrene tube 1,3,-0.024007,1.835684,9.548732,0.006472,0.678055,-0.009822,7,1,1,1,0
20260730_044546_990042_seed42,3,16328,68.033333,polystyrene tube 1,3,-0.023701,1.858151,9.548371,0.009988,0.670548,-0.010127,7,1,1,1,0
20260730_044546_990042_seed42,3,16336,68.066667,polystyrene tube 1,3,-0.023147,1.880419,9.547599,0.023464,0.667172,-0.033812,7,1,1,1,0
20260730_044546_990042_seed42,3,16344,68.100000,polystyrene tube 1,3,-0.022333,1.902732,9.546425,0.009969,0.672242,-0.023143,7,1,1,1,0
20260730_044546_990042_seed42,3,16352,68.133333,polystyrene tube 1,3,-0.021784,1.925267,9.545124,0.022300,0.679901,-0.050766,6,1,1,1,0
20260730_044546_990042_seed42,3,16360,68.166667,polystyrene tube 1,3,-0.021006,1.947796,9.543067,0.067929,0.681841,-0.122806,5,1,1,1,0
20260730_044546_990042_seed42,3,16368,68.200000,polystyrene tube 1,3,-0.018932,1.971256,9.538615,0.055954,0.725287,-0.138069,5,1,1,1,0
20260730_044546_990042_seed42,3,16376,68.233333,polystyrene tube 1,3,-0.016751,1.996341,9.533066,0.072864,0.778438,-0.192541,4,1,1,1,0
20260730_044546_990042_seed42,3,16384,68.266667,polystyrene tube 1,3,-0.014257,2.023521,9.525813,0.091327,0.844860,-0.258870,5,1,1,1,0
20260730_044546_990042_seed42,3,16392,68.300000,polystyrene tube 1,3,-0.007799,2.051742,9.519040,0.240359,0.847746,-0.211901,4,1,1,1,0
20260730_044546_990042_seed42,3,16400,68.333333,polystyrene tube 1,3,0.000617,2.080115,9.510951,0.108208,0.856196,-0.054076,4,1,1,1,0
20260730_044546_990042_seed42,3,16408,68.366667,polystyrene tube 1,3,0.005326,2.108296,9.507327,0.160738,0.839082,-0.142487,4,1,1,1,0
20260730_044546_990042_seed42,3,16416,68.400000,polystyrene tube 1,3,0.010364,2.136524,9.502675,0.161313,0.850189,-0.162449,4,1,1,1,0
20260730_044546_990042_seed42,3,16424,68.433333,polystyrene tube 1,3,0.015852,2.165256,9.496748,0.167613,0.874357,-0.190966,4,1,1,1,0
20260730_044546_990042_seed42,3,16432,68.466667,polystyrene tube 1,3,0.020839,2.194998,9.490492,0.124082,0.905413,-0.166734,3,1,1,1,0
20260730_044546_990042_seed42,3,16440,68.500000,polystyrene tube 1,3,0.026652,2.224903,9.481380,0.216456,0.890388,-0.367959,3,1,1,1,0
20260730_044546_990042_seed42,3,16448,68.533333,polystyrene tube 1,3,0.034312,2.254956,9.467023,0.177794,0.952329,-0.399657,3,1,1,1,0
20260730_044546_990042_seed42,3,16456,68.566667,polystyrene tube 1,3,0.039889,2.287471,9.452166,0.196999,0.973486,-0.548863,3,1,1,1,0
20260730_044546_990042_seed42,3,16464,68.600000,polystyrene tube 1,3,0.047375,2.319853,9.429765,0.245100,0.969699,-0.782845,3,1,1,1,0
20260730_044546_990042_seed42,3,16472,68.633333,polystyrene tube 1,3,0.055921,2.352121,9.399392,0.260997,0.966098,-1.026223,2,1,1,1,0
20260730_044546_990042_seed42,3,16480,68.666667,polystyrene tube 1,3,0.064330,2.384371,9.360993,0.162478,1.042103,-1.167884,3,1,1,1,0
20260730_044546_990042_seed42,3,16488,68.700000,polystyrene tube 1,3,0.068930,2.418826,9.317386,0.116026,1.024752,-1.431240,2,1,1,1,0
20260730_044546_990042_seed42,3,16496,68.733333,polystyrene tube 1,3,0.071906,2.452541,9.265292,0.065401,0.997759,-1.682501,0,1,1,1,0
20260730_044546_990042_seed42,3,16504,68.766667,polystyrene tube 1,3,0.076986,2.472013,9.212199,0.317083,-0.058195,-1.357154,0,1,1,1,0
20260730_044546_990042_seed42,3,16512,68.800000,polystyrene tube 1,3,0.082663,2.476175,9.186632,0.038850,0.187691,0.024785,3,1,1,1,0
20260730_044546_990042_seed42,3,16520,68.833333,polystyrene tube 1,3,0.084917,2.482103,9.185700,0.081258,0.174679,-0.012455,3,1,1,1,0
20260730_044546_990042_seed42,3,16528,68.866667,polystyrene tube 1,3,0.087521,2.487495,9.184519,-0.014566,0.079874,-0.061214,3,1,1,1,0
20260730_044546_990042_seed42,3,16536,68.900000,polystyrene tube 1,3,0.087928,2.489974,9.181364,0.039318,0.084045,-0.013047,4,1,1,1,0
20260730_044546_990042_seed42,3,16544,68.933333,polystyrene tube 1,3,0.088032,2.491243,9.181483,-0.001095,0.015238,0.002765,4,1,1,1,0
20260730_044546_990042_seed42,3,16552,68.966667,polystyrene tube 1,3,0.088054,2.491262,9.181451,0.001633,-0.003950,-0.002838,4,1,1,1,0
20260730_044546_990042_seed42,3,16560,69.000000,polystyrene tube 1,3,0.088095,2.491158,9.181379,0.000726,-0.001918,-0.001256,4,1,1,1,0
20260730_044546_990042_seed42,3,16568,69.033333,polystyrene tube 1,3,0.088108,2.491120,9.181357,0.000242,-0.000753,-0.000397,4,1,1,1,0
20260730_044546_990042_seed42,3,16576,69.066667,polystyrene tube 1,3,0.088115,2.491099,9.181346,0.000157,-0.000562,-0.000265,4,1,1,1,0
20260730_044546_990042_seed42,3,16584,69.100000,polystyrene tube 1,3,0.088119,2.491082,9.181338,0.000123,-0.000490,-0.000214,4,1,1,1,0
20260730_044546_990042_seed42,3,16592,69.133333,polystyrene tube 1,3,0.088123,2.491066,9.181332,0.000103,-0.000448,-0.000183,4,1,1,1,0
20260730_044546_990042_seed42,3,16600,69.166667,polystyrene tube 1,3,0.088126,2.491052,9.181326,0.000090,-0.000421,-0.000162,4,1,1,1,0
20260730_044546_990042_seed42,3,16608,69.200000,polystyrene tube 1,3,0.088129,2.491038,9.181321,0.000081,-0.000402,-0.000147,4,1,1,1,0
20260730_044546_990042_seed42,3,16616,69.233333,polystyrene tube 1,3,0.088132,2.491025,9.181316,0.000075,-0.000387,-0.000136,4,1,1,1,0
20260730_044546_990042_seed42,3,16624,69.266667,polystyrene tube 1,3,0.088134,2.491012,9.181312,0.000070,-0.000376,-0.000127,4,1,1,1,0
20260730_044546_990042_seed42,3,16632,69.300000,polystyrene tube 1,3,0.088136,2.491000,9.181308,0.000066,-0.000367,-0.000121,4,1,1,1,0
20260730_044546_990042_seed42,3,16640,69.333333,polystyrene tube 1,3,0.088138,2.490988,9.181304,0.000063,-0.000360,-0.000116,4,1,1,1,0
20260730_044546_990042_seed42,3,16648,69.366667,polystyrene tube 1,3,0.088140,2.490976,9.181300,0.000061,-0.000354,-0.000112,4,1,1,1,0
20260730_044546_990042_seed42,3,16656,69.400000,polystyrene tube 1,3,0.088142,2.490964,9.181297,0.000059,-0.000349,-0.000109,4,1,1,1,0
20260730_044546_990042_seed42,3,16664,69.433333,polystyrene tube 1,3,0.088144,2.490953,9.181293,0.000057,-0.000345,-0.000106,4,1,1,1,0
20260730_044546_990042_seed42,3,16672,69.466667,polystyrene tube 1,3,0.088146,2.490941,9.181289,0.000056,-0.000341,-0.000104,4,1,1,1,0
20260730_044546_990042_seed42,3,16680,69.500000,polystyrene tube 1,3,0.088148,2.490930,9.181286,0.000055,-0.000338,-0.000102,4,1,1,1,0
20260730_044546_990042_seed42,3,16688,69.533333,polystyrene tube 1,3,0.088150,2.490919,9.181283,0.000053,-0.000334,-0.000100,4,1,1,1,0
20260730_044546_990042_seed42,3,16696,69.566667,polystyrene tube 1,3,0.088152,2.490908,9.181279,0.000052,-0.000331,-0.000099,4,1,1,1,0
20260730_044546_990042_seed42,3,16704,69.600000,polystyrene tube 1,3,0.088153,2.490897,9.181276,0.000052,-0.000329,-0.000098,4,1,1,1,0
20260730_044546_990042_seed42,3,16712,69.633333,polystyrene tube 1,3,0.088155,2.490886,9.181273,0.000051,-0.000326,-0.000096,4,1,1,1,0
20260730_044546_990042_seed42,3,16720,69.666667,polystyrene tube 1,3,0.088157,2.490875,9.181270,0.000050,-0.000323,-0.000095,4,1,1,1,0
20260730_044546_990042_seed42,3,16728,69.700000,polystyrene tube 1,3,0.088158,2.490864,9.181266,0.000049,-0.000321,-0.000094,4,1,1,1,0
20260730_044546_990042_seed42,3,16736,69.733333,polystyrene tube 1,3,0.088160,2.490854,9.181263,0.000049,-0.000319,-0.000093,4,1,1,1,0
20260730_044546_990042_seed42,3,16744,69.766667,polystyrene tube 1,3,0.088162,2.490843,9.181260,0.000048,-0.000316,-0.000092,4,1,1,1,0
20260730_044546_990042_seed42,3,16752,69.800000,polystyrene tube 1,3,0.088163,2.490833,9.181257,0.000047,-0.000314,-0.000091,4,1,1,1,0
20260730_044546_990042_seed42,3,16760,69.833333,polystyrene tube 1,3,0.088165,2.490822,9.181254,0.000047,-0.000312,-0.000090,4,1,1,1,0
20260730_044546_990042_seed42,3,16768,69.866667,polystyrene tube 1,3,0.088166,2.490812,9.181251,0.000046,-0.000310,-0.000089,4,1,1,1,0
20260730_044546_990042_seed42,3,16776,69.900000,polystyrene tube 1,3,0.088168,2.490801,9.181248,0.000046,-0.000308,-0.000089,4,1,1,1,0
20260730_044546_990042_seed42,3,16784,69.933333,polystyrene tube 1,3,0.088169,2.490791,9.181245,0.000045,-0.000306,-0.000088,4,1,1,1,0
20260730_044546_990042_seed42,3,16792,69.966667,polystyrene tube 1,3,0.088171,2.490781,9.181242,0.000044,-0.000304,-0.000087,4,1,1,1,0
20260730_044546_990042_seed42,3,16800,70.000000,polystyrene tube 1,3,0.088172,2.490771,9.181239,0.000044,-0.000302,-0.000086,4,1,1,1,0
20260730_044546_990042_seed42,3,16808,70.033333,polystyrene tube 1,3,0.088174,2.490761,9.181237,0.000043,-0.000300,-0.000086,4,1,1,1,0
20260730_044546_990042_seed42,3,16816,70.066667,polystyrene tube 1,3,0.088175,2.490751,9.181234,0.000043,-0.000298,-0.000085,4,1,1,1,0
20260730_044546_990042_seed42,3,16824,70.100000,polystyrene tube 1,3,0.088177,2.490741,9.181231,0.000042,-0.000296,-0.000084,4,1,1,1,0
20260730_044546_990042_seed42,3,16832,70.133333,polystyrene tube 1,3,0.088178,2.490731,9.181228,0.000042,-0.000294,-0.000083,4,1,1,1,0
20260730_044546_990042_seed42,3,16840,70.166667,polystyrene tube 1,3,0.088179,2.490721,9.181225,0.000041,-0.000292,-0.000083,4,1,1,1,0
20260730_044546_990042_seed42,3,16848,70.200000,polystyrene tube 1,3,0.088181,2.490712,9.181223,0.000041,-0.000291,-0.000082,4,1,1,1,0
20260730_044546_990042_seed42,3,16856,70.233333,polystyrene tube 1,3,0.088182,2.490702,9.181220,0.000041,-0.000289,-0.000081,4,1,1,1,0
20260730_044546_990042_seed42,3,16864,70.266667,polystyrene tube 1,3,0.088184,2.490693,9.181217,0.000040,-0.000287,-0.000081,4,1,1,1,0
20260730_044546_990042_seed42,3,16872,70.300000,polystyrene tube 1,3,0.088185,2.490683,9.181215,0.000040,-0.000285,-0.000080,4,1,1,1,0
20260730_044546_990042_seed42,3,16880,70.333333,polystyrene tube 1,3,0.088186,2.490673,9.181212,0.000039,-0.000284,-0.000079,4,1,1,1,0
20260730_044546_990042_seed42,3,16888,70.366667,polystyrene tube 1,3,0.088187,2.490664,9.181209,0.000039,-0.000282,-0.000079,4,1,1,1,0
20260730_044546_990042_seed42,3,16896,70.400000,polystyrene tube 1,3,0.088189,2.490655,9.181207,0.000038,-0.000280,-0.000078,4,1,1,1,0
20260730_044546_990042_seed42,3,16904,70.433333,polystyrene tube 1,3,0.088190,2.490645,9.181204,0.000038,-0.000279,-0.000078,4,1,1,1,0
20260730_044546_990042_seed42,3,16912,70.466667,polystyrene tube 1,3,0.088191,2.490636,9.181201,0.000037,-0.000277,-0.000077,4,1,1,1,0
20260730_044546_990042_seed42,3,16920,70.500000,polystyrene tube 1,3,0.088193,2.490627,9.181199,0.000037,-0.000276,-0.000076,4,1,1,1,0
20260730_044546_990042_seed42,3,16928,70.533333,polystyrene tube 1,3,0.088194,2.490618,9.181196,0.000037,-0.000274,-0.000076,4,1,1,1,0
20260730_044546_990042_seed42,3,16936,70.566667,polystyrene tube 1,3,0.088195,2.490609,9.181194,0.000036,-0.000273,-0.000075,4,1,1,1,0
20260730_044546_990042_seed42,3,16944,70.600000,polystyrene tube 1,3,0.088196,2.490600,9.181191,0.000036,-0.000271,-0.000075,4,1,1,1,0
20260730_044546_990042_seed42,3,16952,70.633333,polystyrene tube 1,3,0.088197,2.490591,9.181189,0.000035,-0.000270,-0.000074,4,1,1,1,0
20260730_044546_990042_seed42,3,16960,70.666667,polystyrene tube 1,3,0.088199,2.490582,9.181186,0.000035,-0.000268,-0.000073,4,1,1,1,0
20260730_044546_990042_seed42,3,16968,70.700000,polystyrene tube 1,3,0.088200,2.490573,9.181184,0.000035,-0.000267,-0.000073,4,1,1,1,0
20260730_044546_990042_seed42,3,16976,70.733333,polystyrene tube 1,3,0.088201,2.490564,9.181182,0.000034,-0.000265,-0.000072,4,1,1,1,0
20260730_044546_990042_seed42,3,16984,70.766667,polystyrene tube 1,3,0.088202,2.490555,9.181179,0.000034,-0.000264,-0.000072,4,1,1,1,0
20260730_044546_990042_seed42,3,16992,70.800000,polystyrene tube 1,3,0.088203,2.490546,9.181177,0.000034,-0.000262,-0.000071,4,1,1,1,0
20260730_044546_990042_seed42,3,17000,70.833333,polystyrene tube 1,3,0.088204,2.490538,9.181174,0.000033,-0.000261,-0.000071,4,1,1,1,0
20260730_044546_990042_seed42,3,17008,70.866667,polystyrene tube 1,3,0.088205,2.490529,9.181172,0.000033,-0.000260,-0.000070,4,1,1,1,0
20260730_044546_990042_seed42,3,17016,70.900000,polystyrene tube 1,3,0.088206,2.490520,9.181170,0.000033,-0.000258,-0.000070,4,1,1,1,0
20260730_044546_990042_seed42,3,17024,70.933333,polystyrene tube 1,3,0.088207,2.490512,9.181167,0.000032,-0.000257,-0.000069,4,1,1,1,0
20260730_044546_990042_seed42,3,17032,70.966667,polystyrene tube 1,3,0.088209,2.490503,9.181165,0.000032,-0.000256,-0.000069,4,1,1,1,0
20260730_044546_990042_seed42,3,17040,71.000000,polystyrene tube 1,3,0.088210,2.490495,9.181163,0.000031,-0.000254,-0.000068,4,1,1,1,0
20260730_044546_990042_seed42,3,17048,71.033333,polystyrene tube 1,3,0.088211,2.490486,9.181161,0.000031,-0.000253,-0.000068,4,1,1,1,0
20260730_044546_990042_seed42,3,17056,71.066667,polystyrene tube 1,3,0.088212,2.490478,9.181158,0.000031,-0.000252,-0.000067,4,1,1,1,0
20260730_044546_990042_seed42,3,17064,71.100000,polystyrene tube 1,3,0.088213,2.490469,9.181156,0.000031,-0.000250,-0.000067,4,1,1,1,0
20260730_044546_990042_seed42,3,17072,71.133333,polystyrene tube 1,3,0.088214,2.490461,9.181154,0.000030,-0.000249,-0.000066,4,1,1,1,0
20260730_044546_990042_seed42,3,17080,71.166667,polystyrene tube 1,3,0.088215,2.490453,9.181152,0.000030,-0.000248,-0.000066,4,1,1,1,0
20260730_044546_990042_seed42,3,17088,71.200000,polystyrene tube 1,3,0.088216,2.490445,9.181149,0.000030,-0.000247,-0.000065,4,1,1,1,0
20260730_044546_990042_seed42,4,21848,91.033333,polystyrene tube 1,3,-2.187893,1.166408,9.246223,0.287108,0.999497,0.127143,0,0,0,0,0
20260730_044546_990042_seed42,4,21856,91.066667,polystyrene tube 1,3,-2.164782,1.199699,9.256438,1.047346,0.998011,0.460430,0,0,0,0,0
20260730_044546_990042_seed42,4,21864,91.100000,polystyrene tube 1,3,-2.117507,1.232926,9.277608,1.727143,0.995608,0.781516,0,0,0,0,0
20260730_044546_990042_seed42,4,21872,91.133333,polystyrene tube 1,3,-2.049728,1.266070,9.307315,2.279484,0.993152,0.968267,0,0,0,0,0
20260730_044546_990042_seed42,4,21880,91.166667,polystyrene tube 1,3,-1.970487,1.299127,9.337602,2.379864,0.990372,0.789092,0,0,0,0,0
20260730_044546_990042_seed42,4,21888,91.200000,polystyrene tube 1,3,-1.891573,1.332090,9.359112,2.355141,0.987610,0.519352,0,0,0,0,0
20260730_044546_990042_seed42,4,21896,91.233333,polystyrene tube 1,3,-1.813611,1.364962,9.371725,2.323686,0.984920,0.254657,0,0,0,0,0
20260730_044546_990042_seed42,4,21904,91.266667,polystyrene tube 1,3,-1.736767,1.397747,9.375575,2.288878,0.982312,-0.006996,0,0,0,0,0
20260730_044546_990042_seed42,4,21912,91.300000,polystyrene tube 1,3,-1.661090,1.430445,9.370720,2.254214,0.979780,-0.268118,0,0,0,0,0
20260730_044546_990042_seed42,4,21920,91.333333,polystyrene tube 1,3,-1.586514,1.463061,9.357134,2.223158,0.977295,-0.531073,0,0,0,0,0
20260730_044546_990042_seed42,4,21928,91.366667,polystyrene tube 1,3,-1.512860,1.495593,9.334724,2.198990,0.974802,-0.797595,0,0,0,0,0
20260730_044546_990042_seed42,4,21936,91.400000,polystyrene tube 1,3,-1.439851,1.528041,9.303372,2.184408,0.972209,-1.067226,0,0,0,0,0
20260730_044546_990042_seed42,4,21944,91.433333,polystyrene tube 1,3,-1.367108,1.560399,9.262965,2.181896,0.969379,-1.338388,0,0,0,0,0
20260730_044546_990042_seed42,4,21952,91.466667,polystyrene tube 1,3,-1.295084,1.592572,9.223819,2.062298,0.953317,-0.002354,0,0,0,0,0
20260730_044546_990042_seed42,4,21960,91.500000,polystyrene tube 1,3,-1.227004,1.624267,9.223846,2.024405,0.948555,0.010388,0,0,0,0,0
20260730_044546_990042_seed42,4,21968,91.533333,polystyrene tube 1,3,-1.160162,1.655803,9.224045,1.988288,0.943920,0.002637,0,0,0,0,0
20260730_044546_990042_seed42,4,21976,91.566667,polystyrene tube 1,3,-1.094538,1.687186,9.224113,1.951552,0.939301,0.000901,0,0,0,0,0
20260730_044546_990042_seed42,4,21984,91.600000,polystyrene tube 1,3,-1.030140,1.718413,9.224149,1.914720,0.934642,0.000867,0,0,0,0,0
20260730_044546_990042_seed42,4,21992,91.633333,polystyrene tube 1,3,-1.008962,1.749445,9.231263,0.258145,0.927048,0.218913,0,0,0,0,0
20260730_044546_990042_seed42,4,22000,91.666667,polystyrene tube 1,3,-1.000552,1.780180,9.235675,0.245612,0.916738,0.071299,0,0,0,0,0
20260730_044546_990042_seed42,4,22008,91.700000,polystyrene tube 1,3,-0.992572,1.810563,9.235022,0.234062,0.906628,-0.099425,0,0,0,0,0
20260730_044546_990042_seed42,4,22016,91.733333,polystyrene tube 1,3,-0.984943,1.840586,9.228695,0.224881,0.895296,-0.269654,0,0,0,0,0
20260730_044546_990042_seed42,4,22024,91.766667,polystyrene tube 1,3,-0.978502,1.869823,9.226924,0.177337,0.867125,-0.005496,2,0,0,0,0
20260730_044546_990042_seed42,4,22032,91.800000,polystyrene tube 1,3,-0.973039,1.898395,9.226964,0.151727,0.847800,0.013248,1,0,0,0,0
20260730_044546_990042_seed42,4,22040,91.833333,polystyrene tube 1,3,-0.968395,1.926327,9.227271,0.128666,0.829209,0.003656,3,0,0,0,0
20260730_044546_990042_seed42,4,22048,91.866667,polystyrene tube 1,3,-0.964498,1.953629,9.227153,0.106641,0.809963,-0.009590,4,0,0,0,0
20260730_044546_990042_seed42,4,22056,91.900000,polystyrene tube 1,3,-0.961357,1.980218,9.227260,0.082107,0.784382,0.033224,4,0,0,0,0
20260730_044546_990042_seed42,4,22064,91.933333,polystyrene tube 1,3,-0.958810,2.006090,9.226057,0.071428,0.771230,-0.086721,1,0,0,0,0
20260730_044546_990042_seed42,4,22072,91.966667,polystyrene tube 1,3,-0.956563,2.031647,9.220974,0.064927,0.763380,-0.216217,1,0,0,0,0
20260730_044546_990042_seed42,4,22080,92.000000,polystyrene tube 1,3,-0.954451,2.056532,9.213738,0.052381,0.711238,0.008140,1,0,0,0,0
20260730_044546_990042_seed42,4,22088,92.033333,polystyrene tube 1,3,-0.952933,2.079793,9.213448,0.038576,0.684542,-0.006457,0,0,0,0,0
20260730_044546_990042_seed42,4,22096,92.066667,polystyrene tube 1,3,-0.951874,2.102073,9.213619,0.025802,0.653116,0.021113,0,0,0,0,0
20260730_044546_990042_seed42,4,22104,92.100000,polystyrene tube 1,3,-0.951191,2.123426,9.213280,0.015904,0.629753,-0.039421,0,0,0,0,0
20260730_044546_990042_seed42,4,22112,92.133333,polystyrene tube 1,3,-0.950879,2.143737,9.213594,0.006208,0.597631,-0.018512,0,0,0,0,0
20260730_044546_990042_seed42,4,22120,92.166667,polystyrene tube 1,3,-0.950858,2.163094,9.213451,-0.002476,0.562164,0.039257,0,0,0,0,0
20260730_044546_990042_seed42,4,22128,92.200000,polystyrene tube 1,3,-0.951055,2.181418,9.213563,-0.010421,0.537459,-0.006393,0,0,0,0,0
20260730_044546_990042_seed42,4,22136,92.233333,polystyrene tube 1,3,-0.951413,2.198859,9.213687,-0.012344,0.510999,0.013092,0,0,0,0,0
20260730_044546_990042_seed42,4,22144,92.266667,polystyrene tube 1,3,-0.951963,2.215670,9.213587,-0.014962,0.497744,0.024284,0,0,0,0,0
20260730_044546_990042_seed42,4,22152,92.300000,polystyrene tube 1,3,-0.952550,2.232097,9.213503,-0.021735,0.488653,-0.027710,0,0,0,0,0
20260730_044546_990042_seed42,4,22160,92.333333,polystyrene tube 1,3,-0.953107,2.248196,9.213661,-0.015390,0.480091,-0.016585,0,0,0,0,0
20260730_044546_990042_seed42,4,22168,92.366667,polystyrene tube 1,3,-0.953777,2.264067,9.213435,-0.012738,0.473772,0.001782,0,0,0,0,0
20260730_044546_990042_seed42,4,22176,92.400000,polystyrene tube 1,3,-0.954395,2.279666,9.213406,-0.025570,0.465749,-0.008505,0,0,0,0,0
20260730_044546_990042_seed42,4,22184,92.433333,polystyrene tube 1,3,-0.955007,2.295044,9.213679,-0.019789,0.456559,0.008411,0,0,0,0,0
20260730_044546_990042_seed42,4,22192,92.466667,polystyrene tube 1,3,-0.955665,2.310198,9.213593,-0.015677,0.450735,0.024405,0,0,0,0,0
20260730_044546_990042_seed42,4,22200,92.500000,polystyrene tube 1,3,-0.956243,2.325079,9.213540,-0.021975,0.443275,-0.017354,0,0,0,0,0
20260730_044546_990042_seed42,4,22208,92.533333,polystyrene tube 1,3,-0.956819,2.339715,9.213744,-0.015841,0.434732,0.000578,0,0,0,0,0
20260730_044546_990042_seed42,4,22216,92.566667,polystyrene tube 1,3,-0.957479,2.354122,9.213436,-0.016687,0.429157,0.022690,0,0,0,0,0
20260730_044546_990042_seed42,4,22224,92.600000,polystyrene tube 1,3,-0.958002,2.368284,9.213660,-0.018020,0.421945,-0.013262,0,0,0,0,0
20260730_044546_990042_seed42,4,22232,92.633333,polystyrene tube 1,3,-0.958608,2.382249,9.213665,-0.012557,0.414176,0.006642,0,0,0,0,0
20260730_044546_990042_seed42,4,22240,92.666667,polystyrene tube 1,3,-0.959197,2.395964,9.213494,-0.019913,0.409431,-0.024849,0,0,0,0,0
20260730_044546_990042_seed42,4,22248,92.700000,polystyrene tube 1,3,-0.959719,2.409458,9.213743,-0.014873,0.401293,-0.002321,0,0,0,0,0
20260730_044546_990042_seed42,4,22256,92.733333,polystyrene tube 1,3,-0.960352,2.422756,9.213412,-0.016604,0.396490,0.020968,0,0,0,0,0
20260730_044546_990042_seed42,4,22264,92.766667,polystyrene tube 1,3,-0.960842,2.435826,9.213724,-0.016613,0.388914,-0.006476,0,0,0,0,0
20260730_044546_990042_seed42,4,22272,92.800000,polystyrene tube 1,3,-0.961460,2.448752,9.213520,-0.013848,0.384710,0.020099,0,0,0,0,0
20260730_044546_990042_seed42,4,22280,92.833333,polystyrene tube 1,3,-0.961955,2.461457,9.213677,-0.018328,0.378184,-0.007145,0,0,0,0,0
20260730_044546_990042_seed42,4,22288,92.866667,polystyrene tube 1,3,-0.962494,2.474002,9.213633,-0.013448,0.371742,0.017904,0,0,0,0,0
20260730_044546_990042_seed42,4,22296,92.900000,polystyrene tube 1,3,-0.963017,2.486329,9.213630,-0.019453,0.366766,-0.006790,0,0,0,0,0
20260730_044546_990042_seed42,4,22304,92.933333,polystyrene tube 1,3,-0.963547,2.498491,9.213655,-0.015104,0.359937,0.019198,0,0,0,0,0
20260730_044546_990042_seed42,4,22312,92.966667,polystyrene tube 1,3,-0.964055,2.510437,9.213487,-0.020639,0.357696,0.000979,0,0,0,0,0
20260730_044546_990042_seed42,4,22320,93.000000,polystyrene tube 1,3,-0.964590,2.522254,9.213556,-0.010288,0.352835,-0.000014,0,0,0,0,0
20260730_044546_990042_seed42,4,22328,93.033333,polystyrene tube 1,3,-0.965120,2.533865,9.213555,-0.016344,0.347649,-0.021050,0,0,0,0,0
20260730_044546_990042_seed42,4,22336,93.066667,polystyrene tube 1,3,-0.965638,2.545353,9.213689,-0.012260,0.340310,0.006629,0,0,0,0,0
20260730_044546_990042_seed42,4,22344,93.100000,polystyrene tube 1,3,-0.966150,2.556637,9.213639,-0.017828,0.336017,-0.009963,0,0,0,0,0
20260730_044546_990042_seed42,4,22352,93.133333,polystyrene tube 1,3,-0.966659,2.567817,9.213592,-0.013551,0.331269,0.019844,0,0,0,0,0
20260730_044546_990042_seed42,4,22360,93.166667,polystyrene tube 1,3,-0.967132,2.578810,9.213581,-0.019268,0.327889,0.001996,0,0,0,0,0
20260730_044546_990042_seed42,4,22368,93.200000,polystyrene tube 1,3,-0.967651,2.589671,9.213538,-0.009518,0.323891,0.003365,0,0,0,0,0
20260730_044546_990042_seed42,4,22376,93.233333,polystyrene tube 1,3,-0.968123,2.600317,9.213699,-0.014747,0.317483,-0.009993,0,0,0,0,0
20260730_044546_990042_seed42,4,22384,93.266667,polystyrene tube 1,3,-0.968684,2.610895,9.213457,-0.012697,0.314823,0.021560,0,0,0,0,0
20260730_044546_990042_seed42,4,22392,93.300000,polystyrene tube 1,3,-0.969083,2.621292,9.213676,-0.016202,0.309060,0.007449,0,0,0,0,0
20260730_044546_990042_seed42,4,22400,93.333333,polystyrene tube 1,3,-0.969621,2.631575,9.213251,-0.016140,0.310512,-0.030419,0,0,0,0,0
20260730_044546_990042_seed42,4,22408,93.366667,polystyrene tube 1,3,-0.970033,2.641677,9.213724,-0.012267,0.300652,-0.001054,0,0,0,0,0
20260730_044546_990042_seed42,4,22416,93.400000,polystyrene tube 1,3,-0.970539,2.651676,9.213541,-0.017400,0.298115,-0.010760,0,0,0,0,0
20260730_044546_990042_seed42,4,22424,93.433333,polystyrene tube 1,3,-0.970988,2.661585,9.213613,-0.013245,0.293045,0.018116,0,0,0,0,0
20260730_044546_990042_seed42,4,22432,93.466667,polystyrene tube 1,3,-0.971427,2.671275,9.213615,-0.013366,0.291061,-0.015428,0,0,0,0,0
20260730_044546_990042_seed42,4,22440,93.500000,polystyrene tube 1,3,-0.971955,2.680918,9.213503,-0.009538,0.285985,0.015411,0,0,0,0,0
20260730_044546_990042_seed42,4,22448,93.533333,polystyrene tube 1,3,-0.972336,2.690396,9.213723,-0.014608,0.281178,0.006164,0,0,0,0,0
20260730_044546_990042_seed42,4,22456,93.566667,polystyrene tube 1,3,-0.972822,2.699761,9.213371,-0.014558,0.283120,-0.025098,0,0,0,0,0
20260730_044546_990042_seed42,4,22464,93.600000,polystyrene tube 1,3,-0.973252,2.709009,9.213695,-0.010917,0.273871,0.003760,0,0,0,0,0
20260730_044546_990042_seed42,4,22472,93.633333,polystyrene tube 1,3,-0.973686,2.718118,9.213652,-0.015632,0.270913,-0.002074,0,0,0,0,0
20260730_044546_990042_seed42,4,22480,93.666667,polystyrene tube 1,3,-0.974151,2.727162,9.213379,-0.007477,0.271312,0.005494,0,0,0,0,0
20260730_044546_990042_seed42,4,22488,93.700000,polystyrene tube 1,3,-0.974547,2.736017,9.213741,-0.012057,0.263187,-0.000873,0,0,0,0,0
20260730_044546_990042_seed42,4,22496,93.733333,polystyrene tube 1,3,-0.975011,2.744791,9.213536,-0.016318,0.261365,-0.006936,0,0,0,0,0
20260730_044546_990042_seed42,4,22504,93.766667,polystyrene tube 1,3,-0.975420,2.753472,9.213525,-0.008448,0.259322,0.002864,0,0,0,0,0
20260730_044546_990042_seed42,4,22512,93.800000,polystyrene tube 1,3,-0.975827,2.761997,9.213726,-0.012953,0.253221,-0.002238,0,0,0,0,0
20260730_044546_990042_seed42,4,22520,93.833333,polystyrene tube 1,3,-0.976297,2.770479,9.213364,-0.017369,0.253981,-0.007400,0,0,0,0,0
20260730_044546_990042_seed42,4,22528,93.866667,polystyrene tube 1,3,-0.976664,2.778805,9.213660,-0.009628,0.247567,0.001749,0,0,0,0,0
20260730_044546_990042_seed42,4,22536,93.900000,polystyrene tube 1,3,-0.977073,2.787000,9.213701,-0.013704,0.242971,-0.002380,0,0,0,0,0
20260730_044546_990042_seed42,4,22544,93.933333,polystyrene tube 1,3,-0.977532,2.795138,9.213229,-0.013949,0.247322,-0.024910,0,0,0,0,0
20260730_044546_990042_seed42,4,22552,93.966667,polystyrene tube 1,3,-0.977881,2.803131,9.213712,-0.010432,0.236354,0.004432,0,0,0,0,0
20260730_044546_990042_seed42,4,22560,94.000000,polystyrene tube 1,3,-0.978260,2.811023,9.213600,-0.014919,0.235814,0.002434,0,0,0,0,0
20260730_044546_990042_seed42,4,22568,94.033333,polystyrene tube 1,3,-0.978689,2.826204,9.245170,-0.000000,0.999833,-0.040873,0,0,0,0,0
20260730_044546_990042_seed42,4,22576,94.066667,polystyrene tube 1,3,-0.978689,2.892867,9.245170,0.000000,0.999833,-0.040873,0,0,0,0,0
20260730_044546_990042_seed42,4,22584,94.100000,polystyrene tube 1,3,-0.978689,2.959529,9.245170,0.000000,0.999833,-0.040873,0,0,0,0,0
20260730_044546_990042_seed42,4,22592,94.133333,polystyrene tube 1,3,-0.978689,3.026192,9.245170,0.000000,0.999833,-0.040873,0,0,0,0,0
20260730_044546_990042_seed42,4,22600,94.166667,polystyrene tube 1,3,-0.978689,3.092854,9.245170,0.000000,0.999833,-0.040873,0,0,0,0,0
20260730_044546_990042_seed42,4,22608,94.200000,polystyrene tube 1,3,-0.978689,3.159517,9.245170,0.000000,0.999833,-0.040873,0,0,0,0,0
20260730_044546_990042_seed42,4,22616,94.233333,polystyrene tube 1,3,-0.978689,3.226179,9.245170,0.000000,0.999833,-0.040873,0,0,0,0,0
20260730_044546_990042_seed42,4,22624,94.266667,polystyrene tube 1,3,-0.978689,3.292842,9.245170,0.000000,0.999833,-0.040873,0,0,0,0,0
20260730_044546_990042_seed42,4,22632,94.300000,polystyrene tube 1,3,-0.978697,3.359430,9.245334,-0.000797,0.993375,-0.000438,0,0,0,0,0
20260730_044546_990042_seed42,4,22640,94.333333,polystyrene tube 1,3,-0.978709,3.426047,9.245277,-0.000333,0.998789,-0.014459,0,0,0,0,0
20260730_044546_990042_seed42,4,22648,94.366667,polystyrene tube 1,3,-0.978720,3.492676,9.245276,-0.000333,0.998791,-0.014503,0,0,0,0,0
20260730_044546_990042_seed42,4,22656,94.400000,polystyrene tube 1,3,-0.978730,3.559305,9.245277,-0.000333,0.998789,-0.014463,0,0,0,0,0
20260730_044546_990042_seed42,4,22664,94.433333,polystyrene tube 1,3,-0.978741,3.625934,9.245277,-0.000333,0.998789,-0.014464,0,0,0,0,0
20260730_044546_990042_seed42,4,22672,94.466667,polystyrene tube 1,3,-0.978752,3.692563,9.245277,-0.000333,0.998789,-0.014466,0,0,0,0,0
20260730_044546_990042_seed42,4,22680,94.500000,polystyrene tube 1,3,-0.978763,3.759191,9.245277,-0.000333,0.998789,-0.014468,0,0,0,0,0
20260730_044546_990042_seed42,4,22688,94.533333,polystyrene tube 1,3,-0.978774,3.825820,9.245277,-0.000333,0.998789,-0.014469,0,0,0,0,0
20260730_044546_990042_seed42,4,22696,94.566667,polystyrene tube 1,3,-0.978785,3.892449,9.245277,-0.000333,0.998789,-0.014471,0,0,0,0,0
20260730_044546_990042_seed42,4,22704,94.600000,polystyrene tube 1,3,-0.979018,3.958952,9.245331,-0.000921,0.992484,-0.001413,0,0,0,0,0
20260730_044546_990042_seed42,4,22712,94.633333,polystyrene tube 1,3,-0.979021,4.025599,9.245170,0.000000,0.999833,-0.040873,0,0,0,0,0
20260730_044546_990042_seed42,4,22720,94.666667,polystyrene tube 1,3,-0.979021,4.092262,9.245170,0.000000,0.999833,-0.040873,0,0,0,0,0
20260730_044546_990042_seed42,4,22728,94.700000,polystyrene tube 1,3,-0.979021,4.158924,9.245170,0.000000,0.999833,-0.040873,0,0,0,0,0
20260730_044546_990042_seed42,4,22736,94.733333,polystyrene tube 1,3,-0.979021,4.225587,9.245170,0.000000,0.999833,-0.040873,0,0,0,0,0
20260730_044546_990042_seed42,4,22744,94.766667,polystyrene tube 1,3,-0.979021,4.292249,9.245170,0.000000,0.999833,-0.040873,0,0,0,0,0
20260730_044546_990042_seed42,4,22752,94.800000,polystyrene tube 1,3,-0.979021,4.358912,9.245170,0.000000,0.999833,-0.040873,0,0,0,0,0
20260730_044546_990042_seed42,4,22760,94.833333,polystyrene tube 1,3,-0.979021,4.425574,9.245170,0.000000,0.999833,-0.040873,0,0,0,0,0
20260730_044546_990042_seed42,4,22768,94.866667,polystyrene tube 1,3,-0.979021,4.492237,9.245170,0.000000,0.999833,-0.040873,0,0,0,0,0
20260730_044546_990042_seed42,4,22776,94.900000,polystyrene tube 1,3,-0.979021,4.558899,9.245170,0.000000,0.999833,-0.040873,0,0,0,0,0
20260730_044546_990042_seed42,4,22784,94.933333,polystyrene tube 1,3,-0.979021,4.625562,9.245170,0.000000,0.999833,-0.040873,0,0,0,0,0
20260730_044546_990042_seed42,4,22792,94.966667,polystyrene tube 1,3,-0.979021,4.692224,9.245170,0.000000,0.999833,-0.040873,0,0,0,0,0
20260730_044546_990042_seed42,4,22800,95.000000,polystyrene tube 1,3,-0.979021,4.758887,9.245170,0.000000,0.999833,-0.040873,0,0,0,0,0
20260730_044546_990042_seed42,5,27560,114.833333,polystyrene tube 1,3,-2.186901,1.166408,9.247086,0.423352,0.999493,0.245641,0,0,0,0,0
20260730_044546_990042_seed42,5,27568,114.866667,polystyrene tube 1,3,-2.152841,1.199697,9.266805,1.542099,0.997837,0.889039,0,0,0,0,0
20260730_044546_990042_seed42,5,27576,114.900000,polystyrene tube 1,3,-2.083269,1.232919,9.306237,2.537456,0.995527,1.412724,0,0,0,0,0
20260730_044546_990042_seed42,5,27584,114.933333,polystyrene tube 1,3,-1.984778,1.266053,9.359062,3.272095,0.992556,1.706070,0,0,0,0,0
20260730_044546_990042_seed42,5,27592,114.966667,polystyrene tube 1,3,-1.871940,1.299073,9.414893,3.399662,0.988967,1.549781,0,0,0,0,0
20260730_044546_990042_seed42,5,27600,115.000000,polystyrene tube 1,3,-1.758735,1.331977,9.461595,3.390303,0.985519,1.271970,0,0,0,0,0
20260730_044546_990042_seed42,5,27608,115.033333,polystyrene tube 1,3,-1.646161,1.364767,9.499334,3.363620,0.982098,1.010623,0,0,0,0,0
20260730_044546_990042_seed42,5,27616,115.066667,polystyrene tube 1,3,-1.534715,1.397444,9.528621,3.323493,0.978745,0.764905,0,0,0,0,0
20260730_044546_990042_seed42,5,27624,115.100000,polystyrene tube 1,3,-1.424818,1.430011,9.550025,3.271882,0.975502,0.536331,0,0,0,0,0
20260730_044546_990042_seed42,5,27632,115.133333,polystyrene tube 1,3,-1.316800,1.462473,9.564079,3.211841,0.972439,0.322404,0,0,0,0,0
20260730_044546_990042_seed42,5,27640,115.166667,polystyrene tube 1,3,-1.210883,1.494837,9.571197,3.146653,0.969632,0.118606,0,0,0,0,0
20260730_044546_990042_seed42,5,27648,115.200000,polystyrene tube 1,3,-1.107180,1.527113,9.571613,3.079707,0.967147,-0.080982,0,0,0,0,0
20260730_044546_990042_seed42,5,27656,115.233333,polystyrene tube 1,3,-1.005689,1.559313,9.565356,3.014424,0.965010,-0.282748,0,0,0,0,0
20260730_044546_990042_seed42,5,27664,115.266667,polystyrene tube 1,3,-0.905651,1.591435,9.550849,2.997517,0.962343,-0.587074,0,0,0,0,0
20260730_044546_990042_seed42,5,27672,115.300000,polystyrene tube 1,3,-0.857188,1.618630,9.565556,0.698580,0.749453,0.878404,2,0,0,0,0
20260730_044546_990042_seed42,5,27680,115.333333,polystyrene tube 1,3,-0.835200,1.643653,9.590204,0.614709,0.751633,0.628984,1,0,0,0,0
20260730_044546_990042_seed42,5,27688,115.366667,polystyrene tube 1,3,-0.816940,1.668756,9.607702,0.484979,0.754962,0.438688,1,0,0,0,0
20260730_044546_990042_seed42,5,27696,115.400000,polystyrene tube 1,3,-0.803256,1.694055,9.619322,0.342105,0.763585,0.273347,1,0,0,0,0
20260730_044546_990042_seed42,5,27704,115.433333,polystyrene tube 1,3,-0.794508,1.719755,9.625749,0.192048,0.778321,0.122564,1,0,0,0,0
20260730_044546_990042_seed42,5,27712,115.466667,polystyrene tube 1,3,-0.791069,1.746062,9.627566,0.024014,0.799524,-0.004442,1,0,0,0,0
20260730_044546_990042_seed42,5,27720,115.500000,polystyrene tube 1,3,-0.790392,1.772832,9.627532,0.049663,0.801722,0.018649,1,0,0,0,0
20260730_044546_990042_seed42,5,27728,115.533333,polystyrene tube 1,3,-0.790747,1.799824,9.626046,-0.064151,0.817391,-0.099984,1,0,0,0,0
20260730_044546_990042_seed42,5,27736,115.566667,polystyrene tube 1,3,-0.794849,1.827389,9.620539,-0.174014,0.835686,-0.224693,1,0,0,0,0
20260730_044546_990042_seed42,5,27744,115.600000,polystyrene tube 1,3,-0.802441,1.855599,9.610734,-0.274701,0.855948,-0.359401,3,0,0,0,0
20260730_044546_990042_seed42,5,27752,115.633333,polystyrene tube 1,3,-0.816874,1.882935,9.600218,-0.518720,0.792436,-0.342911,2,0,0,0,0
20260730_044546_990042_seed42,5,27760,115.666667,polystyrene tube 1,3,-0.834102,1.909096,9.584405,-0.525214,0.779790,-0.583950,1,0,0,0,0
20260730_044546_990042_seed42,5,27768,115.700000,polystyrene tube 1,3,-0.854139,1.934641,9.563265,-0.632239,0.759654,-0.713685,1,0,0,0,0
20260730_044546_990042_seed42,5,27776,115.733333,polystyrene tube 1,3,-0.876325,1.959772,9.536171,-0.690167,0.749585,-0.899409,1,0,0,0,0
20260730_044546_990042_seed42,5,27784,115.766667,polystyrene tube 1,3,-0.900054,1.984638,9.502664,-0.726119,0.743157,-1.098994,1,0,0,0,0
20260730_044546_990042_seed42,5,27792,115.800000,polystyrene tube 1,3,-0.924485,2.009319,9.462258,-0.733881,0.738051,-1.314370,1,0,0,0,0
20260730_044546_990042_seed42,5,27800,115.833333,polystyrene tube 1,3,-0.948559,2.033811,9.414430,-0.707012,0.731295,-1.550922,1,0,0,0,0
20260730_044546_990042_seed42,5,27808,115.866667,polystyrene tube 1,3,-0.970986,2.058005,9.358339,-0.630313,0.719379,-1.821010,1,0,0,0,0
20260730_044546_990042_seed42,5,27816,115.900000,polystyrene tube 1,3,-0.990148,2.081694,9.291909,-0.512495,0.701403,-2.144794,1,0,0,0,0
20260730_044546_990042_seed42,5,27824,115.933333,polystyrene tube 1,3,-1.003446,2.104486,9.214997,-0.306274,0.660600,-2.359868,1,0,0,0,0
20260730_044546_990042_seed42,5,27832,115.966667,polystyrene tube 1,3,-1.003642,2.124511,9.212822,0.034038,0.588909,0.039636,0,0,0,0,0
20260730_044546_990042_seed42,5,27840,116.000000,polystyrene tube 1,3,-1.002235,2.143773,9.213445,0.050041,0.566963,0.022217,0,0,0,0,0
20260730_044546_990042_seed42,5,27848,116.033333,polystyrene tube 1,3,-1.000432,2.162245,9.213297,0.055918,0.543166,-0.039846,0,0,0,0,0
20260730_044546_990042_seed42,5,27856,116.066667,polystyrene tube 1,3,-0.998380,2.179859,9.213631,0.057342,0.519628,0.004455,0,0,0,0,0
20260730_044546_990042_seed42,5,27864,116.100000,polystyrene tube 1,3,-0.996427,2.197004,9.213718,0.060207,0.508406,0.014373,0,0,0,0,0
20260730_044546_990042_seed42,5,27872,116.133333,polystyrene tube 1,3,-0.994533,2.213882,9.213500,0.058392,0.502867,0.024286,0,0,0,0,0
20260730_044546_990042_seed42,5,27880,116.166667,polystyrene tube 1,3,-0.992604,2.230472,9.213452,0.055631,0.495180,-0.036363,0,0,0,0,0
20260730_044546_990042_seed42,5,27888,116.200000,polystyrene tube 1,3,-0.990679,2.246799,9.213568,0.060665,0.486682,-0.023044,0,0,0,0,0
20260730_044546_990042_seed42,5,27896,116.233333,polystyrene tube 1,3,-0.988895,2.262875,9.213590,0.056389,0.476077,0.030060,0,0,0,0,0
20260730_044546_990042_seed42,5,27904,116.266667,polystyrene tube 1,3,-0.987110,2.278686,9.213392,0.047153,0.471924,-0.020450,0,0,0,0,0
20260730_044546_990042_seed42,5,27912,116.300000,polystyrene tube 1,3,-0.985303,2.294253,9.213702,0.051725,0.463135,-0.005678,0,0,0,0,0
20260730_044546_990042_seed42,5,27920,116.333333,polystyrene tube 1,3,-0.983594,2.309626,9.213652,0.056013,0.455991,0.010843,0,0,0,0,0
20260730_044546_990042_seed42,5,27928,116.366667,polystyrene tube 1,3,-0.981901,2.324733,9.213406,0.048148,0.451648,-0.033053,0,0,0,0,0
20260730_044546_990042_seed42,5,27936,116.400000,polystyrene tube 1,3,-0.980145,2.339579,9.213663,0.053064,0.443093,-0.014800,0,0,0,0,0
20260730_044546_990042_seed42,5,27944,116.433333,polystyrene tube 1,3,-0.978541,2.354254,9.213489,0.055197,0.437111,0.004467,0,0,0,0,0
20260730_044546_990042_seed42,5,27952,116.466667,polystyrene tube 1,3,-0.976894,2.368672,9.213433,0.049026,0.432334,-0.034889,0,0,0,0,0
20260730_044546_990042_seed42,5,27960,116.500000,polystyrene tube 1,3,-0.975300,2.382909,9.213621,0.047343,0.423489,0.022007,0,0,0,0,0
20260730_044546_990042_seed42,5,27968,116.533333,polystyrene tube 1,3,-0.973776,2.396927,9.213284,0.049688,0.415858,0.044200,0,0,0,0,0
20260730_044546_990042_seed42,5,27976,116.566667,polystyrene tube 1,3,-0.972158,2.410701,9.213642,0.041836,0.411301,0.006754,0,0,0,0,0
20260730_044546_990042_seed42,5,27984,116.600000,polystyrene tube 1,3,-0.970686,2.424318,9.213550,0.046212,0.403439,0.030241,0,0,0,0,0
20260730_044546_990042_seed42,5,27992,116.633333,polystyrene tube 1,3,-0.969182,2.437692,9.213535,0.038652,0.399645,-0.002800,0,0,0,0,0
20260730_044546_990042_seed42,5,28000,116.666667,polystyrene tube 1,3,-0.967710,2.450897,9.213594,0.043920,0.393033,0.023982,0,0,0,0,0
20260730_044546_990042_seed42,5,28008,116.700000,polystyrene tube 1,3,-0.966301,2.463909,9.213299,0.042398,0.391269,-0.037347,0,0,0,0,0
20260730_044546_990042_seed42,5,28016,116.733333,polystyrene tube 1,3,-0.964850,2.476744,9.213638,0.046013,0.383111,-0.010834,0,0,0,0,0
20260730_044546_990042_seed42,5,28024,116.766667,polystyrene tube 1,3,-0.963531,2.489430,9.213333,0.043445,0.379814,0.013892,0,0,0,0,0
20260730_044546_990042_seed42,5,28032,116.800000,polystyrene tube 1,3,-0.962100,2.501893,9.213682,0.042525,0.372259,-0.011675,0,0,0,0,0
20260730_044546_990042_seed42,5,28040,116.833333,polystyrene tube 1,3,-0.960822,2.514236,9.213470,0.043686,0.367632,0.014719,0,0,0,0,0
20260730_044546_990042_seed42,5,28048,116.866667,polystyrene tube 1,3,-0.959439,2.526353,9.213716,0.039158,0.361242,-0.007872,0,0,0,0,0
20260730_044546_990042_seed42,5,28056,116.900000,polystyrene tube 1,3,-0.958193,2.538379,9.213521,0.041663,0.357155,0.020212,0,0,0,0,0
20260730_044546_990042_seed42,5,28064,116.933333,polystyrene tube 1,3,-0.956853,2.550179,9.213704,0.036155,0.351431,-0.002290,0,0,0,0,0
20260730_044546_990042_seed42,5,28072,116.966667,polystyrene tube 1,3,-0.955603,2.561871,9.213514,0.039705,0.346453,0.026114,0,0,0,0,0
20260730_044546_990042_seed42,5,28080,117.000000,polystyrene tube 1,3,-0.954309,2.573357,9.213639,0.033482,0.343084,0.005041,0,0,0,0,0
20260730_044546_990042_seed42,5,28088,117.033333,polystyrene tube 1,3,-0.953137,2.584735,9.213415,0.042778,0.339429,0.008050,0,0,0,0,0
20260730_044546_990042_seed42,5,28096,117.066667,polystyrene tube 1,3,-0.951885,2.595922,9.213687,0.036565,0.334237,-0.009607,0,0,0,0,0
20260730_044546_990042_seed42,5,28104,117.100000,polystyrene tube 1,3,-0.950765,2.607040,9.213480,0.038071,0.330623,0.019185,0,0,0,0,0
20260730_044546_990042_seed42,5,28112,117.133333,polystyrene tube 1,3,-0.949519,2.617958,9.213730,0.033655,0.324942,0.002632,0,0,0,0,0
20260730_044546_990042_seed42,5,28120,117.166667,polystyrene tube 1,3,-0.948422,2.628805,9.213328,0.032027,0.324689,0.031801,0,0,0,0,0
20260730_044546_990042_seed42,5,28128,117.200000,polystyrene tube 1,3,-0.947202,2.639456,9.213638,0.037037,0.319048,-0.009992,0,0,0,0,0
20260730_044546_990042_seed42,5,28136,117.233333,polystyrene tube 1,3,-0.946154,2.650000,9.213399,0.031120,0.316239,-0.023686,0,0,0,0,0
20260730_044546_990042_seed42,5,28144,117.266667,polystyrene tube 1,3,-0.944996,2.660415,9.213724,0.033948,0.308599,0.006275,0,0,0,0,0
20260730_044546_990042_seed42,5,28152,117.300000,polystyrene tube 1,3,-0.943921,2.670705,9.213521,0.028255,0.307602,-0.006142,0,0,0,0,0
20260730_044546_990042_seed42,5,28160,117.333333,polystyrene tube 1,3,-0.942810,2.680893,9.213528,0.037319,0.304374,-0.001797,0,0,0,0,0
20260730_044546_990042_seed42,5,28168,117.366667,polystyrene tube 1,3,-0.941766,2.690893,9.213640,0.031279,0.299345,-0.013508,0,0,0,0,0
20260730_044546_990042_seed42,5,28176,117.400000,polystyrene tube 1,3,-0.940762,2.700868,9.213524,0.034514,0.294471,0.017469,0,0,0,0,0
20260730_044546_990042_seed42,5,28184,117.433333,polystyrene tube 1,3,-0.939663,2.710653,9.213678,0.028680,0.291738,0.006587,0,0,0,0,0
20260730_044546_990042_seed42,5,28192,117.466667,polystyrene tube 1,3,-0.938707,2.720359,9.213294,0.028996,0.293045,-0.027317,0,0,0,0,0
20260730_044546_990042_seed42,5,28200,117.500000,polystyrene tube 1,3,-0.937650,2.729915,9.213722,0.031545,0.283598,0.002356,0,0,0,0,0
20260730_044546_990042_seed42,5,28208,117.533333,polystyrene tube 1,3,-0.936676,2.739372,9.213583,0.026143,0.282123,-0.005784,0,0,0,0,0
20260730_044546_990042_seed42,5,28216,117.566667,polystyrene tube 1,3,-0.935679,2.748752,9.213483,0.034601,0.280333,0.001454,0,0,0,0,0
20260730_044546_990042_seed42,5,28224,117.600000,polystyrene tube 1,3,-0.934713,2.757931,9.213727,0.028790,0.274063,-0.007175,0,0,0,0,0
20260730_044546_990042_seed42,5,28232,117.633333,polystyrene tube 1,3,-0.933832,2.767102,9.213358,0.023914,0.274387,-0.013443,0,0,0,0,0
20260730_044546_990042_seed42,5,28240,117.666667,polystyrene tube 1,3,-0.932796,2.776106,9.213593,0.031550,0.270281,-0.006556,0,0,0,0,0
20260730_044546_990042_seed42,5,28248,117.700000,polystyrene tube 1,3,-0.931918,2.784981,9.213618,0.026347,0.265704,-0.012058,0,0,0,0,0
20260730_044546_990042_seed42,5,28256,117.733333,polystyrene tube 1,3,-0.931029,2.793854,9.213533,0.029339,0.261364,0.017769,0,0,0,0,0
20260730_044546_990042_seed42,5,28264,117.766667,polystyrene tube 1,3,-0.930060,2.802510,9.213633,0.029051,0.260433,-0.009356,0,0,0,0,0
20260730_044546_990042_seed42,5,28272,117.800000,polystyrene tube 1,3,-0.929246,2.811098,9.213502,0.024161,0.257104,-0.014710,0,0,0,0,0
20260730_044546_990042_seed42,5,28280,117.833333,polystyrene tube 1,3,-0.928448,2.826917,9.245170,0.000000,0.999833,-0.040873,0,0,0,0,0
20260730_044546_990042_seed42,5,28288,117.866667,polystyrene tube 1,3,-0.928448,2.893579,9.245170,-0.000000,0.999833,-0.040873,0,0,0,0,0
20260730_044546_990042_seed42,5,28296,117.900000,polystyrene tube 1,3,-0.928448,2.960242,9.245170,-0.000000,0.999833,-0.040873,0,0,0,0,0
20260730_044546_990042_seed42,5,28304,117.933333,polystyrene tube 1,3,-0.928448,3.026904,9.245170,-0.000000,0.999833,-0.040873,0,0,0,0,0
20260730_044546_990042_seed42,5,28312,117.966667,polystyrene tube 1,3,-0.928448,3.093567,9.245170,-0.000000,0.999833,-0.040873,0,0,0,0,0
20260730_044546_990042_seed42,5,28320,118.000000,polystyrene tube 1,3,-0.928448,3.160229,9.245170,-0.000000,0.999833,-0.040873,0,0,0,0,0
20260730_044546_990042_seed42,5,28328,118.033333,polystyrene tube 1,3,-0.928448,3.226892,9.245170,-0.000000,0.999833,-0.040873,0,0,0,0,0
20260730_044546_990042_seed42,5,28336,118.066667,polystyrene tube 1,3,-0.928448,3.293554,9.245170,-0.000000,0.999833,-0.040873,0,0,0,0,0
20260730_044546_990042_seed42,5,28344,118.100000,polystyrene tube 1,3,-0.928456,3.360113,9.245390,-0.000914,0.991168,0.013370,0,0,0,0,0
20260730_044546_990042_seed42,5,28352,118.133333,polystyrene tube 1,3,-0.928470,3.426716,9.245311,-0.000372,0.998447,-0.005847,0,0,0,0,0
20260730_044546_990042_seed42,5,28360,118.166667,polystyrene tube 1,3,-0.928482,3.493334,9.245311,-0.000372,0.998447,-0.005849,0,0,0,0,0
20260730_044546_990042_seed42,5,28368,118.200000,polystyrene tube 1,3,-0.928494,3.559952,9.245311,-0.000372,0.998447,-0.005852,0,0,0,0,0
20260730_044546_990042_seed42,5,28376,118.233333,polystyrene tube 1,3,-0.928506,3.626569,9.245311,-0.000372,0.998448,-0.005854,0,0,0,0,0
20260730_044546_990042_seed42,5,28384,118.266667,polystyrene tube 1,3,-0.928518,3.693187,9.245311,-0.000372,0.998448,-0.005856,0,0,0,0,0
20260730_044546_990042_seed42,5,28392,118.300000,polystyrene tube 1,3,-0.928530,3.759805,9.245311,-0.000372,0.998448,-0.005859,0,0,0,0,0
20260730_044546_990042_seed42,5,28400,118.333333,polystyrene tube 1,3,-0.928543,3.826423,9.245311,-0.000372,0.998448,-0.005861,0,0,0,0,0
20260730_044546_990042_seed42,5,28408,118.366667,polystyrene tube 1,3,-0.928826,3.892965,9.245311,-0.000371,0.998450,-0.005915,0,0,0,0,0
20260730_044546_990042_seed42,5,28416,118.400000,polystyrene tube 1,3,-0.928842,3.959521,9.245317,-0.000763,0.994056,-0.004696,0,0,0,0,0
20260730_044546_990042_seed42,5,28424,118.433333,polystyrene tube 1,3,-0.928846,4.026163,9.245170,0.000000,0.999833,-0.040873,0,0,0,0,0
20260730_044546_990042_seed42,5,28432,118.466667,polystyrene tube 1,3,-0.928846,4.092825,9.245170,0.000000,0.999833,-0.040873,0,0,0,0,0
20260730_044546_990042_seed42,5,28440,118.500000,polystyrene tube 1,3,-0.928846,4.159488,9.245170,0.000000,0.999833,-0.040873,0,0,0,0,0
20260730_044546_990042_seed42,5,28448,118.533333,polystyrene tube 1,3,-0.928846,4.226150,9.245170,0.000000,0.999833,-0.040873,0,0,0,0,0
20260730_044546_990042_seed42,5,28456,118.566667,polystyrene tube 1,3,-0.928846,4.292813,9.245170,0.000000,0.999833,-0.040873,0,0,0,0,0
20260730_044546_990042_seed42,5,28464,118.600000,polystyrene tube 1,3,-0.928846,4.359475,9.245170,0.000000,0.999833,-0.040873,0,0,0,0,0
20260730_044546_990042_seed42,5,28472,118.633333,polystyrene tube 1,3,-0.928846,4.426138,9.245170,0.000000,0.999833,-0.040873,0,0,0,0,0
20260730_044546_990042_seed42,5,28480,118.666667,polystyrene tube 1,3,-0.928846,4.492800,9.245170,0.000000,0.999833,-0.040873,0,0,0,0,0
20260730_044546_990042_seed42,5,28488,118.700000,polystyrene tube 1,3,-0.928846,4.559463,9.245170,0.000000,0.999833,-0.040873,0,0,0,0,0
20260730_044546_990042_seed42,5,28496,118.733333,polystyrene tube 1,3,-0.928846,4.626125,9.245170,0.000000,0.999833,-0.040873,0,0,0,0,0
20260730_044546_990042_seed42,5,28504,118.766667,polystyrene tube 1,3,-0.928846,4.692788,9.245170,0.000000,0.999833,-0.040873,0,0,0,0,0
20260730_044546_990042_seed42,5,28512,118.800000,polystyrene tube 1,3,-0.928846,4.759450,9.245170,0.000000,0.999833,-0.040873,0,0,0,0,0
20260730_044546_990042_seed42,6,33272,138.633333,polystyrene tube 1,3,-2.185717,1.166408,9.248116,0.585973,0.999486,0.387069,0,0,0,0,0
20260730_044546_990042_seed42,6,33280,138.666667,polystyrene tube 1,3,-2.138632,1.199693,9.279129,2.127470,0.997588,1.395099,0,0,0,0,0
20260730_044546_990042_seed42,6,33288,138.700000,polystyrene tube 1,3,-2.043680,1.232898,9.340294,3.422000,0.994707,2.162432,0,0,0,0,0
20260730_044546_990042_seed42,6,33296,138.733333,polystyrene tube 1,3,-1.913916,1.265992,9.419005,4.230050,0.991112,2.461118,0,0,0,0,0
20260730_044546_990042_seed42,6,33304,138.766667,polystyrene tube 1,3,-1.768224,1.298961,9.497418,4.415945,0.987274,2.186350,0,0,0,0,0
20260730_044546_990042_seed42,6,33312,138.800000,polystyrene tube 1,3,-1.619774,1.331804,9.563574,4.485444,0.983522,1.805213,0,0,0,0,0
20260730_044546_990042_seed42,6,33320,138.833333,polystyrene tube 1,3,-1.469152,1.364523,9.616859,4.546579,0.979857,1.414861,0,0,0,0,0
20260730_044546_990042_seed42,6,33328,138.866667,polystyrene tube 1,3,-1.318904,1.397088,9.662414,4.488855,0.974767,1.276555,0,0,0,0,0
20260730_044546_990042_seed42,6,33336,138.900000,polystyrene tube 1,3,-1.169380,1.429509,9.699923,4.481085,0.970724,0.996150,0,0,0,0,0
20260730_044546_990042_seed42,6,33344,138.933333,polystyrene tube 1,3,-1.020376,1.461794,9.728813,4.461041,0.966650,0.751354,0,0,0,0,0
20260730_044546_990042_seed42,6,33352,138.966667,polystyrene tube 1,3,-0.872076,1.493945,9.749860,4.438063,0.962711,0.529806,0,0,0,0,0
20260730_044546_990042_seed42,6,33360,139.000000,polystyrene tube 1,3,-0.724566,1.525969,9.764088,4.414467,0.958988,0.338151,0,0,0,0,0
20260730_044546_990042_seed42,6,33368,139.033333,polystyrene tube 1,3,-0.577748,1.557875,9.772007,4.396825,0.955662,0.149333,0,0,0,0,0
20260730_044546_990042_seed42,6,33376,139.066667,polystyrene tube 1,3,-0.431721,1.589290,9.774181,4.296913,0.858600,0.483907,1,0,0,0,0
20260730_044546_990042_seed42,6,33384,139.100000,polystyrene tube 1,3,-0.288668,1.617870,9.783520,4.286012,0.856444,0.100651,0,1,1,1,0
20260730_044546_990042_seed42,6,33392,139.133333,polystyrene tube 1,3,-0.146202,1.646410,9.781271,4.221396,0.862654,0.171337,2,1,1,1,0
20260730_044546_990042_seed42,6,33400,139.166667,polystyrene tube 1,3,-0.006129,1.675188,9.783839,4.186071,0.863813,-0.002717,1,1,1,1,0
20260730_044546_990042_seed42,6,33408,139.200000,polystyrene tube 1,3,0.132279,1.703879,9.785678,4.124804,0.858151,0.039552,0,1,1,1,0
20260730_044546_990042_seed42,6,33416,139.233333,polystyrene tube 1,3,0.269228,1.732481,9.780296,4.093270,0.858021,-0.338214,0,1,1,1,0
20260730_044546_990042_seed42,6,33424,139.266667,polystyrene tube 1,3,0.309349,1.763844,9.798722,0.338851,0.965955,0.704184,4,1,1,1,0
20260730_044546_990042_seed42,6,33432,139.300000,polystyrene tube 1,3,0.317257,1.796151,9.816728,0.146133,0.972472,0.392031,4,1,1,1,0
20260730_044546_990042_seed42,6,33440,139.333333,polystyrene tube 1,3,0.320107,1.828660,9.823673,0.017351,0.978060,0.047502,4,1,1,1,0
20260730_044546_990042_seed42,6,33448,139.366667,polystyrene tube 1,3,0.318252,1.861224,9.818989,-0.140551,0.967377,-0.305055,2,1,1,1,0
20260730_044546_990042_seed42,6,33456,139.400000,polystyrene tube 1,3,0.313573,1.893527,9.802240,-0.139516,0.970536,-0.676516,3,1,1,1,0
20260730_044546_990042_seed42,6,33464,139.433333,polystyrene tube 1,3,0.309004,1.925930,9.773131,-0.134231,0.973459,-1.046575,4,1,1,1,0
20260730_044546_990042_seed42,6,33472,139.466667,polystyrene tube 1,3,0.304685,1.958426,9.731720,-0.124857,0.976074,-1.414740,0,1,1,1,0
20260730_044546_990042_seed42,6,33480,139.500000,polystyrene tube 1,3,0.300748,1.991003,9.678077,-0.111587,0.978328,-1.780523,0,1,1,1,0
20260730_044546_990042_seed42,6,33488,139.533333,polystyrene tube 1,3,0.297318,2.023648,9.612291,-0.094644,0.980178,-2.143456,0,1,1,1,0
20260730_044546_990042_seed42,6,33496,139.566667,polystyrene tube 1,3,0.294515,2.056347,9.534464,-0.074278,0.981589,-2.503094,0,1,1,1,0
20260730_044546_990042_seed42,6,33504,139.600000,polystyrene tube 1,3,0.292447,2.089084,9.444714,-0.050766,0.982531,-2.859018,0,1,1,1,0
20260730_044546_990042_seed42,6,33512,139.633333,polystyrene tube 1,3,0.291214,2.121845,9.343172,-0.024406,0.982981,-3.210841,0,1,1,1,0
20260730_044546_990042_seed42,6,33520,139.666667,polystyrene tube 1,3,0.314513,2.132871,9.252313,1.402347,-0.263444,-2.227541,2,1,1,1,0
20260730_044546_990042_seed42,6,33528,139.700000,polystyrene tube 1,3,0.370032,2.118559,9.181116,1.895940,-0.587002,-2.039033,4,1,1,1,0
20260730_044546_990042_seed42,6,33536,139.733333,polystyrene tube 1,3,0.439749,2.094350,9.115407,2.241778,-0.835971,-1.926914,4,1,1,1,0
20260730_044546_990042_seed42,6,33544,139.766667,polystyrene tube 1,3,0.520236,2.063204,9.053936,2.513670,-0.971348,-1.844746,2,1,1,1,0
20260730_044546_990042_seed42,6,33552,139.800000,polystyrene tube 1,3,0.605797,2.029779,8.989671,2.621454,-1.035499,-1.987101,3,1,1,1,0
20260730_044546_990042_seed42,6,33560,139.833333,polystyrene tube 1,3,0.694789,1.994417,8.920561,2.671170,-1.061587,-2.216726,0,1,1,1,6
20260730_044546_990042_seed42,6,33568,139.866667,polystyrene tube 1,3,0.773518,1.954398,8.846816,1.442528,-1.621629,-1.838176,4,1,1,1,12
20260730_044546_990042_seed42,6,33576,139.900000,polystyrene tube 1,3,0.815918,1.897549,8.783244,1.125492,-1.770725,-1.972876,3,1,1,1,12
20260730_044546_990042_seed42,6,33584,139.933333,polystyrene tube 1,3,0.844364,1.835353,8.716718,0.723105,-1.909464,-2.076430,4,1,1,1,12
20260730_044546_990042_seed42,6,33592,139.966667,polystyrene tube 1,3,0.855944,1.768639,8.648406,-0.055644,-2.058902,-2.000126,4,1,1,1,12
20260730_044546_990042_seed42,6,33600,140.000000,polystyrene tube 1,3,0.840095,1.700115,8.582783,-1.529928,-1.756025,-1.607224,4,1,1,1,12
20260730_044546_990042_seed42,6,33608,140.033333,polystyrene tube 1,3,0.777600,1.653016,8.540308,-1.745898,-1.088189,-0.597418,7,1,1,1,12
20260730_044546_990042_seed42,6,33616,140.066667,polystyrene tube 1,3,0.718336,1.620064,8.517608,-1.803928,-0.861139,-0.706662,7,1,1,1,12
20260730_044546_990042_seed42,6,33624,140.100000,polystyrene tube 1,3,0.659379,1.598035,8.494990,-1.506892,-0.489107,-0.562651,8,1,1,1,12
20260730_044546_990042_seed42,6,33632,140.133333,polystyrene tube 1,3,0.615787,1.586875,8.474585,-1.084490,-0.157055,-0.621420,8,1,1,1,12
20260730_044546_990042_seed42,6,33640,140.166667,polystyrene tube 1,3,0.584704,1.586807,8.450740,-0.584868,0.141542,-0.735751,7,1,1,1,12
20260730_044546_990042_seed42,6,33648,140.200000,polystyrene tube 1,3,0.592755,1.599444,8.431153,0.795644,0.408975,-0.526194,8,1,1,1,12
20260730_044546_990042_seed42,6,33656,140.233333,polystyrene tube 1,3,0.629167,1.612753,8.412920,1.257556,0.349776,-0.597702,8,1,1,1,12
20260730_044546_990042_seed42,6,33664,140.266667,polystyrene tube 1,3,0.675461,1.620562,8.393251,1.415610,0.096280,-0.611013,8,1,1,1,12
20260730_044546_990042_seed42,6,33672,140.300000,polystyrene tube 1,3,0.720535,1.616897,8.372661,1.338591,-0.237723,-0.622275,8,1,1,1,12
20260730_044546_990042_seed42,6,33680,140.333333,polystyrene tube 1,3,0.759197,1.598948,8.358500,0.902685,-0.802524,-0.251069,8,1,1,1,12
20260730_044546_990042_seed42,6,33688,140.366667,polystyrene tube 1,3,0.771815,1.565348,8.357961,-0.119312,-1.130070,0.201072,7,1,1,1,12
20260730_044546_990042_seed42,6,33696,140.400000,polystyrene tube 1,3,0.761301,1.529852,8.366397,-0.457143,-0.955256,0.347373,8,1,1,1,12
20260730_044546_990042_seed42,6,33704,140.433333,polystyrene tube 1,3,0.745498,1.500087,8.374302,-0.513222,-0.795953,0.190251,8,1,1,1,12
20260730_044546_990042_seed42,6,33712,140.466667,polystyrene tube 1,3,0.727049,1.475574,8.376867,-0.545640,-0.634512,0.021381,8,1,1,1,12
20260730_044546_990042_seed42,6,33720,140.500000,polystyrene tube 1,3,0.709876,1.456854,8.373456,-0.526642,-0.513860,-0.226673,7,1,1,1,12
20260730_044546_990042_seed42,6,33728,140.533333,polystyrene tube 1,3,0.696036,1.445818,8.363812,-0.333141,-0.208444,-0.374498,8,1,1,1,12
20260730_044546_990042_seed42,6,33736,140.566667,polystyrene tube 1,3,0.693393,1.447861,8.351084,0.162586,0.298575,-0.395325,8,1,1,1,12
20260730_044546_990042_seed42,6,33744,140.600000,polystyrene tube 1,3,0.704510,1.460818,8.334439,0.591721,0.529103,-0.525706,8,1,1,1,12
20260730_044546_990042_seed42,6,33752,140.633333,polystyrene tube 1,3,0.729491,1.478240,8.314193,0.805473,0.510384,-0.718304,8,1,1,1,12
20260730_044546_990042_seed42,6,33760,140.666667,polystyrene tube 1,3,0.759494,1.494084,8.288633,0.984400,0.382864,-0.767736,8,1,1,1,12
20260730_044546_990042_seed42,6,33768,140.700000,polystyrene tube 1,3,0.792523,1.501611,8.261818,1.005102,0.117123,-0.800958,8,1,1,1,12
20260730_044546_990042_seed42,6,33776,140.733333,polystyrene tube 1,3,0.815118,1.487620,8.245998,0.197141,-0.863455,-0.122760,8,1,1,1,12
20260730_044546_990042_seed42,6,33784,140.766667,polystyrene tube 1,3,0.814401,1.458283,8.243392,-0.170726,-0.862541,-0.120931,7,1,1,1,12
20260730_044546_990042_seed42,6,33792,140.800000,polystyrene tube 1,3,0.807507,1.430342,8.233542,-0.286836,-0.778216,-0.439463,8,1,1,1,12
20260730_044546_990042_seed42,6,33800,140.833333,polystyrene tube 1,3,0.799489,1.422620,8.219140,-0.196599,-0.122638,-0.555628,8,1,1,1,12
20260730_044546_990042_seed42,7,38560,160.666667,polystyrene tube 1,3,-2.012046,1.168354,9.246322,0.313899,0.999329,0.109580,0,0,0,0,0
20260730_044546_990042_seed42,7,38568,160.700000,polystyrene tube 1,3,-1.990490,1.201639,9.253824,0.936795,0.997867,0.323639,0,0,0,0,0
20260730_044546_990042_seed42,7,38576,160.733333,polystyrene tube 1,3,-1.949332,1.234848,9.269367,1.492641,0.995205,0.558891,0,0,0,0,0
20260730_044546_990042_seed42,7,38584,160.766667,polystyrene tube 1,3,-1.890889,1.267982,9.290466,1.966996,0.992916,0.685321,0,0,0,0,0
20260730_044546_990042_seed42,7,38592,160.800000,polystyrene tube 1,3,-1.823906,1.301034,9.309879,2.001695,0.990350,0.455839,0,0,0,0,0
20260730_044546_990042_seed42,7,38600,160.833333,polystyrene tube 1,3,-1.757607,1.334000,9.320280,1.977120,0.987822,0.185613,0,0,0,0,0
20260730_044546_990042_seed42,7,38608,160.866667,polystyrene tube 1,3,-1.692178,1.366884,9.321712,1.950192,0.985359,-0.082770,0,0,0,0,0
20260730_044546_990042_seed42,7,38616,160.900000,polystyrene tube 1,3,-1.627637,1.399686,9.314203,1.924334,0.982941,-0.351136,0,0,0,0,0
20260730_044546_990042_seed42,7,38624,160.933333,polystyrene tube 1,3,-1.563889,1.432409,9.297725,1.902897,0.980532,-0.621030,0,0,0,0,0
20260730_044546_990042_seed42,7,38632,160.966667,polystyrene tube 1,3,-1.500730,1.465049,9.272209,1.889036,0.978062,-0.893334,0,0,0,0,0
20260730_044546_990042_seed42,7,38640,161.000000,polystyrene tube 1,3,-1.437860,1.497605,9.237597,1.885152,0.975397,-1.165553,0,0,0,0,0
20260730_044546_990042_seed42,7,38648,161.033333,polystyrene tube 1,3,-1.377506,1.529788,9.223951,1.764508,0.959198,-0.002259,0,0,0,0,0
20260730_044546_990042_seed42,7,38656,161.066667,polystyrene tube 1,3,-1.319323,1.561675,9.223811,1.728600,0.954289,-0.004580,0,0,0,0,0
20260730_044546_990042_seed42,7,38664,161.100000,polystyrene tube 1,3,-1.262358,1.593392,9.223933,1.691983,0.949085,0.005941,0,0,0,0,0
20260730_044546_990042_seed42,7,38672,161.133333,polystyrene tube 1,3,-1.206586,1.624939,9.224051,1.656578,0.944049,0.001671,0,0,0,0,0
20260730_044546_990042_seed42,7,38680,161.166667,polystyrene tube 1,3,-1.152001,1.656318,9.224110,1.620782,0.939000,0.001395,0,0,0,0,0
20260730_044546_990042_seed42,7,38688,161.200000,polystyrene tube 1,3,-1.098605,1.687529,9.224133,1.584937,0.933918,0.002351,0,0,0,0,0
20260730_044546_990042_seed42,7,38696,161.233333,polystyrene tube 1,3,-1.046396,1.718569,9.224142,1.549828,0.928824,-0.001478,0,0,0,0,0
20260730_044546_990042_seed42,7,38704,161.266667,polystyrene tube 1,3,-1.013028,1.749463,9.226968,0.199840,0.924709,0.198484,1,0,0,0,0
20260730_044546_990042_seed42,7,38712,161.300000,polystyrene tube 1,3,-1.006544,1.780092,9.230744,0.188794,0.912762,0.049984,0,0,0,0,0
20260730_044546_990042_seed42,7,38720,161.333333,polystyrene tube 1,3,-1.000427,1.810310,9.229390,0.179075,0.900850,-0.120309,0,0,0,0,0
20260730_044546_990042_seed42,7,38728,161.366667,polystyrene tube 1,3,-0.994978,1.839893,9.226900,0.146592,0.874219,-0.000090,1,0,0,0,0
20260730_044546_990042_seed42,7,38736,161.400000,polystyrene tube 1,3,-0.990487,1.868674,9.226767,0.124161,0.853670,-0.005010,2,0,0,0,0
20260730_044546_990042_seed42,7,38744,161.433333,polystyrene tube 1,3,-0.986745,1.896732,9.226744,0.101351,0.830157,0.014177,1,0,0,0,0
20260730_044546_990042_seed42,7,38752,161.466667,polystyrene tube 1,3,-0.983721,1.924006,9.227047,0.081617,0.807638,0.003139,3,0,0,0,0
20260730_044546_990042_seed42,7,38760,161.500000,polystyrene tube 1,3,-0.981330,1.950516,9.226938,0.063142,0.784233,-0.008211,4,0,0,0,0
20260730_044546_990042_seed42,7,38768,161.533333,polystyrene tube 1,3,-0.979547,1.976190,9.226876,0.044800,0.756385,0.018261,4,0,0,0,0
20260730_044546_990042_seed42,7,38776,161.566667,polystyrene tube 1,3,-0.978255,2.000969,9.226168,0.036501,0.735819,-0.099347,1,0,0,0,0
20260730_044546_990042_seed42,7,38784,161.600000,polystyrene tube 1,3,-0.977139,2.025338,9.221647,0.032715,0.725566,-0.204834,1,0,0,0,0
20260730_044546_990042_seed42,7,38792,161.633333,polystyrene tube 1,3,-0.975957,2.049287,9.213744,0.039691,0.707152,-0.263689,1,0,0,0,0
20260730_044546_990042_seed42,7,38800,161.666667,polystyrene tube 1,3,-0.975111,2.071546,9.213392,0.019960,0.654733,-0.014593,0,0,0,0,0
20260730_044546_990042_seed42,7,38808,161.700000,polystyrene tube 1,3,-0.974618,2.092767,9.213713,0.010555,0.622698,0.008989,0,0,0,0,0
20260730_044546_990042_seed42,7,38816,161.733333,polystyrene tube 1,3,-0.974433,2.113066,9.213491,0.000068,0.591996,0.031244,0,0,0,0,0
20260730_044546_990042_seed42,7,38824,161.766667,polystyrene tube 1,3,-0.974540,2.132354,9.213653,-0.007183,0.566444,-0.005287,0,0,0,0,0
20260730_044546_990042_seed42,7,38832,161.800000,polystyrene tube 1,3,-0.974872,2.150740,9.213706,-0.012209,0.538146,0.014015,0,0,0,0,0
20260730_044546_990042_seed42,7,38840,161.833333,polystyrene tube 1,3,-0.975432,2.168377,9.213411,-0.017240,0.520881,0.029459,0,0,0,0,0
20260730_044546_990042_seed42,7,38848,161.866667,polystyrene tube 1,3,-0.976051,2.185516,9.213615,-0.022571,0.508227,-0.021302,0,0,0,0,0
20260730_044546_990042_seed42,7,38856,161.900000,polystyrene tube 1,3,-0.976815,2.202211,9.213633,-0.020025,0.497186,-0.010975,0,0,0,0,0
20260730_044546_990042_seed42,7,38864,161.933333,polystyrene tube 1,3,-0.977695,2.218554,9.213481,-0.022301,0.483930,0.041129,0,0,0,0,0
20260730_044546_990042_seed42,7,38872,161.966667,polystyrene tube 1,3,-0.978500,2.234578,9.213558,-0.030604,0.476965,-0.008779,0,0,0,0,0
20260730_044546_990042_seed42,7,38880,162.000000,polystyrene tube 1,3,-0.979351,2.250367,9.213709,-0.024126,0.469149,0.007634,0,0,0,0,0
20260730_044546_990042_seed42,7,38888,162.033333,polystyrene tube 1,3,-0.980252,2.265916,9.213496,-0.023495,0.463001,0.022143,0,0,0,0,0
20260730_044546_990042_seed42,7,38896,162.066667,polystyrene tube 1,3,-0.981030,2.281213,9.213555,-0.026012,0.456187,-0.022618,0,0,0,0,0
20260730_044546_990042_seed42,7,38904,162.100000,polystyrene tube 1,3,-0.981825,2.296293,9.213672,-0.019927,0.448588,-0.006241,0,0,0,0,0
20260730_044546_990042_seed42,7,38912,162.133333,polystyrene tube 1,3,-0.982686,2.311143,9.213351,-0.021483,0.443577,0.014242,0,0,0,0,0
20260730_044546_990042_seed42,7,38920,162.166667,polystyrene tube 1,3,-0.983415,2.325723,9.213533,-0.022196,0.436706,-0.027953,0,0,0,0,0
20260730_044546_990042_seed42,7,38928,162.200000,polystyrene tube 1,3,-0.984221,2.340087,9.213623,-0.022779,0.426836,0.025534,0,0,0,0,0
20260730_044546_990042_seed42,7,38936,162.233333,polystyrene tube 1,3,-0.985029,2.354200,9.213335,-0.030115,0.422007,-0.007161,0,0,0,0,0
20260730_044546_990042_seed42,7,38944,162.266667,polystyrene tube 1,3,-0.985761,2.368112,9.213614,-0.024630,0.414589,0.016224,0,0,0,0,0
20260730_044546_990042_seed42,7,38952,162.300000,polystyrene tube 1,3,-0.986588,2.381824,9.213434,-0.019934,0.406915,0.037203,0,0,0,0,0
20260730_044546_990042_seed42,7,38960,162.333333,polystyrene tube 1,3,-0.987265,2.395299,9.213574,-0.026237,0.402800,0.006075,0,0,0,0,0
20260730_044546_990042_seed42,7,38968,162.366667,polystyrene tube 1,3,-0.988053,2.408620,9.213530,-0.020634,0.396435,0.029983,0,0,0,0,0
20260730_044546_990042_seed42,7,38976,162.400000,polystyrene tube 1,3,-0.988780,2.421722,9.213422,-0.021969,0.393615,-0.032353,0,0,0,0,0
20260730_044546_990042_seed42,7,38984,162.433333,polystyrene tube 1,3,-0.989509,2.434663,9.213600,-0.016783,0.386502,-0.006574,0,0,0,0,0
20260730_044546_990042_seed42,7,38992,162.466667,polystyrene tube 1,3,-0.990284,2.447419,9.213356,-0.023684,0.382725,-0.032182,0,0,0,0,0
20260730_044546_990042_seed42,7,39000,162.500000,polystyrene tube 1,3,-0.990929,2.459987,9.213680,-0.018680,0.375086,-0.006284,0,0,0,0,0
20260730_044546_990042_seed42,7,39008,162.533333,polystyrene tube 1,3,-0.991724,2.472397,9.213309,-0.024877,0.371516,-0.030809,0,0,0,0,0
20260730_044546_990042_seed42,7,39016,162.566667,polystyrene tube 1,3,-0.992362,2.484622,9.213727,-0.020137,0.363750,-0.003060,0,0,0,0,0
20260730_044546_990042_seed42,7,39024,162.600000,polystyrene tube 1,3,-0.993133,2.496717,9.213454,-0.020515,0.360330,0.021560,0,0,0,0,0
20260730_044546_990042_seed42,7,39032,162.633333,polystyrene tube 1,3,-0.993757,2.508608,9.213727,-0.021788,0.353253,0.001556,0,0,0,0,0
20260730_044546_990042_seed42,7,39040,162.666667,polystyrene tube 1,3,-0.994518,2.520371,9.213421,-0.021532,0.350522,0.029675,0,0,0,0,0
20260730_044546_990042_seed42,7,39048,162.700000,polystyrene tube 1,3,-0.995112,2.531930,9.213667,-0.022970,0.343922,0.009967,0,0,0,0,0
20260730_044546_990042_seed42,7,39056,162.733333,polystyrene tube 1,3,-0.995852,2.543348,9.213360,-0.016680,0.342503,0.008993,0,0,0,0,0
20260730_044546_990042_seed42,7,39064,162.766667,polystyrene tube 1,3,-0.996461,2.554554,9.213707,-0.018311,0.334520,-0.008105,0,0,0,0,0
20260730_044546_990042_seed42,7,39072,162.800000,polystyrene tube 1,3,-0.997206,2.565666,9.213327,-0.024103,0.332275,-0.022795,0,0,0,0,0
20260730_044546_990042_seed42,7,39080,162.833333,polystyrene tube 1,3,-0.997786,2.576610,9.213742,-0.019324,0.324306,0.004816,0,0,0,0,0
20260730_044546_990042_seed42,7,39088,162.866667,polystyrene tube 1,3,-0.998481,2.587409,9.213399,-0.024939,0.322371,-0.010349,0,0,0,0,0
20260730_044546_990042_seed42,7,39096,162.900000,polystyrene tube 1,3,-0.999054,2.598044,9.213620,-0.015340,0.318156,-0.006211,0,0,0,0,0
20260730_044546_990042_seed42,7,39104,162.933333,polystyrene tube 1,3,-0.999735,2.608516,9.213520,-0.020637,0.313623,-0.019411,0,0,0,0,0
20260730_044546_990042_seed42,7,39112,162.966667,polystyrene tube 1,3,-1.000337,2.618889,9.213693,-0.016739,0.306928,0.009832,0,0,0,0,0
20260730_044546_990042_seed42,7,39120,163.000000,polystyrene tube 1,3,-1.000948,2.629094,9.213622,-0.021902,0.303875,-0.001894,0,0,0,0,0
20260730_044546_990042_seed42,7,39128,163.033333,polystyrene tube 1,3,-1.001578,2.639209,9.213444,-0.012541,0.302928,0.003643,0,0,0,0,0
20260730_044546_990042_seed42,7,39136,163.066667,polystyrene tube 1,3,-1.002162,2.649103,9.213715,-0.017647,0.295400,-0.008091,0,0,0,0,0
20260730_044546_990042_seed42,7,39144,163.100000,polystyrene tube 1,3,-1.002842,2.658953,9.213403,-0.018857,0.293688,0.022045,0,0,0,0,0
20260730_044546_990042_seed42,7,39152,163.133333,polystyrene tube 1,3,-1.003349,2.668646,9.213682,-0.019050,0.287766,0.011747,0,0,0,0,0
20260730_044546_990042_seed42,7,39160,163.166667,polystyrene tube 1,3,-1.003976,2.678180,9.213510,-0.018718,0.286908,-0.020014,0,0,0,0,0
20260730_044546_990042_seed42,7,39168,163.200000,polystyrene tube 1,3,-1.004567,2.687665,9.213661,-0.015054,0.280190,0.009617,0,0,0,0,0
20260730_044546_990042_seed42,7,39176,163.233333,polystyrene tube 1,3,-1.005118,2.696980,9.213665,-0.019781,0.277081,0.001515,0,0,0,0,0
20260730_044546_990042_seed42,7,39184,163.266667,polystyrene tube 1,3,-1.005753,2.706210,9.213347,-0.013870,0.277543,0.009280,0,0,0,0,0
20260730_044546_990042_seed42,7,39192,163.300000,polystyrene tube 1,3,-1.006265,2.715298,9.213739,-0.016123,0.269529,0.001744,0,0,0,0,0
20260730_044546_990042_seed42,7,39200,163.333333,polystyrene tube 1,3,-1.006850,2.724297,9.213531,-0.020772,0.268578,-0.004141,0,0,0,0,0
20260730_044546_990042_seed42,7,39208,163.366667,polystyrene tube 1,3,-1.007404,2.733205,9.213549,-0.012663,0.265881,0.002443,0,0,0,0,0
20260730_044546_990042_seed42,7,39216,163.400000,polystyrene tube 1,3,-1.007944,2.741941,9.213735,-0.016787,0.259399,-0.003011,0,0,0,0,0
20260730_044546_990042_seed42,7,39224,163.433333,polystyrene tube 1,3,-1.008544,2.750627,9.213359,-0.021412,0.260074,-0.007745,0,0,0,0,0
20260730_044546_990042_seed42,7,39232,163.466667,polystyrene tube 1,3,-1.009037,2.759167,9.213656,-0.013354,0.254271,0.001121,0,0,0,0,0
20260730_044546_990042_seed42,7,39240,163.500000,polystyrene tube 1,3,-1.009578,2.767596,9.213682,-0.017763,0.250382,-0.003195,0,0,0,0,0
20260730_044546_990042_seed42,7,39248,163.533333,polystyrene tube 1,3,-1.010116,2.775998,9.213282,0.004335,0.255693,0.006169,0,0,0,0,0
20260730_044546_990042_seed42,7,39256,163.566667,polystyrene tube 1,3,-1.010154,2.784409,9.213724,-0.001025,0.249363,0.002515,0,0,0,0,0
20260730_044546_990042_seed42,7,39264,163.600000,polystyrene tube 1,3,-1.010150,2.792666,9.213616,-0.007255,0.245588,-0.000170,0,0,0,0,0
20260730_044546_990042_seed42,7,39272,163.633333,polystyrene tube 1,3,-1.010310,2.800770,9.213433,0.002728,0.241542,0.009826,0,0,0,0,0
20260730_044546_990042_seed42,7,39280,163.666667,polystyrene tube 1,3,-1.010256,2.823440,9.245170,0.000000,0.999833,-0.040873,0,0,0,0,0
20260730_044546_990042_seed42,7,39288,163.700000,polystyrene tube 1,3,-1.010256,2.890103,9.245170,0.000000,0.999833,-0.040873,0,0,0,0,0
20260730_044546_990042_seed42,7,39296,163.733333,polystyrene tube 1,3,-1.010256,2.956765,9.245170,0.000000,0.999833,-0.040873,0,0,0,0,0
20260730_044546_990042_seed42,7,39304,163.766667,polystyrene tube 1,3,-1.010256,3.023428,9.245170,0.000000,0.999833,-0.040873,0,0,0,0,0
20260730_044546_990042_seed42,7,39312,163.800000,polystyrene tube 1,3,-1.010256,3.090090,9.245170,0.000000,0.999833,-0.040873,0,0,0,0,0
20260730_044546_990042_seed42,7,39320,163.833333,polystyrene tube 1,3,-1.010256,3.156753,9.245170,0.000000,0.999833,-0.040873,0,0,0,0,0
20260730_044546_990042_seed42,7,39328,163.866667,polystyrene tube 1,3,-1.010256,3.223415,9.245170,0.000000,0.999833,-0.040873,0,0,0,0,0
20260730_044546_990042_seed42,7,39336,163.900000,polystyrene tube 1,3,-1.010256,3.290078,9.245170,0.000000,0.999833,-0.040873,0,0,0,0,0
20260730_044546_990042_seed42,7,39344,163.933333,polystyrene tube 1,3,-1.010256,3.356740,9.245170,0.000000,0.999833,-0.040873,0,0,0,0,0
20260730_044546_990042_seed42,7,39352,163.966667,polystyrene tube 1,3,-1.010691,3.423385,9.245196,-0.013493,0.999518,-0.032970,0,0,0,0,0
20260730_044546_990042_seed42,7,39360,164.000000,polystyrene tube 1,3,-1.010861,3.490044,9.245171,-0.000952,0.999815,-0.040441,0,0,0,0,0
20260730_044546_990042_seed42,7,39368,164.033333,polystyrene tube 1,3,-1.010863,3.556706,9.245170,-0.000004,0.999833,-0.040872,0,0,0,0,0
20260730_044546_990042_seed42,7,39376,164.066667,polystyrene tube 1,3,-1.010863,3.623369,9.245170,0.000000,0.999833,-0.040873,0,0,0,0,0
20260730_044546_990042_seed42,7,39384,164.100000,polystyrene tube 1,3,-1.010863,3.690031,9.245170,0.000000,0.999833,-0.040873,0,0,0,0,0
20260730_044546_990042_seed42,7,39392,164.133333,polystyrene tube 1,3,-1.010863,3.756694,9.245170,0.000000,0.999833,-0.040873,0,0,0,0,0
20260730_044546_990042_seed42,7,39400,164.166667,polystyrene tube 1,3,-1.010863,3.823356,9.245170,0.000000,0.999833,-0.040873,0,0,0,0,0
20260730_044546_990042_seed42,7,39408,164.200000,polystyrene tube 1,3,-1.010863,3.890019,9.245170,0.000000,0.999833,-0.040873,0,0,0,0,0
20260730_044546_990042_seed42,7,39416,164.233333,polystyrene tube 1,3,-1.010863,3.956681,9.245170,0.000000,0.999833,-0.040873,0,0,0,0,0
20260730_044546_990042_seed42,7,39424,164.266667,polystyrene tube 1,3,-1.010863,4.023344,9.245170,0.000000,0.999833,-0.040873,0,0,0,0,0
20260730_044546_990042_seed42,7,39432,164.300000,polystyrene tube 1,3,-1.010863,4.090006,9.245170,0.000000,0.999833,-0.040873,0,0,0,0,0
20260730_044546_990042_seed42,7,39440,164.333333,polystyrene tube 1,3,-1.010863,4.156669,9.245170,0.000000,0.999833,-0.040873,0,0,0,0,0
20260730_044546_990042_seed42,7,39448,164.366667,polystyrene tube 1,3,-1.010863,4.223331,9.245170,0.000000,0.999833,-0.040873,0,0,0,0,0
20260730_044546_990042_seed42,7,39456,164.400000,polystyrene tube 1,3,-1.010863,4.289994,9.245170,0.000000,0.999833,-0.040873,0,0,0,0,0
20260730_044546_990042_seed42,7,39464,164.433333,polystyrene tube 1,3,-1.010863,4.356656,9.245170,0.000000,0.999833,-0.040873,0,0,0,0,0
20260730_044546_990042_seed42,7,39472,164.466667,polystyrene tube 1,3,-1.010863,4.423319,9.245170,0.000000,0.999833,-0.040873,0,0,0,0,0
20260730_044546_990042_seed42,7,39480,164.500000,polystyrene tube 1,3,-1.010863,4.489981,9.245170,0.000000,0.999833,-0.040873,0,0,0,0,0
20260730_044546_990042_seed42,7,39488,164.533333,polystyrene tube 1,3,-1.010863,4.556644,9.245170,0.000000,0.999833,-0.040873,0,0,0,0,0
20260730_044546_990042_seed42,7,39496,164.566667,polystyrene tube 1,3,-1.010863,4.623306,9.245170,0.000000,0.999833,-0.040873,0,0,0,0,0
20260730_044546_990042_seed42,7,39504,164.600000,polystyrene tube 1,3,-1.010863,4.689969,9.245170,0.000000,0.999833,-0.040873,0,0,0,0,0
20260730_044546_990042_seed42,7,39512,164.633333,polystyrene tube 1,3,-1.010863,4.756631,9.245170,0.000000,0.999833,-0.040873,0,0,0,0,0
20260730_044546_990042_seed42,8,44272,184.466667,polystyrene tube 1,3,-2.010651,1.168354,9.247534,0.462858,0.999322,0.239120,0,0,0,0,0
20260730_044546_990042_seed42,8,44280,184.500000,polystyrene tube 1,3,-1.978879,1.201637,9.263905,1.379994,0.997712,0.707626,0,0,0,0,0
20260730_044546_990042_seed42,8,44288,184.533333,polystyrene tube 1,3,-1.917804,1.234856,9.294915,2.203351,0.995296,1.132215,0,0,0,0,0
20260730_044546_990042_seed42,8,44296,184.566667,polystyrene tube 1,3,-1.832206,1.267985,9.337756,2.858072,0.992512,1.393849,0,0,0,0,0
20260730_044546_990042_seed42,8,44304,184.600000,polystyrene tube 1,3,-1.734846,1.301013,9.381033,2.918365,0.989371,1.169708,0,0,0,0,0
20260730_044546_990042_seed42,8,44312,184.633333,polystyrene tube 1,3,-1.637910,1.333937,9.415215,2.896959,0.986256,0.899828,0,0,0,0,0
20260730_044546_990042_seed42,8,44320,184.666667,polystyrene tube 1,3,-1.541906,1.366758,9.440587,2.863601,0.983203,0.640398,0,0,0,0,0
20260730_044546_990042_seed42,8,44328,184.700000,polystyrene tube 1,3,-1.447182,1.399479,9.457483,2.821292,0.980239,0.390392,0,0,0,0,0
20260730_044546_990042_seed42,8,44336,184.733333,polystyrene tube 1,3,-1.353977,1.432103,9.466176,2.773358,0.977397,0.147211,0,0,0,0,0
20260730_044546_990042_seed42,8,44344,184.766667,polystyrene tube 1,3,-1.262416,1.464634,9.466829,2.723339,0.974699,-0.092864,0,0,0,0,0
20260730_044546_990042_seed42,8,44352,184.800000,polystyrene tube 1,3,-1.172506,1.497079,9.459473,2.674846,0.972142,-0.333924,0,0,0,0,0
20260730_044546_990042_seed42,8,44360,184.833333,polystyrene tube 1,3,-1.084133,1.529440,9.444008,2.631402,0.969693,-0.579646,0,0,0,0,0
20260730_044546_990042_seed42,8,44368,184.866667,polystyrene tube 1,3,-0.996586,1.561716,9.419206,2.625968,0.967015,-0.897008,0,0,0,0,0
20260730_044546_990042_seed42,8,44376,184.900000,polystyrene tube 1,3,-0.959662,1.589907,9.406040,0.008094,0.766157,-0.058013,2,0,0,0,0
20260730_044546_990042_seed42,8,44384,184.933333,polystyrene tube 1,3,-0.961407,1.615599,9.399235,-0.107488,0.775411,-0.332277,1,0,0,0,0
20260730_044546_990042_seed42,8,44392,184.966667,polystyrene tube 1,3,-0.965505,1.640946,9.391229,-0.152516,0.757915,-0.305918,1,0,0,0,0
20260730_044546_990042_seed42,8,44400,185.000000,polystyrene tube 1,3,-0.971863,1.666196,9.377466,-0.223232,0.757362,-0.510455,1,0,0,0,0
20260730_044546_990042_seed42,8,44408,185.033333,polystyrene tube 1,3,-0.980278,1.691426,9.356890,-0.277895,0.756467,-0.708668,1,0,0,0,0
20260730_044546_990042_seed42,8,44416,185.066667,polystyrene tube 1,3,-0.990161,1.716659,9.329048,-0.308698,0.757364,-0.943793,1,0,0,0,0
20260730_044546_990042_seed42,8,44424,185.100000,polystyrene tube 1,3,-1.000690,1.741942,9.293729,-0.315743,0.759337,-1.172128,2,0,0,0,0
20260730_044546_990042_seed42,8,44432,185.133333,polystyrene tube 1,3,-1.010728,1.767308,9.250196,-0.286101,0.762084,-1.427295,2,0,0,0,0
20260730_044546_990042_seed42,8,44440,185.166667,polystyrene tube 1,3,-1.015575,1.791303,9.218931,0.012297,0.663073,-0.053723,4,0,0,0,0
20260730_044546_990042_seed42,8,44448,185.200000,polystyrene tube 1,3,-1.015243,1.811928,9.218307,0.010524,0.507353,-0.038421,4,0,0,0,0
20260730_044546_990042_seed42,8,44456,185.233333,polystyrene tube 1,3,-1.015137,1.828675,9.217541,0.005538,0.516215,0.013953,4,0,0,0,0
20260730_044546_990042_seed42,8,44464,185.266667,polystyrene tube 1,3,-1.014670,1.845633,9.215577,0.015731,0.489999,-0.095796,4,0,0,0,0
20260730_044546_990042_seed42,8,44472,185.300000,polystyrene tube 1,3,-1.014137,1.861036,9.213720,-0.002415,0.454079,0.014255,3,0,0,0,0
20260730_044546_990042_seed42,8,44480,185.333333,polystyrene tube 1,3,-1.014217,1.876023,9.213408,0.004160,0.437152,0.035956,4,0,0,0,0
20260730_044546_990042_seed42,8,44488,185.366667,polystyrene tube 1,3,-1.014167,1.890322,9.213660,-0.004002,0.425339,-0.003218,4,0,0,0,0
20260730_044546_990042_seed42,8,44496,185.400000,polystyrene tube 1,3,-1.014164,1.904176,9.213663,0.001099,0.403089,0.020131,4,0,0,0,0
20260730_044546_990042_seed42,8,44504,185.433333,polystyrene tube 1,3,-1.014188,1.917525,9.213498,-0.006832,0.399549,-0.008024,4,0,0,0,0
20260730_044546_990042_seed42,8,44512,185.466667,polystyrene tube 1,3,-1.014137,1.930364,9.213664,-0.001414,0.376472,0.016371,4,0,0,0,0
20260730_044546_990042_seed42,8,44520,185.500000,polystyrene tube 1,3,-1.014190,1.942821,9.213338,-0.008541,0.373562,-0.004983,4,0,0,0,0
20260730_044546_990042_seed42,8,44528,185.533333,polystyrene tube 1,3,-1.014130,1.954727,9.213617,0.003938,0.349062,-0.005302,4,0,0,0,0
20260730_044546_990042_seed42,8,44536,185.566667,polystyrene tube 1,3,-1.014203,1.966236,9.213457,-0.002311,0.340932,-0.023668,4,0,0,0,0
20260730_044546_990042_seed42,8,44544,185.600000,polystyrene tube 1,3,-1.014160,1.977223,9.213696,0.001940,0.322818,0.006653,4,0,0,0,0
20260730_044546_990042_seed42,8,44552,185.633333,polystyrene tube 1,3,-1.014187,1.987903,9.213573,-0.004233,0.317576,-0.007790,4,0,0,0,0
20260730_044546_990042_seed42,8,44560,185.666667,polystyrene tube 1,3,-1.014145,1.998318,9.213595,-0.000273,0.307423,0.020228,4,0,0,0,0
20260730_044546_990042_seed42,8,44568,185.700000,polystyrene tube 1,3,-1.014146,2.008408,9.213639,0.000158,0.300920,-0.014857,4,0,0,0,0
20260730_044546_990042_seed42,8,44576,185.733333,polystyrene tube 1,3,-1.014199,2.018332,9.213500,0.004069,0.292156,0.016156,4,0,0,0,0
20260730_044546_990042_seed42,8,44584,185.766667,polystyrene tube 1,3,-1.014135,2.027959,9.213719,-0.001218,0.283852,0.005502,4,0,0,0,0
20260730_044546_990042_seed42,8,44592,185.800000,polystyrene tube 1,3,-1.014176,2.037367,9.213351,-0.001203,0.282649,-0.024931,3,0,0,0,0
20260730_044546_990042_seed42,8,44600,185.833333,polystyrene tube 1,3,-1.014140,2.046526,9.213692,0.002409,0.269686,0.004878,1,0,0,0,0
20260730_044546_990042_seed42,8,44608,185.866667,polystyrene tube 1,3,-1.014129,2.055475,9.213639,-0.002676,0.265909,-0.000878,0,0,0,0,0
20260730_044546_990042_seed42,8,44616,185.900000,polystyrene tube 1,3,-1.014157,2.064313,9.213355,0.005945,0.264130,0.008213,0,0,0,0,0
20260730_044546_990042_seed42,8,44624,185.933333,polystyrene tube 1,3,-1.014108,2.072928,9.213739,0.000928,0.254579,0.001399,0,0,0,0,0
20260730_044546_990042_seed42,8,44632,185.966667,polystyrene tube 1,3,-1.014119,2.081403,9.213520,-0.003852,0.252814,-0.002564,0,0,0,0,0
20260730_044546_990042_seed42,8,44640,186.000000,polystyrene tube 1,3,-1.014114,2.089738,9.213553,0.004041,0.247135,0.005952,0,0,0,0,0
20260730_044546_990042_seed42,8,44648,186.033333,polystyrene tube 1,3,-1.014081,2.097873,9.213743,-0.000634,0.239953,0.002255,0,0,0,0,0
20260730_044546_990042_seed42,8,44656,186.066667,polystyrene tube 1,3,-1.014095,2.105848,9.213432,-0.000402,0.240694,-0.019518,0,0,0,0,0
20260730_044546_990042_seed42,8,44664,186.100000,polystyrene tube 1,3,-1.014102,2.113721,9.213595,0.002674,0.231475,0.009836,0,0,0,0,0
20260730_044546_990042_seed42,8,44672,186.133333,polystyrene tube 1,3,-1.014043,2.121380,9.213666,-0.001788,0.227483,0.007157,0,0,0,0,0
20260730_044546_990042_seed42,8,44680,186.166667,polystyrene tube 1,3,-1.014097,2.128856,9.213552,-0.001459,0.223392,-0.012209,0,0,0,0,0
20260730_044546_990042_seed42,8,44688,186.200000,polystyrene tube 1,3,-1.014074,2.136311,9.213513,0.001047,0.219583,0.017198,0,0,0,0,0
20260730_044546_990042_seed42,8,44696,186.233333,polystyrene tube 1,3,-1.014037,2.143476,9.213737,0.001173,0.212774,-0.001890,0,0,0,0,0
20260730_044546_990042_seed42,8,44704,186.266667,polystyrene tube 1,3,-1.014055,2.150560,9.213603,-0.002737,0.210239,-0.002547,0,0,0,0,0
20260730_044546_990042_seed42,8,44712,186.300000,polystyrene tube 1,3,-1.014086,2.157526,9.213452,0.003878,0.207240,0.008427,0,0,0,0,0
20260730_044546_990042_seed42,8,44720,186.333333,polystyrene tube 1,3,-1.014020,2.164354,9.213684,-0.000342,0.200574,0.008400,0,0,0,0,0
20260730_044546_990042_seed42,8,44728,186.366667,polystyrene tube 1,3,-1.014024,2.170934,9.213693,0.000033,0.196401,-0.006653,0,0,0,0,0
20260730_044546_990042_seed42,8,44736,186.400000,polystyrene tube 1,3,-1.014066,2.177526,9.213406,-0.003640,0.196931,-0.005495,0,0,0,0,0
20260730_044546_990042_seed42,8,44744,186.433333,polystyrene tube 1,3,-1.014034,2.183953,9.213608,0.002458,0.189212,0.005390,0,0,0,0,0
20260730_044546_990042_seed42,8,44752,186.466667,polystyrene tube 1,3,-1.013982,2.190226,9.213670,-0.001136,0.185862,0.006775,0,0,0,0,0
20260730_044546_990042_seed42,8,44760,186.500000,polystyrene tube 1,3,-1.014019,2.196296,9.213664,-0.000949,0.180566,-0.006079,0,0,0,0,0
20260730_044546_990042_seed42,8,44768,186.533333,polystyrene tube 1,3,-1.014044,2.202382,9.213232,-0.000614,0.185988,-0.019260,0,0,0,0,0
20260730_044546_990042_seed42,8,44776,186.566667,polystyrene tube 1,3,-1.014009,2.208298,9.213652,0.001073,0.172268,0.006609,0,0,0,0,0
20260730_044546_990042_seed42,8,44784,186.600000,polystyrene tube 1,3,-1.013969,2.213967,9.213675,0.001315,0.169674,-0.004415,0,0,0,0,0
20260730_044546_990042_seed42,8,44792,186.633333,polystyrene tube 1,3,-1.013995,2.219575,9.213642,-0.001813,0.165059,-0.001830,0,0,0,0,0
20260730_044546_990042_seed42,8,44800,186.666667,polystyrene tube 1,3,-1.014050,2.225049,9.213402,-0.001568,0.165068,-0.011987,0,0,0,0,0
20260730_044546_990042_seed42,8,44808,186.700000,polystyrene tube 1,3,-1.013978,2.230506,9.213530,0.000255,0.160523,0.011798,0,0,0,0,0
20260730_044546_990042_seed42,8,44816,186.733333,polystyrene tube 1,3,-1.013969,2.235648,9.213744,0.000220,0.150123,0.002250,0,0,0,0,0
20260730_044546_990042_seed42,8,44824,186.766667,polystyrene tube 1,3,-1.013960,2.240608,9.213674,0.000372,0.149029,-0.005936,0,0,0,0,0
20260730_044546_990042_seed42,8,44832,186.800000,polystyrene tube 1,3,-1.013991,2.245608,9.213519,-0.002225,0.148195,-0.002780,0,0,0,0,0
20260730_044546_990042_seed42,8,44840,186.833333,polystyrene tube 1,3,-1.014026,2.250492,9.213447,0.002156,0.144007,0.008607,0,0,0,0,0
20260730_044546_990042_seed42,8,44848,186.866667,polystyrene tube 1,3,-1.013956,2.255196,9.213589,0.002104,0.139865,0.000644,0,0,0,0,0
20260730_044546_990042_seed42,8,44856,186.900000,polystyrene tube 1,3,-1.013941,2.259781,9.213704,-0.000457,0.132973,0.004016,0,0,0,0,0
20260730_044546_990042_seed42,8,44864,186.933333,polystyrene tube 1,3,-1.013955,2.264095,9.213722,-0.000441,0.127460,-0.002364,0,0,0,0,0
20260730_044546_990042_seed42,8,44872,186.966667,polystyrene tube 1,3,-1.013967,2.268367,9.213535,-0.000307,0.130003,-0.008609,0,0,0,0,0
20260730_044546_990042_seed42,8,44880,187.000000,polystyrene tube 1,3,-1.014009,2.272778,9.213337,0.001239,0.130496,0.012266,0,0,0,0,0
20260730_044546_990042_seed42,8,44888,187.033333,polystyrene tube 1,3,-1.013969,2.276899,9.213616,0.001211,0.118662,0.005316,0,0,0,0,0
20260730_044546_990042_seed42,8,44896,187.066667,polystyrene tube 1,3,-1.013935,2.280748,9.213699,0.001042,0.113889,0.000202,0,0,0,0,0
20260730_044546_990042_seed42,8,44904,187.100000,polystyrene tube 1,3,-1.013903,2.284567,9.213639,-0.001110,0.115164,0.004446,0,0,0,0,0
20260730_044546_990042_seed42,8,44912,187.133333,polystyrene tube 1,3,-1.013936,2.288241,9.213697,-0.000865,0.106860,-0.000427,0,0,0,0,0
20260730_044546_990042_seed42,8,44920,187.166667,polystyrene tube 1,3,-1.013962,2.291754,9.213608,-0.001027,0.105065,-0.004589,0,0,0,0,0
20260730_044546_990042_seed42,8,44928,187.200000,polystyrene tube 1,3,-1.013990,2.295324,9.213376,-0.000806,0.109927,-0.009226,0,0,0,0,0
20260730_044546_990042_seed42,8,44936,187.233333,polystyrene tube 1,3,-1.013946,2.298996,9.213448,0.000284,0.106599,0.008935,0,0,0,0,0
20260730_044546_990042_seed42,8,44944,187.266667,polystyrene tube 1,3,-1.013935,2.302307,9.213655,0.000368,0.093849,0.004184,0,0,0,0,0
20260730_044546_990042_seed42,8,44952,187.300000,polystyrene tube 1,3,-1.013921,2.305298,9.213735,0.000448,0.086953,0.000961,0,0,0,0,0
20260730_044546_990042_seed42,8,44960,187.333333,polystyrene tube 1,3,-1.013910,2.308155,9.213719,0.000350,0.085579,-0.001752,0,0,0,0,0
20260730_044546_990042_seed42,8,44968,187.366667,polystyrene tube 1,3,-1.013897,2.311066,9.213609,0.000429,0.089692,-0.004752,0,0,0,0,0
20260730_044546_990042_seed42,8,44976,187.400000,polystyrene tube 1,3,-1.013927,2.313998,9.213586,-0.001145,0.084728,-0.000726,0,0,0,0,0
20260730_044546_990042_seed42,8,44984,187.433333,polystyrene tube 1,3,-1.013963,2.316755,9.213517,-0.001015,0.081699,-0.003224,0,0,0,0,0
20260730_044546_990042_seed42,8,44992,187.466667,polystyrene tube 1,3,-1.013987,2.335472,9.245170,-0.000000,0.999833,-0.040873,0,0,0,0,0
20260730_044546_990042_seed42,8,45000,187.500000,polystyrene tube 1,3,-1.013987,2.402134,9.245170,-0.000000,0.999833,-0.040873,0,0,0,0,0
20260730_044546_990042_seed42,8,45008,187.533333,polystyrene tube 1,3,-1.013987,2.468797,9.245170,-0.000000,0.999833,-0.040873,0,0,0,0,0
20260730_044546_990042_seed42,8,45016,187.566667,polystyrene tube 1,3,-1.013987,2.535459,9.245170,-0.000000,0.999833,-0.040873,0,0,0,0,0
20260730_044546_990042_seed42,8,45024,187.600000,polystyrene tube 1,3,-1.013987,2.602122,9.245170,-0.000000,0.999833,-0.040873,0,0,0,0,0
20260730_044546_990042_seed42,8,45032,187.633333,polystyrene tube 1,3,-1.013987,2.668784,9.245170,-0.000000,0.999833,-0.040873,0,0,0,0,0
20260730_044546_990042_seed42,8,45040,187.666667,polystyrene tube 1,3,-1.013987,2.735447,9.245170,-0.000000,0.999833,-0.040873,0,0,0,0,0
20260730_044546_990042_seed42,8,45048,187.700000,polystyrene tube 1,3,-1.013987,2.802109,9.245170,-0.000000,0.999833,-0.040873,0,0,0,0,0
20260730_044546_990042_seed42,8,45056,187.733333,polystyrene tube 1,3,-1.013987,2.868772,9.245170,-0.000000,0.999833,-0.040873,0,0,0,0,0
20260730_044546_990042_seed42,8,45064,187.766667,polystyrene tube 1,3,-1.013987,2.935434,9.245170,-0.000000,0.999833,-0.040873,0,0,0,0,0
20260730_044546_990042_seed42,8,45072,187.800000,polystyrene tube 1,3,-1.013987,3.002097,9.245170,-0.000000,0.999833,-0.040873,0,0,0,0,0
20260730_044546_990042_seed42,8,45080,187.833333,polystyrene tube 1,3,-1.013987,3.068759,9.245170,-0.000000,0.999833,-0.040873,0,0,0,0,0
20260730_044546_990042_seed42,8,45088,187.866667,polystyrene tube 1,3,-1.013987,3.135422,9.245170,-0.000000,0.999833,-0.040873,0,0,0,0,0
20260730_044546_990042_seed42,8,45096,187.900000,polystyrene tube 1,3,-1.013987,3.202084,9.245170,-0.000000,0.999833,-0.040873,0,0,0,0,0
20260730_044546_990042_seed42,8,45104,187.933333,polystyrene tube 1,3,-1.013987,3.268747,9.245170,-0.000000,0.999833,-0.040873,0,0,0,0,0
20260730_044546_990042_seed42,8,45112,187.966667,polystyrene tube 1,3,-1.013987,3.335409,9.245170,-0.000000,0.999833,-0.040873,0,0,0,0,0
20260730_044546_990042_seed42,8,45120,188.000000,polystyrene tube 1,3,-1.013987,3.402072,9.245170,-0.000000,0.999833,-0.040873,0,0,0,0,0
20260730_044546_990042_seed42,8,45128,188.033333,polystyrene tube 1,3,-1.013987,3.468734,9.245170,-0.000000,0.999833,-0.040873,0,0,0,0,0
20260730_044546_990042_seed42,8,45136,188.066667,polystyrene tube 1,3,-1.013987,3.535397,9.245170,-0.000000,0.999833,-0.040873,0,0,0,0,0
20260730_044546_990042_seed42,8,45144,188.100000,polystyrene tube 1,3,-1.013987,3.602059,9.245170,-0.000000,0.999833,-0.040873,0,0,0,0,0
20260730_044546_990042_seed42,8,45152,188.133333,polystyrene tube 1,3,-1.013987,3.668722,9.245170,-0.000000,0.999833,-0.040873,0,0,0,0,0
20260730_044546_990042_seed42,8,45160,188.166667,polystyrene tube 1,3,-1.013987,3.735384,9.245170,-0.000000,0.999833,-0.040873,0,0,0,0,0
20260730_044546_990042_seed42,8,45168,188.200000,polystyrene tube 1,3,-1.013987,3.802047,9.245170,-0.000000,0.999833,-0.040873,0,0,0,0,0
20260730_044546_990042_seed42,8,45176,188.233333,polystyrene tube 1,3,-1.013987,3.868709,9.245170,-0.000000,0.999833,-0.040873,0,0,0,0,0
20260730_044546_990042_seed42,8,45184,188.266667,polystyrene tube 1,3,-1.013987,3.935372,9.245170,-0.000000,0.999833,-0.040873,0,0,0,0,0
20260730_044546_990042_seed42,8,45192,188.300000,polystyrene tube 1,3,-1.013987,4.002034,9.245170,-0.000000,0.999833,-0.040873,0,0,0,0,0
20260730_044546_990042_seed42,8,45200,188.333333,polystyrene tube 1,3,-1.013987,4.068697,9.245170,-0.000000,0.999833,-0.040873,0,0,0,0,0
20260730_044546_990042_seed42,8,45208,188.366667,polystyrene tube 1,3,-1.013987,4.135359,9.245170,-0.000000,0.999833,-0.040873,0,0,0,0,0
20260730_044546_990042_seed42,8,45216,188.400000,polystyrene tube 1,3,-1.013987,4.202022,9.245170,-0.000000,0.999833,-0.040873,0,0,0,0,0
20260730_044546_990042_seed42,8,45224,188.433333,polystyrene tube 1,3,-1.013987,4.268684,9.245170,-0.000000,0.999833,-0.040873,0,0,0,0,0
20260730_044546_990042_seed42,9,49984,208.266667,polystyrene tube 1,3,-2.008987,1.168354,9.248982,0.640651,0.999311,0.393712,0,0,0,0,0
20260730_044546_990042_seed42,9,49992,208.300000,polystyrene tube 1,3,-1.965052,1.201634,9.275898,1.905451,0.997481,1.161965,0,0,0,0,0
20260730_044546_990042_seed42,9,50000,208.333333,polystyrene tube 1,3,-1.881223,1.234839,9.326165,3.014232,0.994864,1.775637,0,0,0,0,0
20260730_044546_990042_seed42,9,50008,208.366667,polystyrene tube 1,3,-1.765680,1.267945,9.391741,3.811143,0.991610,2.083135,0,0,0,0,0
20260730_044546_990042_seed42,9,50016,208.400000,polystyrene tube 1,3,-1.635361,1.300936,9.456748,3.940232,0.988118,1.783113,0,0,0,0,0
20260730_044546_990042_seed42,9,50024,208.433333,polystyrene tube 1,3,-1.505020,1.333793,9.513417,3.910369,0.983918,1.566824,0,0,0,0,0
20260730_044546_990042_seed42,9,50032,208.466667,polystyrene tube 1,3,-1.374829,1.366524,9.560701,3.898806,0.980172,1.290998,0,0,0,0,0
20260730_044546_990042_seed42,9,50040,208.500000,polystyrene tube 1,3,-1.245332,1.399130,9.599205,3.870138,0.976443,1.039396,0,0,0,0,0
20260730_044546_990042_seed42,9,50048,208.533333,polystyrene tube 1,3,-1.117101,1.431613,9.629886,3.825221,0.972766,0.818005,0,0,0,0,0
20260730_044546_990042_seed42,9,50056,208.566667,polystyrene tube 1,3,-0.990555,1.463975,9.653634,3.769271,0.969262,0.623991,0,0,0,0,0
20260730_044546_990042_seed42,9,50064,208.600000,polystyrene tube 1,3,-0.866045,1.496227,9.671437,3.704116,0.966075,0.459165,0,0,0,0,0
20260730_044546_990042_seed42,9,50072,208.633333,polystyrene tube 1,3,-0.742804,1.528376,9.681190,3.694609,0.963088,0.135485,0,0,0,0,0
20260730_044546_990042_seed42,9,50080,208.666667,polystyrene tube 1,3,-0.650009,1.555533,9.724827,2.533784,0.776008,1.523759,1,0,0,0,0
20260730_044546_990042_seed42,9,50088,208.700000,polystyrene tube 1,3,-0.565226,1.581412,9.769067,2.551470,0.776904,1.153636,0,0,0,0,0
20260730_044546_990042_seed42,9,50096,208.733333,polystyrene tube 1,3,-0.479922,1.607342,9.800958,2.565272,0.778976,0.782961,0,0,0,0,0
20260730_044546_990042_seed42,9,50104,208.766667,polystyrene tube 1,3,-0.394228,1.633361,9.820489,2.575062,0.782137,0.412074,0,0,0,0,0
20260730_044546_990042_seed42,9,50112,208.800000,polystyrene tube 1,3,-0.308281,1.659504,9.827659,2.580741,0.786290,0.041340,0,1,1,0,0
20260730_044546_990042_seed42,9,50120,208.833333,polystyrene tube 1,3,-0.222218,1.685800,9.822479,2.582249,0.791330,-0.328854,0,1,1,0,0
20260730_044546_990042_seed42,9,50128,208.866667,polystyrene tube 1,3,-0.136179,1.712279,9.804976,2.579560,0.797148,-0.698099,0,1,1,0,0
20260730_044546_990042_seed42,9,50136,208.900000,polystyrene tube 1,3,-0.050445,1.739117,9.783796,2.555520,0.822381,-0.011881,1,1,1,1,0
20260730_044546_990042_seed42,9,50144,208.933333,polystyrene tube 1,3,0.034456,1.766682,9.782965,2.539202,0.829368,-0.041993,4,1,1,1,0
20260730_044546_990042_seed42,9,50152,208.966667,polystyrene tube 1,3,0.118871,1.794409,9.777229,2.527692,0.834249,-0.302228,4,1,1,1,0
20260730_044546_990042_seed42,9,50160,209.000000,polystyrene tube 1,3,0.202893,1.822315,9.761486,2.512128,0.839940,-0.642624,4,1,1,1,0
20260730_044546_990042_seed42,9,50168,209.033333,polystyrene tube 1,3,0.283328,1.850542,9.735232,1.047643,0.905318,-0.339784,8,1,1,1,0
20260730_044546_990042_seed42,9,50176,209.066667,polystyrene tube 1,3,0.289668,1.882073,9.732513,0.189853,0.951206,-0.085913,8,1,1,1,0
20260730_044546_990042_seed42,9,50184,209.100000,polystyrene tube 1,3,0.296655,1.913982,9.729715,0.196519,0.961999,-0.061449,8,1,1,1,0
20260730_044546_990042_seed42,9,50192,209.133333,polystyrene tube 1,3,0.301492,1.946294,9.733419,0.135546,0.971172,0.023014,8,1,1,1,0
20260730_044546_990042_seed42,9,50200,209.166667,polystyrene tube 1,3,0.305609,1.978751,9.731295,0.112999,0.975992,-0.138467,7,1,1,1,0
20260730_044546_990042_seed42,9,50208,209.200000,polystyrene tube 1,3,0.307669,2.011499,9.724289,0.029136,0.986531,-0.260394,8,1,1,1,0
20260730_044546_990042_seed42,9,50216,209.233333,polystyrene tube 1,3,0.307901,2.044437,9.711870,-0.036072,0.993525,-0.509040,5,1,1,1,0
20260730_044546_990042_seed42,9,50224,209.266667,polystyrene tube 1,3,0.311548,2.078095,9.706902,0.179804,1.016654,-0.055834,6,1,1,1,0
20260730_044546_990042_seed42,9,50232,209.300000,polystyrene tube 1,3,0.314527,2.111961,9.705880,0.111149,1.019376,-0.039209,6,1,1,1,0
20260730_044546_990042_seed42,9,50240,209.333333,polystyrene tube 1,3,0.319803,2.146119,9.703953,0.199984,1.029852,-0.075383,6,1,1,1,0
20260730_044546_990042_seed42,9,50248,209.366667,polystyrene tube 1,3,0.327477,2.180750,9.700897,0.197016,1.055302,-0.088047,7,1,1,1,0
20260730_044546_990042_seed42,9,50256,209.400000,polystyrene tube 1,3,0.333783,2.216495,9.697746,0.187382,1.087835,-0.102565,8,1,1,1,0
20260730_044546_990042_seed42,9,50264,209.433333,polystyrene tube 1,3,0.341289,2.251539,9.698556,0.251235,0.998322,0.134859,7,1,1,1,0
20260730_044546_990042_seed42,9,50272,209.466667,polystyrene tube 1,3,0.347612,2.283629,9.703110,0.193472,0.929437,0.124931,6,1,1,1,0
20260730_044546_990042_seed42,9,50280,209.500000,polystyrene tube 1,3,0.355333,2.313267,9.706850,0.270381,0.841474,0.125465,5,1,1,1,0
20260730_044546_990042_seed42,9,50288,209.533333,polystyrene tube 1,3,0.361820,2.340974,9.709862,0.156275,0.810841,0.087815,7,1,1,1,0
20260730_044546_990042_seed42,9,50296,209.566667,polystyrene tube 1,3,0.365388,2.367395,9.712542,0.084101,0.775660,0.056068,7,1,1,1,0
20260730_044546_990042_seed42,9,50304,209.600000,polystyrene tube 1,3,0.367450,2.392613,9.713578,0.021782,0.745035,-0.000715,7,1,1,1,0
20260730_044546_990042_seed42,9,50312,209.633333,polystyrene tube 1,3,0.367885,2.416920,9.711541,-0.032394,0.721236,-0.112464,7,1,1,1,0
20260730_044546_990042_seed42,9,50320,209.666667,polystyrene tube 1,3,0.365833,2.440929,9.702939,-0.087783,0.717935,-0.374836,7,1,1,1,0
20260730_044546_990042_seed42,9,50328,209.700000,polystyrene tube 1,3,0.361892,2.467967,9.694004,-0.112919,0.845598,-0.274465,7,1,1,1,0
20260730_044546_990042_seed42,9,50336,209.733333,polystyrene tube 1,3,0.358351,2.497556,9.684095,-0.102241,0.925541,-0.323795,8,1,1,1,0
20260730_044546_990042_seed42,9,50344,209.766667,polystyrene tube 1,3,0.354961,2.529721,9.671462,-0.098923,1.004943,-0.411433,6,1,1,1,0
20260730_044546_990042_seed42,9,50352,209.800000,polystyrene tube 1,3,0.351839,2.564727,9.656397,-0.088427,1.089658,-0.490284,4,1,1,1,0
20260730_044546_990042_seed42,9,50360,209.833333,polystyrene tube 1,3,0.349016,2.602456,9.638711,-0.085403,1.162751,-0.563148,4,1,1,1,0
20260730_044546_990042_seed42,9,50368,209.866667,polystyrene tube 1,3,0.346005,2.641942,9.617151,-0.094505,1.204330,-0.720811,4,1,1,1,0
20260730_044546_990042_seed42,9,50376,209.900000,polystyrene tube 1,3,0.342731,2.682765,9.590150,-0.099753,1.236560,-0.902069,4,1,1,1,0
20260730_044546_990042_seed42,9,50384,209.933333,polystyrene tube 1,3,0.339424,2.724047,9.556046,-0.103604,1.238457,-1.106090,4,1,1,1,0
20260730_044546_990042_seed42,9,50392,209.966667,polystyrene tube 1,3,0.335980,2.764886,9.514767,-0.102961,1.218074,-1.347917,4,1,1,1,0
20260730_044546_990042_seed42,9,50400,210.000000,polystyrene tube 1,3,0.316780,2.793963,9.481928,-0.940978,0.602082,-0.711912,4,1,1,1,0
20260730_044546_990042_seed42,9,50408,210.033333,polystyrene tube 1,3,0.285579,2.813506,9.453480,-0.935534,0.588727,-0.948374,4,1,1,1,0
20260730_044546_990042_seed42,9,50416,210.066667,polystyrene tube 1,3,0.254231,2.833232,9.417182,-0.940695,0.590328,-1.202803,3,1,1,1,0
20260730_044546_990042_seed42,9,50424,210.100000,polystyrene tube 1,3,0.222939,2.852255,9.371328,-0.939955,0.558627,-1.516419,4,1,1,1,0
20260730_044546_990042_seed42,9,50432,210.133333,polystyrene tube 1,3,0.192404,2.869220,9.317680,-0.873457,0.434188,-1.619244,6,1,1,1,0
20260730_044546_990042_seed42,9,50440,210.166667,polystyrene tube 1,3,0.164038,2.881535,9.259702,-0.832878,0.306413,-1.821408,6,1,1,1,0
20260730_044546_990042_seed42,9,50448,210.200000,polystyrene tube 1,3,0.136922,2.889446,9.195370,-0.795171,0.176584,-2.024949,6,1,1,1,0
20260730_044546_990042_seed42,9,50456,210.233333,polystyrene tube 1,3,0.104996,2.883428,9.173540,-1.000873,-0.307091,0.000941,6,1,1,1,0
20260730_044546_990042_seed42,9,50464,210.266667,polystyrene tube 1,3,0.072943,2.872904,9.175994,-0.934248,-0.326123,0.076695,5,1,1,1,0
20260730_044546_990042_seed42,9,50472,210.300000,polystyrene tube 1,3,0.042047,2.861399,9.175021,-0.920123,-0.361620,-0.123219,5,1,1,1,0
20260730_044546_990042_seed42,9,50480,210.333333,polystyrene tube 1,3,0.013154,2.847669,9.174085,-0.827084,-0.451741,0.017762,5,1,1,1,0
20260730_044546_990042_seed42,9,50488,210.366667,polystyrene tube 1,3,-0.013158,2.831302,9.174567,-0.755729,-0.524570,0.011471,5,1,1,1,0
20260730_044546_990042_seed42,9,50496,210.400000,polystyrene tube 1,3,-0.037081,2.812662,9.174771,-0.688596,-0.582546,-0.014952,6,1,1,1,0
20260730_044546_990042_seed42,9,50504,210.433333,polystyrene tube 1,3,-0.059424,2.793108,9.173715,-0.652228,-0.591350,0.000133,8,1,1,1,0
20260730_044546_990042_seed42,9,50512,210.466667,polystyrene tube 1,3,-0.080784,2.772602,9.175179,-0.622583,-0.620073,0.031803,8,1,1,1,0
20260730_044546_990042_seed42,9,50520,210.500000,polystyrene tube 1,3,-0.099610,2.751264,9.174972,-0.453001,-0.618945,0.152328,9,1,1,1,0
20260730_044546_990042_seed42,9,50528,210.533333,polystyrene tube 1,3,-0.113430,2.731123,9.179741,-0.380871,-0.591298,0.131023,7,1,1,1,0
20260730_044546_990042_seed42,9,50536,210.566667,polystyrene tube 1,3,-0.124834,2.711920,9.183762,-0.306902,-0.561972,0.120370,7,1,1,1,0
20260730_044546_990042_seed42,9,50544,210.600000,polystyrene tube 1,3,-0.133817,2.693700,9.187130,-0.236925,-0.532894,0.085057,6,1,1,1,0
20260730_044546_990042_seed42,9,50552,210.633333,polystyrene tube 1,3,-0.140503,2.676476,9.189483,-0.165905,-0.500895,0.067681,6,1,1,1,0
20260730_044546_990042_seed42,9,50560,210.666667,polystyrene tube 1,3,-0.144924,2.660304,9.191222,-0.103995,-0.471365,0.038520,7,1,1,1,0
20260730_044546_990042_seed42,9,50568,210.700000,polystyrene tube 1,3,-0.147386,2.645084,9.192084,-0.048704,-0.444848,0.009872,8,1,1,1,0
20260730_044546_990042_seed42,9,50576,210.733333,polystyrene tube 1,3,-0.150069,2.632436,9.192940,-0.183884,-0.249181,0.065665,10,1,1,1,0
20260730_044546_990042_seed42,9,50584,210.766667,polystyrene tube 1,3,-0.156109,2.625168,9.194046,-0.168298,-0.211186,0.015972,9,1,1,1,0
20260730_044546_990042_seed42,9,50592,210.800000,polystyrene tube 1,3,-0.161388,2.618392,9.194336,-0.159744,-0.188523,0.003090,9,1,1,1,0
20260730_044546_990042_seed42,9,50600,210.833333,polystyrene tube 1,3,-0.166713,2.612573,9.194018,-0.159982,-0.163333,-0.047035,9,1,1,1,0
20260730_044546_990042_seed42,9,50608,210.866667,polystyrene tube 1,3,-0.171388,2.607582,9.194047,-0.119595,-0.145576,0.023649,9,1,1,1,0
20260730_044546_990042_seed42,9,50616,210.900000,polystyrene tube 1,3,-0.174813,2.602698,9.194622,-0.088349,-0.147381,0.012361,9,1,1,1,0
20260730_044546_990042_seed42,9,50624,210.933333,polystyrene tube 1,3,-0.178057,2.598423,9.194879,-0.097771,-0.117511,0.003705,9,1,1,1,0
20260730_044546_990042_seed42,9,50632,210.966667,polystyrene tube 1,3,-0.181226,2.594834,9.194835,-0.092607,-0.099572,-0.005357,8,1,1,1,0
20260730_044546_990042_seed42,9,50640,211.000000,polystyrene tube 1,3,-0.184212,2.591607,9.194689,-0.082213,-0.099669,-0.003671,9,1,1,1,0
20260730_044546_990042_seed42,9,50648,211.033333,polystyrene tube 1,3,-0.186817,2.588372,9.195027,-0.078593,-0.090501,0.008678,9,1,1,1,0
20260730_044546_990042_seed42,9,50656,211.066667,polystyrene tube 1,3,-0.189394,2.585573,9.195198,-0.076398,-0.078472,0.002243,9,1,1,1,0
20260730_044546_990042_seed42,9,50664,211.100000,polystyrene tube 1,3,-0.191826,2.583055,9.195311,-0.066105,-0.075987,0.004730,9,1,1,1,0
20260730_044546_990042_seed42,9,50672,211.133333,polystyrene tube 1,3,-0.193872,2.580603,9.195379,-0.060131,-0.068995,0.000048,9,1,1,1,0
20260730_044546_990042_seed42,9,50680,211.166667,polystyrene tube 1,3,-0.195834,2.578431,9.195309,-0.058245,-0.062346,-0.003939,9,1,1,1,0
20260730_044546_990042_seed42,9,50688,211.200000,polystyrene tube 1,3,-0.197798,2.576421,9.195097,-0.060175,-0.058892,-0.008741,9,1,1,1,0
20260730_044546_990042_seed42,9,50696,211.233333,polystyrene tube 1,3,-0.199656,2.574464,9.195385,-0.052471,-0.055482,0.008456,9,1,1,1,0
20260730_044546_990042_seed42,9,50704,211.266667,polystyrene tube 1,3,-0.201109,2.572717,9.195585,-0.039729,-0.046252,0.004544,10,1,1,1,0
20260730_044546_990042_seed42,9,50712,211.300000,polystyrene tube 1,3,-0.202280,2.571384,9.195699,-0.031274,-0.034946,0.002573,10,1,1,1,0
20260730_044546_990042_seed42,9,50720,211.333333,polystyrene tube 1,3,-0.203197,2.570373,9.195763,-0.024454,-0.026707,0.001408,10,1,1,1,0
20260730_044546_990042_seed42,9,50728,211.366667,polystyrene tube 1,3,-0.203919,2.569590,9.195796,-0.019441,-0.020940,0.000689,9,1,1,1,0
20260730_044546_990042_seed42,9,50736,211.400000,polystyrene tube 1,3,-0.204500,2.568968,9.195810,-0.015895,-0.016912,0.000247,9,1,1,1,0
20260730_044546_990042_seed42,9,50744,211.433333,polystyrene tube 1,3,-0.204985,2.568455,9.195813,-0.013546,-0.014240,-0.000034,9,1,1,1,0
20260730_044546_990042_seed42,9,50752,211.466667,polystyrene tube 1,3,-0.205411,2.568010,9.195808,-0.012226,-0.012698,-0.000241,9,1,1,1,0
20260730_044546_990042_seed42,9,50760,211.500000,polystyrene tube 1,3,-0.205809,2.567600,9.195797,-0.011841,-0.012142,-0.000439,9,1,1,1,0
20260730_044546_990042_seed42,9,50768,211.533333,polystyrene tube 1,3,-0.206211,2.567191,9.195778,-0.012367,-0.012491,-0.000693,9,1,1,1,0
20260730_044546_990042_seed42,9,50776,211.566667,polystyrene tube 1,3,-0.206646,2.566756,9.195749,-0.013850,-0.013706,-0.001084,9,1,1,1,0
20260730_044546_990042_seed42,9,50784,211.600000,polystyrene tube 1,3,-0.207150,2.566265,9.195702,-0.016422,-0.015752,-0.001743,10,1,1,1,0
20260730_044546_990042_seed42,9,50792,211.633333,polystyrene tube 1,3,-0.207711,2.565590,9.195620,-0.018628,-0.023630,-0.003136,10,1,1,1,0
20260730_044546_990042_seed42,9,50800,211.666667,polystyrene tube 1,3,-0.208359,2.564624,9.195672,-0.018047,-0.034211,0.004558,10,1,1,1,0
20260730_044546_990042_seed42,9,50808,211.700000,polystyrene tube 1,3,-0.209058,2.563648,9.195733,-0.021250,-0.026773,0.000142,10,1,1,1,0
20260730_044546_990042_seed42,9,50816,211.733333,polystyrene tube 1,3,-0.209760,2.562801,9.195705,-0.021004,-0.024642,-0.001527,10,1,1,1,0
20260730_044546_990042_seed42,9,50824,211.766667,polystyrene tube 1,3,-0.210471,2.561981,9.195634,-0.021832,-0.024869,-0.002642,10,1,1,1,0
20260730_044546_990042_seed42,9,50832,211.800000,polystyrene tube 1,3,-0.211117,2.561251,9.195715,-0.016484,-0.018040,0.002070,10,1,1,1,0
20260730_044546_990042_seed42,9,50840,211.833333,polystyrene tube 1,3,-0.211540,2.560794,9.195764,-0.009427,-0.010135,0.001040,10,1,1,1,0
20260730_044546_990042_seed42,9,50848,211.866667,polystyrene tube 1,3,-0.211741,2.560578,9.195786,-0.003119,-0.003374,0.000324,10,1,1,1,0
20260730_044546_990042_seed42,9,50856,211.900000,polystyrene tube 1,3,-0.211763,2.560556,9.195788,0.000214,0.000463,-0.000018,10,1,1,1,0
20260730_044546_990042_seed42,9,50864,211.933333,polystyrene tube 1,3,-0.211753,2.560576,9.195787,0.000337,0.000729,-0.000037,10,1,1,1,0
20260730_044546_990042_seed42,9,50872,211.966667,polystyrene tube 1,3,-0.211740,2.560606,9.195785,0.000480,0.001044,-0.000055,10,1,1,1,0
20260730_044546_990042_seed42,9,50880,212.000000,polystyrene tube 1,3,-0.211721,2.560647,9.195783,0.000654,0.001427,-0.000076,10,1,1,1,0
20260730_044546_990042_seed42,9,50888,212.033333,polystyrene tube 1,3,-0.211695,2.560703,9.195780,0.000864,0.001901,-0.000103,10,1,1,1,0
20260730_044546_990042_seed42,9,50896,212.066667,polystyrene tube 1,3,-0.211662,2.560776,9.195776,0.001132,0.002499,-0.000138,10,1,1,1,0
20260730_044546_990042_seed42,9,50904,212.100000,polystyrene tube 1,3,-0.211618,2.560872,9.195771,0.001475,0.003259,-0.000184,10,1,1,1,0
20260730_044546_990042_seed42,9,50912,212.133333,polystyrene tube 1,3,-0.211561,2.560998,9.195764,0.001913,0.004232,-0.000245,10,1,1,1,0
20260730_044546_990042_seed42,9,50920,212.166667,polystyrene tube 1,3,-0.211488,2.561160,9.195754,0.002476,0.005481,-0.000329,10,1,1,1,0
20260730_044546_990042_seed42,9,50928,212.200000,polystyrene tube 1,3,-0.211393,2.561370,9.195741,0.003209,0.007088,-0.000446,10,1,1,1,0
20260730_044546_990042_seed42,9,50936,212.233333,polystyrene tube 1,3,-0.211270,2.561641,9.195723,0.004137,0.009153,-0.000609,10,1,1,1,0
20260730_044546_990042_seed42,10,55696,232.066667,polystyrene tube 1,3,-1.830689,1.187176,9.247594,0.524732,0.998640,0.129436,0,0,0,0,0
20260730_044546_990042_seed42,10,55704,232.100000,polystyrene tube 1,3,-1.804373,1.220420,9.254887,1.015141,0.996014,0.300109,0,0,0,0,0
20260730_044546_990042_seed42,10,55712,232.133333,polystyrene tube 1,3,-1.762485,1.253583,9.266827,1.459562,0.993911,0.401498,0,0,0,0,0
20260730_044546_990042_seed42,10,55720,232.166667,polystyrene tube 1,3,-1.708058,1.286674,9.280326,1.693671,0.991627,0.333074,0,0,0,0,0
20260730_044546_990042_seed42,10,55728,232.200000,polystyrene tube 1,3,-1.651960,1.319686,9.286588,1.673069,0.989232,0.059988,0,0,0,0,0
20260730_044546_990042_seed42,10,55736,232.233333,polystyrene tube 1,3,-1.596572,1.352618,9.283767,1.651716,0.986886,-0.212247,0,0,0,0,0
20260730_044546_990042_seed42,10,55744,232.266667,polystyrene tube 1,3,-1.541859,1.385473,9.271866,1.632960,0.984556,-0.484942,0,0,0,0,0
20260730_044546_990042_seed42,10,55752,232.300000,polystyrene tube 1,3,-1.487676,1.418250,9.250853,1.620027,0.982187,-0.758979,0,0,0,0,0
20260730_044546_990042_seed42,10,55760,232.333333,polystyrene tube 1,3,-1.434109,1.450910,9.224053,1.533372,0.967946,-0.000685,0,0,0,0,0
20260730_044546_990042_seed42,10,55768,232.366667,polystyrene tube 1,3,-1.383616,1.483082,9.223964,1.498396,0.962678,-0.004386,0,0,0,0,0
20260730_044546_990042_seed42,10,55776,232.400000,polystyrene tube 1,3,-1.334300,1.515076,9.223847,1.462839,0.957311,-0.003055,0,0,0,0,0
20260730_044546_990042_seed42,10,55784,232.433333,polystyrene tube 1,3,-1.286169,1.546888,9.223876,1.427056,0.951697,0.006843,0,0,0,0,0
20260730_044546_990042_seed42,10,55792,232.466667,polystyrene tube 1,3,-1.239214,1.578514,9.224026,1.392413,0.946168,0.002761,0,0,0,0,0
20260730_044546_990042_seed42,10,55800,232.500000,polystyrene tube 1,3,-1.193416,1.609955,9.224078,1.357436,0.940652,0.002318,0,0,0,0,0
20260730_044546_990042_seed42,10,55808,232.533333,polystyrene tube 1,3,-1.148784,1.641212,9.224129,1.322674,0.935085,0.000854,0,0,0,0,0
20260730_044546_990042_seed42,10,55816,232.566667,polystyrene tube 1,3,-1.105311,1.672282,9.224153,1.287880,0.929455,0.000406,0,0,0,0,0
20260730_044546_990042_seed42,10,55824,232.600000,polystyrene tube 1,3,-1.062990,1.703164,9.224102,1.253598,0.923865,-0.003322,0,0,0,0,0
20260730_044546_990042_seed42,10,55832,232.633333,polystyrene tube 1,3,-1.021798,1.733864,9.223836,1.222202,0.918637,-0.029211,0,0,0,0,0
20260730_044546_990042_seed42,10,55840,232.666667,polystyrene tube 1,3,-1.011516,1.764481,9.227217,0.145240,0.913130,0.071562,1,0,0,0,0
20260730_044546_990042_seed42,10,55848,232.700000,polystyrene tube 1,3,-1.006856,1.794686,9.226689,0.122159,0.896535,-0.034032,1,0,0,0,0
20260730_044546_990042_seed42,10,55856,232.733333,polystyrene tube 1,3,-1.003638,1.824094,9.226685,0.083229,0.871079,-0.003420,1,0,0,0,0
20260730_044546_990042_seed42,10,55864,232.766667,polystyrene tube 1,3,-1.001201,1.852688,9.226425,0.063281,0.843271,0.019574,1,0,0,0,0
20260730_044546_990042_seed42,10,55872,232.800000,polystyrene tube 1,3,-0.999369,1.880344,9.226828,0.047949,0.817572,0.004847,1,0,0,0,0
20260730_044546_990042_seed42,10,55880,232.833333,polystyrene tube 1,3,-0.998015,1.907135,9.226666,0.034342,0.791460,-0.013094,1,0,0,0,0
20260730_044546_990042_seed42,10,55888,232.866667,polystyrene tube 1,3,-0.997104,1.932965,9.226758,0.021853,0.760419,0.013188,2,0,0,0,0
20260730_044546_990042_seed42,10,55896,232.900000,polystyrene tube 1,3,-0.996537,1.957837,9.226798,0.012920,0.733694,-0.010547,4,0,0,0,0
20260730_044546_990042_seed42,10,55904,232.933333,polystyrene tube 1,3,-0.996254,1.981758,9.226686,0.005234,0.702028,0.017239,4,0,0,0,0
20260730_044546_990042_seed42,10,55912,232.966667,polystyrene tube 1,3,-0.996113,2.004816,9.225134,0.004576,0.685106,-0.129758,1,0,0,0,0
20260730_044546_990042_seed42,10,55920,233.000000,polystyrene tube 1,3,-0.995867,2.027555,9.220272,0.011187,0.678931,-0.183384,1,0,0,0,0
20260730_044546_990042_seed42,10,55928,233.033333,polystyrene tube 1,3,-0.995428,2.049775,9.213581,0.008517,0.636959,-0.024474,1,0,0,0,0
20260730_044546_990042_seed42,10,55936,233.066667,polystyrene tube 1,3,-0.995311,2.070403,9.213679,0.000501,0.605628,-0.006060,0,0,0,0,0
20260730_044546_990042_seed42,10,55944,233.100000,polystyrene tube 1,3,-0.995442,2.090134,9.213340,-0.005170,0.577560,0.012334,0,0,0,0,0
20260730_044546_990042_seed42,10,55952,233.133333,polystyrene tube 1,3,-0.995746,2.108987,9.213555,-0.013835,0.556337,-0.001144,0,0,0,0,0
20260730_044546_990042_seed42,10,55960,233.166667,polystyrene tube 1,3,-0.996229,2.127294,9.213707,-0.016651,0.541651,0.011430,0,0,0,0,0
20260730_044546_990042_seed42,10,55968,233.200000,polystyrene tube 1,3,-0.996906,2.145126,9.213566,-0.018869,0.528886,0.024194,0,0,0,0,0
20260730_044546_990042_seed42,10,55976,233.233333,polystyrene tube 1,3,-0.997660,2.162566,9.213443,-0.027354,0.517541,-0.036437,0,0,0,0,0
20260730_044546_990042_seed42,10,55984,233.266667,polystyrene tube 1,3,-0.998429,2.179564,9.213569,-0.022248,0.507565,-0.027828,0,0,0,0,0
20260730_044546_990042_seed42,10,55992,233.300000,polystyrene tube 1,3,-0.999336,2.196266,9.213689,-0.024665,0.494962,0.024219,0,0,0,0,0
20260730_044546_990042_seed42,10,56000,233.333333,polystyrene tube 1,3,-1.000244,2.212676,9.213424,-0.027586,0.488021,0.035515,0,0,0,0,0
20260730_044546_990042_seed42,10,56008,233.366667,polystyrene tube 1,3,-1.001044,2.228811,9.213631,-0.026777,0.480247,-0.016701,0,0,0,0,0
20260730_044546_990042_seed42,10,56016,233.400000,polystyrene tube 1,3,-1.001866,2.244697,9.213699,-0.020121,0.471907,-0.003179,0,0,0,0,0
20260730_044546_990042_seed42,10,56024,233.433333,polystyrene tube 1,3,-1.002732,2.260304,9.213363,-0.021491,0.465919,0.013193,0,0,0,0,0
20260730_044546_990042_seed42,10,56032,233.466667,polystyrene tube 1,3,-1.003484,2.275621,9.213553,-0.028698,0.456848,0.003147,0,0,0,0,0
20260730_044546_990042_seed42,10,56040,233.500000,polystyrene tube 1,3,-1.004290,2.290699,9.213660,-0.024232,0.447977,0.021031,0,0,0,0,0
20260730_044546_990042_seed42,10,56048,233.533333,polystyrene tube 1,3,-1.005140,2.305536,9.213360,-0.027229,0.442181,0.040181,0,0,0,0,0
20260730_044546_990042_seed42,10,56056,233.566667,polystyrene tube 1,3,-1.005884,2.320127,9.213700,-0.025923,0.433167,-0.001556,0,0,0,0,0
20260730_044546_990042_seed42,10,56064,233.600000,polystyrene tube 1,3,-1.006670,2.334490,9.213638,-0.020664,0.426096,0.022053,0,0,0,0,0
20260730_044546_990042_seed42,10,56072,233.633333,polystyrene tube 1,3,-1.007446,2.348626,9.213524,-0.027841,0.421081,-0.015112,0,0,0,0,0
20260730_044546_990042_seed42,10,56080,233.666667,polystyrene tube 1,3,-1.008175,2.362555,9.213730,-0.022719,0.413442,0.006705,0,0,0,0,0
20260730_044546_990042_seed42,10,56088,233.700000,polystyrene tube 1,3,-1.008997,2.376281,9.213478,-0.022702,0.408526,0.027020,0,0,0,0,0
20260730_044546_990042_seed42,10,56096,233.733333,polystyrene tube 1,3,-1.009678,2.389756,9.213720,-0.023743,0.400375,-0.003957,0,0,0,0,0
20260730_044546_990042_seed42,10,56104,233.766667,polystyrene tube 1,3,-1.010409,2.403042,9.213603,-0.018866,0.394015,0.021536,0,0,0,0,0
20260730_044546_990042_seed42,10,56112,233.800000,polystyrene tube 1,3,-1.010850,2.416162,9.213624,-0.007872,0.393697,-0.007773,0,0,0,0,0
20260730_044546_990042_seed42,10,56120,233.833333,polystyrene tube 1,3,-1.010801,2.429258,9.213625,0.001796,0.391203,0.020097,0,0,0,0,0
20260730_044546_990042_seed42,10,56128,233.866667,polystyrene tube 1,3,-1.010900,2.442180,9.213507,-0.005097,0.385338,-0.005008,0,0,0,0,0
20260730_044546_990042_seed42,10,56136,233.900000,polystyrene tube 1,3,-1.010925,2.454871,9.213610,0.001964,0.377754,0.021427,0,0,0,0,0
20260730_044546_990042_seed42,10,56144,233.933333,polystyrene tube 1,3,-1.011047,2.467335,9.213440,-0.001212,0.371577,-0.027789,0,0,0,0,0
20260730_044546_990042_seed42,10,56152,233.966667,polystyrene tube 1,3,-1.011071,2.479571,9.213696,0.000530,0.363518,0.000350,0,0,0,0,0
20260730_044546_990042_seed42,10,56160,234.000000,polystyrene tube 1,3,-1.011150,2.491587,9.213548,-0.005924,0.357521,-0.016656,0,0,0,0,0
20260730_044546_990042_seed42,10,56168,234.033333,polystyrene tube 1,3,-1.011190,2.503397,9.213695,0.001606,0.351073,0.011230,0,0,0,0,0
20260730_044546_990042_seed42,10,56176,234.066667,polystyrene tube 1,3,-1.011287,2.514975,9.213572,-0.011251,0.343581,-0.005797,0,0,0,0,0
20260730_044546_990042_seed42,10,56184,234.100000,polystyrene tube 1,3,-1.011287,2.526341,9.213508,0.005557,0.338401,-0.001500,0,0,0,0,0
20260730_044546_990042_seed42,10,56192,234.133333,polystyrene tube 1,3,-1.011352,2.537469,9.213625,-0.003822,0.330906,-0.015127,0,0,0,0,0
20260730_044546_990042_seed42,10,56200,234.166667,polystyrene tube 1,3,-1.011466,2.548388,9.213579,0.004560,0.324453,0.013099,0,0,0,0,0
20260730_044546_990042_seed42,10,56208,234.200000,polystyrene tube 1,3,-1.011480,2.559084,9.213692,-0.005697,0.317032,0.002121,0,0,0,0,0
20260730_044546_990042_seed42,10,56216,234.233333,polystyrene tube 1,3,-1.011576,2.569576,9.213273,-0.002055,0.311863,0.032863,0,0,0,0,0
20260730_044546_990042_seed42,10,56224,234.266667,polystyrene tube 1,3,-1.011541,2.579859,9.213707,0.004345,0.305909,-0.003044,0,0,0,0,0
20260730_044546_990042_seed42,10,56232,234.300000,polystyrene tube 1,3,-1.011673,2.589941,9.213526,-0.004935,0.299765,-0.011810,0,0,0,0,0
20260730_044546_990042_seed42,10,56240,234.333333,polystyrene tube 1,3,-1.011650,2.599863,9.213625,-0.006870,0.293698,0.016688,0,0,0,0,0
20260730_044546_990042_seed42,10,56248,234.366667,polystyrene tube 1,3,-1.011673,2.609535,9.213639,0.002572,0.288182,-0.013344,0,0,0,0,0
20260730_044546_990042_seed42,10,56256,234.400000,polystyrene tube 1,3,-1.011814,2.619049,9.213474,0.002920,0.282681,0.016708,0,0,0,0,0
20260730_044546_990042_seed42,10,56264,234.433333,polystyrene tube 1,3,-1.011731,2.628385,9.213696,-0.006964,0.276443,0.009441,0,0,0,0,0
20260730_044546_990042_seed42,10,56272,234.466667,polystyrene tube 1,3,-1.011826,2.637481,9.213535,0.000169,0.271458,-0.017481,0,0,0,0,0
20260730_044546_990042_seed42,10,56280,234.500000,polystyrene tube 1,3,-1.011866,2.646427,9.213623,0.000820,0.264766,0.011759,0,0,0,0,0
20260730_044546_990042_seed42,10,56288,234.533333,polystyrene tube 1,3,-1.011782,2.655180,9.213647,-0.001321,0.260848,0.006694,0,0,0,0,0
20260730_044546_990042_seed42,10,56296,234.566667,polystyrene tube 1,3,-1.011943,2.663738,9.213448,-0.002472,0.255249,-0.017034,0,0,0,0,0
20260730_044546_990042_seed42,10,56304,234.600000,polystyrene tube 1,3,-1.011906,2.672192,9.213662,-0.001840,0.249478,0.010950,0,0,0,0,0
20260730_044546_990042_seed42,10,56312,234.633333,polystyrene tube 1,3,-1.011912,2.680386,9.213660,0.001559,0.243882,-0.009761,0,0,0,0,0
20260730_044546_990042_seed42,10,56320,234.666667,polystyrene tube 1,3,-1.012032,2.688454,9.213437,-0.005460,0.239893,-0.011805,0,0,0,0,0
20260730_044546_990042_seed42,10,56328,234.700000,polystyrene tube 1,3,-1.011947,2.696391,9.213530,0.005658,0.236743,-0.001247,0,0,0,0,0
20260730_044546_990042_seed42,10,56336,234.733333,polystyrene tube 1,3,-1.012014,2.704116,9.213731,-0.001874,0.227997,-0.003270,0,0,0,0,0
20260730_044546_990042_seed42,10,56344,234.766667,polystyrene tube 1,3,-1.012045,2.711687,9.213370,-0.005332,0.227199,-0.003479,0,0,0,0,0
20260730_044546_990042_seed42,10,56352,234.800000,polystyrene tube 1,3,-1.012077,2.719155,9.213633,0.001163,0.220418,0.006388,0,0,0,0,0
20260730_044546_990042_seed42,10,56360,234.833333,polystyrene tube 1,3,-1.012041,2.726424,9.213675,-0.002458,0.215818,0.005920,0,0,0,0,0
20260730_044546_990042_seed42,10,56368,234.866667,polystyrene tube 1,3,-1.012132,2.733504,9.213582,-0.002555,0.210212,-0.010401,0,0,0,0,0
20260730_044546_990042_seed42,10,56376,234.900000,polystyrene tube 1,3,-1.012139,2.740528,9.213435,0.000207,0.209864,0.017709,0,0,0,0,0
20260730_044546_990042_seed42,10,56384,234.933333,polystyrene tube 1,3,-1.012136,2.747362,9.213726,-0.000166,0.200787,0.001549,0,0,0,0,0
20260730_044546_990042_seed42,10,56392,234.966667,polystyrene tube 1,3,-1.012137,2.754007,9.213611,-0.004591,0.198298,0.002564,0,0,0,0,0
20260730_044546_990042_seed42,10,56400,235.000000,polystyrene tube 1,3,-1.012241,2.760542,9.213445,-0.003763,0.194473,-0.011755,0,0,0,0,0
20260730_044546_990042_seed42,10,56408,235.033333,polystyrene tube 1,3,-1.012178,2.766988,9.213529,0.000091,0.191771,0.014270,0,0,0,0,0
20260730_044546_990042_seed42,10,56416,235.066667,polystyrene tube 1,3,-1.012189,2.818571,9.245170,-0.000000,0.999833,-0.040873,0,0,0,0,0
20260730_044546_990042_seed42,10,56424,235.100000,polystyrene tube 1,3,-1.012189,2.885233,9.245170,-0.000000,0.999833,-0.040873,0,0,0,0,0
20260730_044546_990042_seed42,10,56432,235.133333,polystyrene tube 1,3,-1.012189,2.951896,9.245170,-0.000000,0.999833,-0.040873,0,0,0,0,0
20260730_044546_990042_seed42,10,56440,235.166667,polystyrene tube 1,3,-1.012189,3.018558,9.245170,-0.000000,0.999833,-0.040873,0,0,0,0,0
20260730_044546_990042_seed42,10,56448,235.200000,polystyrene tube 1,3,-1.012189,3.085221,9.245170,-0.000000,0.999833,-0.040873,0,0,0,0,0
20260730_044546_990042_seed42,10,56456,235.233333,polystyrene tube 1,3,-1.012189,3.151883,9.245170,-0.000000,0.999833,-0.040873,0,0,0,0,0
20260730_044546_990042_seed42,10,56464,235.266667,polystyrene tube 1,3,-1.012189,3.218546,9.245170,-0.000000,0.999833,-0.040873,0,0,0,0,0
20260730_044546_990042_seed42,10,56472,235.300000,polystyrene tube 1,3,-1.012189,3.285208,9.245170,-0.000000,0.999833,-0.040873,0,0,0,0,0
20260730_044546_990042_seed42,10,56480,235.333333,polystyrene tube 1,3,-1.012189,3.351871,9.245170,-0.000000,0.999833,-0.040873,0,0,0,0,0
20260730_044546_990042_seed42,10,56488,235.366667,polystyrene tube 1,3,-1.012189,3.418533,9.245170,-0.000000,0.999833,-0.040873,0,0,0,0,0
20260730_044546_990042_seed42,10,56496,235.400000,polystyrene tube 1,3,-1.012189,3.485196,9.245170,-0.000000,0.999833,-0.040873,0,0,0,0,0
20260730_044546_990042_seed42,10,56504,235.433333,polystyrene tube 1,3,-1.012189,3.551858,9.245170,-0.000000,0.999833,-0.040873,0,0,0,0,0
20260730_044546_990042_seed42,10,56512,235.466667,polystyrene tube 1,3,-1.012189,3.618521,9.245170,-0.000000,0.999833,-0.040873,0,0,0,0,0
20260730_044546_990042_seed42,10,56520,235.500000,polystyrene tube 1,3,-1.012189,3.685183,9.245170,-0.000000,0.999833,-0.040873,0,0,0,0,0
20260730_044546_990042_seed42,10,56528,235.533333,polystyrene tube 1,3,-1.012189,3.751846,9.245170,-0.000000,0.999833,-0.040873,0,0,0,0,0
20260730_044546_990042_seed42,10,56536,235.566667,polystyrene tube 1,3,-1.012189,3.818508,9.245170,-0.000000,0.999833,-0.040873,0,0,0,0,0
20260730_044546_990042_seed42,10,56544,235.600000,polystyrene tube 1,3,-1.012189,3.885171,9.245170,-0.000000,0.999833,-0.040873,0,0,0,0,0
20260730_044546_990042_seed42,10,56552,235.633333,polystyrene tube 1,3,-1.012189,3.951833,9.245170,-0.000000,0.999833,-0.040873,0,0,0,0,0
20260730_044546_990042_seed42,10,56560,235.666667,polystyrene tube 1,3,-1.012189,4.018496,9.245170,-0.000000,0.999833,-0.040873,0,0,0,0,0
20260730_044546_990042_seed42,10,56568,235.700000,polystyrene tube 1,3,-1.012189,4.085158,9.245170,-0.000000,0.999833,-0.040873,0,0,0,0,0
20260730_044546_990042_seed42,10,56576,235.733333,polystyrene tube 1,3,-1.012189,4.151821,9.245170,-0.000000,0.999833,-0.040873,0,0,0,0,0
20260730_044546_990042_seed42,10,56584,235.766667,polystyrene tube 1,3,-1.012189,4.218483,9.245170,-0.000000,0.999833,-0.040873,0,0,0,0,0
20260730_044546_990042_seed42,10,56592,235.800000,polystyrene tube 1,3,-1.012189,4.285146,9.245170,-0.000000,0.999833,-0.040873,0,0,0,0,0
20260730_044546_990042_seed42,10,56600,235.833333,polystyrene tube 1,3,-1.012189,4.351808,9.245170,-0.000000,0.999833,-0.040873,0,0,0,0,0
20260730_044546_990042_seed42,10,56608,235.866667,polystyrene tube 1,3,-1.012189,4.418471,9.245170,-0.000000,0.999833,-0.040873,0,0,0,0,0
20260730_044546_990042_seed42,10,56616,235.900000,polystyrene tube 1,3,-1.012189,4.485133,9.245170,-0.000000,0.999833,-0.040873,0,0,0,0,0
20260730_044546_990042_seed42,10,56624,235.933333,polystyrene tube 1,3,-1.012189,4.551796,9.245170,-0.000000,0.999833,-0.040873,0,0,0,0,0
20260730_044546_990042_seed42,10,56632,235.966667,polystyrene tube 1,3,-1.012189,4.618458,9.245170,-0.000000,0.999833,-0.040873,0,0,0,0,0
20260730_044546_990042_seed42,10,56640,236.000000,polystyrene tube 1,3,-1.012189,4.685121,9.245170,-0.000000,0.999833,-0.040873,0,0,0,0,0
20260730_044546_990042_seed42,10,56648,236.033333,polystyrene tube 1,3,-1.012189,4.751783,9.245170,-0.000000,0.999833,-0.040873,0,0,0,0,0
20260730_044546_990042_seed42,11,61400,255.833333,polystyrene tube 1,3,-1.836359,1.170526,9.246919,0.387061,0.999326,0.173207,0,0,0,0,0
20260730_044546_990042_seed42,11,61408,255.866667,polystyrene tube 1,3,-1.809810,1.203811,9.258756,1.153381,0.997797,0.511371,0,0,0,0,0
20260730_044546_990042_seed42,11,61416,255.900000,polystyrene tube 1,3,-1.758839,1.237028,9.281959,1.846894,0.995331,0.846046,0,0,0,0,0
20260730_044546_990042_seed42,11,61424,255.933333,polystyrene tube 1,3,-1.686517,1.270162,9.314250,2.433617,0.992811,1.059845,0,0,0,0,0
20260730_044546_990042_seed42,11,61432,255.966667,polystyrene tube 1,3,-1.603544,1.303205,9.346425,2.483303,0.989950,0.838396,0,0,0,0,0
20260730_044546_990042_seed42,11,61440,256.000000,polystyrene tube 1,3,-1.521187,1.336154,9.369588,2.458140,0.987132,0.569277,0,0,0,0,0
20260730_044546_990042_seed42,11,61448,256.033333,polystyrene tube 1,3,-1.439811,1.369009,9.383887,2.425543,0.984387,0.305927,0,0,0,0,0
20260730_044546_990042_seed42,11,61456,256.066667,polystyrene tube 1,3,-1.359602,1.401775,9.389480,2.388868,0.981729,0.046342,0,0,0,0,0
20260730_044546_990042_seed42,11,61464,256.100000,polystyrene tube 1,3,-1.280636,1.434453,9.386449,2.351621,0.979158,-0.212144,0,0,0,0,0
20260730_044546_990042_seed42,11,61472,256.133333,polystyrene tube 1,3,-1.202869,1.467047,9.374780,2.317309,0.976652,-0.472181,0,0,0,0,0
20260730_044546_990042_seed42,11,61480,256.166667,polystyrene tube 1,3,-1.126144,1.499558,9.354383,2.289279,0.974158,-0.735857,0,0,0,0,0
20260730_044546_990042_seed42,11,61488,256.200000,polystyrene tube 1,3,-1.049882,1.531985,9.324319,2.289351,0.971601,-1.054505,0,0,0,0,0
20260730_044546_990042_seed42,11,61496,256.233333,polystyrene tube 1,3,-1.000138,1.562168,9.290535,-0.097283,0.721011,-0.591010,1,0,0,0,0
20260730_044546_990042_seed42,11,61504,256.266667,polystyrene tube 1,3,-1.006551,1.586199,9.268898,-0.202432,0.720745,-0.761072,1,0,0,0,0
20260730_044546_990042_seed42,11,61512,256.300000,polystyrene tube 1,3,-1.013129,1.610161,9.239128,-0.190766,0.717702,-1.009078,1,0,0,0,0
20260730_044546_990042_seed42,11,61520,256.333333,polystyrene tube 1,3,-1.016366,1.632243,9.220212,-0.009715,0.601294,-0.020483,1,0,0,0,0
20260730_044546_990042_seed42,11,61528,256.366667,polystyrene tube 1,3,-1.016317,1.651951,9.220620,0.002632,0.587812,-0.010235,1,0,0,0,0
20260730_044546_990042_seed42,11,61536,256.400000,polystyrene tube 1,3,-1.016293,1.671414,9.220476,0.006265,0.579979,0.012085,1,0,0,0,0
20260730_044546_990042_seed42,11,61544,256.433333,polystyrene tube 1,3,-1.016292,1.690743,9.220100,-0.000623,0.579277,-0.040781,1,0,0,0,0
20260730_044546_990042_seed42,11,61552,256.466667,polystyrene tube 1,3,-1.016157,1.709899,9.220344,0.004695,0.574179,-0.018517,1,0,0,0,0
20260730_044546_990042_seed42,11,61560,256.500000,polystyrene tube 1,3,-1.016009,1.729103,9.219895,0.013427,0.576069,-0.007756,1,0,0,0,0
20260730_044546_990042_seed42,11,61568,256.533333,polystyrene tube 1,3,-1.015542,1.748778,9.218863,0.017136,0.601388,-0.062041,3,0,0,0,0
20260730_044546_990042_seed42,11,61576,256.566667,polystyrene tube 1,3,-1.015343,1.767827,9.218527,0.006785,0.477598,-0.013751,4,0,0,0,0
20260730_044546_990042_seed42,11,61584,256.600000,polystyrene tube 1,3,-1.015163,1.782917,9.217283,0.005661,0.464069,0.029990,4,0,0,0,0
20260730_044546_990042_seed42,11,61592,256.633333,polystyrene tube 1,3,-1.014867,1.798447,9.216705,0.010040,0.456470,-0.043743,4,0,0,0,0
20260730_044546_990042_seed42,11,61600,256.666667,polystyrene tube 1,3,-1.014795,1.812511,9.216083,0.005900,0.412456,0.017516,4,0,0,0,0
20260730_044546_990042_seed42,11,61608,256.700000,polystyrene tube 1,3,-1.014628,1.826261,9.215739,0.005703,0.406735,-0.035808,3,0,0,0,0
20260730_044546_990042_seed42,11,61616,256.733333,polystyrene tube 1,3,-1.014311,1.839814,9.214175,0.017322,0.410591,-0.034762,4,0,0,0,0
20260730_044546_990042_seed42,11,61624,256.766667,polystyrene tube 1,3,-1.014145,1.853414,9.213639,-0.001755,0.392856,-0.015944,4,0,0,0,0
20260730_044546_990042_seed42,11,61632,256.800000,polystyrene tube 1,3,-1.014166,1.866182,9.213643,0.003592,0.375635,0.009152,4,0,0,0,0
20260730_044546_990042_seed42,11,61640,256.833333,polystyrene tube 1,3,-1.014182,1.878514,9.213633,-0.002879,0.366763,-0.013407,4,0,0,0,0
20260730_044546_990042_seed42,11,61648,256.866667,polystyrene tube 1,3,-1.014169,1.890390,9.213681,0.001952,0.347203,0.012840,4,0,0,0,0
20260730_044546_990042_seed42,11,61656,256.900000,polystyrene tube 1,3,-1.014173,1.901835,9.213616,-0.004601,0.340832,-0.004010,4,0,0,0,0
20260730_044546_990042_seed42,11,61664,256.933333,polystyrene tube 1,3,-1.014143,1.912886,9.213506,0.005923,0.320077,-0.000411,4,0,0,0,0
20260730_044546_990042_seed42,11,61672,256.966667,polystyrene tube 1,3,-1.014151,1.923346,9.213681,-0.000193,0.309584,-0.012299,4,0,0,0,0
