#{"t_start": 1785736643.2448115, "env_id": "None"}
r,l,t
37.940801,10,2.935802
-8.06301,5,3.07881
-12.273946,4,3.471753
-8.299767,6,3.628703
-9.847202,5,3.688974
58.675378,6,3.781222
-12.149526,4,3.851956
-12.349801,4,3.920812
-14.304143,3,4.172783
-14.500948,3,4.406633
28.214755,12,4.48488
-14.255227,3,4.658293
53.183077,4,4.909153
50.561001,3,5.072581
57.413096,5,5.197342
-15.366044,3,5.493211
-13.477149,3,5.574431
-14.502954,3,5.658341
52.411311,4,5.779201
-14.473952,3,6.050291
-14.506694,3,6.135591
-8.889606,6,6.271884
-14.492845,3,6.379716
-11.685919,4,6.661193
-14.46349,3,6.752482
-12.015991,4,6.838162
57.761251,7,7.038225
57.06679,5,7.111351
-14.674037,3,7.179452
-12.06419,4,7.245618
-5.926778,6,7.323458
-14.583037,3,7.607482
50.408569,8,7.87423
-13.80021,8,8.007154
44.969287,9,8.107839
55.343923,7,8.25435
-8.937638,5,8.541631
-14.721596,3,8.598465
56.34913,5,8.942967
57.322849,5,9.070246
31.059234,11,9.260045
-11.484373,4,9.318219
58.278779,6,9.425129
-14.504845,3,9.548276
51.514557,3,9.669638
-8.24323,6,10.210514
-13.495262,3,10.506928
-14.496791,3,10.717517
-13.485943,3,10.977504
56.924371,5,11.056932
-12.272134,4,11.164349
56.284382,5,11.285328
-15.518858,3,11.379753
-15.77277,8,11.453038
-14.609098,3,11.516723
-7.738653,5,11.765085
-7.237361,7,11.885137
50.492251,3,12.205547
-14.166167,3,12.628962
52.28577,4,12.715959
-13.625451,3,12.796704
-15.477423,3,13.049838
-13.482237,3,13.271315
-11.815206,4,13.678397
52.343792,4,14.028529
-13.48767,3,14.243459
53.360935,4,14.596682
-13.723538,3,14.669062
-9.959013,7,14.976832
-12.467439,4,15.048109
-14.524877,3,15.120824
-7.24457,7,15.200613
-13.476791,3,15.304947
53.389556,4,15.681324
-13.476791,3,15.996698
-15.297166,3,16.076323
-13.570713,3,16.261353
54.207992,4,16.504593
55.974295,5,16.714704
-14.339902,3,16.776255
-13.499186,3,16.852993
-11.192511,4,16.978119
-12.321292,4,17.072606
53.193952,4,17.289827
-14.259704,3,17.568613
-6.57286,6,17.612407
-15.477888,3,17.673479
57.942286,5,17.853437
-14.375588,3,17.909232
-14.75127,3,17.964461
-14.363649,3,18.207994
53.396889,4,18.305613
-14.170748,3,18.380773
-7.903846,5,18.643244
-15.467836,3,18.70962
-13.496346,3,18.833544
-11.566387,4,18.891993
-12.219611,4,19.3315
43.952897,9,19.469943
-8.812294,6,19.622247
56.925649,5,19.75463
58.182475,6,19.862632
54.209198,4,20.130853
50.902094,3,20.571402
-11.972278,4,20.662689
-13.481274,3,20.876827
-38.440697,13,20.969243
-19.041725,9,21.063403
53.447142,4,21.136627
-14.846821,3,21.414465
53.189375,4,21.578742
-13.72551,3,21.634852
-14.666209,3,21.688944
50.519835,3,22.077931
56.663932,5,22.25625
-13.488774,3,22.310804
-13.363511,4,22.394889
50.491561,3,22.769936
54.200087,4,22.994658
56.440949,5,23.092273
-7.441715,6,23.246564
56.235625,7,23.313212
-13.516582,3,23.390303
-13.489402,3,23.642599
-8.530171,5,23.707427
54.444613,7,23.936945
-15.169513,3,24.152921
-14.575673,3,24.229523
-12.161695,4,24.667869
-14.729351,3,24.725426
-12.905497,4,24.780473
27.562713,12,25.052619
-14.490754,3,25.107761
-11.944686,4,25.407228
-9.134532,5,25.726267
53.187767,4,25.938234
50.837173,3,26.362524
-9.182515,7,26.515339
-9.022817,5,26.665263
53.534552,4,26.922055
57.155259,5,27.028874
53.067325,4,27.376675
-12.801202,8,27.414925
-13.53283,3,27.509747
-12.433874,4,27.582423
-13.486812,3,27.796827
-13.140199,4,28.115874
53.444967,4,28.342943
57.530151,5,28.689312
58.377828,6,28.813284
-14.509873,3,28.879841
52.022034,4,29.119983
-14.395406,3,29.239091
-14.384682,3,29.341426
27.492808,12,29.467152
-12.371832,4,29.620451
50.105695,8,30.002484
-5.926507,6,30.046946
54.210582,4,30.253845
-12.393558,4,30.482894
57.568175,6,30.823687
54.199683,4,31.061846
53.398161,4,31.312819
-8.933278,5,31.383143
58.080518,6,31.503343
56.928366,5,31.617852
-12.088876,4,31.695024
-8.319759,6,31.774805
-15.29569,3,31.835752
-14.498155,3,32.152566
55.254239,7,32.50915
-13.7016,3,32.584708
54.207253,4,32.819985
-12.205317,4,32.927985
-13.746391,3,32.984897
56.921677,5,33.217074
57.087884,5,33.343315
53.157599,4,33.516002
-10.535726,5,33.607439
-12.109752,4,33.873003
55.958851,7,34.263869
-5.93436,6,34.347835
-14.462249,3,34.41611
-14.491639,3,34.503618
-11.005468,7,34.768433
-7.939943,6,34.91642
-15.253008,3,34.977818
-11.681189,4,35.260651
53.175151,4,35.366683
57.768386,7,35.441134
-13.480083,3,35.573629
-7.294813,6,35.869244
-37.10727,12,35.973356
-14.608141,3,36.052039
56.224594,7,36.328593
-12.56414,4,36.386184
-8.281615,6,36.661565
-13.542276,3,36.879027
56.940303,5,37.13207
-14.576854,3,37.220047
-13.189705,4,37.275796
-8.348929,6,37.578117
-13.648301,3,37.660771
53.286062,4,37.91964
-13.485863,3,38.179464
53.188619,4,38.333158
-14.610266,3,38.41837
-11.139575,4,38.552827
-8.74194,6,38.685779
-9.214841,5,38.7717
56.227546,7,38.84078
-13.476791,3,39.29064
-14.505407,3,39.347438
-13.731168,3,39.415153
-13.480838,3,39.691701
-14.2491,3,39.770465
-12.499474,4,39.89611
57.956955,5,40.002318
-14.436171,3,40.087676
-13.533585,3,40.179312
-14.612588,3,40.2481
58.073172,6,40.513485
58.71646,6,40.60927
35.904557,10,40.685418
57.228326,5,40.875158
56.949003,6,41.185095
56.457266,7,41.305661
-14.407734,3,41.373355
-12.51747,4,41.432789
54.199938,4,41.548261
52.536434,4,41.765013
56.340171,6,41.990102
-11.814354,4,42.323485
-15.093624,3,42.760643
-21.263937,9,43.066027
-14.504591,3,43.206209
56.925297,5,43.472125
56.961964,7,43.600357
-12.779458,4,43.73151
-14.746857,3,43.783464
-12.389222,4,43.846198
-11.392599,4,43.940959
-12.172825,4,44.235121
-9.251584,6,44.31728
-27.099374,10,44.348325
-11.939496,4,44.420508
-7.551545,6,44.455809
-14.786183,3,44.499049
-13.476791,3,44.552673
-15.297481,3,44.690476
57.958724,5,44.731558
-14.439438,3,44.777026
53.545496,4,44.96631
-8.250909,6,45.061431
-11.254917,4,45.115146
54.203294,4,45.348111
57.284435,5,45.56697
52.802338,4,45.702621
-14.488536,3,45.740695
-9.20795,5,45.794095
-9.054686,6,45.841808
-13.484664,3,45.879376
-14.314757,3,46.049119
-14.969684,3,46.10611
-13.649351,3,46.14374
-14.502836,3,46.313816
-14.569482,3,46.352564
-15.526368,8,46.441401
50.95581,8,46.506319
-14.673476,3,46.55361
-13.69398,3,46.600054
-9.89564,5,46.661319
-7.4961,6,46.750388
54.193112,4,46.955806
-8.417731,6,47.236004
59.087894,6,47.310139
50.822461,3,47.45104
56.751348,7,47.571471
-13.505514,3,47.610534
-14.726646,3,47.64554
-40.361498,16,47.686593
-14.437763,3,47.818463
-12.753742,8,48.122321
-14.18608,3,48.165481
-14.504599,3,48.202526
55.98323,7,48.26303
-11.944493,4,48.306611
53.327859,4,48.379346
53.558457,4,48.517853
-14.50594,3,48.555012
54.194044,4,48.630144
-8.188216,5,48.673802
-13.646622,3,48.713916
56.408672,5,48.797787
-7.950188,5,48.931367
-14.472895,3,48.97506
-12.411272,4,49.022652
-11.653434,7,49.103824
-14.666422,3,49.27422
-14.724575,3,49.310863
-9.258453,5,49.617541
57.14415,5,49.778205
-14.391785,3,49.948199
51.508256,3,50.215263
57.109958,5,50.28888
-15.521939,3,50.33334
-14.642748,3,50.369772
-14.256635,3,50.424402
53.227234,4,50.570269
54.206087,4,50.675977
57.216131,5,50.724288
-14.477483,3,50.79849
49.474182,3,50.899653
-14.732124,3,50.935214
-14.260878,3,51.07284
-12.191246,4,51.29862
-13.487264,3,51.48811
51.27461,8,51.53405
-11.45511,4,51.602739
-11.509691,4,51.64696
-12.662594,4,51.729806
-14.232707,3,51.782109
-8.222971,5,51.829884
-9.0654,7,51.90739
-12.189891,4,52.088006
-39.522095,17,52.102084
-13.744994,3,52.13763
57.94819,5,52.251541
-13.49245,3,52.366283
55.994738,5,52.506551
50.687978,3,52.59418
-14.311076,3,52.643767
-10.024194,7,52.721806
-12.530669,4,53.032394
-14.469987,3,53.074513
56.284424,5,53.123224
56.937604,5,53.205194
44.93206,9,53.257442
58.025082,6,53.367795
-14.219336,3,53.459749
-14.496791,3,53.513006
-8.948836,6,53.561519
29.399823,11,53.643032
-13.500037,3,53.819315
55.629536,5,53.879118
-14.277187,3,53.932827
57.93845,5,53.981432
-8.073299,5,54.028179
-19.040741,9,54.206246
-11.556515,4,54.251361
-5.917644,6,54.334485
-13.494422,3,54.470715
-14.497534,3,54.527931
-14.413826,3,54.580393
43.946978,9,54.700529
50.491293,3,54.859748
56.982048,7,55.027066
-7.539306,6,55.101894
-14.787339,3,55.140005
-15.474918,3,55.28299
-14.122046,3,55.335462
-15.444316,3,55.420295
-13.739704,3,55.459736
56.933361,5,55.580251
-13.097889,4,55.637076
-13.689313,3,55.685236
-14.201854,3,55.730023
-15.742637,8,55.788608
-12.446092,4,55.832971
-13.495565,3,56.12121
-12.921678,4,56.178373
-13.668461,3,56.213912
-14.634632,3,56.250641
-14.256654,3,56.30446
-8.31715,6,56.483827
-15.44229,3,56.521389
56.61868,5,56.598152
-13.790527,3,56.641794
-12.280304,4,56.703626
-15.614238,3,56.746194
-14.618716,3,56.788696
-13.503267,3,56.825409
-13.528742,3,56.90005
-12.907579,4,56.982853
-14.336998,3,57.017906
-14.505699,3,57.19574
-13.484092,3,57.488787
59.069992,6,57.534142
-12.104932,4,57.836433
-5.924197,6,57.948855
-14.323129,3,57.985417
-15.230581,3,58.036222
53.18828,4,58.196657
55.453565,5,58.347692
54.196148,4,58.508061
31.089239,11,58.63667
-12.019951,4,58.693408
57.086103,7,58.736517
-14.652488,3,58.798373
56.979475,7,58.858608
57.753302,7,58.958619
-14.918107,3,59.002688
-14.405584,3,59.039086
-22.771295,9,59.217575
-13.486863,3,59.262428
54.206469,4,59.376316
-14.59224,3,59.554375
51.516097,3,59.806039
53.54489,4,59.956873
-8.459387,5,60.001493
-14.673144,3,60.045563
-8.62085,5,60.12289
-12.569956,4,60.15995
53.189107,4,60.371065
-14.138369,3,60.545675
-11.578326,4,60.843613
-14.670958,3,60.879116
-14.499241,3,61.015699
58.221378,6,61.067286
-14.722064,3,61.111431
-12.68874,8,61.140985
49.852176,3,61.229044
57.94274,5,61.270806
-14.43652,3,61.30674
-7.691938,6,61.332644
-13.680046,3,61.369194
57.243097,5,61.441097
-12.782691,4,61.493804
-14.647377,3,61.538867
54.20355,4,61.689385
-13.722817,3,61.733948
-15.316496,3,61.911637
53.453544,4,62.052569
53.170335,4,62.223039
49.547403,3,62.318615
57.957227,5,62.446822
-13.55594,3,62.489882
-11.439131,4,62.550748
-12.564332,4,62.586806
-12.117542,4,62.642944
-15.747014,3,62.686996
50.850813,3,62.868695
-13.506082,3,62.930778
-11.179476,4,63.076259
-15.191185,3,63.128894
56.486981,6,63.207523
-14.496791,3,63.243393
-11.863288,4,63.325749
53.196439,4,63.402892
-13.48711,3,63.485681
-12.202397,4,63.525498
53.091524,4,63.674222
-9.127938,5,63.712282
-13.411075,4,63.757886
-14.681868,3,63.926036
-8.451696,5,64.022691
-11.3773,4,64.922378
-14.594313,3,65.01773
57.522139,5,65.109139
52.097785,4,65.321627
50.61651,3,65.587096
57.319599,5,65.663268
-13.52293,3,65.708869
-14.500901,3,65.901531
-12.604496,4,66.063833
-14.505345,3,66.121208
-9.450462,6,66.368158
54.862748,7,66.516393
56.313072,7,66.693815
51.648801,8,66.903506
-14.257827,3,66.957376
-13.571572,3,67.038645
-22.455864,9,67.122783
-11.375919,4,67.19398
37.053166,10,67.356226
59.085105,6,67.430268
-11.985949,4,67.57728
53.259143,4,67.719233
-14.496791,3,67.801865
57.323703,5,67.876529
56.022492,5,68.083525
56.936306,5,68.135581
-11.808019,4,68.224346
-16.637566,8,68.309505
-12.058001,4,68.508182
50.767413,3,68.782046
-15.738335,3,68.817534
-10.901299,4,68.902336
51.610082,8,69.027442
54.216049,4,69.19409
-13.491198,3,69.348172
56.778582,5,69.485849
-15.516791,3,69.597939
-12.427614,4,69.638658
-13.725819,3,69.67438
-14.507369,3,69.812868
57.680077,6,69.872998
53.32217,4,69.934307
-13.495196,3,69.989576
54.202388,4,70.049642
-11.235111,4,70.109678
56.281211,5,70.314198
56.935333,5,70.429314
-15.247132,3,70.613821
-15.252748,3,70.65852
54.082759,4,70.872314
-15.143177,3,70.925692
-14.228335,3,71.003476
-14.688624,3,71.047254
-14.499038,3,71.21835
-7.097407,5,71.577725
-8.541329,6,71.615879
-14.349154,3,71.661491
-14.459187,3,71.793788
-14.708368,3,71.837966
-14.447994,3,72.017352
-15.421372,3,72.279657
-11.552439,4,72.321741
57.084095,5,72.501913
-8.335321,5,72.683976
-13.742883,3,72.721061
-15.415449,3,72.764266
-8.378434,6,72.981631
-11.997131,4,73.022928
57.476115,6,73.081507
-14.317123,3,73.121815
51.519304,3,73.221444
53.973986,4,73.455926
-13.488295,3,73.491703
-15.381906,3,73.52805
-10.393987,5,73.575767
-14.129269,3,73.712016
58.071633,6,73.760073
52.992686,4,73.845583
-14.394296,3,73.890627
-8.948252,5,73.961974
-14.379873,3,74.238438
-13.609582,3,74.364112
-11.807033,8,74.392047
50.511562,8,74.503991
-11.910605,4,74.696191
-14.684741,3,74.736361
-40.025651,15,74.784985
57.762999,7,74.833763
-12.175674,4,74.874254
53.577549,4,75.075829
50.503209,3,75.357831
53.589892,4,75.552387
-14.943741,3,75.834835
-9.592416,5,75.882334
56.419726,5,76.052471
52.507927,8,76.101381
-13.400699,4,76.139951
45.95389,9,76.217631
31.053895,11,76.309643
57.946861,5,76.382431
-13.756183,3,76.421345
-14.4854,3,76.465885
51.692484,8,76.591804
-12.380279,4,76.634168
-14.718443,3,76.672684
53.222943,4,76.896577
-14.312645,3,76.944016
56.123117,7,76.982288
-14.372391,3,77.02565
-13.482993,3,77.09211
52.958847,4,77.346782
-14.313287,3,77.436751
-13.601334,3,77.477547
-8.251676,7,77.509277
53.233073,4,77.77199
57.060127,6,77.847834
-14.495989,3,77.892407
-5.9435,6,77.932291
57.140276,5,77.990689
-14.589169,8,78.068542
-13.476791,3,78.211279
-14.661239,3,78.246791
55.981133,7,78.318868
-15.312687,3,78.499458
-14.793975,3,78.536299
-15.062709,3,78.591843
-11.57081,4,78.637436
-14.300562,3,78.920398
-12.539567,4,79.011644
-14.536017,3,79.243272
57.774196,7,79.524989
-14.106612,3,79.606168
-12.063308,4,79.677949
-11.484788,4,79.729923
-13.794515,3,79.766833
-14.115066,3,79.951337
-14.243229,3,79.989411
57.630192,6,80.221526
57.165728,6,80.338814
-12.940563,4,80.400178
-7.798614,5,80.604173
-14.752106,3,80.650367
-13.486363,3,80.699724
-14.418605,3,80.877859
-11.359045,4,80.977793
-14.505741,3,81.027876
-14.735918,3,81.064587
53.187681,4,81.212638
51.502863,3,81.413042
-14.232778,3,81.559824
57.337377,5,81.713962
-14.72095,3,81.750132
-15.040303,3,81.792744
-38.745789,12,81.846128
59.024435,6,81.89368
54.129916,4,82.03441
-14.54173,3,82.071182
-14.469889,3,82.14498
55.781695,7,82.274785
-14.549409,3,82.459445
57.752723,7,82.504088
-13.486718,3,82.56933
-14.600888,3,82.622689
53.385679,4,82.793287
49.842664,3,82.988505
-13.532568,3,83.058918
-12.675577,4,83.116272
-14.364441,3,83.154225
-13.496926,3,83.211687
-14.619569,3,83.339723
-14.771003,3,83.377029
-14.505874,3,83.413815
55.524045,6,83.602043
-12.82823,8,83.712856
50.498395,3,83.983769
36.627583,10,84.395791
-14.673752,3,84.443046
56.629897,6,84.653252
-14.215342,3,84.744901
-12.129162,4,84.791195
52.176439,4,84.864358
-14.628337,3,84.904688
-13.485615,3,85.050822
58.058,6,85.164374
-9.008651,5,85.22876
-11.330984,4,85.294754
45.861148,9,85.519243
-7.682771,6,85.709863
-14.54136,3,85.761756
-12.263101,4,85.959501
57.973614,6,86.117665
56.742234,7,86.169052
-9.451701,6,86.251922
-15.353647,3,86.317739
50.05503,3,86.411331
51.469761,3,86.553941
-15.188258,3,86.623195
-13.717996,3,86.670038
53.281732,4,86.740368
-8.800537,5,86.925918
-13.484955,3,87.102547
-13.749845,3,87.140993
-14.507297,3,87.1941
-9.291728,5,87.290964
-11.518176,4,87.357126
52.819788,4,87.515845
51.514676,3,87.785862
59.075718,6,87.836953
54.204563,4,87.973737
53.135024,4,88.044449
-14.536407,3,88.097752
-9.111225,5,88.364064
-14.570639,3,88.588369
-14.611082,3,88.644456
53.190426,4,88.871926
-10.805151,4,89.18699
-7.808929,5,89.486942
-14.313566,3,89.662705
-13.567422,4,89.698765
51.503707,8,89.759199
-14.811552,3,89.795853
53.55449,4,89.979645
-13.770413,3,90.016996
-9.865563,7,90.155239
43.882465,9,90.349648
-9.930808,6,90.394707
57.773984,7,90.440797
-13.483862,3,90.60846
52.483451,4,90.81695
-13.762308,3,90.860139
53.351294,4,91.106628
-9.51621,5,91.179563
30.088232,11,91.233788
57.31755,5,91.293476
-12.416329,4,91.408644
-11.371782,4,91.50614
56.929188,5,91.577119
-15.366452,3,91.630456
-15.42723,3,91.730443
-13.496751,3,91.90467
-14.276812,3,91.951896
-14.242053,3,91.998577
-13.597564,3,92.077661
-14.317302,3,92.250998
50.839356,3,92.340996
57.121059,5,92.399254
-6.783613,6,92.500109
54.211586,4,92.645973
-14.589149,3,92.696862
-13.680386,3,92.742431
-13.496006,3,92.804762
57.167412,5,93.00303
53.25847,4,93.142393
-8.41603,5,93.259477
-11.298407,4,93.307653
-13.618798,3,93.374018
57.335383,7,93.414186
-13.537976,3,93.47067
-13.433619,8,93.92794
-8.708555,5,93.98511
58.467957,6,94.056666
51.516223,3,94.341817
-14.496791,3,94.382446
-12.573595,8,94.698152
51.577881,8,94.8951
54.184514,4,95.047383
-15.576547,3,95.100115
-8.024655,7,95.249316
-8.268129,5,95.336843
-8.246631,6,95.560925
-14.508501,3,95.628282
-12.989648,4,95.688598
-8.019464,5,95.727852
-10.800665,4,95.820719
-12.268926,4,95.865947
-13.754427,3,95.912388
-8.562059,5,95.973538
-13.591077,3,96.042494
-14.466562,3,96.08892
53.178607,4,96.217298
-8.239776,5,96.287357
37.389086,10,96.425161
55.781838,5,96.501698
-14.407273,3,96.539874
-14.599617,3,96.584458
-10.793395,4,96.897744
56.445317,5,96.961886
-14.504008,3,97.052712
-15.516791,3,97.200987
53.396725,4,97.279423
-19.048596,9,97.345059
-14.734915,3,97.385123
-14.432056,3,97.618277
-14.502502,3,97.676005
-11.092027,4,97.89925
45.951392,9,97.964808
58.364336,6,98.074702
-11.10251,4,98.232619
-12.495016,4,98.270753
57.491688,5,98.530191
57.103793,5,98.662591
-8.580025,5,98.769178
-14.501369,3,98.82823
-13.727939,3,98.864632
59.071794,6,98.908808
-34.823382,11,99.036001
-13.490387,3,99.270562
-9.961688,6,99.416202
-11.900789,4,99.537355
-13.245228,4,99.611439
53.430118,4,99.887222
-13.478409,3,99.969378
-13.492758,3,100.054153
-15.670112,3,100.113523
-14.512136,3,100.198004
-14.479734,3,100.277118
-13.696115,3,100.351579
-13.487445,3,100.68195
-9.134621,5,101.223292
-14.497441,3,101.302037
-14.223756,3,101.435252
-15.789573,3,101.519806
-14.503219,3,101.755407
-14.52591,3,101.824099
-14.725563,3,101.909136
-14.428259,3,101.987583
-8.912289,5,102.075133
-8.628367,5,102.155452
-38.791017,12,102.547383
-14.82422,3,102.629571
44.850445,9,102.7631
56.38297,5,103.099641
57.096858,6,103.325211
-14.356221,3,103.410796
-12.052508,4,103.729525
54.202096,4,104.010298
-14.45902,3,104.068824
-12.10641,4,104.433491
56.947614,5,104.511887
58.003038,6,104.589693
-14.788868,3,104.667367
57.667036,6,104.780227
-13.491062,3,104.865082
-15.196757,8,105.188512
-10.975364,7,105.297121
-13.485387,3,105.590197
53.185989,4,105.7074
57.941397,5,105.844505
-9.095595,5,106.03849
-13.738931,3,106.123697
59.089262,6,106.270873
53.905369,4,106.782998
45.32621,9,107.256542
36.931147,10,107.454714
56.523575,5,107.703349
-14.299543,3,107.969068
-14.618765,3,108.092736
-9.872504,7,108.453556
-13.780791,3,108.544245
-13.713493,3,108.619754
-14.544158,3,108.692906
50.630544,3,108.845335
52.176439,4,108.958136
-14.187939,3,109.19856
-13.546209,3,109.473818
-13.487994,3,109.620155
49.483209,3,109.920487
-13.7135,3,110.004264
-11.502437,4,110.092516
-8.950158,5,110.710797
-22.850067,9,111.408916
-15.516791,3,111.507349
-11.544192,4,111.597408
-13.78032,8,111.696434
-7.040616,5,111.774944
54.20565,4,111.866395
59.085433,6,111.967495
52.308084,4,112.215533
57.962467,5,112.332089
-11.584513,4,112.399417
-13.516049,3,112.513121
-12.02525,4,112.870309
-14.422597,3,113.14546
-14.303189,3,113.241636
-13.690871,3,113.317346
-14.546808,3,113.381022
-15.515077,3,113.621264
-13.702877,3,113.69526
-14.716933,3,113.761373
58.426443,6,113.878644
-15.229293,8,114.123708
57.954038,5,114.48511
56.419333,5,114.678179
-15.06921,3,114.944504
-15.214138,3,115.114944
-14.58399,3,115.203161
-13.491058,3,115.292455
-13.498109,3,115.366846
54.203406,4,115.543216
-8.535158,5,115.62657
-14.441912,3,115.689614
-14.569253,3,115.785295
-13.623007,3,115.907057
43.7008,9,116.10521
-13.478534,3,116.420509
-14.169082,3,116.664276
-8.132968,7,116.807721
53.471658,4,117.168716
-14.50148,3,117.464579
-15.032581,3,117.593814
53.227084,4,117.660109
56.057457,5,117.741489
-12.217847,4,117.814
-12.872937,4,117.902393
-10.073776,5,118.054544
-12.627913,4,118.136636
-13.77068,3,118.219027
56.94007,5,118.341515
-14.220224,3,118.667646
56.348888,6,119.211494
-12.421557,8,119.557847
-14.696222,3,119.630272
56.266386,5,119.771235
56.204028,7,119.852906
-15.246312,3,119.938529
-14.496791,3,120.066474
-14.496791,3,120.154939
-7.682506,5,120.286828
-13.478059,3,120.363234
-13.691166,3,120.425507
-11.75754,4,120.676873
50.527539,8,120.933642
-8.944554,5,121.401148
-8.438248,6,121.761139
-12.474751,4,121.896556
-14.215372,3,122.173441
51.512351,3,122.638583
56.939722,5,122.965917
-13.636115,3,123.035
52.16525,4,123.15817
57.764387,6,123.656002
-14.386893,3,123.745147
-11.955844,4,123.82568
-15.710925,3,123.888628
-13.476791,3,123.949599
-12.832671,8,124.210076
-13.476956,3,124.546671
-14.503541,3,124.872879
-8.070128,5,125.304729
-14.174603,3,125.395522
58.891129,6,125.482598
53.185944,4,125.595547
53.377777,4,125.840455
58.084168,6,125.952837
56.113379,5,126.058498
53.928899,4,126.490204
-14.497638,3,126.738328
-14.20864,3,126.81665
58.284733,6,126.90819
-13.654551,3,127.132052
52.389321,4,127.397894
28.230724,12,127.625815
49.896236,3,127.793593
-12.966466,4,127.988294
-8.263928,7,129.361741
-14.496791,3,129.604681
-13.483384,3,129.832409
-9.794151,5,129.897206
-13.520201,3,129.978446
51.904305,8,130.272104
-12.823837,4,130.355336
-9.580662,7,130.621829
-12.494289,4,130.702293
56.934964,5,130.8189
56.748192,7,130.92421
-27.972692,10,131.065916
-10.970839,4,131.140355
-11.035891,4,131.527287
-15.791371,3,131.593792
-7.616054,6,131.915456
56.930877,5,132.000437
-10.120447,5,132.073483
-14.515457,3,132.13185
49.771362,3,132.658407
-9.219596,6,132.876981
54.194147,4,132.989321
51.518139,3,133.428727
55.411172,7,133.576719
58.05555,6,133.642576
36.932006,10,133.733197
-8.072147,5,133.881194
-13.484514,3,134.16227
-29.010312,10,134.251779
-11.543457,4,134.309665
-11.742422,4,134.590705
53.263089,4,134.830595
-11.438166,4,134.932276
58.505994,6,135.245224
-34.373376,11,135.551163
-14.156039,3,135.657381
-14.76676,3,135.734409
54.193671,4,136.022052
-12.567484,4,136.091137
52.432122,8,136.238702
53.978974,4,136.690357
-15.222459,3,136.788107
54.216439,4,137.04119
57.439763,7,137.351007
53.259139,4,137.48149
-13.758257,3,137.541583
-13.488801,3,137.609953
56.491977,5,137.753711
-12.089679,4,137.988147
45.974177,9,138.083026
-14.192332,3,138.413866
53.175059,4,138.602934
-14.113799,3,138.743631
-40.828832,14,138.824604
42.904023,9,139.022815
-14.500403,3,139.166916
52.582584,4,139.40431
57.502534,5,139.671991
-13.510934,3,139.733209
-13.773282,3,139.793196
-28.75688,10,139.927364
-13.743606,3,139.996255
59.087947,6,140.335188
-8.361146,5,140.669947
-10.969955,7,140.988594
-14.24863,3,141.393695
-13.486781,3,141.681234
-13.679355,3,141.741423
54.206888,4,142.054412
-14.742651,3,142.113606
-10.804887,4,142.565606
59.070881,6,142.682966
-23.111683,9,142.814143
-15.160972,3,143.012796
-6.874248,6,143.06288
-9.191598,5,143.130938
58.251499,6,143.199337
-12.221704,4,143.293336
-9.301813,6,143.44716
51.022438,8,143.596987
53.379178,4,143.700325
-35.510232,11,143.845496
-14.431017,3,143.931159
-9.544464,5,144.291652
-13.560691,3,144.371824
-13.580219,3,144.499699
-12.100895,4,144.581479
-14.496791,3,144.657721
-9.821182,6,145.157195
-13.59265,3,145.321842
53.242573,4,145.41812
-14.808627,3,145.692337
-22.471688,9,145.943424
55.897263,5,146.060325
-11.9665,4,146.373842
-14.165351,3,146.44523
-14.632499,3,146.536273
-14.728581,3,146.593968
58.84972,6,146.711209
-14.478422,3,146.785347
-15.226705,3,146.855327
53.190833,4,147.035215
-14.291364,3,147.119818
-12.102716,4,147.212296
-12.699484,4,147.350571
52.91338,4,147.535696
-15.675439,3,147.609292
-12.450495,4,147.680047
-12.625208,4,147.738106
-13.486839,3,147.958129
-14.485704,3,148.030674
-14.357352,3,148.103942
-14.419154,3,148.178045
37.107544,10,148.288381
-11.874286,4,148.424195
56.766945,7,148.624903
53.188122,4,148.84481
-12.558453,4,148.901429
-12.277401,4,149.241998
-7.888769,5,149.532569
59.068579,6,149.617347
43.431823,9,149.914873
-14.622168,3,149.986036
-8.67487,5,150.293084
-14.30385,3,150.514168
57.953,5,150.605856
56.942543,5,150.789435
57.954696,5,150.867556
-11.845572,4,150.995831
-12.397656,4,151.065125
-10.806797,4,151.35961
-13.494249,3,151.529534
53.189678,8,151.630782
53.581756,4,151.870552
-8.401219,6,152.012006
-13.488005,3,152.082674
52.437022,8,152.16206
37.959962,10,152.279789
50.649655,3,152.442598
-13.491384,3,152.661051
-14.476346,3,152.748222
-7.046384,5,152.855237
-10.06445,7,152.917541
-12.616366,4,152.978606
-8.182367,6,153.100481
-11.492125,4,153.16395
-11.473643,4,153.230562
-11.45944,4,153.385318
56.796205,5,153.498406
-14.768246,3,153.575584
-11.513523,4,153.634275
-14.570029,3,153.693677
-34.778336,11,153.952041
-12.769504,4,154.112544
-7.296237,6,154.259398
-14.368007,3,154.549599
-14.496791,3,154.623934
-9.397976,7,155.014019
-11.859587,4,155.122806
-13.486627,3,155.411437
57.943119,5,155.551088
54.207762,4,155.793369
-14.424465,3,156.076343
-14.133296,3,156.361696
-12.497295,4,156.424922
-12.823561,4,156.563611
-15.195355,3,156.68081
-15.178833,3,156.772497
-13.478961,3,156.951521
56.940524,6,157.021397
53.18679,4,157.156368
-9.295205,5,157.325848
-14.338327,3,157.750453
-14.356537,3,157.881031
-15.516791,3,158.340699
-10.501738,7,158.406939
54.208719,4,158.779201
52.531476,8,158.869656
-8.046361,5,159.171829
-12.461701,8,159.243997
-11.81424,7,159.363905
-13.770214,3,159.433024
-11.506155,4,159.490506
-10.960071,4,159.778365
56.866201,7,159.897508
-13.494004,3,160.107352
56.030404,5,160.543208
56.74851,7,160.625134
-13.69354,3,160.690402
-13.750397,3,160.765551
-8.892073,5,160.90072
59.00323,6,161.003228
-9.507285,5,161.130342
-14.427699,3,161.192138
-13.675747,3,161.260074
-14.396463,3,161.31869
-13.630186,3,161.377581
-8.015033,7,161.508012
-7.682403,6,161.805758
56.404299,7,162.021649
-9.665145,7,162.122486
-13.700093,8,162.195519
-10.783561,4,162.540985
-13.482722,3,162.826679
-14.557265,3,162.902008
-13.582423,3,162.981704
53.260802,4,163.204593
-13.787872,3,163.275831
-15.304195,3,163.488927
-13.483321,3,163.544993
59.050745,6,163.632759
-14.524216,8,163.967331
-13.476791,3,164.133794
56.256606,5,164.261007
-8.73415,5,164.629106
-8.774481,6,164.68841
50.768127,3,164.811897
-8.58685,5,164.881883
44.567046,9,165.051816
53.487321,4,165.256793
-15.400256,3,165.364838
-14.574288,3,165.661122
-11.975577,4,165.941928
-13.480393,3,166.022546
-11.743386,4,166.077674
-11.427572,4,166.180957
-13.646603,3,166.243146
-9.190606,6,166.350972
54.187475,4,166.516414
42.949755,9,166.635779
-11.333044,4,166.819451
-14.699251,3,166.888144
-7.66526,6,167.030089
-6.946445,6,167.171189
-8.088369,5,167.617705
-7.231257,7,168.066385
-13.521155,3,168.313604
56.419803,7,168.393044
-15.006929,3,168.506612
-8.125599,5,168.565088
-12.540067,4,168.637453
52.545196,4,168.748338
-8.57399,5,168.870695
-19.707828,9,168.941088
-14.683664,3,168.998872
53.032515,4,169.139102
31.075333,11,169.230837
50.503209,3,169.352654
-14.475908,3,169.412935
-37.017209,12,169.532402
44.955758,9,169.643332
56.925253,5,169.753828
53.402553,4,170.025884
-13.769725,3,170.083985
-11.339524,4,170.148591
-13.444995,4,170.211021
51.43915,8,170.342003
-11.99273,4,170.410291
-13.684243,3,170.468778
-8.945157,5,170.801225
-14.499936,3,170.902419
-13.485011,3,171.127904
44.169768,9,171.375043
57.764842,7,171.443286
-14.707565,3,171.513963
-8.525205,5,171.655735
53.185886,8,171.799736
-8.063008,6,171.886523
-14.238405,3,171.967763
-13.485173,3,172.386467
-8.247742,7,172.892361
-7.826829,6,173.073653
-7.992877,5,173.146423
-11.407002,4,173.248614
54.190841,4,173.510829
-12.396314,4,173.644049
55.402315,5,173.75808
-14.407575,3,173.826306
59.072732,6,173.925968
45.285282,9,174.03456
54.208344,4,174.277753
-13.486208,3,174.404045
-13.491111,3,174.6792
-11.803561,4,175.071052
-14.6002,3,175.132854
55.693092,7,175.249429
54.206506,4,175.479702
-11.810447,4,175.83557
-15.123876,3,175.952502
57.753319,7,176.425912
-11.527179,4,176.495768
-14.5057,3,176.77595
55.729925,7,176.873935
54.205697,4,176.982177
57.95877,5,177.157641
-13.542614,3,177.249783
-14.477151,3,177.455183
-11.416683,4,177.534138
-13.656077,3,177.59095
-14.496791,3,177.721595
-14.501187,3,178.01783
-14.718256,3,178.090993
-11.555547,4,178.577898
-13.763728,3,178.650944
54.206949,4,178.891469
53.290403,4,179.004194
-12.333029,4,179.086817
-9.993901,6,179.172943
36.930846,10,179.676546
-13.253658,4,179.748687
57.292171,5,179.999606
-13.49189,3,180.31883
57.949572,5,180.417002
44.961266,9,180.529226
-7.320161,7,180.839646
-14.227389,3,181.310699
-12.308123,4,181.381366
57.235429,5,181.558088
-12.185501,4,181.677824
-13.499052,3,182.001673
-14.752183,3,182.072937
52.42345,4,182.429412
-14.33269,3,182.532966
-12.368584,4,182.640695
51.9237,4,183.019671
53.191033,4,183.134097
-13.48775,3,183.202457
59.091937,6,183.281029
57.961822,5,183.59485
53.231223,4,183.71886
-15.516791,3,183.818434
-9.487958,7,183.954501
-28.698436,10,184.146252
-12.043427,4,184.447161
-6.943983,6,184.49954
-15.548864,3,184.719119
-11.817002,4,184.871999
-14.402606,3,184.989904
-11.362553,4,185.138179
-14.496791,3,185.369172
-14.78758,3,185.424919
-14.506295,3,185.651345
-12.165372,4,185.73014
-13.707136,3,185.789828
54.19586,4,186.165926
-15.448214,3,186.234337
57.170657,5,186.501591
-8.887206,5,186.773194
-27.505156,10,186.961697
-11.836478,4,187.285454
-13.555241,3,187.362634
-10.792052,4,187.847121
-15.398814,3,187.936189
-9.696061,5,187.999273
50.862558,8,188.222002
-14.129441,3,188.299911
-14.595938,3,188.392165
-8.672037,6,188.491463
-7.741341,5,189.060192
-7.899771,5,189.212414
-12.082707,4,189.323175
36.951221,10,189.526121
-11.42397,4,189.644397
53.1784,8,189.965538
-8.916623,5,190.120525
-12.44599,4,190.21027
56.743832,7,190.331273
-8.132552,5,190.478247
44.95713,9,190.562056
-38.490328,12,190.643512
-9.301489,5,191.041566
-13.483971,3,191.16829
-12.820602,8,191.466596
-14.291716,3,191.524933
-13.573406,3,191.610396
-11.562865,4,191.947262
-20.015011,9,191.99031
50.960974,8,192.106453
-13.713735,3,192.172841
-12.406944,4,192.276868
-9.125483,5,192.448028
56.736322,7,192.518959
-14.35045,3,192.633346
-13.484665,3,192.991631
-8.017361,7,193.038367
58.175774,6,193.152442
-14.290084,3,193.232366
-14.70014,3,193.362871
50.498665,3,193.795362
-13.588255,3,193.892544
52.440755,4,194.00823
-14.330902,3,194.074002
53.335199,4,194.309558
-14.74694,3,194.378353
52.572376,4,194.677937
-12.971168,4,194.798635
53.196439,4,194.866237
-13.485669,3,194.984073
57.962633,5,195.374402
-14.519597,3,195.46264
-15.396258,3,195.740296
52.280416,4,195.971121
54.890873,7,196.314572
-13.492282,3,196.816271
-12.122454,4,196.911487
58.002066,6,197.128969
54.070179,4,197.382416
43.21082,9,197.624261
-14.778909,3,197.692374
51.499988,3,198.098773
-8.005563,5,198.172323
-15.013991,3,198.229023
-13.503141,3,198.504548
-14.498616,3,198.930773
-12.276464,4,199.018496
57.947606,5,199.106753
58.232035,6,199.36289
57.582301,5,199.450192
-14.494245,3,199.779394
58.382947,6,199.863447
-11.38908,4,199.940336
52.360717,4,200.235779
-9.445023,5,200.47964
-7.55614,6,200.666316
56.310011,5,200.813007
-8.159535,5,201.066211
-8.667888,5,201.461172
43.246008,9,201.625384
50.538207,8,201.91949
-28.755699,10,203.108357
56.338438,7,203.24365
-10.166056,6,203.316989
-11.558983,4,203.390304
56.433166,5,203.509646
-8.977792,6,203.681545
-14.243231,3,203.811201
-7.253303,7,203.864321
-14.605851,3,204.092265
-14.696933,3,204.16637
57.653764,6,204.293282
-10.374875,5,204.372973
-13.755789,3,204.440254
58.317533,6,204.5238
-15.199007,3,204.581401
-14.582228,3,204.645764
-9.354348,6,204.950403
45.233063,9,205.442406
-9.517015,5,205.580266
-13.761611,3,205.650714
-13.696844,3,205.721887
-13.260044,4,205.793495
54.2038,4,205.896596
-14.507445,3,205.952793
52.43795,4,206.166989
58.842382,6,206.286774
57.612101,6,206.348476
-13.220433,4,206.565559
-13.483566,3,206.891587
58.049482,6,207.055109
56.337143,7,207.212504
-14.112692,3,207.452534
-13.752902,3,207.521286
56.254507,7,207.862453
56.93301,5,208.214079
-13.744117,3,208.284806
-13.702785,3,208.352921
-10.780542,7,208.520516
55.98654,7,208.767414
-11.028942,4,208.895288
57.32901,5,208.946614
53.186611,4,209.056976
-14.74289,3,209.153234
-7.956001,6,209.286959
-14.54374,3,209.50021
53.185319,4,209.602339
-12.251874,4,209.665535
56.61291,7,210.020846
54.141466,4,210.347347
-12.359261,4,210.412432
-13.477814,3,210.481125
-13.693292,3,210.536444
-11.70946,4,210.621822
-34.879559,11,210.729194
-15.247672,3,210.957403
57.665089,6,211.321547
54.204078,4,211.676422
-9.040789,6,211.814217
-15.516791,3,212.096467
-14.64895,3,212.155047
57.943094,5,212.218618
59.070031,6,212.332788
55.200044,7,212.451252
57.961195,5,212.70452
55.938773,7,212.818292
52.524509,8,212.92307
53.443845,4,213.163835
54.170839,4,213.373005
-13.907214,8,213.640409
-12.022382,4,213.745395
-13.671344,3,213.818549
-7.635865,7,213.982555
55.708522,5,214.089393
56.987953,7,214.186623
59.029453,6,214.353027
-13.58844,3,214.65124
52.415991,8,214.714979
-11.310007,4,214.786983
55.482884,7,214.949572
56.472196,7,215.191457
58.250837,6,215.403255
54.201346,4,215.786015
-13.686362,3,215.844744
-13.481997,3,216.131636
45.984842,9,216.202667
-11.209994,4,216.32168
-7.056796,6,216.737785
-14.501361,3,217.081643
50.497554,3,217.302103
-13.662383,3,217.381157
-13.662108,3,217.446082
-13.549825,3,217.546439
57.29905,5,217.76147
-11.447943,4,217.835684
57.032623,5,217.96305
-21.029269,9,218.211708
-11.827129,8,218.358566
-13.492775,3,218.667123
-13.593818,3,218.764579
-7.701764,5,219.118946
54.804194,7,219.271337
57.311764,5,219.525927
-14.680911,3,219.589566
-13.489381,3,219.659754
53.535292,4,219.745468
-12.382786,4,219.804573
-11.547602,4,219.861274
-11.269257,4,219.982851
-14.575326,3,220.050085
-12.455652,4,220.157791
-13.571508,3,220.235572
29.690986,11,220.536533
-7.435944,6,220.982839
-12.269421,4,221.070778
-9.663747,7,221.205573
-14.672979,3,221.279264
-13.599344,3,221.355055
-12.288645,4,221.438316
56.861255,5,221.554007
-14.505652,3,221.792559
56.67213,5,222.033145
53.416502,4,222.278923
-13.638411,3,222.365744
-7.038939,5,222.441998
-15.438914,3,222.626532
-13.485354,3,222.709162
-12.134509,4,222.985991
57.77581,7,223.094952
-13.583545,3,223.257679
-14.74481,3,223.317647
-8.428872,5,223.397317
-14.312402,3,223.469288
-9.742415,7,223.750901
-37.686459,12,224.124883
57.758099,7,224.183004
57.271832,6,224.307421
59.078977,6,224.427094
-7.063229,5,224.97715
-21.477637,9,225.055777
57.691147,5,225.233119
-11.612642,4,225.33674
-9.268415,7,225.497442
56.773774,7,225.622879
-14.208229,3,225.715318
-7.935,6,226.03361
-14.496492,3,226.222536
54.206523,4,226.488748
-13.570461,3,226.582453
-7.65839,5,226.660894
57.007902,5,226.963806
-38.434027,13,227.65268
53.186556,4,227.881929
-13.488072,3,228.106812
-11.954348,4,228.360276
-13.539839,3,228.729756
-13.485397,3,228.79605
-8.406973,5,229.273715
49.43628,8,229.383487
-14.496791,3,229.615261
-11.412622,4,229.702193
58.261493,6,229.931335
-12.228409,4,229.990363
-15.794996,3,230.061636
-14.496791,3,230.14883
-13.492512,3,230.653336
-7.826386,5,230.998408
53.014106,4,231.256577
56.171588,7,231.348914
-11.395781,4,231.444886
-12.436217,4,231.760453
56.935311,5,231.911483
-15.328867,3,232.171497
51.520556,3,232.383713
-5.908288,6,232.458823
-15.320214,3,232.56284
-11.523441,4,232.627221
-11.421812,4,232.685216
-7.857773,5,232.830581
-8.672302,6,232.927586
-22.403739,9,233.025342
54.046156,4,233.159783
53.18931,4,233.423953
-11.573375,4,233.501892
-12.181186,4,233.561102
56.387991,5,233.971512
51.509864,3,234.22323
50.761951,8,234.285015
-7.955467,6,234.366922
56.156576,7,234.589999
-28.743537,10,234.664233
37.940342,10,234.811972
-9.444149,7,235.065803
50.496203,3,235.190609
-13.748745,3,235.261786
-14.614918,3,235.354167
53.412916,4,235.595018
-12.301479,4,235.654224
54.199814,4,236.009258
55.758221,7,236.38757
-11.121513,4,236.665978
-11.584599,4,236.739437
-14.544167,3,236.81308
-13.616322,3,236.883236
-11.310917,7,237.161281
-8.14754,6,237.485394
59.077063,6,237.571709
-14.548286,3,237.973186
27.194193,12,238.131145
57.572031,6,238.379767
59.082858,6,238.471013
-8.06977,5,238.632236
52.556406,4,238.719357
-8.54312,5,238.859543
-14.723239,3,238.92716
-9.174925,5,239.131899
-8.115685,5,239.442491
44.918994,9,239.564134
56.82278,7,239.682574
51.183434,8,239.899454
-10.79733,4,240.310353
-9.137452,7,240.463
-14.344529,3,240.52409
53.503717,4,240.63041
-11.380266,7,241.004658
-10.790081,4,241.319869
53.332863,4,241.577583
57.514913,5,241.833799
57.892673,5,242.021715
-13.485871,3,242.298441
-11.456876,4,242.403996
37.038055,10,242.505821
53.480011,4,242.769357
57.951323,5,242.870019
56.712989,5,243.121247
-14.594425,3,243.187884
-15.635654,8,243.300774
56.789633,6,243.441032
-8.106391,5,243.799048
-11.622892,4,243.861182
-9.015474,6,244.073477
-14.354566,3,244.207459
-11.269639,4,244.303977
54.19886,4,244.649298
-14.299671,3,244.739585
50.66978,3,245.100599
-11.997111,4,245.167987
-13.531182,3,245.238556
58.10757,6,245.33744
-13.485672,3,245.419749
54.20146,4,245.653281
-13.518986,4,245.71208
-12.10507,4,245.871109
-7.751413,5,246.156081
56.742634,5,246.471189
53.180617,8,246.611883
-14.57847,3,246.670612
57.557036,5,247.047113
-12.769847,4,247.105896
-9.463035,5,247.171013
-11.489167,4,247.229134
-11.573345,4,247.286326
-12.581302,4,247.43091
52.165418,4,247.530905
-15.154094,3,247.587802
-14.425621,3,247.645429
-14.162189,3,247.915355
51.520133,3,248.350034
-9.534622,5,248.690078
-29.582445,10,248.765899
-11.22785,4,248.835123
-11.543883,4,248.892926
-14.266197,3,248.950616
-12.253598,4,249.054637
-11.363833,4,249.125484
57.956152,5,249.250856
-13.507369,3,249.54938
-14.100152,3,249.627795
-11.078679,4,249.895481
53.581061,4,250.094235
57.337626,5,250.164204
50.498518,3,250.549232
58.905681,6,250.647884
-8.061044,5,251.041076
-13.747502,3,251.117884
54.179554,4,251.215484
-13.692386,3,251.275185
-14.639187,3,251.333902
-13.495158,3,251.406542
-12.961278,4,251.492998
54.200587,4,251.779378
-14.367349,3,251.863103
-14.305907,3,251.919364
-27.827013,10,252.131307
-11.171216,4,252.224331
-14.590804,3,252.309907
55.235288,7,252.427832
-29.78157,10,252.652977
-14.600386,3,252.729623
-7.69157,5,253.020461
54.183461,4,253.138126
57.313586,5,253.267801
57.959121,5,253.341197
-6.598999,6,253.478637
-14.498747,3,253.741195
-8.849572,6,253.829389
-13.530194,3,254.20215
-13.614336,3,254.295564
36.774123,10,254.379206
-15.342857,3,254.447937
-14.4318,3,254.50758
-14.766422,3,254.566166
57.550245,5,254.754095
-15.280902,3,254.810994
58.157227,6,254.927759
-10.7976,4,255.24377
-12.528536,4,255.318022
-12.072845,4,255.393688
-14.478541,3,255.464984
-15.054307,3,255.526077
-14.489407,3,255.584788
-11.576221,7,255.91451
57.115033,7,256.03205
-8.891349,5,256.091669
57.330287,6,256.323234
45.22784,9,256.406628
58.310281,6,256.51835
-11.543523,4,256.596976
-9.64389,5,256.897003
-7.546817,6,256.95616
-14.958451,3,257.055957
-12.410268,4,257.12238
54.036469,4,257.496367
55.918701,5,257.755039
57.357233,5,257.976486
-14.314425,3,258.295337
50.688234,3,258.441627
-14.715004,3,258.500958
-8.470454,5,258.591498
-14.721301,3,258.649597
-14.138976,3,258.745493
-11.62137,4,258.817633
-12.519126,4,258.888752
-6.353696,6,258.963506
-11.410127,4,259.05586
-13.486552,3,259.11952
57.95686,5,259.355953
45.954875,9,259.46084
54.16757,4,259.554694
-14.493912,3,259.625165
57.948657,5,259.831663
52.483539,4,260.002037
58.060122,6,260.071301
-14.396689,3,260.132904
57.162697,5,260.193141
-13.550163,3,260.25296
53.452917,4,260.355353
59.082927,6,260.515059
-11.016638,4,260.595102
56.771497,7,260.680965
-13.033047,4,260.833637
50.49708,3,261.260074
57.106919,7,261.578701
-11.155365,4,261.867897
-15.269673,3,262.135571
-9.056103,7,262.27158
-13.516114,3,262.526388
52.417933,8,262.615037
45.971862,9,262.763416
56.706529,5,263.032851
-11.599027,4,263.10562
-19.825618,9,263.338163
56.734874,5,263.546995
58.058542,6,263.619619
54.188138,4,263.847129
54.202167,4,264.082259
57.255024,5,264.186545
-14.372014,3,264.252163
-37.032235,12,264.43002
56.921911,5,264.622681
57.505594,7,264.698357
55.920431,5,264.827111
-10.024348,7,265.077083
54.1983,4,265.332266
-15.221413,3,265.552743
-14.988007,3,265.641047
-15.170243,3,265.745871
-11.92692,4,265.826856
-39.256285,13,265.941924
-11.243808,4,266.012211
-8.889678,5,266.201665
54.0881,4,266.407602
-14.365097,3,266.637576
-12.23184,4,266.751909
-13.726614,3,266.794462
45.24732,9,266.866334
-11.31314,4,266.920909
-13.515046,3,266.975722
-11.584496,4,267.017777
-12.578931,8,267.073954
-27.043762,10,267.157547
57.948101,5,267.336482
53.445073,4,267.580404
52.460307,8,267.687525
57.243891,6,267.858229
56.324218,5,267.981527
57.263052,5,268.043854
-14.504843,3,268.348374
-14.71524,3,268.448885
-13.373592,4,268.517362
-13.718194,3,268.582265
-15.204275,3,268.714228
52.571264,4,268.839884
-15.402663,3,268.911538
58.785356,6,269.0865
54.216439,4,269.22228
-21.347499,9,269.317643
-13.587931,3,269.478796
-13.558354,3,269.673957
-12.257634,4,269.78277
-14.750129,3,269.85343
-14.516305,3,270.197307
-15.516102,3,270.296879
-10.79165,4,270.44323
53.551377,7,270.710219
-14.50215,3,270.935786
-6.61192,6,271.017794
58.602206,6,272.274493
-10.936843,4,272.635081
-13.76776,3,272.709985
-13.687564,3,272.795074
58.246036,6,272.929562
-14.498551,3,273.031619
-14.501294,3,273.28357
-13.534349,3,273.3687
-11.202548,4,273.520503
45.166996,9,273.617436
57.962608,5,273.742951
-14.414121,3,273.831933
-8.456163,5,273.930374
-13.653178,3,274.212558
-11.137062,4,274.284744
54.202264,4,274.50688
-15.179578,3,274.77154
45.969164,9,274.9138
-14.600972,3,275.001466
-13.48641,3,275.058038
-13.739379,3,275.128424
58.069827,6,275.20818
-13.582786,3,275.278991
-13.483106,3,275.693921
-14.257108,3,276.005726
56.918191,6,276.132506
57.967614,5,276.382823
-13.729427,3,276.441091
-13.533945,3,276.524367
-15.222425,3,276.588552
-13.415068,8,276.854607
-7.235772,7,276.974304
-7.042174,5,277.077827
-11.415968,4,277.184019
-10.795037,4,277.318071
52.802428,4,277.662574
-13.68516,3,277.732621
-12.102845,4,277.820398
-11.940385,4,278.061531
-11.913014,7,278.191882
57.449699,5,278.431542
57.928172,6,278.562394
54.176826,4,278.784632
58.251045,6,278.901408
56.023497,7,279.10471
-12.585989,4,279.162444
-7.867434,5,279.483157
57.155795,6,279.673387
26.575346,13,280.004683
58.00628,6,280.113209
-12.467979,4,280.184293
-13.660471,3,280.240801
52.236139,4,280.626672
-13.193469,4,280.73501
-13.535087,3,280.821544
-14.127767,3,281.07181
-12.734707,4,281.138538
-14.492086,3,281.19611
50.357284,8,281.51041
59.069749,6,281.566181
-13.782981,3,281.623107
-12.574848,4,281.683059
-15.851297,8,282.029063
57.89815,5,282.12701
-12.914673,4,282.396129
-14.653742,3,282.458158
-14.360447,3,282.518418
-14.554995,3,282.576747
37.967152,10,282.690307
53.193962,4,282.795114
-14.420599,3,282.865858
-14.334006,3,282.935976
57.488945,5,283.052534
-13.739935,3,283.125153
44.810397,9,283.257386
-9.100651,5,283.32756
53.465607,4,283.57133
57.4854,6,283.770346
44.611689,9,283.87528
56.930974,5,284.157344
53.194987,4,284.411387
28.199183,12,284.65858
51.232607,8,284.735731
-13.70019,3,284.802459
-14.491208,3,284.886823
-14.393744,3,284.947165
-13.652199,3,285.059186
-13.484075,3,285.15193
-14.396493,3,285.251249
-7.263967,6,285.392453
59.084199,6,285.459065
57.820606,5,285.674328
-14.508239,3,285.897475
53.187841,4,286.037351
49.644574,3,286.235163
-14.452431,3,286.293306
36.111771,10,286.525296
51.519745,3,286.905596
-7.22007,7,286.954196
44.166199,9,287.113509
-13.693574,3,287.173855
-14.691066,3,287.242977
-9.233361,5,287.322583
-12.827202,8,287.367007
-13.143387,4,287.435652
-13.636135,3,287.526407
-11.572522,4,287.594678
53.513218,4,287.705559
-8.004544,5,288.01039
-14.624471,8,288.275822
57.01697,6,288.559996
-14.590583,3,288.644633
54.075974,4,288.857917
57.757665,7,289.173078
57.947296,5,289.30334
-14.373797,3,289.390554
57.049124,6,289.543854
56.906278,7,289.619189
-8.475563,5,289.697455
-13.543459,3,289.770467
56.366059,7,289.839701
-13.770222,3,289.902033
50.660831,3,290.329246
-15.275589,3,290.432992
-7.212476,7,290.478567
-11.593639,4,290.60606
-7.790374,6,290.677699
56.452166,6,291.015253
-7.550868,6,291.328969
-13.721615,3,291.401746
54.215705,4,291.627087
50.075434,8,291.95828
-14.770027,3,292.031638
-13.704157,3,292.092528
54.207642,4,292.319509
57.365869,6,292.69462
-11.505514,4,292.80125
-14.73927,3,292.86031
-37.799584,12,293.564708
-12.46482,4,293.629951
-14.800653,3,293.697527
-11.805383,8,293.748099
56.965392,6,294.084299
-12.135799,4,294.165167
-13.595123,3,294.233685
-11.069976,4,294.509953
57.955923,5,294.624051
-12.048593,4,294.704374
54.200584,4,294.812135
-14.631236,3,294.870939
-8.313536,5,294.956035
-10.802136,4,295.096096
52.611814,4,295.368886
-14.658674,3,295.452116
-13.727831,3,295.516458
57.592966,5,295.638645
-13.532123,3,296.011705
-11.558298,4,296.070443
56.758682,5,296.296017
53.470286,4,296.392267
-13.481643,3,296.482698
-14.700324,3,296.554656
-14.36135,3,296.612238
-27.707459,10,296.796032
-14.290356,3,296.875759
50.540376,3,297.037258
54.13354,4,297.333325
53.300402,4,297.446065
57.946528,5,297.562588
-12.508109,4,297.619488
-10.800367,4,298.1069
56.779403,6,298.32524
-14.374442,3,298.398339
50.503209,3,298.826224
-14.450178,3,298.883524
56.68755,6,298.98837
-14.578966,3,299.06037
53.126966,4,299.364563
54.056934,4,299.527821
58.350718,6,299.647554
-13.688666,3,299.710827
57.273433,5,299.943698
56.763981,6,300.16148
51.893645,8,300.266635
-12.643727,8,300.319556
-13.476791,3,300.600994
55.483897,7,300.688757
-11.456436,4,301.028888
-12.209292,4,301.128192
-12.606212,4,301.208133
57.089484,5,301.348511
-14.204319,3,301.419099
-10.736746,7,301.504808
-13.494,3,301.597836
44.078205,9,302.059585
57.304271,5,302.198776
-14.134042,3,302.454084
-11.958856,4,302.563998
57.922294,6,302.66923
-37.151686,12,302.7465
-11.590119,7,302.892
-28.725718,10,302.991684
-13.695749,3,303.049322
51.447069,8,303.427784
-13.629888,3,303.491945
56.621526,6,303.624951
-12.245599,4,303.747039
57.941141,5,303.881985
-14.461222,3,304.212797
55.184756,7,304.442246
-14.319554,3,304.512734
-7.232843,7,304.557826
53.999372,4,305.012701
51.49882,3,305.319367
-14.615873,3,305.404301
-7.050343,5,305.940911
-14.710707,3,305.999701
56.881135,5,306.118905
53.175406,8,306.325432
-11.786186,4,306.452554
-14.619537,3,306.509649
-13.656231,3,306.56649
-12.854993,4,306.653426
-13.495453,3,306.750653
50.893272,3,306.934001
-14.32272,3,307.005249
58.142092,6,307.076598
-14.589877,3,307.162508
-14.603833,3,307.236032
-39.121908,14,307.300062
53.438948,4,307.537751
50.762278,3,307.961722
58.158667,6,308.094923
-15.704331,8,308.170673
58.025638,6,308.254529
-13.605457,3,308.321668
-13.481283,3,308.623806
-13.476791,3,308.887114
57.564041,5,308.956092
-14.496791,3,309.265927
-38.477683,17,309.291963
-7.037871,5,309.822264
-11.97117,4,309.94911
-7.516817,6,310.233239
-13.75029,3,310.294453
-7.637037,6,310.567187
-15.388907,3,310.647382
57.959015,5,310.756674
-5.982141,6,310.932009
-11.851011,4,311.090958
-13.206603,4,311.169911
55.544567,7,311.237201
56.96931,5,311.59409
54.211767,4,311.802232
-9.111162,5,311.905133
52.364782,4,312.144013
57.174275,5,312.322208
-8.896821,6,312.419033
-11.978925,4,312.708923
-11.551507,4,312.76742
-14.780904,3,312.835521
-13.476791,3,313.284942
-13.591472,3,313.369277
56.69238,5,313.6011
-9.428303,5,313.682592
-7.058212,5,314.228821
-13.756954,3,314.303105
-13.677878,3,314.361496
52.176439,4,314.724426
-34.300762,11,314.878269
-11.840041,8,314.921837
55.923133,5,314.995961
57.086601,5,315.250509
-14.356171,3,315.323835
54.14696,4,315.575897
-15.37596,3,315.633588
-13.537137,3,315.703231
-39.18851,14,315.789881
-13.480455,3,315.864769
-11.464137,4,315.924442
53.189008,4,316.028301
-12.83304,4,316.111599
58.317023,6,316.209221
58.45735,6,316.27834
-13.479824,3,316.548963
57.947775,5,316.809455
58.367627,6,316.928553
-10.867726,4,317.068417
30.065961,11,317.200864
54.208599,4,317.425681
52.055989,8,317.527969
-15.449449,3,317.609545
-13.524507,3,317.824012
-10.807248,4,318.099287
57.597564,5,318.406925
-9.79486,5,318.763229
-14.500162,3,319.037487
55.484944,7,319.17898
57.315775,6,319.374993
-14.498738,3,319.465066
57.96146,5,319.542733
-14.791786,3,319.862896
-13.48971,3,320.001212
-13.634791,3,320.087404
-14.343954,3,320.155993
-14.278977,3,320.226902
58.098652,6,320.326424
-13.493388,3,320.417379
-14.36247,3,320.523896
-14.549921,3,320.591233
-13.485787,3,320.802151
57.180759,5,321.08966
-13.481761,3,321.331566
35.44524,10,321.410798
-13.711672,3,321.48126
-13.487736,3,321.562143
52.173038,4,321.763559
-13.549762,3,321.917421
53.577883,4,322.150759
-13.623098,3,322.217945
54.202559,4,322.442449
-10.799937,4,322.7496
-13.72462,3,322.811073
53.186778,4,323.04198
44.47662,9,323.150613
-11.18146,4,323.242787
-11.192123,4,323.599441
-13.479704,3,323.68123
57.782582,7,323.834413
-9.37392,5,323.930634
-8.703236,5,324.067904
55.850541,7,324.26599
57.199079,5,324.363619
-11.374764,4,324.514674
-8.120708,5,324.793391
50.208495,8,325.03066
57.187316,7,325.106778
-11.372064,4,325.184587
50.496172,3,325.539792
-10.107874,7,325.672265
49.745407,3,325.931075
-14.796883,3,325.99165
-14.249536,3,326.283194
-14.710682,3,326.339324
-8.193912,6,326.690503
-14.395241,3,326.747815
-15.101279,3,327.015807
-14.472383,3,327.079709
-15.317893,3,327.258041
-13.646122,3,327.330713
-10.958045,4,327.61672
-7.13859,6,327.895091
-14.217468,3,328.062417
-15.170947,3,328.125456
45.978414,9,328.484526
44.254132,9,328.729111
53.215428,4,329.159307
-13.444738,8,329.326733
-19.692018,9,329.694373
-40.494709,17,329.776388
30.058362,11,329.956387
-11.100128,4,330.233466
-14.779603,3,330.308713
-14.496791,3,330.60176
-7.573504,5,330.910067
-13.573997,3,331.075754
-8.732056,6,331.319425
-13.729656,3,331.394635
52.346464,8,331.459783
-11.458118,4,331.532889
58.06184,6,331.627163
54.208605,4,331.727537
-13.602034,3,331.814059
-12.195795,4,331.873236
58.157293,6,332.062085
50.793709,8,332.620828
57.049246,6,332.684388
58.125373,6,332.93759
54.216439,4,333.129546
-11.406618,4,333.237297
56.747821,7,333.329385
-9.619929,5,333.421102
-7.656558,5,333.552149
-11.811073,4,333.779941
-13.532981,3,334.037932
57.941845,5,334.166986
51.502173,3,334.328752
54.143388,4,334.551849
57.765913,7,334.616005
-13.586269,3,334.752141
54.210805,4,335.099434
57.200198,5,335.372853
43.417668,9,335.855931
56.929553,5,335.927237
-13.781205,3,336.002206
-10.981789,7,336.265353
-14.498211,3,336.341512
-13.720272,3,336.398092
53.183549,8,336.474723
-11.331062,4,336.554977
-14.507463,3,336.624092
-38.449346,13,336.748952
57.519552,6,336.865296
-8.409882,5,336.983174
58.388858,6,337.099643
-11.947459,4,337.200016
57.370892,6,337.333826
-15.516791,3,337.427827
-13.717351,3,337.496461
54.205152,4,337.70236
54.295339,7,338.178999
-13.720928,3,338.253444
-13.703819,3,338.323078
53.544007,4,338.607054
-14.682586,3,338.701182
37.554759,10,338.830255
-12.553119,4,338.903472
57.39241,7,339.168638
56.856218,5,339.34951
-13.68309,3,339.406193
-13.630998,3,339.471284
54.131971,4,339.693381
-14.668318,3,339.749554
-13.649799,3,339.849713
-12.114541,4,339.914946
57.463878,5,340.157687
-9.036111,6,341.469878
-34.862423,11,341.689421
58.728518,6,341.789366
58.109353,6,341.92867
-13.485817,3,342.171374
-14.372616,3,342.245496
-11.474652,4,342.315361
-13.586487,3,342.388541
-11.57161,4,342.447621
53.42369,4,342.594365
-12.6779,8,342.791511
-7.48339,6,343.147727
-21.121537,9,343.462415
-8.762793,5,343.751717
49.592305,8,344.125043
-28.00918,10,344.505898
-13.682019,3,344.564189
-12.481829,4,344.637072
-10.793883,4,344.961512
-11.808252,8,345.397687
49.483209,3,345.653278
54.047848,4,345.761214
-28.084117,10,345.964553
-13.10753,4,346.113516
-13.6543,3,346.209526
57.119602,5,346.411811
-11.386785,4,346.510201
-14.271529,3,346.589447
-13.482358,3,346.674661
-12.945589,4,346.946504
-7.220177,7,346.99511
57.07208,5,347.273597
-14.506099,3,347.357875
-13.621099,3,347.516373
59.080657,6,347.604577
-7.83097,5,347.869254
54.206625,4,347.960259
37.926969,10,348.13303
56.929197,5,348.255548
56.189841,5,348.308619
57.899401,5,348.605144
-7.880654,5,348.887938
-14.575634,3,348.997687
53.686192,4,349.354317
-14.545746,3,349.414573
-11.354068,4,349.531523
-13.618957,3,349.603235
-11.045568,4,349.68832
-13.577747,3,349.798071
55.877681,7,350.229925
-7.247474,7,350.294461
-11.007314,4,350.437493
57.352564,5,350.676377
26.566044,13,351.042557
-14.575202,3,351.140015
-11.80435,8,351.310411
-12.136121,4,351.399893
54.209991,4,351.578131
-12.20205,4,351.687944
53.161818,8,351.768628
-28.425832,10,352.005899
58.074379,6,352.369121
-10.965678,4,352.527148
53.271871,4,352.737779
-39.361962,15,352.815894
56.933424,5,352.995338
-39.192152,14,353.077805
-15.259689,3,353.169986
-14.443162,3,353.241615
-12.032078,4,353.56416
57.695894,7,353.871427
57.049683,5,353.938243
-14.439564,3,354.031455
-7.052159,5,354.496348
-12.504399,4,354.673615
52.176259,4,354.779797
57.166161,5,354.899766
56.939938,5,355.016068
-12.800598,4,355.099899
56.688192,5,355.20276
50.312696,8,355.593543
-11.360067,4,355.677501
28.970035,11,355.846498
-7.879662,6,356.096887
56.965094,5,356.43974
-14.491428,3,356.50599
-14.372972,3,356.571814
-8.06257,5,356.881741
-13.480667,3,357.105321
-11.349047,4,357.299536
51.523209,3,357.713318
54.209158,4,358.003762
-11.601697,4,358.063852
-10.36876,5,358.132461
28.238219,12,358.265808
50.622458,8,358.390156
55.485095,7,358.558095
-14.272165,3,358.629194
57.951688,5,358.869957
57.136892,5,359.112551
-14.412074,3,359.184224
-14.508362,3,359.30169
-8.017835,5,359.629655
59.068133,6,359.745943
57.426639,5,360.018315
-11.488785,4,360.090091
-13.792601,3,360.162023
54.712218,7,360.457448
-14.782956,3,360.514585
57.746414,7,360.580448
-14.492614,3,360.653743
58.442273,6,360.842555
-28.875556,10,361.163081
-14.588751,3,361.222161
-15.335805,3,361.305076
-11.438894,4,361.393072
-11.53627,4,361.450301
-13.66114,3,361.512838
56.006108,5,361.64616
-7.783704,5,362.108164
-15.235007,3,362.327889
-10.784377,4,362.460656
-13.709165,3,362.519305
-13.775391,3,362.577418
54.216049,4,362.847254
57.766472,7,362.961798
44.925532,9,363.135051
53.184545,4,363.370284
-13.747082,3,363.429113
53.184897,4,363.611798
-12.453536,4,363.683394
52.395201,4,363.797778
50.563638,3,363.96874
56.926795,5,364.083336
56.322011,5,364.167294
-19.054529,9,364.496531
-7.254735,7,364.578976
-13.574799,3,364.670327
-15.263908,3,364.919631
53.12627,4,365.028177
-14.24599,3,365.135853
-7.533244,6,365.279565
-7.036873,5,365.370048
59.080037,6,365.462466
56.870016,5,365.603765
-11.339855,4,365.719583
-14.753168,3,365.790313
-14.115602,3,365.867604
-8.688748,5,366.1504
56.938966,5,366.204992
-6.654286,6,366.285239
59.074391,6,366.390939
-20.452295,9,366.73509
-14.571675,3,366.819774
-7.800595,5,366.958571
-10.801746,4,367.261647
-8.433106,5,367.325816
-13.727007,3,367.398968
57.958616,5,367.536867
-14.671826,3,367.596726
-13.512417,4,367.660589
-8.101286,6,367.781686
-14.579973,3,367.853531
-11.163041,4,368.179175
-13.241093,4,368.256402
-8.282242,5,368.606821
-13.491251,3,368.734595
-13.560196,3,368.866751
-13.601044,3,368.952966
56.383458,7,369.060969
-14.901204,3,369.179796
-13.782586,3,369.238885
44.488397,9,369.356828
-7.533337,6,369.482873
-14.57795,3,369.568058
-13.48778,3,369.642927
-9.253784,5,369.731194
44.199666,9,370.070941
-8.50688,5,370.143182
-13.692069,3,370.20189
-13.737744,3,370.260091
57.663802,5,370.62571
-13.534155,3,370.760245
-8.100202,5,370.879578
-15.578332,3,370.988948
-11.870363,4,371.220262
57.038219,6,371.318717
-13.739424,3,371.390673
51.539403,8,371.469977
-12.160606,4,371.573691
56.771247,5,371.759398
-13.719763,3,371.84655
-12.286473,4,371.908521
-39.184075,13,371.986923
56.032046,5,372.430281
-12.374205,4,372.502437
53.476257,4,372.726635
-11.786234,4,372.850269
56.917341,5,372.988845
-15.165631,3,373.483056
57.241349,6,373.593813
-12.33236,4,373.990467
45.077034,9,374.06657
54.190522,4,374.238581
-14.447464,3,374.322193
57.958598,5,374.400804
57.949664,6,374.635821
-8.799968,6,374.89316
-13.476791,3,375.185343
-13.484865,3,375.336919
-14.496791,3,375.554687
-11.087668,4,375.640325
-10.806151,4,375.781773
57.948658,5,375.904257
-12.162698,4,375.95944
-6.917906,6,376.034014
-14.479941,3,376.092682
-13.772786,3,376.155803
-37.108946,12,376.235565
-9.337317,5,376.365804
-13.629336,3,376.435932
56.964169,7,376.731068
53.514109,4,376.974827
-14.503109,3,377.268265
-11.724903,4,377.402742
-11.597761,4,377.470922
52.297233,8,377.590148
-8.888552,6,377.722805
-12.528642,4,377.788935
53.180818,4,378.210681
-13.767164,3,378.271958
50.586866,3,378.734713
-10.902361,4,378.881835
-8.962763,7,379.038389
-13.208495,4,379.105123
53.237794,4,379.371916
45.961968,9,379.452316
-13.494522,3,379.776248
-19.011421,9,380.266981
-10.969583,4,380.547747
-13.206766,4,380.607939
-14.418233,3,380.743984
-14.791745,3,380.80162
59.089461,6,380.883275
57.171746,5,380.974669
45.972882,9,381.08997
-11.595232,4,381.150709
57.955981,5,381.250573
-11.268915,4,381.450111
-12.311224,4,381.5298
-14.540566,3,381.589517
57.231548,5,381.704546
-15.048324,3,381.818745
-7.232957,7,382.035266
-11.121815,4,382.485886
-5.916023,6,382.670346
56.094078,5,382.852477
58.18729,6,382.935069
56.84021,5,383.039944
37.94119,10,383.12652
-9.154361,5,383.218899
-14.404794,3,383.282146
56.120003,6,383.530579
-36.974603,12,383.920751
-6.933471,6,384.110822
56.938668,5,384.237921
-9.541195,7,384.524225
-13.703891,3,384.598476
-12.638306,8,384.818157
-13.585577,3,384.926835
-13.476791,3,385.070676
-12.47227,4,385.129745
-13.747952,3,385.201977
53.318823,4,385.550098
-14.419076,3,385.610255
-8.666285,5,385.684879
56.437995,7,385.807574
30.755256,11,385.898709
-14.341451,3,386.096417
57.82388,5,386.224634
-9.977905,7,386.585191
31.04857,11,386.67849
-12.2143,4,386.991947
-8.318294,5,387.352216
57.294536,5,387.482908
-11.540796,4,387.549231
-12.188338,4,387.677807
-14.312986,3,387.780024
58.299292,6,388.165223
-8.153569,5,388.456896
-14.44163,3,388.51507
-13.668492,3,388.582925
-9.327985,5,388.705253
45.969533,9,389.065591
-13.57621,3,389.404031
-13.516074,3,389.609284
53.193976,4,389.705943
57.952451,5,389.892526
57.949013,5,390.000924
45.980548,9,390.667343
-11.960392,4,390.975905
56.967451,5,391.118105
30.21919,11,391.328933
-8.52193,7,391.878342
-11.831851,4,392.178502
-13.483184,3,392.3294
54.112587,4,392.566888
-14.496791,3,392.885103
-14.672944,8,393.205026
56.570016,7,393.482241
54.213333,4,393.74064
-8.470053,5,394.044335
-13.719391,3,394.130405
-10.882586,4,394.26685
-12.624559,8,394.313136
-10.817221,4,394.648592
56.203919,5,394.760296
-14.579829,3,394.847019
-14.452084,3,394.912364
55.970212,6,395.237708
-13.010773,4,395.405353
-11.043106,4,395.50416
-7.972397,5,395.857401
57.352015,6,396.045223
-14.506056,3,396.325666
57.378975,7,396.408029
53.558207,4,396.522493
57.963534,5,396.614106
59.055199,6,396.772365
-9.473075,5,396.874234
57.392593,6,397.072253
56.68644,5,397.34006
50.524658,3,397.799273
-13.531815,3,397.873375
-14.187918,8,398.02463
-14.347288,3,398.100236
53.191007,4,398.305001
52.50753,8,398.390692
50.495533,3,398.574223
56.677379,5,398.821029
50.792627,8,398.902276
56.094207,7,399.080127
-6.929538,6,399.213491
-5.920292,6,399.25322
-15.446248,3,399.435209
-10.667354,7,399.672468
56.933884,5,399.798684
-19.871395,9,399.852602
-10.795076,4,400.156963
51.27309,8,400.304878
45.168412,9,400.397194
-7.898929,6,400.472608
51.523209,3,400.826778
-28.06645,10,400.872404
-15.698448,8,401.249294
59.062557,6,401.374927
-7.533444,6,401.667846
-14.79029,3,401.742833
51.461448,3,402.046394
-14.583832,3,402.161104
54.205474,4,402.265649
-13.218283,4,402.347951
54.214192,4,402.574025
54.20802,4,402.807412
58.371435,6,402.928514
-14.690336,3,403.003857
-7.787117,6,403.136472
26.564862,13,403.599085
-13.65085,3,403.699816
-7.995332,6,404.074003
-19.025862,9,404.451387
-13.789541,3,404.533502
-14.567983,3,404.598598
-11.185769,4,404.819749
-13.6849,3,404.885539
51.515186,3,405.019601
-9.267945,5,405.1195
-14.408371,3,405.203675
50.496801,3,405.661714
44.94597,9,405.765507
56.962932,7,406.088963
53.26204,4,406.310937
-11.000173,4,406.707475
-8.501452,5,406.828147
-11.349035,4,407.18574
-14.646325,3,407.277545
-11.180422,4,407.638679
-8.590751,6,408.04607
57.400176,5,408.428459
57.967428,5,408.524546
58.061946,6,408.659348
-19.491004,9,408.837768
-8.492888,5,409.027011
-8.140599,5,409.284678
51.514296,3,409.446958
53.468028,4,409.562475
-7.382878,6,409.719613
-13.478886,3,409.790864
50.891257,8,410.0646
-19.035173,9,410.11551
-8.261806,5,410.198373
51.494783,3,410.408886
-11.818642,8,410.502424
-14.456163,3,410.560296
-9.269143,7,410.850324
-13.749186,3,412.036742
-14.091718,3,412.314333
51.521279,3,412.455913
-13.714544,3,412.516868
55.92459,7,412.918992
57.931518,5,413.051365
-8.065428,5,413.613581
-13.487242,3,413.902922
-13.754858,3,413.962773
-11.375116,4,414.056003
56.84482,7,414.141183
-8.6927,6,414.419665
-13.510546,3,414.857754
-9.237297,5,415.012865
50.636666,3,415.387883
-6.879817,6,415.499609
-14.516401,3,415.793031
51.681155,8,415.903127
57.955847,5,415.982581
51.522549,3,416.266343
58.358216,6,416.361115
-13.484386,3,416.589632
-12.123923,4,416.684881
-9.087257,5,416.967309
-13.647335,3,417.04095
-14.436988,3,417.116482
51.514848,3,417.420203
-13.494362,3,417.506448
-14.773506,3,417.565555
-20.487196,9,417.851912
54.213639,4,418.079597
-13.928279,8,418.773861
-14.660678,3,418.876681
-13.734677,3,418.939656
-14.732703,3,419.005141
-8.334919,5,419.105243
44.52997,9,419.246652
-12.328352,4,419.336386
-13.517057,3,419.687031
53.918213,4,420.176412
57.32673,6,420.554899
-16.221827,8,420.773413
-15.159106,3,420.924979
54.171755,4,421.251628
50.870293,3,421.659563
-14.555835,3,421.756542
-8.288561,5,422.064878
-7.53172,5,422.213821
51.482567,8,422.347933
-13.55893,3,422.467257
54.216439,4,422.736724
-9.406489,7,422.999355
-14.361571,3,423.086515
57.692687,5,423.208928
-14.288543,3,423.294496
-11.481894,4,423.366589
-9.845912,6,423.510586
-14.779686,3,423.57599
44.176566,9,423.688615
51.958862,8,423.790964
-11.369802,4,423.885143
56.384929,7,424.091739
-5.925853,6,424.168041
-14.891852,3,424.244375
-14.294836,3,424.323497
57.252468,5,424.669312
58.281245,6,424.800462
53.196439,4,424.899621
-13.744899,3,424.976244
57.95942,5,425.237697
59.086674,6,425.344947
-10.30006,7,425.669385
-14.357451,3,425.969033
26.529501,13,426.603713
-14.398558,3,426.677806
-14.11803,3,426.745451
54.216439,4,426.853086
51.515156,3,426.990628
56.991271,5,427.179891
-11.310815,4,427.277879
-14.663667,3,427.341555
51.514278,3,427.769778
-13.685337,3,427.834543
-13.732553,3,427.893128
-13.493733,3,428.414822
-14.430544,3,428.501486
56.882269,5,428.789953
-13.524168,3,429.09093
-10.972043,4,429.380959
-12.438925,4,429.701699
54.198794,4,429.942981
57.740397,6,430.213664
-10.01521,5,430.285478
56.793998,7,430.392862
57.742889,7,430.46334
-14.669212,3,430.535292
-14.706398,3,430.593664
-10.798912,4,430.73939
-13.481361,3,430.801933
-9.063934,5,431.067162
37.97679,10,431.159638
-15.553823,3,431.220822
-14.533961,3,431.283127
-7.223611,7,431.543354
-13.640467,3,431.634142
-7.137212,6,431.769801
-11.740209,4,431.912998
52.166419,8,432.058253
-14.149671,3,432.340665
-8.188027,6,432.431267
-11.443924,4,432.540969
-10.942943,4,432.673366
-8.492821,5,432.806199
53.187547,4,433.050322
-13.25127,4,433.113436
-7.523447,6,433.413859
-11.815782,4,433.728121
-12.079092,4,434.167144
-13.503245,3,434.239955
-14.287301,3,434.457442
58.821383,6,434.550789
-8.966941,5,434.612072
-37.09384,12,434.697042
54.201074,4,434.932894
-11.184717,4,435.037667
56.259968,5,435.177461
58.261996,6,435.245662
57.806012,5,435.501421
-14.618877,3,435.559652
-13.556054,3,435.630821
56.73939,6,435.685108
-11.199347,4,435.793414
-14.805418,3,436.090431
54.211049,4,436.266559
-13.476791,3,436.383215
56.832281,7,436.567099
-15.601384,3,436.633716
58.215676,6,436.763394
51.492163,3,436.91559
-14.45112,3,437.201344
57.96467,5,437.289509
-11.935633,8,437.690325
54.199328,4,437.883436
57.151141,5,437.946797
-15.664372,3,438.016918
-13.728547,3,438.084026
53.538784,4,438.195016
-10.381204,5,438.302884
56.717443,5,438.53151
-14.549754,3,438.628345
57.051524,6,438.71928
-13.476791,3,439.007495
57.958984,5,439.076332
-11.598886,4,439.14317
36.748086,10,439.236804
-14.358336,8,439.37308
49.96895,8,439.844832
54.194932,4,440.088974
-14.5776,3,440.163218
31.071205,11,440.241403
56.940874,5,440.500109
43.397516,9,440.644406
-7.975474,5,440.964195
53.195906,4,441.48036
-7.865454,5,441.55469
58.24551,6,441.658116
-8.293509,5,441.791546
57.951823,5,442.011428
52.170212,4,442.226856
-11.455715,4,442.294473
53.588828,4,442.394726
-13.770348,3,442.467843
57.952539,5,442.735099
-13.479386,3,443.034171
-8.063442,6,443.294461
-11.234578,4,443.365208
-13.672098,3,443.43993
56.937658,5,443.736178
-14.39084,3,443.794267
56.105114,7,443.921448
-12.731828,8,444.065798
-5.910629,6,444.230203
56.826943,5,444.357399
-7.614751,5,444.489551
-11.239849,4,444.724133
57.947472,5,444.808891
-11.23641,4,444.940535
-14.67151,3,445.01303
-7.375623,5,445.4957
-14.703137,3,445.571972
54.199819,4,445.803013
-13.690576,3,445.878928
-11.211282,4,446.049798
54.204141,4,446.150604
-14.750495,3,446.215106
53.485817,4,446.609669
-14.590943,3,446.769516
-11.399994,4,446.916945
58.241166,6,447.003328
58.649523,6,447.143695
53.196439,4,447.498494
49.637431,3,448.080281
56.131807,5,448.374389
-14.54086,3,448.650919
-14.972197,3,449.037489
-14.584678,3,449.137913
-11.87467,4,449.432539
50.920022,8,449.712019
-11.252389,4,449.944253
56.925378,7,450.019507
-14.450009,3,450.100598
-15.318511,3,450.346374
55.264999,7,450.684035
-9.35433,7,450.831239
-8.531246,5,450.986438
-11.188023,4,451.1275
59.081986,6,451.26934
-13.715466,3,451.343534
-14.246825,3,451.40981
-7.791809,5,451.908007
-14.896681,3,452.420804
-13.617728,8,452.519902
-13.760325,3,452.604189
57.614945,6,452.908184
-14.231645,3,453.207525
51.461621,8,453.414921
55.922222,5,453.707763
-11.501224,4,453.803506
-13.183451,4,454.089071
55.91976,5,454.200371
-9.749669,7,454.283807
-8.293544,5,454.415109
-14.496791,3,454.66227
-11.811904,8,454.997026
54.205035,4,455.690599
-13.476791,3,455.958018
-7.095785,6,456.10698
-8.430745,6,456.45871
44.358385,9,456.741015
-14.42543,3,456.8372
-12.532298,8,457.590839
-14.267776,3,457.836512
-13.75489,3,457.903354
-12.338174,4,457.979593
-8.770001,5,458.156187
45.053728,9,458.240422
-7.274,6,458.386211
53.344251,4,458.617195
-14.781097,3,458.68929
57.313143,5,458.797184
-9.325085,6,458.872361
56.764512,7,458.993455
-11.247555,4,459.084698
-21.330385,9,459.35136
-14.70601,3,459.415538
-7.710955,6,459.883679
-13.768127,3,459.950468
-8.059772,5,460.036215
-15.293485,3,460.119215
-11.205284,4,460.267589
-13.564084,3,460.377913
-13.483434,3,460.621789
-14.370964,3,460.707147
-13.518535,3,460.817325
-15.700335,3,460.89782
-12.046429,4,461.012274
-10.912076,7,461.322742
56.713372,6,461.494575
57.934147,5,461.843876
-14.651233,3,461.930605
-13.524771,3,462.242097
-14.496791,3,462.339241
-11.234295,4,462.525575
-12.563901,8,463.059796
55.420241,7,463.441098
54.201615,4,463.849289
58.130395,6,463.986699
-9.375822,5,464.115138
-7.238322,7,464.175776
-7.044779,5,464.742227
54.191658,4,464.945209
-13.49484,3,465.273926
-13.491237,3,465.404358
-12.462743,4,465.506626
-14.54239,3,465.971394
-14.127503,3,466.206904
-7.277886,6,466.351227
56.967002,7,466.49578
-13.476791,3,466.787541
52.075335,8,466.858895
59.063673,6,466.970786
56.95795,5,467.265529
-8.351501,5,467.389067
-14.094027,3,467.728927
56.933768,5,467.820925
-13.625794,3,467.907269
-13.648111,3,467.968561
35.69382,10,468.123986
51.746848,8,468.389527
-13.74787,3,468.451967
54.162035,4,468.717068
-10.785292,4,469.045872
-9.505942,7,469.338281
54.213605,4,469.598433
-11.494049,4,469.677243
-15.535244,8,469.938345
51.518864,3,470.086099
-13.762527,3,470.147947
52.0552,8,470.413799
-13.495377,3,470.650692
-13.484819,3,470.809783
-13.487482,3,471.038
-8.63061,7,471.627498
-14.503275,3,471.894682
-14.250854,3,471.984919
-13.64846,3,472.066571
57.956187,5,472.27202
56.940689,5,472.559012
57.179008,5,472.702249
56.269429,5,472.965652
59.085614,6,473.079242
-12.417188,4,473.149181
-11.007169,7,473.22651
59.08355,6,473.399803
-9.162684,5,473.498991
53.424585,4,473.601355
56.711287,7,473.68245
-11.543891,4,473.758378
57.126443,5,474.009104
-9.529916,6,474.140214
-13.213857,4,474.271039
-15.118419,3,474.371917
50.535613,3,474.526269
59.08922,6,474.659132
-15.41975,3,474.750349
58.480125,6,474.868768
53.204724,8,475.576874
-9.051283,5,475.880642
-11.383444,4,475.951459
-13.476791,3,476.238132
57.616807,6,476.30891
-14.783173,3,476.384921
-10.771108,7,476.555616
-14.424267,3,476.630744
57.785316,7,476.708508
52.866317,4,477.072358
-38.420912,13,477.228171
57.774808,7,477.305943
54.209991,4,477.425263
-14.411072,3,477.658339
-14.56141,3,477.80586
-13.484627,3,477.950283
-13.777344,3,478.024922
-8.967697,7,478.169292
-9.559726,5,478.244576
-8.156578,5,478.765986
-12.633202,4,478.824783
-14.502243,3,479.055522
57.959941,5,479.168714
-14.631901,3,479.240027
-11.888062,4,479.311672
-13.649886,3,479.405199
-10.859195,4,479.532861
-12.120088,4,479.639208
-11.373049,4,479.71612
57.202387,6,479.992406
50.681624,3,480.146963
-7.247276,7,480.221278
-14.501469,3,480.495422
-14.271038,3,480.714405
57.052791,5,480.811751
-8.676009,5,480.933157
-14.238607,3,481.207338
-14.500451,3,481.290395
-39.141442,13,481.706649
-15.253657,3,481.791829
54.205977,4,482.020128
-14.872947,3,482.24924
-14.504708,3,482.527834
57.276414,5,482.731667
-14.490126,3,482.85268
-19.047135,9,482.94383
44.934756,9,483.028985
59.070807,6,483.116766
52.480573,8,483.223087
56.46909,5,483.443114
-9.41412,7,483.984403
-13.779314,3,484.058589
-11.090992,4,484.136091
-11.505319,4,484.245127
-12.537648,4,484.599559
-10.98604,4,484.696383
-8.18343,6,485.185413
58.179608,6,485.286123
-12.497505,4,485.380192
-9.114536,6,485.448243
-10.062445,7,485.539636
-13.587997,3,485.613855
-11.494367,4,485.691408
-8.260494,6,485.790914
-15.372972,3,485.964135
-11.445906,4,486.081924
55.95862,5,486.18506
54.194962,4,486.377492
-13.476791,3,486.677598
-14.116997,3,486.798037
-8.845977,7,487.045429
-13.724225,3,487.133235
-14.289922,3,487.218091
57.316151,5,487.580677
-11.803472,8,487.632414
-14.280452,3,487.760725
-13.76454,3,487.867254
-14.259152,3,488.004267
-13.602458,3,488.16392
-14.384815,3,488.266221
-10.791822,4,488.590434
57.367785,5,488.935301
-11.113226,4,489.274202
52.394965,8,489.376386
29.762389,11,489.758339
-13.761404,3,489.822957
50.785892,8,490.079458
-10.142759,5,490.381233
-14.285828,3,490.439541
-7.688346,5,490.603203
-14.743849,3,490.664596
-8.353222,5,490.787568
-11.943837,4,490.982164
-5.92529,6,491.068727
57.94255,5,491.190078
57.96703,5,491.488627
56.51915,5,491.816491
-8.540765,5,492.875999
-14.5011,3,492.948691
-14.522448,3,493.044022
29.428953,11,493.134176
-12.35415,4,493.208373
-11.506981,4,493.282301
54.191201,4,493.380945
-12.400707,4,493.440678
57.271433,5,493.652514
-12.147146,4,493.730808
-10.768652,7,494.076648
-13.723684,3,494.156003
-13.749542,3,494.231555
57.673608,6,494.475397
-13.562756,3,494.649413
56.932263,7,494.836124
-13.844808,8,495.117933
57.954947,5,495.199259
-13.737978,3,495.271958
54.202255,4,495.361855
57.671569,5,495.693187
53.195017,4,495.926874
50.50284,3,496.297301
53.19086,4,496.411214
57.8609,6,496.509165
-14.790499,3,496.572121
-11.621067,4,496.650559
-8.426812,5,496.930527
-12.207236,4,496.993383
58.367752,6,497.109817
-14.284132,3,497.210416
-8.186316,6,497.322652
56.947553,5,497.558675
-13.527142,3,497.815401
-13.742375,3,497.874156
45.974442,9,498.223587
51.523209,3,498.408292
36.658098,10,498.582606
-13.787098,3,498.641295
-8.330694,6,498.967469
-11.075114,4,499.042681
-8.026014,6,499.531379
-14.496791,3,499.747415
57.761984,7,499.930725
-11.185478,4,500.034465
53.486254,4,500.148185
-14.357817,3,500.226285
-13.553606,3,500.418543
54.201637,4,500.646471
-7.050407,5,501.096841
49.731201,3,501.255792
-12.881213,8,501.508975
-9.946727,7,501.642793
-13.601706,3,501.835026
56.749796,7,501.937174
-11.870854,4,502.212901
-8.15157,5,502.614232
-7.997754,7,502.665307
57.038097,7,503.41593
-7.415757,5,504.102454
-5.910528,6,504.308586
-8.403415,5,504.449306
-5.919518,6,504.548334
57.041154,7,504.658509
-11.492652,4,504.769793
-8.358471,5,504.879508
37.274346,10,504.999444
-12.390765,4,505.150103
57.784933,7,505.276495
-14.725907,3,505.339171
53.188593,4,505.56293
-7.449028,6,505.719285
53.386987,4,505.946698
58.346964,6,506.26274
-13.767281,3,506.337942
-11.794317,4,506.769652
-14.684135,8,506.910835
55.627515,7,507.055261
-11.48809,4,507.166625
56.267907,5,507.310322
-13.711077,3,507.406844
-14.428642,3,507.483724
58.043658,6,507.597908
-11.999222,4,507.699073
-8.336828,5,507.832857
-13.737558,3,507.909505
-13.656976,3,507.970092
51.515702,3,508.402952
-8.578309,6,508.672063
59.082484,6,508.995519
-13.493361,3,509.069619
-13.756365,3,509.146487
56.518538,5,509.596078
-14.165726,3,509.679744
57.41235,5,509.98149
-11.1707,4,510.302437
-39.121073,14,510.387057
-8.201767,6,510.532402
53.190955,4,510.780464
-11.819077,8,510.995293
-14.596559,3,511.0679
53.205611,4,511.417327
-9.188054,5,511.513371
57.957521,5,511.768846
-13.722039,3,511.844547
53.181325,4,511.957084
-12.187281,4,512.064975
-11.808499,4,512.228482
-11.626319,4,512.303267
-9.264443,7,512.467777
58.87324,6,512.613742
-13.706285,3,512.693263
-13.637103,3,512.778613
-9.310305,5,512.866965
-36.842413,12,513.02139
53.530777,4,513.3549
59.081545,6,513.460319
-7.234472,7,513.539432
56.491064,5,513.815841
56.92797,5,514.105431
50.853089,3,514.255828
57.772716,7,514.360829
57.000966,5,514.537556
54.204005,4,514.651575
54.194877,4,514.763603
-7.700969,5,514.901575
57.441711,6,515.247595
-14.498955,3,515.628029
-13.76071,3,515.689254
57.283445,5,515.792742
-11.811497,8,516.301668
-37.083028,12,516.418536
-13.478968,3,516.581432
54.16675,4,516.864622
58.331571,6,516.937156
-11.186813,4,517.063761
-7.227856,7,517.104654
-7.231704,7,517.261489
-14.254636,3,517.370181
51.933038,8,517.613314
31.072528,11,517.753501
-11.487995,4,517.848161
-14.242965,3,518.118366
-8.796646,6,518.283015
-40.482337,15,518.352368
-13.77468,3,518.427014
54.214578,4,518.830661
-15.19676,3,518.943851
-10.815823,4,519.253379
53.103449,4,519.479551
-13.728875,3,519.538749
59.093725,6,519.753143
45.976314,9,519.83797
-28.071528,10,519.886545
-13.486782,3,520.138658
-15.696088,3,520.200408
57.771945,7,520.278654
56.947348,5,520.392036
-12.29894,4,520.471804
-8.431184,7,520.516976
-7.864057,5,520.657953
55.529435,7,520.829519
-14.131724,3,520.911117
-14.732906,3,520.971223
-13.481252,3,521.266716
-8.969374,5,521.345869
-13.48107,3,521.798285
-14.194287,3,521.872399
-7.19145,6,522.220006
57.762067,6,522.319304
54.199661,4,522.690313
54.208886,4,522.834648
-14.756868,3,522.915804
54.207628,4,523.029244
-7.996187,5,523.339322
57.465785,6,523.437029
-13.772692,3,523.499257
58.186747,6,523.606255
57.613018,5,523.919891
-10.654252,7,524.04395
-11.19643,4,524.320385
-8.576921,5,524.389572
-15.330029,3,524.5839
-13.712029,3,524.661021
53.168714,4,524.937307
57.784346,6,525.068908
-11.556163,4,525.130065
-8.437294,5,525.201475
-13.477337,3,525.490377
-14.720358,3,525.548994
49.711684,8,525.721397
58.95568,6,526.043424
-8.2874,6,526.340972
54.196847,4,526.616395
-14.173791,3,526.84263
-11.447028,4,526.918291
-15.356464,3,526.994103
50.853144,3,527.139151
-14.468185,3,527.205162
-11.373102,4,527.277508
49.515862,8,527.540672
-13.705469,3,527.616936
-14.515971,3,527.690898
57.775761,7,527.796528
-8.569715,5,527.883826
52.082213,8,528.013619
-14.503856,3,528.288935
-14.423146,3,528.382026
-14.802589,3,528.466465
-11.928336,4,528.782515
-8.478241,5,528.862584
-12.068172,4,528.946822
53.178252,4,529.161081
-27.040851,10,529.207177
-13.764055,3,529.268919
-11.209261,4,529.391773
-13.527576,3,529.50197
-13.476791,3,529.59021
-13.640024,3,529.690412
-14.802729,3,529.753505
-14.507813,3,529.8714
59.080007,6,529.951024
54.201813,4,530.190871
-6.590968,6,530.296685
-15.512434,3,530.361072
-11.531423,4,530.835052
-13.778208,3,530.922046
-19.020001,9,530.966628
53.358999,4,531.061199
-13.484898,3,531.357195
-13.780892,3,531.441199
56.742086,7,531.672381
-13.482971,3,531.963413
58.072638,6,532.3102
-11.534791,4,532.385376
55.891399,7,532.516712
54.202973,4,532.768737
59.092589,6,532.832367
53.227184,4,533.203625
59.092521,6,533.306884
57.950734,5,533.560247
-9.207341,5,533.7618
-14.705696,3,533.83017
-14.588686,3,533.897286
-8.857957,6,533.996439
-9.83435,7,534.342694
-15.494889,3,534.573472
-11.322276,4,534.69914
-15.485929,8,534.80174
57.008745,5,534.885686
-12.908794,4,535.011258
37.547818,10,535.113908
-11.803561,4,535.406205
-13.682342,3,535.482401
-11.179921,4,535.790976
-14.407201,3,535.865735
53.417188,4,535.987902
-7.633707,6,536.366588
59.088183,6,536.492035
-37.474737,12,536.660558
-14.733327,3,536.735247
-14.445863,3,536.813391
57.963338,5,536.882103
-15.516791,3,536.990751
-8.178195,5,537.081563
-27.23603,10,537.169076
-13.568871,3,537.257988
-21.644408,9,537.551202
-9.683708,6,537.84104
-11.552796,4,537.918747
57.945658,5,538.13328
53.196439,4,538.402867
52.305005,8,538.908513
51.523209,3,539.406237
-8.091307,6,539.572143
-14.768362,3,539.86891
56.706558,5,540.19502
-13.777824,3,540.275335
-7.227934,7,540.439907
-15.110279,3,540.54798
58.192856,6,540.67319
-13.596006,3,540.773409
57.771734,7,541.457135
-13.483408,3,541.925113
51.496938,8,542.141701
-13.624303,3,542.251908
56.08603,7,542.325748
29.950047,11,542.578979
-13.490603,3,542.809873
-11.20106,4,542.875448
53.329499,4,542.973388
57.757937,7,543.051773
55.508985,7,543.312669
54.216439,4,543.693557
-13.796885,3,543.769671
54.216439,4,544.009143
-13.602917,3,544.08975
-11.412655,4,544.181896
54.215371,4,544.37612
-8.572545,5,544.525662
-7.995786,6,544.626066
-12.403984,4,544.686663
-13.478465,3,544.795314
-12.329851,4,544.912836
57.125721,7,545.014008
-9.078615,5,545.081939
58.304283,6,545.176233
57.604941,6,545.350428
-7.053611,5,545.809886
-11.345573,4,545.901501
-14.208247,3,545.983958
-14.370719,8,546.167803
-7.244003,7,546.216556
58.019177,6,546.505537
-8.260702,5,546.5963
51.523209,3,546.808807
58.148037,6,546.931113
-11.474822,4,547.007727
-12.880587,4,547.098397
52.599463,4,547.340719
53.182502,4,547.575902
-8.838185,5,547.668571
-14.21566,3,547.819437
-8.406533,5,548.179794
54.196131,4,548.571633
-11.504072,4,548.65831
59.063971,6,548.81886
57.268122,5,549.118938
-14.757222,3,549.181035
53.026919,4,549.271966
56.595629,7,549.482041
-10.795177,4,549.962216
-8.152904,6,550.034157
57.349108,5,550.156442
-13.476791,3,550.42682
57.149515,5,550.526747
-13.678824,3,550.603373
-13.696074,3,550.665984
57.198662,5,550.94083
-11.580827,4,551.026015
-8.740395,6,551.352028
-14.107024,3,551.482944
-12.258067,4,551.558722
52.17535,4,551.808315
51.504122,3,551.979746
-12.009426,4,552.309324
53.95082,4,552.775976
48.892033,8,553.013912
-9.06845,6,553.136915
56.865359,6,553.562319
-5.924564,6,553.793661
57.175302,5,553.925839
28.10671,12,554.213804
-7.250138,7,554.272934
53.322435,4,554.401567
50.983806,8,554.700243
57.008121,6,554.984066
-10.860099,4,555.320646
57.480737,6,555.596666
-7.75452,6,555.964074
56.705884,7,556.09645
-8.073126,7,556.335558
44.410709,9,556.552592
53.197183,8,556.926513
54.150577,4,557.23778
53.185734,4,557.397751
54.216439,4,557.558992
-8.064263,5,558.02747
-8.471268,5,558.154517
-13.74979,3,558.218119
-11.808943,8,558.30526
55.828804,7,558.430784
-13.483758,3,558.719086
57.95515,6,558.829261
-14.651239,3,558.892382
-12.127113,4,559.190737
54.092059,4,559.299034
-11.032381,4,559.489586
57.26757,5,559.679935
51.517387,3,559.850888
-7.618902,6,560.14279
56.606679,5,560.265568
37.975064,10,560.39281
-7.591575,6,560.903753
-13.476791,3,561.157045
-7.555905,5,561.234824
-14.324877,3,561.317365
57.962565,5,561.557899
-10.971264,4,561.692981
-12.831132,4,561.962829
-13.661305,3,562.041374
58.051091,6,562.172595
58.873483,6,562.236723
-14.763685,3,562.299396
-13.547649,3,562.379048
56.964354,5,562.511769
-13.734057,3,562.592979
-10.806232,4,562.782695
-13.69,3,562.869141
-13.751127,3,562.950308
57.422568,6,563.139109
-22.504018,9,563.214281
-20.055643,9,563.265532
55.43918,7,563.462874
-8.156584,5,563.577896
54.206348,4,563.68287
50.557422,3,564.25556
44.951031,9,564.364167
54.195993,4,564.488881
51.520794,3,564.922833
57.881829,5,565.173087
-13.663279,3,565.235644
-11.343453,4,565.413291
-14.496791,3,565.63391
-8.145473,6,566.71778
56.501664,6,567.034526
-37.065798,12,567.099147
-13.614196,3,567.205841
-12.888637,8,567.260586
-13.492395,3,567.362066
-11.070499,4,567.653639
-11.998055,8,567.709762
57.492051,6,567.771399
-13.643592,3,567.899913
-14.443028,3,567.961459
-14.175764,3,568.040954
-15.497046,3,568.344424
53.284247,4,568.485618
54.214256,4,568.757855
59.091032,6,569.114889
-13.48668,3,569.426339
56.614913,5,569.543824
58.109693,6,569.675716
-8.15701,6,569.802752
-14.269247,3,569.880425
-12.36289,4,569.974515
57.966962,5,570.251339
-14.4549,3,570.318056
-13.476791,3,570.397066
-11.049072,4,570.732579
-11.420753,4,570.850496
52.350884,4,571.271062
56.893879,7,571.400622
57.114614,5,571.604656
-14.701163,3,571.669956
-13.604896,3,571.779433
-11.04934,4,572.02983
53.351116,4,572.263947
57.277155,6,572.385733
-13.476791,3,572.638848
-8.618172,6,572.715964
-14.634155,3,572.787192
55.860633,7,572.902219
-8.167815,5,573.251095
-11.801895,8,573.294165
-11.443806,4,573.447511
51.202799,8,573.532152
44.761833,9,573.65431
53.281198,4,573.906196
-7.236095,7,573.953115
-9.088609,6,574.056273
53.168959,8,574.393142
54.201585,4,574.501459
56.995753,5,574.624384
-8.395475,5,574.78366
-7.287103,5,575.134126
53.240514,4,575.38421
-14.243252,3,575.481554
-13.758972,3,575.540625
-11.444674,4,575.687969
-6.768661,6,575.757832
-14.359452,3,575.880738
37.098881,10,575.96789
-22.521373,9,576.118629
58.898201,6,576.200467
-8.75204,5,576.367739
-13.715528,3,576.429487
-13.728742,3,576.505018
-13.480591,3,577.020863
57.96025,5,577.202602
-11.351606,4,577.272372
-13.484362,3,577.495889
-11.432555,4,577.573256
-15.277877,3,577.635995
-7.901825,6,577.771489
-14.29641,3,577.999112
-14.171604,3,578.095835
54.181806,4,578.46101
-5.901285,6,578.568361
-11.557113,4,578.650392
-12.182751,4,578.787214
54.207001,4,579.024538
-13.485041,3,579.220634
-11.797737,8,579.266599
-11.274069,4,579.40383
-8.013265,5,579.482089
-13.480408,3,579.709399
-20.042005,9,580.132923
58.504387,6,580.200019
-14.558927,3,580.349444
-13.694818,3,580.426971
-15.098357,3,580.491925
-14.796817,3,580.553661
-13.631077,3,580.623073
-15.525611,3,580.887269
54.214945,4,580.974667
57.782761,7,581.059823
57.949925,5,581.129574
-14.5898,3,581.228172
-9.176509,5,581.336184
-11.571065,4,581.396971
-7.548333,6,581.684778
52.034105,8,581.773988
44.062271,9,582.027568
55.834736,7,582.423857
57.695819,6,582.547617
-14.529621,3,582.63926
57.942133,5,582.785894
-13.763931,3,582.847131
-38.459623,13,583.228173
-11.839237,4,583.372017
57.952041,5,583.637006
-15.217356,8,583.703796
-10.801216,4,583.85023
-11.382615,4,583.963805
-13.691903,3,584.036996
54.200072,4,584.28375
-14.412184,3,584.405383
57.161384,5,584.717411
58.067879,6,584.903609
-11.326683,4,585.10025
56.942979,7,585.212061
-10.978333,4,585.347285
56.661573,7,585.527944
57.776616,6,585.670436
-14.217359,3,585.900776
-14.328716,3,585.988929
-13.151428,4,586.066173
-8.683234,5,586.333386
-11.106107,4,586.760399
-13.666277,3,586.821031
50.579673,8,586.97063
-9.041329,7,587.157728
56.492731,7,587.483323
-8.024163,5,587.774758
58.111858,6,587.892168
-7.853751,5,588.173338
-13.480452,3,588.423239
57.762332,7,588.539008
-8.07623,6,588.66326
-12.378523,4,588.730967
57.227745,7,588.846272
-15.034965,3,588.930924
56.210033,5,589.056319
-13.48118,3,589.3472
52.176502,8,589.432014
-11.058633,4,589.67289
53.076715,4,590.046696
57.624028,7,590.171022
-13.639505,3,590.2465
-8.026103,5,590.646781
52.366247,8,590.767869
-12.305517,4,590.861908
-14.423857,3,591.34723
57.961383,5,591.478379
-12.461111,4,591.553372
45.904989,9,591.629125
-14.462953,3,591.707877
57.139468,5,591.767127
54.212711,4,592.009401
-10.992184,4,592.163067
-13.140128,4,592.271305
-14.201107,3,592.57915
-14.689215,3,592.643385
51.523209,3,592.772817
57.762329,7,593.098738
-9.837263,7,593.390068
-14.691056,3,593.447549
-7.758383,6,593.739179
57.323241,6,593.899736
53.549529,4,594.086921
-13.746592,3,594.146699
44.94151,9,594.238871
-13.619347,3,594.337012
-8.439648,5,594.654721
50.233627,3,595.008465
59.098146,6,595.127661
-8.24852,6,595.210707
-8.526484,5,595.354699
57.776715,7,595.432015
-13.569392,3,595.734622
53.263981,4,595.970788
57.953173,5,596.364233
-21.185891,9,596.673581
-12.53229,8,596.721834
37.601796,10,596.796656
57.665445,7,596.917494
57.96211,5,597.042066
-12.631983,4,597.102479
57.660333,5,597.177436
54.204056,4,597.277608
-11.504776,4,597.35555
-13.741042,3,597.41749
-13.769493,3,597.496599
-8.904659,6,597.57222
-6.904933,6,597.795644
-13.476791,3,597.882304
30.054429,11,597.966308
-8.852362,5,598.098029
51.522355,3,598.352639
54.203862,4,598.456326
53.18868,4,598.84348
50.498486,3,599.195203
-15.062649,3,599.298395
-13.476791,3,599.377973
-6.550123,6,599.454812
-14.394757,3,599.70397
57.051261,7,599.805063
-8.155416,6,599.943817
-19.044603,9,600.165786
54.093578,4,600.406421
53.26816,4,600.765122
53.17336,4,601.108182
-13.744031,3,601.182165
-13.548978,3,601.305562
50.688856,3,601.459949
58.775849,6,601.651103
57.029187,7,601.8175
55.426098,7,602.072272
52.563538,8,602.194878
-13.602009,3,602.282037
-14.274743,3,602.522888
53.134669,4,602.844559
-11.076961,4,603.155066
54.207865,4,603.260982
-14.483741,3,603.349547
54.106631,4,603.659605
-11.390889,4,603.738823
57.579067,5,603.968722
57.956558,5,604.164144
54.210929,4,604.391215
-13.601757,3,604.605626
-8.169993,5,604.874855
-11.442856,4,604.976472
57.219616,5,605.322579
-13.692105,3,605.400138
-10.783561,4,605.473811
36.277552,10,605.61111
-14.435923,8,605.742066
-13.637169,3,605.826555
-13.775904,3,605.888437
-15.225051,3,605.948036
-14.473654,8,606.21289
-7.538196,7,606.269485
-14.805161,3,606.33896
-11.605356,4,606.401636
-27.815938,10,606.492763
-12.186662,4,606.590734
57.95091,5,606.676517
-6.09694,6,606.824808
54.202498,4,606.971252
57.465519,5,607.121638
-6.018365,6,607.201862
-14.511284,3,607.376598
50.54259,3,607.874613
52.522068,8,607.935746
51.515102,8,608.372733
54.204001,4,608.787276
-7.908071,5,608.920759
-19.025603,9,609.322366
-14.33143,3,609.396623
-14.647792,3,609.455256
-11.327041,4,609.575558
43.142098,9,609.676862
57.715413,6,610.008191
-10.074178,7,610.087654
-13.736924,3,610.149446
-11.066741,7,610.408447
-14.508276,3,610.697875
45.199548,9,610.767904
-8.421991,6,610.897556
-5.92361,6,611.003145
-27.042967,10,611.082517
44.259055,9,611.180243
37.939624,10,611.28576
-19.040983,9,611.375476
37.935819,10,611.511753
56.335768,7,611.63742
-13.482755,3,611.720841
-14.510194,3,611.794739
-10.910085,4,611.924904
53.325199,4,612.304047
-10.788078,4,612.441189
-39.110853,14,612.5223
45.297061,9,612.642425
-11.804978,8,612.68368
-14.648617,3,612.75398
-13.71311,3,612.816173
-7.868723,7,612.858102
-7.700182,5,613.340018
58.753804,6,613.437764
44.34033,9,613.703438
-14.544026,3,613.762772
53.512331,4,614.124906
57.213947,5,614.250608
-13.48651,3,614.473081
54.206557,4,614.655734
53.214464,4,614.751318
57.35393,6,614.822067
58.258151,6,614.934354
56.497559,5,615.178491
-11.572248,4,615.239148
54.021131,4,615.500452
53.187722,4,615.738979
-14.670805,3,615.815679
28.209609,12,615.971086
-7.032386,5,616.473961
45.293988,9,616.552005
-11.798343,8,616.748565
57.21474,5,616.861255
-12.85076,4,617.126865
-13.514474,3,617.430395
57.813944,5,617.633243
-8.905901,5,617.774488
-13.528337,3,618.253285
-13.476791,3,618.352554
-7.195521,6,618.732233
54.199822,4,618.841061
51.516025,3,619.023443
53.185012,8,619.478776
-13.735938,3,619.557995
-7.215294,7,619.703597
53.350347,4,619.990855
-14.467894,3,620.079347
-13.488185,3,620.216777
-11.466868,4,620.281125
49.376883,8,620.697576
-14.211117,3,621.011224
-20.39228,9,621.092144
-8.440405,5,621.196944
-9.863045,7,621.431199
-7.662842,7,621.617412
-14.344971,3,621.901057
-13.476791,3,622.010754
-10.80203,4,622.17688
57.123618,5,622.285601
-13.628923,3,622.352007
-15.421124,3,622.460904
-13.476791,3,622.736998
57.886874,6,622.959742
-12.120099,4,623.05879
-7.368221,6,623.410039
-8.499816,5,623.558031
57.949154,5,623.756918
53.976118,4,624.211815
53.993384,4,624.512094
-13.747317,3,624.574779
57.950163,5,624.643885
-11.81356,8,624.728611
-11.268669,4,624.813845
56.902225,7,624.957142
-13.388008,4,625.031578
-12.154681,4,625.14274
-13.511466,3,625.473003
-13.642066,3,625.552361
-8.524078,5,625.704992
-8.620336,5,625.841846
57.938656,5,625.969824
58.136851,6,626.054752
-14.374985,3,626.13572
58.068917,6,626.221836
59.085805,6,626.297957
-13.773555,3,626.37406
53.575074,4,626.609511
-13.652025,3,626.672695
-14.724644,3,626.734339
57.214848,5,626.992032
-12.123662,4,627.347106
57.950853,5,627.445991
-8.854052,6,627.713876
57.827548,6,627.964981
50.1024,8,628.525045
59.076623,6,628.60047
-14.585772,3,628.680565
-11.179349,4,628.76096
-8.962129,5,628.847167
-11.811188,4,629.174714
-8.978982,5,629.272067
-14.606259,3,629.451462
-9.834832,5,629.732286
-13.753871,3,629.805585
-7.217744,7,629.852219
-12.847929,8,629.923084
57.721917,6,629.995399
30.095767,11,630.083375
-14.440259,3,630.154304
44.844922,9,630.256285
57.967614,5,630.371931
-12.447642,4,630.494007
-14.486181,3,630.576983
-13.569769,3,630.667008
-14.428528,3,630.824813
57.890036,6,631.101163
-13.376291,4,631.173638
-5.908468,6,631.346926
-6.952789,6,631.844955
-11.123018,4,632.161539
51.513304,3,632.318661
-9.330543,5,632.392765
-13.722242,3,632.452946
53.193419,8,632.523909
-11.803561,4,632.848708
-11.481322,4,632.910137
57.098413,5,633.187012
-10.531503,7,633.281955
54.209437,4,633.649584
54.202746,4,633.894425
-13.657695,3,633.971226
-11.393365,4,634.07239
-7.22145,7,634.319031
54.216439,4,634.537585
57.072682,5,634.651748
53.512378,4,634.873169
-5.911087,6,636.06318
-5.912577,6,636.138951
-13.480486,3,636.227245
-14.465266,3,636.304338
-11.488007,4,636.413984
56.646905,5,636.6536
42.854227,9,637.010482
54.473718,7,637.441892
-12.412531,4,637.509079
-8.06441,5,637.589949
-6.189546,6,637.717391
-19.039539,9,637.859582
57.867769,5,638.156001
52.951099,4,638.644236
52.419204,8,638.768271
-12.127063,4,638.918333
53.423093,4,639.392235
-7.454415,6,639.473411
-14.7149,3,639.578897
53.328471,4,639.805183
-12.543913,4,639.953384
-8.299792,5,640.139017
57.221906,6,640.213382
-9.67577,5,640.292677
-11.448721,4,640.360924
-8.275471,5,640.682835
-7.77127,6,640.819785
45.962277,9,640.958388
57.07329,7,641.065619
-19.842466,9,641.337188
-9.708046,7,641.650336
-11.796604,8,641.697405
58.339946,6,641.880291
-13.717369,3,641.959088
57.950724,5,642.081387
-11.406904,4,642.184067
53.186644,4,642.543513
55.895988,7,642.653212
-12.028111,4,642.775516
54.199448,4,642.846476
-13.48555,3,642.946541
-13.778248,3,643.006887
-8.285051,5,643.082055
56.998657,5,643.160376
-13.659754,3,643.234046
-11.586854,4,643.313025
-14.553209,3,643.501754
-11.106457,4,643.564343
27.189129,12,643.698158
57.775012,7,643.770748
-12.335054,4,643.895138
59.089726,6,644.067215
-8.320261,5,644.176272
-12.172647,4,644.564864
57.135655,5,644.839765
36.533345,10,644.958753
45.17298,9,645.051215
-14.703739,3,645.126283
-19.03898,9,645.3256
-7.041961,5,645.453703
-11.573962,4,645.529411
31.087545,11,645.630092
57.572774,5,645.903208
-8.123627,7,646.04762
57.303778,5,646.122808
59.086486,6,646.321906
-9.481068,5,646.424598
-12.517853,8,647.136043
54.215343,4,647.25738
-13.677578,3,647.320593
-7.665548,5,647.613264
58.005887,6,647.694753
54.216439,4,647.807441
-11.598393,4,647.888664
-13.663994,3,647.95881
-13.766367,3,648.022352
57.643833,7,648.13182
-14.464685,3,648.426642
57.770564,5,648.647379
-12.471979,4,648.794427
-13.751852,3,648.870642
-9.994118,7,649.122108
-15.257734,8,649.214924
-8.219966,6,649.321867
-14.189573,3,649.423419
-13.481587,3,649.510621
-13.587089,3,649.595294
44.420078,9,649.726274
-8.353481,5,649.80207
57.506387,6,649.922725
58.890294,6,649.983835
51.518927,3,650.359791
37.020675,10,650.586555
58.088486,6,650.713961
-34.601698,11,650.789572
-13.510236,3,650.921386
51.523209,3,651.062752
-12.058445,4,651.552972
-12.012671,4,651.8909
-14.745119,3,651.969387
-14.799933,8,652.350061
56.701062,5,652.650776
-11.818626,4,653.101782
-27.758868,10,653.199963
-13.490234,3,653.33029
59.084803,6,653.404637
-12.519031,4,653.467854
50.829018,3,653.604143
-7.931269,5,653.686312
37.940423,10,653.800406
57.199287,6,653.927787
-13.672364,3,653.988974
-5.923151,6,654.04181
-9.318019,7,654.209887
-10.990625,4,654.523835
-14.752113,3,654.594051
-12.54597,4,654.665758
53.377348,4,654.840003
-7.505424,5,654.939589
57.990811,6,654.988664
-7.703175,5,655.172124
-12.239251,4,655.214537
-10.788678,4,655.456211
-5.912682,6,655.609952
-8.166352,6,655.704508
57.956031,5,655.773624
-7.880793,6,655.844217
-5.923429,6,655.906377
-13.571447,3,655.983638
58.09774,6,656.073345
-14.314726,3,656.350151
-20.300835,9,656.464877
-9.893783,7,656.616485
-13.749967,3,656.656107
45.094939,9,656.717748
-14.5029,3,656.872935
53.426957,4,657.108878
-11.226775,4,657.152996
-14.61691,3,657.193274
-10.795248,4,657.285143
-7.891729,5,657.499539
-28.550885,10,657.877551
57.281899,5,657.952177
-12.082544,4,658.104542
-14.496791,3,658.281383
43.887782,9,658.332505
54.181858,4,658.407136
-7.710905,5,658.707852
53.390494,4,658.851425
50.503209,3,659.122175
51.512222,3,659.225361
54.185933,4,659.297713
-7.910108,7,659.399267
-10.924477,4,659.486137
-9.659933,7,659.669097
-13.571236,3,659.729169
-13.482905,3,659.766221
57.940194,5,659.84382
-12.240533,4,660.046154
-10.799332,4,660.136566
-13.753106,3,660.174429
-14.205991,3,660.211998
31.05695,11,660.256474
56.758294,7,660.318794
53.335501,4,660.516201
-13.687974,3,660.567579
-13.69016,3,660.608751
-13.705683,3,660.648804
57.957487,5,660.770661
56.820429,7,660.82218
-9.045517,5,660.928026
-7.620024,6,661.073525
-15.665951,3,661.114334
-8.645289,5,661.161071
-8.115427,7,661.43495
57.967614,5,661.51613
-12.427779,8,661.547681
57.951481,5,661.630101
-8.453221,5,661.686374
-14.689736,3,661.726069
-13.651383,3,661.766132
51.430258,8,661.852123
45.973082,9,661.906728
-8.722318,5,662.004138
-11.574657,4,662.050721
-8.608836,5,662.150364
-7.43392,7,662.204875
56.449029,5,662.279492
-15.405539,3,662.316542
50.934926,8,662.395641
51.941566,8,662.689903
59.094652,6,662.795433
-19.031539,9,662.823978
-13.752566,3,662.862748
-11.433627,4,662.911912
-19.022089,9,663.014653
49.461439,8,663.135183
-35.24217,11,663.224438
-14.739503,3,663.271595
-7.793187,5,663.357752
-9.804638,7,663.709149
-12.369349,4,663.758764
57.957767,5,663.810226
52.83203,8,663.862795
59.024261,6,663.946928
-13.597521,3,664.032172
-11.803561,4,664.122576
52.518201,8,664.33784
-11.003666,4,664.391073
-11.417502,4,664.440725
-14.643306,3,664.48327
-13.525825,4,664.545607
-14.792895,3,664.592638
-13.481396,3,664.741643
-11.397562,4,664.811797
-15.217216,3,664.930408
-13.48126,3,664.981975
57.779092,7,665.026051
-13.488369,3,665.226405
-11.258863,4,665.273474
-8.512367,5,665.355109
-13.289339,8,665.431243
-11.564142,4,665.470299
-8.980287,5,665.510384
57.938876,5,665.558963
-14.533537,3,665.596501
57.954978,5,665.67252
37.091202,10,665.846768
-14.782476,3,665.884991
51.523209,3,666.162029
56.832417,5,666.247663
-13.627838,3,666.299304
-8.923739,5,666.495533
54.208681,4,666.727793
54.201151,4,666.839194
58.720398,6,666.963265
-8.27073,6,667.028359
-13.607536,3,667.065907
53.184721,8,667.115985
-8.140531,5,667.27916
-13.591382,3,667.323206
-13.543788,3,667.419358
-11.843417,4,667.542809
53.360637,4,667.688832
-13.537103,3,667.911073
-7.487281,6,668.083598
-14.39321,3,668.128746
56.307399,5,668.319848
54.097784,4,668.542131
44.548497,9,668.609251
-11.571764,4,668.656478
58.80313,6,668.771646
-13.678503,3,668.813447
-11.111568,4,668.987035
54.205912,4,669.051976
51.513624,3,669.132035
-13.667707,3,669.178803
-14.33921,3,669.233678
-10.097309,7,669.372257
26.570422,13,669.617133
-14.375653,3,669.673296
55.898786,7,669.824304
-15.271271,3,669.995895
-11.684714,4,670.198349
-13.733867,3,670.249885
57.958458,5,670.45984
-11.363425,4,670.535129
-12.441337,4,670.619176
-8.770303,6,670.708312
-14.400182,3,670.755692
59.089095,6,670.835113
57.290775,5,670.918097
-9.764942,7,670.981878
-8.728716,5,671.022531
59.099294,6,671.096283
-7.859495,6,671.18176
-13.490205,3,671.240922
54.216439,4,671.4228
-13.476791,3,671.53859
57.00397,6,671.778657
-11.568723,4,671.844028
-8.992686,5,671.888474
51.415805,8,672.106691
45.973362,9,672.335066
-14.55605,3,672.375338
52.538003,8,672.685152
58.447687,6,672.754866
-14.252104,3,672.860196
58.168959,6,672.910376
-14.794946,3,672.94954
-11.343067,4,673.005201
58.205538,6,673.17187
-13.483317,3,673.222221
-14.264245,3,673.387176
52.235668,8,673.456851
54.210821,4,673.606087
-13.499259,3,673.660672
-10.783561,4,673.750808
-11.821842,8,673.781845
-11.718572,4,673.832472
-13.541732,3,673.886586
-7.241214,7,673.954937
59.078191,6,674.00229
-13.759959,3,674.052877
-12.698381,4,674.101126
-11.182429,4,674.201301
-13.547463,3,674.281925
51.600135,8,674.375294
-8.008353,6,674.491069
-39.543871,16,674.546763
-8.299602,5,674.590936
-10.795157,4,674.797784
-13.581525,3,674.84246
57.552597,5,675.133311
54.198434,4,675.251079
-13.574839,3,675.421818
-12.360827,4,675.481922
59.076877,6,675.646319
-11.434501,4,675.747949
57.772651,7,675.848206
-19.031127,9,675.895776
-13.542279,3,676.115471
-11.564708,4,676.20829
57.497239,6,676.410421
-14.379867,3,676.482089
54.20658,4,676.764845
53.110067,4,677.023412
56.416772,7,677.338593
-11.361626,4,677.448993
-11.35113,4,677.561571
56.524809,5,677.81929
59.081338,6,677.94115
56.829418,7,678.142908
56.94095,5,678.45432
-11.803887,8,678.656192
-9.283672,5,678.794438
57.065802,7,678.857138
-19.910607,9,678.961955
-14.180109,3,679.098938
-14.2685,3,679.18373
-13.531601,3,679.27602
-11.446156,4,679.428216
-11.183615,4,679.540832
-14.162071,8,679.983397
-13.674835,3,680.079486
-7.555051,6,680.473735
58.232417,6,680.619887
51.41731,8,680.716322
58.064456,6,681.094769
-10.792201,4,681.27806
57.243214,5,681.470525
-9.134398,5,681.56026
-11.803512,8,681.653914
-13.678654,3,681.715102
36.945251,10,682.052978
-14.146986,8,682.400545
57.777573,7,682.776418
-7.833471,6,682.901056
-14.685682,8,683.062312
-12.595157,8,683.50164
-9.192174,7,683.783579
57.733044,5,683.931606
-13.477387,3,684.261481
-14.606202,3,684.36418
-7.924937,5,684.488997
58.232975,6,684.558203
56.191265,5,685.059952
54.216439,4,685.456096
-13.582277,3,685.565425
-11.261935,4,685.813585
-12.095974,4,685.975396
57.72744,5,686.388188
-11.32731,4,686.54047
-14.345783,3,686.636767
56.926494,5,686.753648
-14.343812,3,686.918571
57.940713,5,687.156147
-13.482446,3,687.216717
-6.518421,6,687.333998
54.43946,7,687.462321
-13.476791,3,687.738389
53.443478,4,687.851264
-13.652661,3,687.92503
50.50295,3,688.210553
59.094429,6,688.305884
-14.694861,3,688.368381
-13.664584,3,688.47471
-8.454427,5,688.545864
-14.802367,3,688.623632
53.180509,8,688.717488
57.773683,7,688.840036
-13.654889,3,688.907101
56.94015,5,688.966907
57.15884,5,689.053703
-8.344888,5,689.193903
-13.478745,3,689.663271
-13.670086,3,689.74194
57.759294,7,689.84743
-14.391564,3,690.072459
-13.614948,3,690.212231
-8.537281,5,691.361731
51.0225,8,691.757085
57.781827,7,692.162755
31.060889,11,692.263538
45.94773,9,692.402273
-28.004454,10,692.893646
50.503209,3,693.488616
-9.291851,5,693.637063
-14.507236,3,694.007069
56.843441,6,694.199033
-13.699153,3,694.268468
57.967614,5,694.397656
45.977642,9,694.488349
54.130922,4,694.748644
59.07728,6,694.83679
51.434716,3,695.266162
-14.572687,3,695.341562
-11.109879,4,695.588375
-14.769038,3,695.660227
57.116654,5,695.87502
54.199507,4,696.122179
53.416923,4,696.245568
57.736377,5,696.482058
-13.576104,3,696.608719
53.489867,4,696.884135
-13.642999,3,696.949847
-11.458001,4,697.072205
56.577914,7,697.188438
-19.024933,9,697.247547
30.264368,11,697.69504
57.96695,5,697.814308
57.963298,5,698.117229
-11.808393,4,698.468663
-8.295782,5,698.597578
55.804481,7,698.902966
58.235325,6,699.052339
-7.225548,7,699.574539
-8.105086,5,699.695653
56.692543,5,700.083214
-21.605615,9,700.40959
-7.568979,6,700.541056
59.092778,6,700.62564
54.07938,4,700.836421
55.918845,5,700.961663
-19.018185,9,701.044363
-11.452214,4,701.169497
-13.784663,3,701.230074
-7.891124,5,701.51224
51.941932,8,701.649817
-11.811658,8,701.877453
-7.042913,5,702.480212
-19.032141,9,702.540321
57.780212,7,702.627192
58.075006,6,702.705332
59.096345,6,702.824091
-19.887284,9,703.143656
37.089637,10,703.255402
-11.516432,4,703.332921
57.29527,5,703.723037
53.190094,4,703.901376
-13.662669,3,703.966011
-13.609669,3,704.043631
-11.330585,4,704.450315
56.876133,6,704.726953
45.225391,9,704.851295
-11.321728,4,704.960324
57.961032,5,705.297685
-8.247802,7,705.367955
-11.806806,8,705.481702
57.959105,5,705.680893
51.522668,3,705.845002
57.997663,6,705.990339
58.830007,6,706.105445
57.95224,5,706.215213
56.913205,7,706.371761
-27.048221,10,706.431932
57.139982,5,706.749853
58.392631,6,706.873947
59.074676,6,707.067033
44.465713,9,707.294717
-14.583309,3,707.368049
-11.81947,8,707.491851
50.723553,8,707.588682
-8.301879,5,707.731183
-11.138019,4,707.872404
-8.354764,5,707.989895
-14.561382,8,708.103812
-11.604962,4,708.198722
-13.549403,3,708.3206
-13.69283,3,708.412163
-7.231057,7,708.476493
57.758845,5,708.704529
-13.476791,3,708.800941
-14.475189,3,709.242588
53.233543,4,709.713911
-13.656098,3,709.786524
45.974303,9,709.886089
54.215756,4,710.040168
55.043148,7,710.283811
-9.352546,7,710.656169
-8.58142,5,710.742071
-11.61583,4,710.839363
-10.795789,7,710.950401
-5.912096,6,711.210854
-13.719056,3,711.284961
57.26751,5,711.594895
57.412803,5,712.012677
57.167487,5,712.310647
-11.485462,4,712.409898
56.594258,5,712.772429
-9.966947,7,712.892163
-22.281321,9,712.963984
57.614927,5,713.306135
54.045683,4,713.585221
-12.152888,4,713.715589
-12.074017,4,713.924184
-13.65465,3,714.00327
-14.310594,3,714.335786
-13.479189,3,714.427389
57.96238,5,714.512136
-13.703626,3,714.590106
-13.508644,3,714.894356
57.526434,5,715.211268
-8.245752,7,715.404149
-7.221491,7,715.463356
-13.596299,3,715.53872
58.106764,6,715.693348
54.208745,4,715.985634
-13.609693,3,716.094174
-8.847887,6,716.515836
56.590904,7,716.76978
57.773563,7,716.903533
-8.144238,5,717.372799
54.210964,4,717.732816
59.091935,6,717.80332
53.202394,8,718.291054
51.86366,8,718.379792
-19.049698,9,718.6044
-7.214677,7,718.687087
56.30974,5,718.767231
57.216924,5,718.853356
-13.679418,3,718.913129
-13.480026,3,719.139248
-10.994022,4,719.436297
-12.191505,4,719.529602
-19.940381,9,719.577264
-13.63867,3,719.685014
57.295835,6,720.016095
45.340668,9,720.197782
-6.669176,6,720.401722
-12.471411,4,720.461313
-8.266937,5,721.181006
-19.820761,9,721.22906
-14.453522,3,721.433444
-7.721739,5,721.790273
-7.21818,7,721.841349
-7.903828,5,721.908849
58.064801,6,722.070878
-8.070611,6,722.483253
-14.307793,3,722.756506
-19.653313,9,722.805674
51.518307,3,722.937801
44.972038,9,723.057405
-11.419999,4,723.162421
57.774265,7,723.276841
-13.629636,3,723.374674
-9.384263,5,723.461855
-8.053674,6,723.609578
-11.004111,4,723.901368
-7.9755,5,724.177703
59.076149,6,724.237377
30.143888,11,724.373329
56.880001,7,724.596898
57.461193,6,724.882956
57.948274,5,725.07428
57.961077,5,725.203929
57.945843,5,725.269147
-33.918446,11,725.353904
-8.545402,5,725.454202
57.081513,7,725.567806
57.93102,5,725.751999
-11.788547,8,726.013142
-14.081892,8,726.337776
44.538764,9,726.615375
54.199976,4,726.79293
58.855785,6,726.900942
59.080217,6,726.980347
-7.899445,6,727.127879
-14.475985,3,727.218223
-13.48252,3,727.307323
-14.458545,3,727.390472
-11.426664,4,727.461426
44.505364,9,727.792086
-6.560289,6,727.880393
54.216439,4,728.070679
-13.661622,3,728.187025
-13.579186,3,728.307902
-8.300211,5,728.410207
57.06533,5,728.750009
-7.224743,7,728.875464
-14.326656,3,728.94257
-13.769725,3,729.021523
-8.260413,5,729.118097
57.174704,6,729.24545
-8.125479,5,729.38386
-14.573598,3,729.683064
-13.763459,3,729.74451
53.174052,8,730.234714
-7.24431,7,730.317348
-13.544111,3,730.394124
57.439574,5,730.593492
53.194272,8,730.6658
-7.890095,6,730.78381
51.523209,3,731.20716
-7.507999,6,731.497139
-14.149927,3,731.584919
57.230346,5,731.721383
-7.974952,7,731.811087
37.76947,10,731.99128
-7.400857,6,732.128582
55.668367,7,732.35937
-13.542618,3,732.545368
-11.838477,4,733.017687
51.523209,3,733.12832
-5.909395,6,733.175786
57.574437,7,733.300726
-10.799589,4,733.46643
-11.407661,4,733.572175
56.390445,5,733.670342
57.959545,5,733.753911
45.132773,9,733.861588
52.35875,8,734.033305
56.524201,5,734.240567
-11.80367,8,734.291375
44.929869,9,734.49433
-13.791708,3,734.572286
-11.525148,4,734.724628
58.218449,6,734.952379
57.967614,5,735.136792
-13.476791,3,735.227794
56.50502,6,735.606666
-8.203923,6,735.756679
-8.007904,5,735.883447
57.96256,5,736.067636
-13.729071,3,736.144799
43.724305,9,736.26316
-11.057931,4,736.355072
-14.35376,3,736.42422
-13.748951,3,736.502141
-11.999024,4,736.578256
57.625555,5,736.784809
-11.238754,4,736.864505
54.207898,4,737.121773
-13.775908,3,737.183331
55.699503,7,737.513398
57.774997,5,737.646959
-14.694396,3,737.711296
-11.490735,4,737.790338
45.965736,9,737.896311
44.973582,9,737.987164
53.20426,8,738.070238
-7.742251,6,738.469468
-7.997761,6,738.605314
-14.732205,3,738.672101
-7.726358,6,738.737489
56.053045,7,738.846418
-13.786733,3,738.913738
-10.789849,4,739.056805
-11.12681,4,739.31782
57.961719,5,739.379967
-13.482936,3,739.572883
56.179136,5,739.675642
-12.108973,4,739.786086
37.230745,10,740.167191
53.169966,8,740.232495
52.170411,8,740.346834
-11.810906,8,740.391902
52.702096,4,740.523804
57.959464,5,740.642813
-10.794218,4,740.786263
50.503209,3,741.107283
-13.594495,3,741.184902
-22.936739,9,741.28584
-27.031917,10,741.427139
57.064151,7,741.506097
59.090097,6,741.591732
-8.42172,5,741.689352
-7.226823,7,741.917817
-14.760251,3,741.983813
57.943929,5,742.309793
-10.757567,7,742.63265
-10.978099,4,742.920694
56.898761,6,743.136839
-11.440305,4,743.211257
-8.01567,6,743.343231
-13.476791,3,743.422108
-8.943809,6,743.551621
54.216439,4,743.797052
30.424957,11,743.919363
57.774253,7,744.412319
-13.476791,3,744.517102
57.935007,5,744.775173
54.067944,4,745.100323
57.811236,6,745.430882
-14.796789,3,745.496001
56.938847,7,745.58118
-5.946714,6,745.636456
55.305185,7,745.949872
57.038157,7,746.027083
-11.612422,4,746.088252
-13.610696,3,746.193425
52.525653,8,746.516958
-13.525089,3,746.596277
59.067106,6,746.712353
57.935163,5,746.898157
-11.302878,4,746.980929
-12.540238,4,747.123163
-9.588766,7,747.44179
-8.595396,5,747.548492
57.745116,5,747.617196
50.49591,8,747.742596
-13.479662,3,748.085825
-7.957488,6,748.297237
-13.577564,3,748.4008
-14.535704,3,748.461626
-8.974699,5,748.554572
-13.716265,3,748.63316
-9.473158,5,748.731314
-12.157342,4,748.81873
-7.214291,7,748.876915
-7.672858,6,749.143447
-15.109815,3,749.233081
-13.69157,3,749.497636
-19.025908,9,749.831638
-7.038812,5,750.371917
-11.807277,8,750.548895
-13.204871,4,750.626358
-13.478481,3,750.847699
57.269296,6,751.263101
-13.729707,3,751.343699
-13.48275,3,751.629916
58.071749,6,751.746579
52.346564,8,751.861735
-11.429393,4,751.9579
54.200376,4,752.191923
-10.955353,4,752.34739
55.275046,7,752.670393
57.283108,5,752.768117
-14.653571,3,752.831614
53.480244,4,752.977998
-14.106912,3,753.053237
-11.96127,4,753.151536
-9.014504,5,753.261475
-13.572103,3,753.437185
-10.904796,4,753.571435
57.490314,5,753.805095
-13.700576,3,753.866314
54.216439,4,754.108552
57.736056,6,754.451659
-20.163382,9,754.507643
56.535086,5,754.643
58.264382,6,754.857672
54.214835,4,754.957128
57.013004,5,755.374647
54.194832,4,755.54774
55.820024,5,755.761567
57.982904,6,755.893759
-11.220513,4,755.987563
58.309953,6,756.131767
56.934862,5,756.388588
-14.738909,3,756.449686
57.770012,7,756.559622
-13.476791,3,756.872901
57.905281,5,757.074698
-11.492607,4,757.164627
-19.111794,9,757.471884
-7.851873,5,757.550845
-9.046221,7,757.689845
-13.482159,3,758.004119
54.213818,4,758.109691
-13.477003,3,758.20044
-10.973054,4,758.341764
45.055096,9,759.555727
-7.230996,7,759.650021
57.364222,7,759.816678
-7.22626,7,759.892189
54.213315,4,760.299974
36.943407,10,760.403307
57.955232,5,760.535312
-14.523445,3,760.635523
-14.772968,3,760.704671
-12.169972,4,760.796084
53.432277,4,760.898648
50.503209,3,761.084519
-13.757292,3,761.162014
-13.729476,3,761.238241
-5.904253,6,761.34983
-13.731006,3,761.412708
-12.239856,4,761.497795
58.274933,6,761.637703
55.668839,5,761.918334
57.671262,6,762.177299
-13.672903,3,762.256482
57.134583,6,762.520372
-12.411756,4,762.993429
-13.483292,3,763.057546
-8.533769,5,763.139275
-13.684137,3,763.201483
45.971128,9,763.370607
-9.077101,5,763.684577
-11.829749,8,763.800036
-10.986914,4,763.933082
37.960572,10,764.013387
54.105494,4,764.268478
36.461707,10,764.407435
-13.690884,3,764.486932
57.756932,7,764.568848
58.244714,6,764.658795
-13.659735,3,764.785634
-13.484186,3,765.077724
-12.085157,4,765.174411
-21.60409,9,765.607881
-11.252411,4,765.699042
-11.252303,4,766.07106
-12.823561,4,766.550035
-14.611686,3,766.620904
57.949113,5,766.868482
54.208137,4,766.967176
54.090103,4,767.085452
53.185427,4,767.266009
54.206209,4,767.488966
-11.540556,4,767.569893
-11.282141,4,767.653998
-7.221536,7,767.710733
-7.229571,5,768.293149
29.217952,11,768.433341
-7.638253,6,768.749248
-7.946011,5,769.248344
-7.840927,6,769.327061
54.209626,4,769.423248
-7.098553,6,769.561986
-7.952713,6,769.682057
57.893546,5,769.864175
55.515279,7,770.230573
-11.826208,8,770.276406
54.215339,4,770.641276
-8.588167,5,770.777064
54.205497,4,770.947216
-11.14198,4,771.030224
-13.476791,3,771.320275
-11.140579,4,771.638239
-12.18578,4,771.716404
52.612274,4,772.065087
-13.768487,3,772.131205
57.47631,5,772.238405
-27.04175,10,772.342747
-12.297599,4,772.416061
-13.626455,3,772.514358
58.583419,6,772.871945
57.739399,6,772.9968
-7.367586,5,773.203205
56.745121,5,773.324893
-11.577063,4,773.402685
-13.482538,3,773.695335
-13.488527,3,773.783346
-11.815229,8,773.969933
57.182907,5,774.152238
-36.282602,11,774.492729
-11.002112,4,774.784603
57.969405,6,774.913503
-14.274059,3,775.14182
-14.718228,8,775.283198
-11.388995,4,775.404757
57.227575,5,775.8576
53.181663,8,775.969049
-11.369216,4,776.18192
59.080371,6,776.253719
-13.516556,3,776.356201
-7.960179,5,776.800242
-13.629133,3,776.930027
-12.608695,4,777.256554
-14.487716,3,777.713711
58.141117,6,777.792893
-13.476791,3,778.010539
-11.696249,4,778.138414
-8.033119,5,778.429237
56.666554,5,778.79126
56.58992,5,779.153057
-13.476791,3,779.31397
-13.476791,3,779.550442
57.967614,5,779.620077
56.965426,7,779.755077
-8.958182,5,780.112576
-11.487779,4,780.225321
57.782726,7,780.341189
-13.633511,3,780.430429
-8.637333,6,780.73344
-13.57962,3,780.816375
-7.983968,5,780.932735
-11.313373,4,781.064315
-11.207744,4,781.164543
-13.482162,3,781.45603
52.095248,8,781.592278
56.942485,5,781.780282
-8.162578,5,781.875854
-19.916005,9,782.069095
52.50153,8,782.318855
-11.190175,4,782.44925
-13.574678,3,782.535541
-12.509014,4,782.617217
58.341294,6,782.736994
54.104522,4,782.87234
-8.823448,5,783.210346
-10.977783,4,783.546694
54.176037,4,783.639396
31.078108,11,783.822571
-11.279765,4,783.896229
-13.63831,3,783.998752
57.525056,5,784.191521
58.274719,6,784.482286
-11.614384,4,784.545327
-13.476791,3,784.697408
-13.637942,3,784.831131
53.437503,4,784.971245
50.816118,8,785.378898
-13.733925,3,785.445559
-7.677659,5,785.767803
-12.222297,4,785.896192
-7.868203,5,785.979198
-8.954513,5,786.334755
-13.573794,3,786.40935
-13.644689,3,786.490553
-13.73204,3,786.553267
-13.63033,3,786.672479
-13.488581,3,786.761463
53.195626,8,786.840299
-10.967219,4,786.926166
45.962423,9,787.014375
58.239789,6,787.121416
-12.248871,4,787.253259
-14.65986,8,787.487593
-13.704166,3,787.568072
-13.548698,3,787.648316
57.560802,5,787.793674
-7.605852,5,788.113569
-13.658739,3,788.205058
-7.865391,5,788.325771
-13.476791,3,788.601278
-8.786019,5,788.683312
-14.131265,3,788.83619
-8.196295,6,788.914855
-8.267057,5,788.994877
51.51512,3,789.409281
-13.595895,3,789.484334
-7.600157,5,789.638416
59.074731,6,789.809651
57.967614,5,789.925436
-13.722603,3,790.001224
59.093147,6,790.120825
-8.073526,5,790.427255
-11.375074,4,790.498394
-13.624295,3,790.619543
58.066502,6,790.70396
54.208291,4,790.897533
45.984122,9,790.990783
51.377021,8,791.108208
-13.64448,3,791.188326
-9.194571,6,791.348563
-11.571997,4,791.414243
45.515946,9,791.550803
-14.262041,3,791.638413
53.188528,4,791.864475
-11.134217,4,792.339216
55.926445,5,792.685941
-9.178749,7,793.012705
45.22916,9,793.116078
-11.829414,8,793.217521
-8.373914,6,793.501692
-19.028382,9,793.558235
-11.610752,4,793.643893
57.958699,5,793.757335
-14.351626,3,794.018982
-7.710025,5,794.104919
-11.155701,4,794.225403
57.396643,6,794.36092
-13.608029,3,794.482901
59.085095,6,794.59252
-11.545557,4,794.659185
-13.483625,3,794.848755
57.454042,6,794.985445
-13.759045,3,795.049752
-13.664414,3,795.118096
-12.08386,4,795.248045
-11.443038,4,795.368893
57.358407,5,795.795542
-8.916358,6,796.127723
53.954859,4,796.571939
-14.566941,3,796.634492
54.216439,4,796.706872
57.673984,6,796.831724
58.438421,6,796.962265
-13.637094,3,797.056761
-11.717761,4,797.361387
-11.435903,4,797.501113
-7.232151,6,797.82716
-13.690252,3,797.932894
-8.521476,5,798.075964
-13.567082,3,798.188315
59.096751,6,798.258109
54.211457,4,798.479578
-7.544298,5,798.784967
-13.548368,3,798.909112
-9.995199,7,799.031747
50.782653,3,799.450787
-7.233272,7,800.009901
-11.285196,4,800.085594
-11.283008,4,800.161371
-11.378813,4,800.263996
-7.220616,7,800.361713
57.772402,7,800.478023
54.016834,4,800.897393
-27.039873,10,800.947096
57.90789,6,801.230685
59.089516,6,801.341242
-8.858323,5,801.630872
-13.55215,3,801.818582
45.25528,9,801.957435
-19.031795,9,802.006907
44.370906,9,802.338146
-13.757545,3,802.426563
54.206093,4,802.511541
-13.624771,3,802.618885
-8.523968,5,802.969542
-13.476791,3,803.063547
-13.476791,3,803.160804
54.084411,4,803.379343
-6.928059,6,803.427274
57.659229,5,803.543506
-13.673076,3,803.607796
-13.765631,3,803.68715
-15.424476,3,803.750744
-11.820796,8,803.924011
53.175228,8,804.004682
-14.514373,3,804.228788
-13.359738,4,804.299348
-8.511516,5,804.366472
50.815315,3,804.794879
-13.480113,3,805.019371
-9.98223,7,805.154086
-7.235397,7,805.381479
54.210839,4,805.574227
-21.105385,9,805.887285
-13.690463,3,805.997804
56.243195,7,806.179492
-11.090106,4,806.492689
-13.714947,3,806.570851
-8.416646,5,806.719239
-8.889916,6,806.837707
59.096466,6,806.910887
-7.032386,5,807.363939
-7.237981,7,807.422328
54.203029,4,807.663259
37.950871,10,807.752642
-5.911929,6,807.831031
59.06654,6,807.946069
59.098085,6,808.042054
54.202143,4,808.273057
52.173739,8,808.373394
54.213545,4,808.566275
-7.843388,5,808.634292
-13.476791,3,808.863857
51.519666,3,809.114973
53.196439,4,809.359427
37.959362,10,809.821973
53.25328,4,809.981678
-37.128768,12,810.051878
-14.3336,3,810.143816
-11.393595,4,810.252176
-14.480159,3,810.316483
-8.25144,6,810.442277
-5.928416,6,810.53104
52.229378,8,810.741536
51.088387,8,810.865754
51.534334,8,811.110637
-13.739483,3,811.176533
58.977029,6,811.26246
-13.711114,3,811.32255
-19.01768,9,811.371121
51.413681,8,811.48626
56.6864,5,811.734276
-14.555321,8,812.067215
-7.15706,6,812.430065
59.095869,6,812.55786
57.159044,5,812.803243
-9.488509,7,813.046048
-11.59921,4,813.112144
-13.476791,3,813.420954
58.219154,6,813.676142
59.08791,6,813.759632
52.50144,8,813.869791
-11.526943,4,813.950742
54.204214,4,814.182669
-28.522086,10,814.494848
-8.144827,5,814.578066
59.072298,6,814.66342
-14.328327,3,814.728105
-13.476791,3,814.813375
-11.534252,4,814.892106
-11.369031,4,814.961732
-13.695787,3,815.041031
-13.783137,3,815.106272
-8.150435,5,815.226074
59.087843,6,815.345456
-13.484122,3,815.479251
57.956419,5,815.563894
-13.48623,3,816.023437
55.928585,7,816.152338
-11.463265,4,816.216073
52.435449,8,816.418988
-11.972019,4,816.506946
58.327145,6,816.613814
51.300598,8,816.939966
53.053944,8,817.050188
-13.663712,3,817.128085
58.042818,6,817.250231
-12.357185,4,817.324124
-11.511259,4,817.404276
59.083445,6,817.751357
45.062566,9,817.855499
54.213218,4,817.97816
57.527375,5,818.271202
51.336894,8,818.453068
-13.762477,3,818.539547
-7.865172,5,818.869448
-11.61499,4,818.934213
57.526413,5,819.279103
56.831725,7,819.408947
54.213865,4,819.637758
-20.776861,9,819.923648
-7.908307,5,820.239267
-14.498096,3,820.327939
-13.489336,3,820.619178
-11.53797,4,820.682907
-12.3447,4,820.7582
52.655529,8,820.944967
52.051565,8,821.123424
-13.532245,3,821.228316
45.068455,9,821.425227
57.787489,7,821.919633
-8.125513,6,822.034139
-13.634106,3,822.119337
50.6477,3,822.316762
44.924316,9,822.689919
53.518396,4,822.896147
-11.792363,4,822.991001
-13.481877,3,823.081829
-8.848748,7,823.224217
-7.782051,5,823.355016
-13.549977,8,823.64531
58.076972,6,823.722561
-8.485193,5,823.822097
-7.987995,6,823.954443
-9.065799,7,824.079071
-11.59342,4,824.14746
-10.969091,4,824.526005
56.031013,7,824.683926
-5.908287,6,824.792774
-11.28569,4,824.91816
57.954265,5,825.006402
50.774306,3,825.419473
56.851007,7,825.539872
55.582582,7,825.909085
-13.669938,3,825.969755
-11.326832,4,826.141643
56.990449,5,826.211407
-13.727717,3,826.275321
-13.703908,3,826.337624
53.46542,4,826.475485
-11.080671,4,826.756945
58.176526,6,826.897211
54.202254,4,827.001219
54.203127,4,827.369542
-19.024993,9,827.519297
52.501256,8,828.748685
-8.136525,5,828.869803
-8.669694,5,829.197984
-13.482653,3,829.441448
-9.582193,7,829.595485
-13.583038,3,829.684882
-13.514826,3,829.785066
-11.442135,4,829.889477
56.098634,7,829.999155
-13.484428,3,830.112329
58.258769,6,830.191557
-7.22883,7,830.3234
-13.597311,3,830.417284
57.142344,5,830.491747
57.327175,5,830.712072
-11.463962,4,830.79342
54.216439,4,830.862598
-5.91055,6,830.962759
-6.776921,6,831.044692
54.202606,4,831.28399
-19.958559,9,831.330039
50.701319,8,831.436696
-8.697554,6,831.513902
-10.789266,4,831.829811
-11.356439,4,831.949114
59.086892,6,832.066046
57.967614,5,832.255434
-9.618721,5,832.332315
-11.15471,4,832.597561
-7.49926,6,832.898162
-13.701439,3,832.97713
58.414991,6,833.049634
-11.465332,4,833.142324
-13.481993,3,833.22951
-10.785441,4,833.380011
-5.912458,6,833.577121
57.773558,7,833.702992
53.220322,4,833.891468
-9.873089,7,834.088848
-7.230374,7,834.137065
-13.566488,3,834.233063
58.65994,6,834.341297
44.651026,9,834.46336
57.950792,5,834.548531
-14.324108,3,834.646475
-8.609933,5,834.740571
54.207254,4,834.941879
-7.405607,5,835.255062
-13.476791,3,835.565198
57.942494,5,835.676218
-5.921232,6,835.798247
57.234116,6,835.977959
-13.674605,3,836.042646
57.776116,7,836.751742
-11.010591,4,837.024252
57.118601,7,837.130011
53.196884,8,837.223546
-8.428577,5,837.293886
52.196225,8,837.695386
-13.476791,3,837.98184
-12.47382,8,838.25991
56.729527,7,838.5297
-8.710537,5,838.666408
-27.060785,10,838.753422
-7.947735,5,838.890221
-9.810787,5,838.999508
-13.476791,3,839.087255
56.91897,5,839.218156
57.965118,5,839.349097
-13.582941,3,839.420788
59.075213,6,839.56443
56.915705,7,839.669657
54.207587,4,839.791653
-13.763836,3,839.871798
-13.568162,3,839.957413
51.508998,3,840.088204
-10.947652,4,840.252124
-14.395142,3,840.316497
-11.581434,4,840.379712
-11.452965,4,840.493336
-8.492592,5,840.672784
59.075592,6,840.794927
-12.159773,4,840.897356
31.091077,11,840.996275
-10.125675,7,841.302026
59.087049,6,841.386533
-8.56301,5,841.50267
57.776309,7,841.673508
-27.719288,10,841.740121
-11.554863,4,841.822036
-11.604865,4,841.888149
59.093196,6,842.177598
-11.963256,4,842.509746
-8.527138,5,842.584948
-14.499307,3,842.648657
-14.501946,3,842.729895
-13.635431,3,842.811376
-11.031572,4,842.953388
-7.735252,6,843.100347
-13.581305,3,843.190472
50.858331,3,843.632615
-11.551353,4,843.698894
56.839552,6,843.806499
-9.944228,7,843.903195
55.680992,7,843.98516
-13.493087,3,844.28634
-7.935359,6,844.722835
-10.940059,4,844.834825
56.652713,6,845.062197
-11.432349,4,845.165879
-8.211214,5,845.692801
56.898097,6,846.071595
-13.53766,3,846.274874
45.231353,9,846.465939
-14.357264,3,846.617024
52.551019,8,846.707656
56.941605,7,846.779165
-8.769079,7,847.17831
31.079012,11,847.286172
-10.792991,4,847.435475
57.245597,5,847.550898
-14.571202,3,847.618897
57.216853,5,847.740302
-11.399734,4,847.825905
-13.477947,3,848.097399
-14.569648,3,848.175608
-13.478919,3,848.265769
57.951645,5,848.398161
57.30365,6,848.522018
-13.546817,3,848.696993
-13.68442,3,848.773233
-10.11498,7,848.924885
59.086037,6,849.094251
-10.436069,7,849.159853
58.049369,6,849.420526
-13.643586,3,849.489415
57.561933,5,849.624812
51.666708,8,849.757439
54.091042,4,849.897864
57.761252,7,850.009557
54.211614,4,850.115033
-19.036104,9,850.434773
-7.393396,6,850.51799
-10.970019,4,850.609617
-5.926581,6,850.658651
-7.21586,7,850.710927
-11.485605,4,850.805198
57.781905,7,851.119514
-11.034402,4,851.401643
57.773379,7,851.474976
-11.952711,4,851.575948
-11.230555,4,851.707892
-12.234473,4,851.805372
-7.230835,7,851.859667
45.228215,9,852.118172
-13.750094,3,852.20084
-13.546027,3,852.282984
-12.572201,4,852.346437
-13.681281,3,852.428145
-10.976952,4,852.578962
58.812559,6,852.70302
57.661869,5,853.096978
57.771244,7,853.208438
-7.045799,5,853.664011
-5.909845,6,853.853585
56.311043,6,853.978625
51.712318,8,854.118558
-11.600004,4,854.202194
59.069843,6,854.316705
54.205015,4,854.545364
-7.815323,6,854.898127
-7.695199,6,855.041838
-20.620279,9,855.199085
30.935886,11,855.285805
-9.245548,7,855.435737
57.957769,5,855.570171
-14.667131,3,855.651955
-10.204443,7,855.790927
-7.855029,5,855.894387
-8.078761,6,855.97414
-8.413047,5,856.068893
-6.665012,6,856.272951
57.48086,6,856.680305
-13.605926,3,856.768442
59.064569,6,856.862001
-13.476791,3,857.085978
-7.689758,5,857.234134
-7.227422,7,857.336039
45.949628,9,857.448769
-11.600328,4,857.514188
-13.762186,3,857.5776
57.450029,5,857.907494
-13.64502,3,858.008291
57.257583,5,858.330036
45.964769,9,858.548002
-11.534105,4,858.628066
57.963866,5,858.999884
57.755711,7,859.080859
53.192926,8,859.282072
-13.617898,3,859.375302
-8.411463,5,859.497759
-12.158059,4,859.572892
-13.750649,3,859.638093
52.465562,8,859.734938
56.928084,5,859.920636
-14.563127,8,860.154604
45.66627,9,860.259975
57.956954,5,860.442933
58.694979,6,860.725673
-8.573847,5,860.800868
-8.150442,5,860.877391
-13.658169,3,860.945125
-11.59126,4,861.008409
-6.925649,6,861.064135
57.963229,5,861.189009
-14.447451,3,861.42741
57.967342,5,861.49961
59.081586,6,861.623311
-11.114769,4,861.707625
54.063102,4,861.832453
-7.230947,7,861.913621
57.147568,6,862.302714
59.092616,6,862.425065
56.940489,5,862.535748
-11.805189,4,862.980077
51.0881,8,863.318507
57.462173,5,863.418174
-5.910111,6,863.472353
-13.690887,3,863.536175
-7.427475,6,863.910332
-11.124503,4,864.003872
-8.1873,6,864.134102
45.085291,9,864.254817
57.366075,5,864.627794
-7.990755,5,864.709424
54.183688,4,864.957966
57.958476,5,865.067703
-11.533673,4,865.132317
-5.919548,6,865.300035
54.210133,4,865.535421
-13.545624,3,865.659456
-11.007305,4,865.799877
-14.416046,3,865.909097
-8.108559,5,865.990319
-7.2373,6,866.287808
-14.769759,3,866.376972
-15.410323,3,866.470994
-7.015274,6,866.609356
-13.56914,3,866.699399
-11.356574,4,866.772051
-8.279979,5,866.920321
-11.379048,4,867.158828
-11.810353,8,867.249609
51.158425,8,867.45304
-7.935518,6,867.594891
-13.537126,3,867.961817
56.914431,7,868.158362
-13.614764,3,868.24912
-8.202952,5,868.359845
-11.394305,4,868.442993
-13.65947,3,868.522157
-7.878689,6,868.645444
-10.948809,4,868.729593
-7.614651,6,869.026508
-8.026749,6,869.093534
-13.679577,3,869.174654
-8.85491,6,869.257191
54.206663,4,869.432535
-7.963767,5,869.723889
56.804227,7,870.054518
-13.733204,3,870.132261
56.345872,7,870.228086
56.856513,7,870.603914
-13.752002,3,870.687824
31.077943,11,870.8775
52.297783,8,871.085517
57.985909,6,871.221988
-11.000839,4,871.562906
-7.638114,6,871.644693
57.780745,7,871.747587
56.843847,7,871.914742
37.970726,10,872.003193
54.067605,4,872.172576
51.100615,8,872.473964
-14.460376,3,872.568575
54.148195,4,872.792474
-7.991095,6,872.940066
57.915541,6,873.08029
-13.617975,3,873.166883
-13.64552,3,873.228965
-8.595465,5,873.327746
53.190797,4,873.507934
-19.013531,9,873.570248
-8.02243,5,873.722127
57.530349,6,873.792981
-11.337089,4,873.867088
37.050317,10,874.00445
-10.797014,4,874.147295
53.51371,4,874.519616
54.216439,4,874.793217
57.958067,5,874.912968
57.379091,5,875.068892
28.244999,12,875.328947
57.950884,5,875.45626
-7.038405,5,875.944659
56.961285,5,876.080996
-7.665034,6,876.374901
-12.269847,4,876.532058
-7.219545,7,876.585183
-11.29563,4,876.933925
56.935967,5,877.162132
-7.228582,7,877.450085
53.520038,4,877.681134
-11.804774,8,878.340092
-11.813609,8,878.389093
-21.539374,9,878.505608
-8.379271,5,878.6245
-7.396949,5,879.06546
54.207426,4,879.388001
56.947614,5,879.708676
57.958963,5,879.790897
58.302763,6,880.034146
31.102752,11,880.123058
-13.647754,3,880.356815
52.545881,8,880.528625
-7.63533,5,880.719176
-11.602844,4,880.782777
-8.111639,5,881.082505
37.949645,10,881.266392
-11.152858,4,881.516927
-13.772477,3,881.58014
56.715763,5,881.771306
-19.023834,9,882.14571
58.208209,6,882.40951
-14.298164,3,882.638724
-13.485013,3,882.705329
57.940547,5,882.814601
57.328524,5,882.893575
51.197229,8,883.188079
-12.448689,4,883.250767
-13.528532,3,883.333094
57.765397,7,883.804563
59.091819,6,883.93086
45.005943,9,884.001448
-8.343157,5,884.08053
45.141535,9,884.208141
53.107347,8,884.337902
-9.192365,6,884.449445
59.076894,6,884.622705
-7.224955,7,884.677762
-14.658624,3,884.77134
-19.026137,9,884.954803
-12.486223,4,885.03507
-8.04358,5,885.400313
-11.357903,4,885.497586
-8.193985,5,885.814936
-11.250889,4,885.918747
57.358923,5,886.054385
-13.484394,3,886.2915
-14.130186,3,886.553865
58.210868,6,886.668058
-7.955244,6,887.022397
45.968708,9,887.160421
58.312424,6,887.427851
-10.793166,4,887.583918
57.903486,6,887.864685
-11.82146,8,887.918611
44.720421,9,888.059964
-13.642215,3,888.166989
57.94132,5,888.287749
-6.15402,6,888.398295
-8.170134,5,888.586982
-13.484922,3,888.864553
-8.065395,5,889.292733
57.07535,7,889.399801
-13.727395,3,889.481449
56.537208,7,889.85541
-14.283291,3,889.969885
58.069494,6,890.143314
-11.470518,4,890.228946
-10.799866,4,890.549022
-9.212302,5,890.835113
-13.758516,3,890.899869
-13.74896,3,890.964756
-13.639259,3,891.046103
-8.768778,6,892.267377
-13.735239,3,892.336849
-8.138405,6,892.407741
37.951719,10,892.494507
57.767129,7,892.561155
-13.750576,3,892.628887
-8.184296,7,892.713535
-10.79401,4,892.889219
57.953364,5,893.171254
54.21314,4,893.278538
-7.654395,6,893.588116
57.538178,6,893.740073
52.510058,8,894.155048
-11.589841,4,894.240013
57.961284,5,894.36408
-14.66891,3,894.432898
57.768089,7,894.538585
-19.022316,9,894.590969
-11.251461,4,894.739688
-11.507364,4,894.830073
-14.138831,3,895.32713
-14.260035,8,895.478505
54.215724,4,895.582378
-7.231245,7,895.630995
-15.026829,8,895.767541
-13.488568,3,895.990785
59.074343,6,896.094069
57.967606,5,896.238982
-7.225619,7,896.660691
59.085977,6,896.734938
-11.221228,4,896.877081
-8.926095,6,896.981079
51.518086,3,897.403206
53.196439,4,897.649108
56.939359,5,898.182477
-8.106644,6,898.290047
53.206324,8,898.422844
57.538823,5,898.650601
44.167985,9,899.086813
-8.539134,5,899.224542
-12.501148,4,899.338856
-8.754147,5,899.439643
54.216439,4,899.700829
-8.400266,5,899.77608
59.092807,6,899.883909
-13.609898,3,899.959722
-9.372894,7,900.269093
57.952528,5,900.584784
-8.122686,6,900.711605
57.964653,5,900.845524
-13.522101,3,901.124896
-13.598457,3,901.247789
54.040303,4,901.426736
-10.997783,4,901.693066
43.642381,9,901.878615
59.08046,6,901.977418
-7.544114,5,902.129507
-7.220343,6,902.361791
51.947117,8,902.666826
54.194119,4,902.793561
54.197525,4,903.074535
-11.219986,4,903.203877
-11.748296,4,903.289321
-7.319111,6,903.591525
-9.937319,7,903.710769
57.967614,5,903.841041
37.459733,10,903.979567
37.96027,10,904.060714
57.952038,5,904.312653
-8.446904,5,904.520219
-8.268407,5,904.676546
57.949381,5,904.793831
-12.193432,4,904.872822
-13.713181,3,904.938177
57.405693,6,905.150774
-9.90515,7,905.304627
53.193944,8,905.419786
-12.611296,8,905.503981
58.173325,6,905.734079
-11.825959,8,905.782004
-8.047582,5,905.858002
57.885975,5,905.976374
51.627525,8,906.286019
-11.805422,4,906.613677
-11.603085,4,906.680669
54.215334,4,907.054961
57.959262,5,907.134765
-10.7991,4,907.290814
58.04607,6,907.416309
-13.52357,3,907.514923
-13.746254,3,907.599221
-11.617918,4,907.666401
-13.767313,3,907.751279
57.74964,7,907.841596
-7.926946,5,908.18967
-5.906887,6,908.25551
-13.477076,3,908.565587
-7.950765,5,908.663268
-11.249173,4,908.766951
-13.481821,3,908.905911
-7.226497,7,908.961678
-11.816413,8,909.070585
-8.564759,5,909.144083
-9.788112,5,909.379726
-11.353968,4,909.453298
53.189028,8,909.781239
-13.484251,3,910.085883
59.082877,6,910.205674
-11.74264,4,910.317332
52.187839,8,910.450628
45.969057,9,910.65722
57.945871,5,910.793224
-12.066115,4,911.143114
37.958189,10,911.26061
-8.310592,5,911.352942
57.95069,5,911.655399
53.193237,8,911.740319
-13.489629,3,911.826803
-15.124931,3,911.979598
59.087717,6,912.068904
56.311632,7,912.358276
57.530118,5,912.643141
56.985972,7,912.758327
57.779,7,912.867731
-13.51705,3,913.151009
45.971777,9,913.282094
-9.273989,7,913.604477
37.959903,10,913.719038
-13.685725,3,913.785316
57.387397,5,914.038507
58.813821,6,914.156683
-13.767849,3,914.224347
-27.043824,10,914.329892
59.087422,6,914.466798
57.999,6,914.611018
54.216279,4,914.888783
-19.040116,9,915.123395
-13.623227,3,915.196133
57.783073,6,915.286746
-12.102487,4,915.358685
-7.65798,5,915.670155
-7.888229,6,915.93852
-12.103797,4,916.040871
52.475604,8,916.157383
-13.726344,3,916.220084
55.984553,7,916.476621
-5.924399,6,916.691612
-7.899208,6,916.786718
53.191313,8,916.873286
-10.790079,4,917.028944
51.48043,3,917.263375
-19.014797,9,917.44505
-14.615492,3,917.52068
-11.165229,4,917.754227
-13.748264,3,917.836657
31.074806,11,917.946202
59.078102,6,918.031893
-33.920523,11,918.235879
58.03861,6,918.357553
-7.225481,7,918.625472
59.093391,6,918.756309
-13.478114,3,918.983556
-27.958215,10,919.129012
-11.082169,4,919.354451
44.039321,9,919.630272
30.505638,11,919.791728
57.962332,5,919.934686
-12.119739,4,920.026836
50.946472,8,920.134415
-11.463088,4,920.219444
53.251607,4,920.450448
-8.253756,5,920.536613
-13.548726,3,920.662252
52.53814,8,920.7716
59.067413,6,920.88874
57.443985,5,920.995235
57.957248,5,921.110494
58.580807,6,921.231356
57.767859,7,921.327191
-13.659291,3,921.397272
-13.735931,3,921.463505
58.951831,6,921.590611
-11.823772,8,921.646918
57.967614,5,921.77462
54.19552,4,922.020231
-10.783561,4,922.481755
-28.497063,10,922.629603
-8.85015,6,922.732053
-12.13885,4,923.028455
52.554003,8,923.164578
-28.356137,10,923.317469
-7.696607,5,923.716029
-8.074603,5,924.002
-9.102895,7,924.344379
-7.038203,5,924.907688
-28.05827,10,925.037597
-11.387658,4,925.110281
57.414794,5,925.33966
53.075299,4,925.528051
58.393094,6,925.702478
-14.259972,3,925.77903
-13.540123,3,925.938656
-9.089149,5,926.077903
-14.698471,3,926.144454
56.474847,5,926.338504
-19.516346,9,926.610201
52.240563,4,926.77893
-13.725658,3,926.844999
-11.53514,4,926.910775
57.945693,6,927.111679
52.58055,8,927.490762
-11.600492,4,927.6432
-11.593926,4,927.712006
54.212992,4,927.947858
-14.128137,8,928.261585
57.964369,5,928.441725
54.19286,4,928.561812
52.353513,8,928.733982
53.20048,8,928.838804
59.096078,6,928.931103
-13.779602,3,929.018031
-11.352702,4,929.184695
54.210022,4,929.57573
55.909327,5,929.855783
-8.137932,5,930.02353
-8.338407,5,930.134808
-13.476791,3,930.364046
-11.780026,4,930.608523
57.774185,7,931.294587
-13.707573,3,931.389452
-20.838778,9,931.605581
-13.745551,3,931.686462
53.198113,8,931.785359
-8.310497,5,931.92875
57.956479,5,932.054579
53.197164,8,932.337777
59.084439,6,932.402078
-11.26457,4,932.534848
57.10873,6,932.780219
-13.563652,3,932.881826
-11.364657,4,932.993479
-13.57363,3,933.343447
51.492647,8,933.447375
57.818097,5,933.517173
57.216041,5,933.604403
57.049163,5,933.671982
-11.278146,4,933.806251
56.17578,7,934.047606
-11.417877,4,934.131244
-9.170427,5,934.457307
-14.09363,3,934.755532
-11.544678,4,934.833715
54.210869,4,935.058749
-13.679791,3,935.123331
-14.632835,3,935.189479
-34.855909,11,935.273651
-13.945595,8,935.655308
57.959061,5,935.849545
-11.375492,4,935.988788
57.951919,5,936.096448
57.954808,5,936.231587
53.196439,4,936.474435
53.1796,8,936.568333
57.148901,7,936.683303
56.342922,7,936.945802
-10.782795,7,937.120828
57.793025,6,937.20213
-5.921352,6,937.389618
58.847106,6,937.571577
-8.944677,6,937.720901
37.965639,10,937.838407
-11.818284,8,938.135082
-12.282084,4,938.246927
-7.911205,5,938.564193
-14.162808,3,938.760633
-19.020424,9,938.819983
-19.032999,9,939.036646
58.042034,6,939.381715
-35.15915,11,939.806919
57.920206,6,939.882696
54.211083,4,940.113679
-13.490258,3,940.199381
-8.530433,5,940.300182
43.69839,9,940.559726
59.093815,6,940.731452
-7.850882,5,941.108778
-14.391272,3,941.189899
-8.165058,6,941.306792
-7.644094,6,941.5878
-7.536671,5,941.73558
-7.747809,5,942.078876
-11.438744,4,942.190736
-14.43407,3,942.272156
54.207848,4,942.511537
57.255145,5,942.5998
54.208419,4,942.840195
-7.240346,7,942.922491
54.211949,4,943.164268
52.69942,4,943.547949
-11.241746,4,943.638669
57.927594,5,943.779124
57.773584,7,943.86098
-7.786507,5,944.218941
-8.55593,5,944.405326
-11.452227,4,944.565021
56.794202,6,944.701839
59.079135,6,944.83756
-14.291363,8,945.122681
54.212737,4,945.354762
-11.805159,8,945.752317
56.716538,5,945.884197
57.95557,5,945.969324
57.562399,5,946.219211
58.321733,6,946.356482
58.073951,6,946.486838
-14.665957,8,946.629319
57.963191,5,946.717096
58.318353,6,946.878584
-8.256761,7,946.927142
-13.635114,3,947.026638
57.39061,7,947.156671
59.095332,6,947.226607
57.816666,5,947.55637
57.966849,5,947.684837
-33.922856,11,948.092317
-19.020035,9,948.150744
-7.442465,7,948.905156
57.951654,5,949.177711
-13.756788,3,949.247714
-19.048436,9,949.322316
57.777334,7,949.450978
57.962069,5,949.530419
-7.220629,7,949.593579
-13.571413,3,949.826555
-19.040554,9,949.892486
59.085653,6,949.971978
-13.673648,3,950.072783
-10.975087,4,950.164777
58.262317,6,950.384916
-9.213278,7,950.799216
-11.022146,4,950.940595
-7.550032,6,951.009732
-9.964255,7,951.162371
-13.746491,3,951.228982
57.019018,5,951.347693
58.617546,6,951.451927
-5.904057,6,951.540104
57.203805,5,951.782132
-13.768069,3,951.849713
57.967614,5,951.972131
-12.159104,4,952.055457
-13.632962,3,952.197123
59.085007,6,952.31039
59.080941,6,952.380541
59.08446,6,952.505332
-14.262205,3,952.598875
-7.692258,5,952.743601
-14.627481,3,952.822299
58.083739,6,952.95269
-13.476791,3,953.395708
-11.548387,4,953.475035
57.772214,7,953.560882
-8.211328,7,953.643799
44.094523,9,954.191927
-7.032796,5,954.279601
58.063624,6,954.397413
57.781513,7,954.501185
-13.758994,3,954.564058
59.099294,6,954.665493
-19.032107,9,955.684667
-8.007902,5,955.788683
57.963121,5,955.893748
-7.89357,6,956.058961
-13.737505,3,956.141391
-13.487129,3,956.404216
54.204275,4,956.822794
56.970378,6,957.198493
-11.429069,4,957.338777
-8.181325,5,957.435906
-12.146694,4,957.954984
57.64341,5,958.201713
57.229318,7,958.427077
57.609925,5,958.68019
57.786225,7,959.220689
56.42348,7,959.35488
56.844879,6,959.62076
45.301151,9,959.762495
56.947614,5,959.883689
53.494799,4,960.121484
-11.182029,4,960.227155
56.924489,5,960.446707
57.04558,7,960.546525
56.19768,7,960.81234
-7.162714,5,961.3792
58.346386,6,961.557121
-11.571987,4,961.622466
-13.567799,3,961.716263
-13.772153,3,961.787998
58.06076,6,961.918765
59.098892,6,962.023199
51.937577,8,962.141255
57.955308,5,962.250462
-10.796532,4,962.392826
54.208868,4,962.720322
57.564063,5,963.106833
-13.476791,3,963.177651
-13.766211,3,963.264993
57.328372,5,963.355947
-7.844706,6,963.471074
59.089096,6,963.555429
-19.030736,9,963.671101
-7.687107,6,964.060009
-7.236743,7,964.10778
-7.591268,5,964.42228
-14.21041,3,964.867234
-13.478808,3,964.950168
57.964821,5,965.09107
57.7415,5,965.378063
57.769941,7,965.855438
-12.492645,4,965.940914
-13.476791,3,966.252156
-8.474381,5,966.341027
-8.091539,5,966.655207
57.954252,5,966.789978
57.238241,7,966.980545
57.957264,5,967.156198
54.176725,4,967.414013
-8.225399,5,967.586239
-11.299213,4,967.686311
57.956043,5,967.787286
-13.574408,3,967.881546
-14.408838,3,967.964886
-27.071483,10,968.053354
-8.503217,5,968.17767
-13.591947,3,968.309296
-11.220865,4,968.635322
57.469955,5,969.001942
-13.738216,3,969.0681
-13.671093,3,969.133291
58.39515,6,969.291403
-11.81671,8,969.351092
-8.33191,5,969.505365
-14.591339,3,969.590011
55.289864,7,970.045165
-13.476791,3,970.166111
59.086774,6,970.34106
57.774853,7,970.44805
54.213422,4,970.574955
53.200107,8,971.050356
-8.090522,5,971.200226
37.944538,10,971.341294
-8.118861,7,972.081609
-13.657083,3,972.402825
-11.720638,4,972.781905
-13.573085,3,972.867222
-8.091189,6,972.968631
-7.889659,6,973.474167
-7.304288,6,973.791137
59.089393,6,973.900033
-8.124194,5,973.98736
-11.789205,8,974.190167
57.082234,5,974.262956
36.838657,10,974.373244
58.321675,6,974.555576
-11.277132,4,974.636336
59.084177,6,974.766583
-13.476791,3,975.076485
-11.577038,4,975.395008
-7.25422,7,975.509777
57.648389,7,975.612497
-7.987988,6,975.738834
-13.674227,3,975.805413
-11.971299,4,975.912027
-7.225258,7,976.131133
-7.432132,5,976.276918
-7.685696,5,976.419273
-11.470951,4,976.487074
57.353631,5,976.812873
56.976485,7,976.931873
59.099294,6,977.05894
53.202778,8,977.153629
-13.601302,3,977.23684
57.773145,7,977.367129
-13.528689,3,977.456714
59.098208,6,977.544399
57.786056,7,977.721005
-8.346179,5,977.88708
54.20658,4,978.171165
57.080311,5,978.48928
-5.900706,6,978.699189
-8.456985,5,978.809405
-13.6829,3,978.875448
57.956331,5,979.031421
57.634912,5,979.146454
-13.601987,3,979.309899
58.493455,6,979.446535
45.720416,9,979.580077
57.765424,7,979.708376
-14.497344,3,979.966182
54.053614,4,980.261569
53.574236,4,980.42831
59.093942,6,980.524471
44.577602,9,980.66282
-14.698292,3,980.748032
-7.220805,7,980.807385
51.523209,3,980.966579
57.949944,5,981.354458
-8.529378,5,981.484187
-14.506577,3,981.592813
59.086987,6,981.759347
58.4982,6,981.89083
-9.055729,7,982.216213
-11.644838,4,982.516741
57.945305,5,982.628438
-10.950201,4,982.788523
57.903704,5,982.888319
-7.22487,7,982.973395
54.052639,4,983.32538
-11.562292,4,983.394477
31.067371,11,983.49454
-13.7208,3,983.561718
51.364308,8,983.651751
-11.51596,4,983.738574
53.211704,4,983.871221
58.416877,6,984.25958
55.771326,7,984.613126
-14.53616,8,984.7467
59.085864,6,984.843271
-14.437503,3,984.92582
-7.718297,5,985.307113
53.18484,8,985.408504
53.189683,8,985.493717
57.718695,5,985.635988
-11.976475,4,985.736392
54.208361,4,985.818529
50.731083,8,985.981197
57.967614,5,986.175607
-13.58603,3,986.251466
56.316948,7,986.376978
-11.133257,4,986.486639
-11.294065,4,986.619087
-7.279502,6,986.768124
56.454361,5,986.918694
54.208831,4,987.234271
-14.051267,8,987.538774
-9.096688,5,987.617382
-11.802792,8,988.043538
-11.364162,4,988.132185
51.955208,8,988.220292
-13.593445,3,988.347299
-5.902529,6,988.400148
59.091187,6,988.47443
-13.691383,3,988.556671
31.070693,11,988.690641
-11.086157,4,988.778071
57.945879,5,989.060203
44.493899,9,989.203897
-13.689296,3,989.287727
-11.338152,4,989.363014
-7.699972,6,989.508785
-13.751657,3,989.606712
51.515992,3,989.786596
-14.360281,3,989.928759
53.186116,8,990.029002
57.703592,5,990.148903
57.355341,7,990.214593
-8.137359,5,990.455407
56.287948,7,990.75346
-11.508865,4,990.820545
-11.41611,4,990.911642
-8.171346,5,991.02482
57.967614,5,991.308299
-33.939629,11,991.49837
-13.497645,3,991.715969
45.09479,9,991.834443
-11.027052,4,991.906174
57.063213,6,992.057064
57.565498,5,992.194771
57.967562,5,992.343122
57.296229,7,992.699035
54.150922,4,992.96457
57.378462,6,993.101249
-13.78375,3,993.234566
57.779413,7,993.350349
-11.33662,4,993.445114
-11.542066,4,993.51121
-11.466787,4,993.600683
-13.71332,3,993.671129
-27.915824,10,993.738627
-14.261737,3,993.826739
53.189122,8,993.998059
54.208525,4,994.217009
-11.424777,4,994.31729
-13.493004,3,994.530536
-11.78085,4,994.846121
-8.731106,5,994.929741
57.947115,5,995.22975
54.207254,4,995.348324
57.964637,5,995.539726
57.531828,6,995.679451
-7.914744,6,995.768595
-13.488562,3,995.915164
57.481756,7,996.002305
58.365565,6,996.374754
57.469973,6,996.656751
57.966648,5,996.757034
-13.662279,3,996.870729
-9.677746,7,996.95698
59.088837,6,997.086893
-10.563151,7,997.537538
54.133847,4,997.662128
58.079294,6,997.774728
-14.643517,3,997.849388
-13.631988,3,997.931461
-7.58036,7,998.387826
-11.452725,4,998.467182
59.079943,6,998.546257
-13.498823,8,998.673251
57.760608,7,998.800647
56.918256,7,998.955964
-8.228149,7,999.037828
57.961192,5,999.120456
51.523209,3,999.600987
-7.983987,5,999.906493
55.66567,7,1000.047471
57.966322,5,1000.327817
57.945327,5,1000.466742
-7.424569,6,1000.5637
-11.444673,4,1000.66743
57.959382,5,1000.950269
53.184981,8,1001.039657
58.344405,6,1001.149638
-7.766807,6,1001.507963
57.610721,5,1001.647535
-7.217366,7,1001.709971
54.136431,4,1002.085986
57.965243,5,1002.203086
55.292919,7,1002.413259
44.981691,9,1002.732971
-7.082869,5,1002.904658
45.967322,9,1003.249633
54.214825,4,1003.499024
-10.177907,7,1003.636842
53.18766,4,1003.873299
55.911529,5,1004.136545
59.083426,6,1004.334756
-7.849048,5,1004.433406
-13.747078,3,1004.51989
-11.097765,4,1004.85608
-5.908693,6,1005.10666
57.773113,7,1005.214974
57.95236,5,1005.441525
-14.471,3,1005.525507
57.051669,5,1005.998789
59.085379,6,1006.186958
-7.94843,6,1006.55606
-14.44077,3,1006.633757
57.873572,5,1006.768408
-9.318153,7,1007.058281
58.767159,6,1007.267941
-8.857699,7,1007.800869
-8.37414,5,1007.90471
57.776731,7,1007.988822
-13.499745,3,1008.330903
-12.055811,4,1008.430164
54.216439,4,1008.807807
54.21252,4,1009.046355
-13.476791,3,1009.514791
55.631804,7,1009.6729
57.177051,5,1009.921121
-8.148776,7,1010.005514
54.216439,4,1010.133323
-13.605277,3,1010.321048
-11.809039,8,1010.381112
57.724623,5,1010.65223
53.482653,4,1011.026234
58.994724,6,1011.251168
-7.227608,7,1011.516109
56.231187,7,1011.656145
59.080765,6,1011.763284
59.087627,6,1011.898097
-8.657167,5,1011.992738
-11.428088,4,1012.135687
59.093895,6,1012.249134
59.091562,6,1012.328881
56.94064,5,1012.615593
-7.219928,7,1012.763195
-11.507085,4,1012.857576
-5.900706,6,1012.999509
-11.60018,4,1013.069218
53.199278,8,1013.553091
51.602565,8,1013.725031
-11.607762,4,1013.797029
-7.705281,5,1014.126426
-11.407803,4,1014.255921
58.978828,6,1014.381074
57.279832,6,1014.603969
45.975978,9,1014.757083
57.782242,7,1014.910813
-14.311712,3,1015.238887
57.78048,7,1015.617666
58.160436,6,1015.763296
-8.502177,7,1016.118649
56.908428,5,1016.328825
53.193803,8,1016.705262
-11.218472,4,1016.820786
56.146015,7,1017.097241
57.78907,7,1017.618531
57.967011,5,1017.693799
-13.476791,3,1017.805184
57.957089,5,1018.032162
-7.990514,6,1018.414175
57.783166,6,1018.576523
57.3372,5,1018.709836
57.954669,5,1018.841826
50.886081,3,1019.121518
57.029045,7,1019.248899
57.958035,5,1019.567623
-13.476791,3,1019.891006
-13.480537,3,1019.984249
-8.176969,6,1020.076559
57.955915,5,1020.213016
-15.500156,3,1020.301766
-11.812316,8,1020.513352
53.197597,8,1020.612514
57.05676,6,1020.981446
56.430766,7,1021.113924
37.567367,10,1021.253363
57.937715,6,1021.387091
52.163115,8,1021.883651
31.06303,11,1021.993547
-5.907128,6,1022.157686
-11.189139,4,1022.283021
52.435933,8,1022.645173
57.766301,7,1022.731665
57.763227,7,1022.942548
-7.498626,6,1023.227356
-13.575585,3,1023.525499
-10.614818,7,1023.622261
-13.76353,3,1023.709253
-34.421915,11,1023.984259
59.093984,6,1024.055912
-15.384697,8,1024.149157
57.644652,6,1024.411376
-8.192635,5,1024.565046
57.054002,6,1024.927501
59.09167,6,1026.126846
54.211147,4,1026.345062
-13.713416,3,1026.43851
-11.250141,4,1026.538053
53.270382,4,1026.753655
51.522407,3,1027.029819
57.951557,5,1027.117455
52.612655,8,1027.200674
-11.30461,4,1027.284418
57.815818,6,1027.401167
56.556329,7,1027.53392
54.216439,4,1027.643247
54.210352,4,1027.858841
57.012536,5,1028.085718
-5.908903,6,1028.179278
57.944388,5,1028.29777
-13.775566,3,1028.393507
57.783945,7,1028.481554
59.085996,6,1028.61059
-7.221322,7,1028.707804
-11.035015,4,1029.034157
59.088391,6,1029.159537
57.053355,5,1029.397249
-13.771957,3,1029.480919
-13.68437,3,1029.547504
-13.532514,3,1029.781251
-11.215946,4,1029.867202
-8.162462,5,1029.941593
57.764652,5,1030.186979
59.094883,6,1030.27073
-8.1061,5,1030.338824
59.097822,6,1030.439375
59.085419,6,1030.527914
57.607195,7,1030.612776
54.216439,4,1030.759635
59.095771,6,1031.111736
-13.615839,3,1031.259422
-11.810746,8,1031.313555
-11.460781,4,1031.409546
-13.609965,3,1031.497426
-7.623574,6,1031.800062
54.207303,4,1031.906349
56.092868,7,1032.114568
-13.685986,3,1032.203183
59.084624,6,1032.376889
-14.519431,3,1032.465569
50.771305,8,1032.707389
-13.603424,3,1032.817331
54.203691,4,1033.200279
57.667348,6,1033.457016
53.186926,8,1033.565669
-5.916665,6,1033.653476
-13.352204,8,1033.848739
57.7834,7,1034.536219
-19.018955,9,1034.627503
54.208089,4,1034.866109
59.08057,6,1034.948491
57.275599,7,1035.029691
55.968052,7,1035.163229
-5.912784,6,1035.274862
-7.940161,7,1035.458382
57.771843,7,1035.557266
-14.346149,3,1035.858544
57.967614,5,1035.930193
52.168861,8,1036.006059
57.769569,7,1036.133012
-12.041491,4,1036.247987
-7.900623,6,1036.349186
-7.549362,6,1036.451482
-11.422261,4,1036.58369
54.198109,4,1036.969248
59.093721,6,1037.235683
-6.627237,6,1037.369972
-13.478157,3,1037.670268
54.216439,4,1037.92224
58.089131,6,1038.247242
59.09714,6,1038.3785
-8.458485,5,1038.593798
-8.992841,5,1038.71373
-13.483961,3,1038.855489
-13.476791,3,1038.944312
-13.659031,3,1039.013633
57.779849,6,1039.132793
55.421514,7,1039.333136
57.963159,5,1039.434536
-8.055082,5,1039.746214
-9.053063,5,1039.833185
-8.35521,5,1039.926396
-8.013621,5,1040.216437
-11.573686,4,1040.28302
-9.966175,7,1040.374395
57.809548,5,1040.561239
-8.85933,7,1040.877116
-7.037175,5,1041.413713
57.560453,5,1041.539895
-8.500813,5,1041.650737
50.83006,3,1041.933078
58.408772,6,1042.031128
53.285197,4,1042.224642
56.855468,5,1042.341953
58.882394,6,1042.538688
-13.49439,3,1042.817928
-8.264462,5,1043.274545
-13.641903,3,1043.402286
-11.7998,8,1043.821447
57.041407,5,1044.170669
-8.290263,5,1044.270724
54.210134,4,1044.664839
45.977763,9,1044.86761
-8.256945,5,1044.99612
-13.658792,3,1045.090404
-13.614593,3,1045.193987
-7.60379,5,1045.375567
-13.483219,3,1045.641636
54.204888,4,1045.899965
58.23839,6,1046.027002
57.764419,7,1046.191561
-13.608185,3,1046.279488
-11.08254,4,1046.622839
-7.333259,6,1047.025907
-10.82783,4,1047.191195
58.563394,6,1047.279868
-13.70982,3,1047.378793
57.951501,5,1047.520339
45.972716,9,1048.043702
54.216439,4,1048.181425
-13.476791,3,1048.487659
-13.476791,3,1048.579051
58.330352,6,1048.701801
-11.328574,4,1048.795587
56.881762,7,1049.114874
53.976466,4,1049.484893
-8.189439,6,1049.5575
59.087384,6,1049.757005
57.965232,5,1049.896386
54.205765,4,1049.999694
-13.748947,3,1050.067546
43.478334,9,1050.195761
-7.446172,5,1050.660313
54.121286,4,1050.963922
-11.242345,4,1051.089324
52.324514,8,1051.221914
-8.225491,6,1051.321091
-21.244017,9,1051.656382
43.930275,9,1051.741176
-8.001678,6,1051.822639
-7.229074,7,1051.910786
-11.868054,4,1052.408972
-14.427848,3,1052.479098
57.960868,5,1052.793895
57.949111,5,1052.880282
55.752794,7,1053.047485
57.458781,6,1053.193992
57.950966,6,1053.493721
-13.582808,3,1053.632044
-13.618314,3,1053.797277
53.588663,4,1054.167924
-13.656603,3,1054.280291
-7.221703,7,1054.465918
54.209198,4,1054.569365
53.968191,4,1054.882827
-11.032509,4,1055.052816
-11.426322,4,1055.136132
44.428875,9,1055.231535
-10.806074,4,1055.385182
-11.513499,4,1055.630811
54.200962,4,1055.940017
59.082732,6,1056.071771
57.96683,5,1056.19146
54.166735,4,1056.45577
-13.743281,3,1056.549362
-7.040135,5,1057.044382
-13.764764,3,1057.113544
-13.754479,3,1057.195889
-13.476791,3,1057.287818
-13.666861,3,1057.375984
-11.987821,4,1057.764417
54.149454,4,1058.029693
54.216439,4,1058.419598
54.203114,4,1058.558312
57.643345,6,1058.696683
53.183259,8,1058.818744
-9.228144,5,1058.891106
-7.221562,7,1059.147047
-7.612806,6,1059.440282
45.942924,9,1059.527933
57.782627,7,1059.611076
-10.981576,4,1059.704283
57.299998,5,1059.846285
54.2018,4,1060.243051
-6.685525,6,1060.356064
58.488579,6,1060.70587
-8.644537,5,1061.034176
58.096333,6,1061.273099
-8.039762,6,1061.376188
-5.901001,6,1061.43791
-7.432092,5,1061.591319
-8.963917,5,1061.716015
57.957418,5,1061.853451
-11.070589,4,1061.964301
-13.585152,3,1062.041929
59.09594,6,1062.13889
-8.128632,6,1062.221408
-8.234212,6,1062.402542
-11.193922,4,1062.540539
-14.489019,8,1062.6785
52.12561,8,1062.821741
-9.095902,5,1062.934073
56.40249,7,1063.276727
54.194655,4,1063.520464
59.06349,6,1063.617268
-10.820834,4,1063.770142
45.952355,9,1063.848737
53.987258,4,1064.209294
-7.67475,5,1064.361336
-13.476791,3,1064.643685
57.548976,5,1065.134533
-14.322061,3,1065.210214
51.601733,8,1065.580476
-13.480846,8,1065.731982
45.232177,9,1065.867416
54.11328,4,1066.156386
-7.548733,7,1066.356812
-15.404501,3,1066.42943
-5.916537,6,1066.620036
57.957142,5,1066.750451
56.756094,6,1067.229733
-5.900706,6,1067.443998
56.897303,7,1067.69618
54.199947,4,1067.893375
-11.580337,4,1067.970454
56.202288,5,1068.317667
44.908053,9,1068.43092
-13.774428,3,1068.508665
57.955857,5,1068.616928
-13.515409,3,1068.780108
57.252924,6,1068.90374
56.758707,7,1069.014126
-8.065636,5,1069.151953
-7.831778,5,1069.709129
57.962273,5,1069.818818
57.194324,5,1070.267583
-19.965457,9,1070.344837
-11.495248,4,1070.6806
-11.26171,4,1070.792155
54.204618,4,1071.051874
53.185082,8,1071.173
-6.515865,6,1071.340507
-13.485363,3,1071.43284
-8.591212,6,1071.820836
57.956132,5,1071.961278
-13.576,3,1072.164399
57.956712,5,1072.456531
-8.476441,5,1072.703939
-13.506358,3,1073.049481
59.091073,6,1073.228532
54.096236,4,1073.55123
57.967614,5,1073.68074
54.216,4,1073.821143
-14.667621,3,1073.897477
58.683708,6,1074.034654
-10.031019,7,1074.150911
53.203965,8,1074.320016
-19.855467,9,1074.413897
54.19365,4,1074.689875
55.937081,7,1075.048279
58.279039,6,1075.313611
-13.840091,8,1075.490549
-13.479646,3,1075.670121
-13.723122,3,1075.743562
-13.695551,3,1075.844826
-8.337304,5,1075.997342
54.211772,4,1076.130522
-8.414239,5,1076.254132
53.192335,8,1076.423224
-7.225331,7,1076.503852
-7.043041,5,1077.016894
-11.394173,4,1077.169662
58.450023,6,1077.38387
57.113988,7,1077.549266
-7.249984,7,1077.669693
57.76703,7,1077.804566
-13.477135,3,1078.108345
-15.663594,3,1078.224835
58.811949,6,1078.329526
-11.354588,4,1078.507385
57.956648,5,1078.632706
45.961091,9,1079.020929
-13.476791,3,1079.36262
57.773255,7,1079.803764
57.951659,5,1080.017607
57.869128,5,1080.244951
52.376737,8,1080.467534
-9.09729,5,1080.566945
-7.241138,7,1080.84236
-10.842704,4,1081.050825
-21.395318,9,1081.370466
-11.551035,4,1081.489034
57.201317,5,1081.721466
-11.353554,4,1081.851875
58.410573,6,1081.95356
-13.730762,3,1082.06127
-8.02702,7,1082.187851
54.2101,4,1082.40994
-5.9202,6,1082.519095
57.943061,5,1082.609251
-13.48387,3,1082.707999
59.090315,6,1082.928945
-8.244111,5,1083.051699
-8.453591,5,1083.174942
-11.201035,4,1083.265722
54.210957,4,1083.394545
56.943738,7,1083.51535
57.952736,5,1083.647704
-11.824967,8,1083.801065
-13.479145,3,1084.062551
-8.512566,5,1084.363676
-14.702219,3,1084.441639
-13.476791,3,1084.733016
57.966506,5,1084.88475
55.749587,7,1085.1127
-8.255204,5,1085.281852
-5.913572,6,1085.340764
-8.228849,5,1085.474864
-7.909784,6,1085.559725
-13.772844,3,1085.636786
58.501514,6,1085.885026
54.216439,4,1086.017455
57.961099,5,1086.090566
-11.449651,4,1086.203015
-7.988376,7,1086.500094
59.012844,6,1086.610574
-7.050353,5,1086.743343
57.998158,6,1086.867107
57.78954,7,1086.97802
45.968777,9,1087.172465
-7.200676,6,1087.363713
57.96445,5,1087.506838
-7.970797,6,1087.608076
-11.366879,4,1087.775685
59.089358,6,1087.910385
57.184882,7,1088.07748
-11.172332,4,1088.655812
-11.341258,4,1088.834116
-11.166908,4,1089.174681
57.785813,7,1089.313916
-7.45771,6,1089.454835
54.210406,4,1089.585103
59.086008,6,1089.70095
-13.767412,3,1089.793674
-13.775007,3,1089.890579
57.772425,7,1089.989661
-13.476791,3,1090.244927
45.98146,9,1090.382722
-10.783561,4,1090.901661
57.959893,5,1091.174999
-7.044945,5,1091.716925
-13.751125,3,1091.820337
57.391259,7,1091.942715
-11.431965,4,1092.059683
-8.887659,6,1092.464421
-6.896716,6,1092.663587
53.39494,4,1092.929512
57.764112,7,1093.067195
57.013431,7,1093.207093
-7.377358,6,1093.530949
59.094733,6,1093.82987
54.024977,4,1094.007731
45.965434,9,1094.141214
-10.793439,4,1094.318311
-14.46533,3,1094.417598
-13.759113,3,1094.496648
-13.547244,3,1094.740998
-5.913437,6,1094.817822
57.778895,7,1094.961885
56.756892,7,1095.192989
-7.493214,5,1095.409615
-7.036406,5,1095.973932
56.410078,7,1096.052522
-13.765282,3,1096.121623
57.158943,6,1096.245956
53.927351,4,1096.420229
-7.224215,7,1096.527447
-8.16625,5,1096.609642
55.936634,7,1096.845505
-14.176152,3,1097.183466
52.141187,8,1097.309689
57.169946,5,1097.641157
-13.731632,3,1097.739503
-8.348656,5,1098.000675
-7.21046,7,1098.073502
-6.645203,6,1099.339052
-15.402875,3,1099.418891
59.086633,6,1099.564062
-7.877455,6,1100.018067
57.565119,7,1100.130362
-8.103836,6,1100.265154
-8.588775,5,1100.365412
-13.656704,3,1100.43814
-11.821984,8,1100.497733
57.669349,6,1100.760374
-11.528427,4,1100.86348
-11.114568,4,1101.193513
-9.409014,5,1101.375582
-7.219607,7,1101.872663
53.466679,4,1102.139083
57.249322,5,1102.303711
52.788219,8,1102.466016
-14.456913,8,1102.874434
-10.012574,7,1103.025099
57.958145,5,1103.241399
54.216439,4,1103.412287
-8.245031,5,1103.591249
56.928833,5,1103.677451
-8.448382,5,1103.803386
53.200956,8,1104.313553
-7.042989,5,1104.452363
-12.21048,4,1104.532439
55.216093,7,1105.057547
57.782554,5,1105.318655
-11.806345,8,1105.376709
-8.807658,5,1105.531215
57.965969,5,1105.744351
53.202213,8,1106.105242
57.712558,5,1106.26469
44.798548,9,1106.409695
57.964111,5,1106.503719
44.818218,9,1106.897483
56.830713,6,1107.158068
54.111722,4,1107.448469
45.980902,9,1107.564188
57.775429,7,1107.645544
52.556859,8,1107.727245
-11.042801,4,1108.06503
-11.16015,4,1108.422424
56.588088,7,1108.738033
-6.954529,6,1108.86128
-13.585816,3,1108.980494
-13.677303,3,1109.07979
58.46023,6,1109.366883
-14.384411,3,1109.507552
57.959931,5,1109.722021
57.768937,7,1109.809395
-8.45674,5,1110.053723
53.200864,8,1110.183913
57.367331,5,1110.347778
53.173265,8,1110.497254
56.653571,5,1110.631207
-8.026504,5,1110.746901
-7.4451,6,1110.86134
59.080168,6,1110.980128
58.321159,6,1111.11341
58.986555,6,1111.247439
-12.276718,4,1111.32713
59.043264,6,1111.473513
-14.084148,8,1111.839274
-7.950557,5,1112.009791
57.95061,5,1112.085609
-14.311629,3,1112.188099
-5.91402,6,1112.422153
-13.650925,3,1112.500097
54.202296,4,1112.751879
54.213295,4,1113.06407
52.322702,8,1113.256947
-13.15883,4,1113.353717
-11.807446,8,1113.526236
-13.779786,3,1113.603377
-13.578106,3,1113.721158
52.168435,8,1114.102343
-5.901991,6,1114.18782
56.893121,7,1114.592282
52.138944,8,1114.715933
53.086349,8,1114.858632
-11.528946,4,1114.938052
57.947553,5,1115.050014
-8.176713,5,1115.191384
55.679357,5,1115.391712
-5.906543,6,1115.695396
59.096867,6,1115.822351
-8.540025,5,1116.080006
-11.523542,4,1116.20631
-8.413954,5,1116.327235
54.205276,4,1116.585003
-9.565464,7,1116.954261
-7.247473,7,1117.103621
-11.093285,4,1117.429723
57.957825,5,1117.588023
57.961179,5,1117.679058
57.559691,7,1117.798205
51.523209,3,1117.98053
-7.870306,6,1118.147341
-8.453172,5,1118.319541
-11.233683,4,1118.459295
58.193666,6,1118.758576
57.96714,5,1118.893299
-5.917392,6,1119.183695
-13.686745,3,1119.262391
-9.64555,7,1119.425487
-7.352994,5,1119.80231
-13.712293,3,1119.87764
-5.907163,6,1119.945476
-6.729209,6,1120.198934
56.753405,7,1120.341803
54.196288,4,1120.596958
-8.32534,5,1120.736389
-14.502229,3,1120.831738
-8.49137,5,1121.050899
-11.320288,4,1121.246404
59.089395,6,1121.394165
-14.700389,8,1121.504473
52.911226,8,1121.704861
-11.341626,4,1121.822505
55.972597,7,1122.12416
-11.060598,4,1122.378583
54.213961,4,1122.65573
57.965882,5,1122.928613
-8.047493,5,1123.307874
-13.476791,3,1123.557236
56.819387,5,1123.783808
57.736799,5,1123.887283
-7.955631,6,1124.001786
-5.916906,6,1124.24627
51.523209,3,1124.727915
57.967614,5,1124.806638
-8.14611,5,1125.136621
-13.479228,3,1125.239059
59.090243,6,1125.324567
57.435682,5,1125.583235
53.212261,8,1125.681214
56.404464,7,1125.84805
57.894551,5,1126.165415
45.961902,9,1126.275753
-13.476791,3,1126.377285
-13.753323,3,1126.482625
-8.397982,5,1126.569326
55.323643,7,1126.992835
-7.288191,5,1127.505358
-7.228269,7,1127.684502
-7.128687,5,1127.774984
-11.091612,4,1127.864447
-13.480506,3,1128.12215
-12.170911,4,1128.343179
-13.606102,3,1128.501083
-6.981698,6,1128.671303
45.973821,9,1128.77726
53.177679,8,1129.004872
-13.478353,3,1129.252342
59.093861,6,1129.561305
54.184875,4,1129.777233
-12.2075,4,1129.881661
30.056315,11,1130.027605
59.083148,6,1130.176255
-11.823085,8,1130.512382
-7.552922,6,1130.707631
51.474308,8,1131.09183
53.212493,8,1131.207498
-13.483043,3,1131.451977
54.205704,4,1131.539266
59.082043,6,1131.747553
-10.784843,4,1132.02322
54.195142,4,1132.297387
-8.5876,5,1132.399231
-7.456839,5,1132.564864
-8.32017,5,1132.677559
59.087682,6,1132.778109
-13.602502,8,1132.949934
-7.211201,7,1133.208694
-11.42243,4,1133.33982
57.961637,5,1133.469592
51.512636,3,1133.909747
57.955879,5,1134.054382
57.956831,5,1134.345502
-7.278794,7,1134.966199
54.211943,4,1135.176102
54.211703,4,1135.433973
-8.231339,6,1135.665689
-13.664689,3,1135.741987
52.452261,8,1135.841793
-7.036695,5,1136.30672
-11.119084,4,1136.403918
45.979104,9,1136.541663
-5.910073,6,1136.784042
51.544126,8,1136.936235
-11.607898,4,1137.033964
53.199103,8,1137.180553
57.967614,5,1137.276847
57.962319,5,1137.497713
-7.702427,6,1137.898821
57.661126,6,1137.985172
57.778305,7,1138.124375
-13.488013,3,1138.268812
54.14724,4,1138.657928
58.163435,6,1138.843267
-8.23143,7,1138.912077
-11.807017,8,1138.986473
57.760138,5,1139.192795
-14.27481,3,1139.277878
59.083088,6,1139.410479
54.168469,4,1139.761628
58.292403,6,1139.925608
-11.797128,8,1139.987705
-13.615736,3,1140.084248
-7.042223,5,1140.676223
54.216439,4,1140.996915
-11.250433,4,1141.102177
58.538212,6,1141.4049
56.897803,5,1141.540829
57.777672,7,1141.722762
57.967614,5,1141.859646
59.073937,6,1141.994687
45.013092,9,1142.137929
-7.226997,7,1142.233157
-8.096536,7,1142.306719
57.962631,5,1142.722448
-13.726166,3,1142.80832
58.740364,6,1142.971586
-7.796475,5,1143.341177
57.780155,7,1143.442076
54.216439,4,1143.690297
-6.051096,6,1143.966798
54.215703,4,1144.22106
57.777006,7,1144.460146
52.054499,8,1144.672482
53.21167,8,1144.795578
-5.909913,6,1144.870136
-13.716854,3,1144.976132
-13.504071,3,1145.083815
-12.213627,4,1145.188671
-11.416789,4,1145.283808
-12.373272,4,1145.403516
-13.605339,3,1145.513274
-10.793947,4,1145.896899
54.210138,4,1146.002358
-8.137795,5,1146.143301
57.967614,5,1146.372525
-7.25861,6,1146.570553
-13.763677,3,1146.655742
57.766901,7,1146.759073
58.330361,6,1146.98888
-11.787044,8,1147.062974
52.065903,8,1147.288228
57.967614,5,1147.394445
-11.060282,4,1147.728935
53.192161,8,1147.893595
-11.529986,4,1148.005541
56.928497,7,1148.318255
-21.461457,9,1148.449966
56.759672,7,1148.74231
-8.611155,5,1148.843779
-11.153631,4,1148.925879
-8.800847,6,1149.136317
57.950995,5,1149.208506
58.242424,6,1149.327978
51.278332,8,1149.494406
57.965005,5,1149.558405
-10.029465,7,1149.645911
-13.65638,3,1149.695594
-7.23545,7,1149.74131
-11.015792,4,1149.93574
-21.929013,9,1150.124027
-8.438091,5,1150.224172
-5.92234,6,1150.275265
53.180004,4,1150.376513
-7.954983,6,1150.445951
57.949083,5,1150.526161
-13.683987,3,1150.569112
59.099294,6,1150.616287
51.507675,8,1150.73971
-9.989603,7,1150.883905
51.225304,8,1151.050338
-12.487548,4,1151.093884
-11.29083,4,1151.18234
57.494682,6,1151.335134
-8.05366,6,1151.399215
-8.022412,6,1151.45226
-11.20092,4,1151.539019
-7.744981,6,1151.730109
56.90792,5,1151.919822
57.841408,5,1152.005239
-8.039832,6,1152.066948
-8.142843,5,1152.128718
-13.630552,3,1152.183154
57.967614,5,1152.238758
58.118921,6,1152.476286
-5.911643,6,1152.550055
57.934727,6,1152.729686
45.468491,9,1152.796779
56.382258,7,1152.980819
-10.994386,4,1153.084154
-13.676677,3,1153.128809
57.266039,5,1153.225063
53.186042,8,1153.295928
57.904195,5,1153.355215
59.082222,6,1153.416351
-7.221889,7,1153.571735
-14.52707,3,1153.63241
-9.369734,7,1153.846867
53.200364,8,1153.939023
51.730709,8,1154.074004
-13.567224,3,1154.132805
-11.797837,8,1154.252885
58.150915,6,1154.347984
-13.763023,3,1154.389598
-6.269591,6,1154.682231
59.085511,6,1154.79426
-8.195272,5,1154.849004
-13.690509,8,1154.940058
53.196151,8,1155.147791
-13.578174,3,1155.257869
54.800974,7,1155.632873
-5.90822,6,1155.776408
-7.217029,7,1155.871408
59.079595,6,1156.137508
-13.329182,4,1156.23979
52.25414,8,1156.406214
56.248656,7,1156.710888
-9.333698,7,1157.025263
54.208935,4,1157.306878
45.550374,9,1157.426239
-11.287583,4,1157.515148
-14.216838,3,1157.646257
-13.594182,8,1157.902365
57.777737,7,1158.018269
-8.161827,5,1158.384873
-11.207683,4,1158.48565
54.212294,4,1158.59014
45.951551,9,1158.729021
57.780827,7,1158.8552
57.649517,6,1159.331394
-13.476791,3,1159.570565
-6.194057,6,1159.658232
-7.037889,5,1159.744125
45.968997,9,1159.856032
-8.537211,5,1159.97143
59.063542,6,1160.107875
56.289168,7,1160.32655
59.08981,6,1160.458995
57.858684,5,1160.738222
57.962509,5,1160.856525
-11.255858,4,1161.006213
57.882488,5,1161.232058
-13.656636,3,1161.344194
-13.476791,3,1161.752955
-7.597296,5,1161.918184
56.257138,5,1162.220442
-8.496027,5,1162.310584
-5.900706,6,1162.454006
-10.785746,4,1162.594276
57.958324,5,1162.689985
-11.547803,4,1162.758155
-11.337623,4,1162.819035
57.956646,5,1162.967333
-11.447821,4,1163.032644
58.97874,6,1163.105703
-13.74698,3,1163.183256
58.628726,6,1163.304192
-11.080779,4,1163.522338
-13.567436,3,1163.645976
-8.17591,5,1163.713123
57.888687,5,1163.791248
-8.07717,5,1163.979564
58.083039,6,1164.03081
57.958115,5,1164.155074
57.765644,7,1164.968338
-7.43335,6,1165.215569
-11.315289,4,1165.29614
-11.547945,4,1165.338889
-6.934536,6,1165.485438
-7.817211,5,1165.676648
-7.225084,7,1165.780586
-8.525877,5,1165.838214
57.750798,6,1165.961627
56.778968,7,1166.123893
57.950638,5,1166.197504
-7.398335,6,1166.371565
-21.346658,9,1166.519086
-13.699713,3,1166.561076
58.585086,6,1166.723106
57.77905,7,1166.818763
54.214614,4,1166.97069
57.601479,5,1167.21347
59.085019,6,1167.308472
59.09151,6,1167.422335
-13.770473,3,1167.469384
-13.558904,3,1167.530086
59.072083,6,1167.590965
58.228636,6,1167.745879
58.376266,6,1167.836506
54.203505,4,1167.993011
59.099294,6,1168.104881
-8.24237,6,1168.208248
54.216439,4,1168.28087
57.945374,5,1168.443908
-8.296924,5,1168.502768
59.094723,6,1168.576208
-13.774212,3,1168.621732
-7.219464,7,1168.822064
54.211039,4,1168.981978
51.522127,3,1169.066356
-9.850748,7,1169.167191
54.20236,4,1169.316394
59.080347,6,1169.401373
57.96566,5,1169.456685
-13.512098,3,1169.511725
-7.695085,6,1169.718167
59.084351,6,1169.768267
-14.091438,3,1169.811855
-9.099851,7,1169.999915
57.967614,5,1170.07337
-8.137178,5,1170.116907
57.501997,6,1170.328568
-11.811398,8,1170.576407
59.08087,6,1170.688509
-7.055585,5,1170.756104
-11.078304,4,1170.92666
57.952218,5,1171.096741
57.95379,5,1171.215272
56.992607,7,1171.303837
57.323927,5,1171.369616
-13.634663,3,1171.42424
-13.478793,3,1171.477068
59.089032,6,1171.541673
-9.063284,5,1171.592465
57.010538,5,1171.670633
59.08656,6,1171.744228
-11.799669,8,1171.871915
57.776263,7,1171.962258
54.204854,4,1172.056389
-9.377365,7,1172.12452
51.908482,8,1172.276603
58.463639,6,1172.329829
-9.681504,7,1172.409449
57.77188,7,1172.480177
57.958533,5,1172.570762
57.965363,5,1172.63296
56.672843,7,1172.764744
-7.218054,7,1172.909249
-7.218702,7,1172.991562
-7.640021,6,1173.037102
-13.609312,3,1173.113587
57.960767,5,1173.308365
57.768624,7,1173.461993
-6.939551,6,1173.676603
54.153466,4,1173.836454
-7.222384,7,1173.946292
57.965219,5,1174.020578
-13.775177,3,1174.062835
-7.032386,5,1174.116514
-12.264366,4,1174.188322
53.39064,4,1174.364101
57.786193,7,1174.432221
57.771349,7,1174.511189
-11.060136,4,1174.572057
57.549997,5,1174.706998
-13.476791,3,1174.912962
58.347932,6,1174.986475
-7.80113,5,1175.061266
54.201974,4,1175.140592
-13.476791,3,1175.288402
59.077126,6,1175.345707
-10.080716,7,1175.586961
-13.476791,3,1175.64263
57.901686,6,1175.725432
57.784211,7,1175.786993
53.199844,8,1175.855151
-8.399658,5,1175.903376
59.091454,6,1175.949448
53.204027,8,1176.027488
54.216439,4,1176.174892
-14.395871,3,1176.220334
54.213622,4,1176.379227
57.095592,5,1176.44337
-11.131286,4,1176.613608
56.952726,5,1176.834934
54.211041,4,1176.926341
54.215067,4,1177.17135
-10.783561,4,1177.386542
-14.447862,3,1177.442799
-13.511485,3,1177.658432
45.976047,9,1177.737042
-14.465953,3,1177.793253
-13.622842,3,1177.86326
57.356104,5,1178.016084
-11.100196,4,1178.075764
52.880003,8,1178.190964
56.041958,7,1178.366749
58.509773,6,1178.459605
57.773314,7,1178.538482
-10.792135,4,1178.833567
-13.769076,3,1178.879157
59.089366,6,1178.941209
45.963951,9,1179.045411
-8.15517,5,1179.190325
57.945661,5,1179.253425
54.207967,4,1179.456114
-13.624544,3,1179.526708
-7.306126,6,1179.722964
59.089449,6,1179.814714
57.781458,7,1179.871814
57.314579,6,1179.98841
-19.025147,9,1180.099644
57.468696,5,1180.2432
57.350772,5,1180.39546
57.882335,6,1180.707666
-8.110822,5,1181.038389
50.588825,8,1181.259542
56.935234,5,1181.337625
-14.225975,3,1181.414514
57.765913,5,1181.503659
36.626473,10,1181.742566
-9.384096,5,1181.793883
57.967614,5,1181.853659
57.212536,5,1182.048635
-13.477788,3,1182.222509
-12.987057,8,1182.404974
-9.707807,7,1182.573786
-13.564078,3,1182.637222
-11.288057,4,1182.725057
-9.328223,7,1182.794261
57.223592,5,1182.995838
-13.72583,3,1183.052994
-8.563504,5,1183.125309
-11.510963,4,1183.185105
-8.394357,5,1183.24034
52.180038,8,1183.301782
57.945544,5,1183.365471
-13.754003,3,1183.410881
-11.223454,4,1183.535224
57.959857,5,1183.623571
-14.773091,3,1183.671641
-15.438595,8,1183.880194
-11.817254,8,1183.919309
57.963077,5,1184.127507
-13.480873,3,1184.171829
53.039326,4,1184.390286
-13.771076,3,1184.433067
58.06428,6,1184.498422
56.666771,7,1184.614197
-13.643711,3,1184.676907
-11.606874,4,1184.721479
-5.909072,6,1184.795969
-8.27187,5,1184.856934
54.180548,4,1185.074741
59.089231,6,1185.138359
56.772209,7,1185.350433
56.703269,5,1185.452059
-13.481923,3,1185.522044
59.099294,6,1185.57711
-11.54604,4,1185.624
57.946594,5,1185.689723
57.758995,7,1185.745496
-11.451578,4,1185.80503
54.216439,4,1185.958991
-7.803786,6,1186.157278
-11.580555,4,1186.204571
57.960014,5,1186.266824
53.188448,8,1186.319334
-11.304196,4,1186.374055
-12.440326,4,1186.418601
-13.764579,3,1186.476966
57.959283,5,1186.671762
57.781141,7,1186.732292
59.077318,6,1186.848887
-8.239817,6,1187.056549
-11.150634,4,1187.114128
37.963567,10,1187.238741
-13.695003,3,1187.285547
-13.504991,3,1187.350687
-8.335483,5,1187.418525
57.514853,7,1187.490738
57.707826,6,1187.574364
-20.7148,9,1187.675656
-13.48443,3,1187.830966
-13.551531,3,1187.907767
53.272966,4,1188.066106
-12.536653,4,1188.10976
57.780056,7,1188.182777
-8.2853,5,1188.236196
52.660914,8,1188.323544
57.780241,7,1188.403355
58.246968,6,1188.482639
-7.236891,7,1188.838791
58.834116,6,1188.90258
-7.794199,6,1188.985441
-7.842372,6,1189.030506
-13.697179,3,1189.073574
-11.592034,4,1189.117894
57.957709,5,1189.212154
45.973642,9,1189.455697
-12.213232,4,1189.499671
-13.693745,3,1189.543217
58.673706,6,1189.718487
-11.803056,8,1189.758745
54.216439,4,1189.861884
57.001303,7,1189.944712
59.078192,6,1189.997701
57.716657,5,1190.067933
-8.35195,5,1190.150711
58.564141,6,1190.330462
56.245313,7,1190.426604
57.963519,5,1190.513011
-12.2822,4,1190.558319
57.965183,5,1190.598992
-13.485513,3,1190.915251
58.241513,6,1191.083265
-5.915419,6,1191.123922
45.783017,9,1191.209718
-11.338793,4,1191.32268
-7.942401,5,1191.416188
-27.033781,10,1191.776442
-7.043445,5,1191.833231
54.207765,4,1191.947723
57.77732,7,1192.002337
54.208975,4,1192.064926
-8.321784,5,1192.162763
58.499101,6,1192.22156
-13.695838,3,1192.277091
58.318252,6,1192.534425
58.701935,6,1192.660013
54.136385,4,1192.81306
57.776492,7,1192.884122
52.027687,8,1192.941674
54.216439,4,1193.093931
-7.714899,6,1193.210563
-11.566139,4,1193.255939
-7.746146,6,1193.423163
57.777983,7,1193.487386
-7.912724,7,1193.524561
59.083825,6,1193.585459
58.174677,6,1193.849421
-7.783573,6,1193.935973
-9.13341,7,1194.135389
51.640118,8,1194.241481
-12.347135,4,1194.307727
54.213941,4,1194.464967
-10.788011,4,1194.576839
-11.004868,4,1194.773018
57.967614,5,1194.86428
-8.485507,5,1194.951574
-13.487549,3,1195.177726
-12.028283,4,1195.263433
-20.638826,9,1195.403816
53.208892,8,1195.625714
52.428946,8,1195.852595
56.67645,7,1196.01791
43.942276,9,1196.128841
55.928439,5,1196.205204
59.086109,6,1196.290602
-8.510032,5,1196.365121
58.559609,6,1196.495658
54.211562,4,1196.660411
-13.50857,3,1196.723965
45.980104,9,1196.781072
58.837506,6,1196.910664
-8.016487,5,1197.077121
-11.415416,4,1197.171583
51.103169,8,1197.503537
58.69873,6,1197.710502
-7.21304,7,1197.918688
59.079583,6,1197.980048
45.977388,9,1198.057897
-8.564839,5,1198.119235
54.205582,4,1198.21262
-8.379767,6,1198.417425
-7.219929,7,1198.563375
57.186335,5,1198.647316
-14.67483,8,1198.75564
54.216439,4,1198.934056
-13.476791,3,1199.209479
53.400922,4,1199.353411
-7.652274,6,1199.595237
-7.896253,5,1199.66925
51.520919,3,1199.956516
-12.398965,4,1200.030648
54.204412,4,1200.115215
-14.70168,3,1200.162407
-7.6243,5,1200.260679
-7.3387,6,1200.478103
57.959803,5,1200.640563
-8.182367,6,1200.782441
51.523209,3,1201.021061
57.960856,5,1201.080741
44.077317,9,1201.317832
57.508398,6,1201.524175
-8.419842,5,1201.679161
-9.067012,5,1201.740395
53.398797,4,1201.900832
57.769159,7,1202.026966
54.208849,4,1202.111407
56.382972,7,1202.272207
56.940901,5,1202.462479
-8.139169,6,1202.533736
-12.823699,8,1202.597958
-10.800008,4,1202.782076
-8.425285,5,1202.868068
59.095773,6,1202.984696
57.839034,5,1203.072403
57.689421,5,1203.20926
57.967614,5,1203.285219
58.651324,6,1203.347302
-12.173253,4,1203.489152
59.081947,6,1203.555249
-8.192766,5,1203.64565
58.404584,6,1203.735464
-13.589,3,1203.857247
59.077353,6,1203.947248
-13.620556,3,1204.000313
-7.040997,5,1204.378156
-11.795605,8,1204.577091
56.479776,7,1204.730821
56.308443,5,1205.019773
58.571709,6,1205.112099
-8.248983,6,1205.175016
59.095156,6,1205.246899
57.504653,5,1205.382917
-8.218406,5,1205.463827
-14.152157,8,1205.65038
-11.375403,4,1205.779729
-13.476791,3,1205.846518
-11.934564,4,1205.900254
-5.916632,6,1205.977305
-7.040304,5,1206.031979
-8.003811,5,1206.223558
57.959469,5,1206.312811
53.194745,8,1206.391263
58.478377,6,1206.529125
59.053225,6,1206.584516
-11.135363,4,1206.650064
58.596416,6,1206.706966
-11.488705,4,1206.752254
-7.988352,6,1207.067228
59.096351,6,1207.283235
-11.809639,8,1207.621804
-13.663219,3,1207.679932
-13.752335,3,1207.724726
-11.53142,4,1207.768048
-13.476791,3,1207.968003
-7.474227,6,1208.117513
-12.588466,8,1208.23085
-13.721936,3,1208.277077
-11.307372,4,1208.346621
57.540214,5,1208.489885
-9.933081,7,1208.721194
-7.921508,5,1209.713115
56.934343,5,1209.784127
-5.907238,6,1209.897141
57.571911,6,1209.990803
57.965054,5,1210.049999
-14.659394,3,1210.096145
59.086632,6,1210.163411
-8.956148,6,1210.217905
-13.660608,3,1210.26522
-11.00109,4,1210.446858
-15.005935,3,1210.537009
59.086133,6,1210.589547
-7.581303,6,1210.776802
57.687879,5,1210.97208
53.9879,4,1211.153596
45.986274,9,1211.232398
-13.782856,3,1211.27906
-14.718616,8,1211.424467
-13.65333,3,1211.477892
-5.918487,6,1211.569567
-7.768857,5,1211.792448
-13.704991,3,1211.838367
-7.999412,6,1211.920216
45.976581,9,1211.996703
-13.583299,3,1212.129126
37.959377,10,1212.201874
54.214055,4,1212.361006
-10.11537,7,1212.458997
-7.228775,7,1212.635017
-7.798556,5,1212.873122
-11.549271,4,1212.917405
-11.320629,4,1213.003714
57.967614,5,1213.085564
-13.636168,3,1213.173948
-13.763536,3,1213.22032
59.083135,6,1213.275064
53.210174,8,1213.351389
57.961775,5,1213.409444
-13.760096,3,1213.465678
-13.616869,3,1213.576203
57.521887,7,1213.653791
56.425494,7,1213.815274
-11.565859,4,1213.860795
-13.720744,3,1213.903896
53.205922,8,1213.992579
53.186486,8,1214.0806
52.494589,8,1214.211108
-8.423582,5,1214.283047
53.452203,4,1214.440881
53.541927,4,1214.584006
-7.03287,5,1214.884874
57.959172,5,1214.935309
-5.916971,6,1214.976984
59.083306,6,1215.038341
57.194952,5,1215.125607
-11.816398,8,1215.397943
45.004787,9,1215.459093
57.967614,5,1215.544342
-11.370439,4,1215.595021
53.382111,4,1215.74427
58.371006,6,1215.857657
57.768607,7,1215.930089
54.216439,4,1216.17816
-9.535452,7,1216.239288
-11.388322,4,1216.326544
53.191748,8,1216.384944
54.208726,4,1216.550403
-5.917561,6,1216.609252
-8.536408,7,1216.708438
51.921576,8,1216.966269
59.089123,6,1217.097763
-11.327656,4,1217.183682
57.039911,5,1217.362258
-5.904595,6,1217.506164
37.965518,10,1217.628253
59.092937,6,1217.69687
45.746013,9,1217.782113
57.848914,6,1217.939293
-7.092237,6,1218.223336
57.301152,5,1218.52005
-11.224301,4,1218.642352
57.743037,6,1218.727594
58.036651,6,1218.954911
-8.344914,5,1219.057056
57.64085,5,1219.18399
55.653506,7,1219.411888
57.472139,5,1219.552912
57.768242,7,1219.635251
56.57226,5,1219.846703
57.967357,5,1219.960144
57.962224,5,1220.070816
57.955648,5,1220.122965
-8.329417,5,1220.220901
-11.463208,4,1220.278187
-13.709974,3,1220.323433
56.746064,7,1220.377269
57.932851,5,1220.429184
-8.819072,5,1220.49062
-8.507949,5,1220.55014
-13.524551,3,1220.758552
55.344307,7,1220.923345
59.055879,6,1221.015971
-8.119529,6,1221.12379
-6.529667,6,1221.199676
-5.909874,6,1221.267319
-11.805755,8,1221.33367
-11.444022,4,1221.407746
53.199627,8,1221.48612
54.135985,4,1221.563708
57.891907,6,1221.813784
-13.476791,3,1221.967808
-10.793874,4,1222.29089
57.046257,7,1222.336942
-7.210818,7,1222.482687
-7.218221,7,1222.518357
57.956753,5,1222.679631
59.083254,6,1222.739913
-12.059872,4,1222.853768
57.343961,5,1222.953654
52.287128,8,1223.185196
-9.727139,7,1223.27149
-14.292116,8,1223.333354
-11.341271,4,1223.384122
45.107811,9,1223.469442
57.967614,5,1223.547768
-8.597099,5,1223.610511
-13.728121,3,1223.669003
-11.365792,4,1223.721744
57.025986,7,1223.814227
-13.601545,3,1223.88391
-8.433219,5,1223.984717
59.069494,6,1224.037412
-11.41427,4,1224.128136
-7.685613,5,1224.367098
53.4234,4,1224.467392
45.978315,9,1224.549226
53.204325,8,1224.770688
58.019472,6,1224.858124
-13.736367,3,1224.9047
-13.479793,3,1224.965768
53.192429,8,1225.049459
59.002245,6,1225.125626
54.212885,4,1225.213704
-7.227378,7,1225.259517
57.77903,7,1225.336993
57.966866,5,1225.42323
58.8213,6,1225.595838
-10.783561,4,1225.695841
57.956531,5,1225.786269
54.216439,4,1226.028689
-11.016875,4,1226.1236
-6.708388,6,1226.34993
-14.197775,8,1226.422676
54.210892,4,1226.496578
57.102091,7,1226.58397
-11.402058,4,1226.655909
57.958015,5,1226.713751
-7.565026,5,1226.808505
57.769625,7,1226.859597
59.094491,6,1226.910466
-14.669051,3,1226.962162
45.991953,9,1227.051258
-7.635377,5,1227.159439
-6.863427,6,1227.202537
-13.483082,3,1227.392675
-11.080867,4,1227.600379
-13.507736,3,1227.70256
-13.719935,3,1227.772317
54.216439,4,1227.848078
53.532225,4,1228.010272
59.070864,6,1228.071602
57.967614,5,1228.119298
-8.114673,5,1228.332971
57.967614,5,1228.407251
54.011711,4,1228.64665
59.090303,6,1228.721434
57.771177,7,1228.785277
56.836173,7,1228.888687
57.517727,5,1229.069413
57.775578,7,1229.152037
-6.197982,6,1229.212311
-12.454795,4,1229.256932
-11.433175,4,1229.32438
-7.689788,6,1229.520041
54.190282,4,1229.751894
54.216439,4,1229.991424
-14.596214,3,1230.043819
-13.476791,3,1230.215363
-14.091348,3,1230.328007
-8.309008,5,1230.4435
54.206344,4,1230.576727
59.090917,6,1230.715668
54.211137,4,1230.986148
52.460678,8,1231.229719
57.502574,5,1231.401567
-8.23297,5,1231.521559
-7.050328,5,1231.614325
59.09014,6,1231.687465
57.137023,7,1231.847531
-8.508413,5,1231.998468
57.746814,7,1232.138253
57.957401,5,1232.273088
-11.793805,8,1232.487419
-10.891346,4,1232.854596
54.206387,4,1233.241718
-8.223741,5,1233.343874
-7.903428,5,1233.446028
-13.552795,3,1233.721059
-11.418037,4,1233.838572
-13.509711,3,1234.058099
57.942146,5,1234.164887
59.082183,6,1234.2615
-9.492585,7,1234.417685
-11.160621,4,1234.69147
-11.068766,4,1234.796103
-8.113518,5,1235.16874
57.231888,5,1235.325138
-13.751901,3,1235.397427
44.99482,9,1235.815326
57.778883,7,1235.937552
54.216348,4,1236.19224
56.032241,5,1236.311288
-7.227417,7,1236.461487
58.313361,6,1236.719735
53.206733,8,1236.853158
-7.03443,5,1237.354397
55.891764,7,1237.594632
45.968741,9,1237.723344
-11.081123,4,1238.242249
57.726063,6,1238.3878
-9.140483,5,1238.969672
-11.807259,8,1239.067458
57.531274,5,1239.201522
-7.233572,6,1239.521201
-5.919589,6,1239.616883
-11.458372,4,1239.718161
59.094248,6,1239.858204
-5.925095,6,1239.965007
-13.476791,3,1240.257982
-13.6214,3,1240.333789
-13.733447,3,1240.405423
-12.628119,8,1240.642165
54.210137,4,1240.888712
-13.689898,3,1240.961433
-7.518619,6,1241.089727
53.201039,8,1241.33041
-11.573264,4,1241.403516
-10.827518,4,1241.735786
57.746145,6,1242.123604
55.885509,7,1242.278868
58.049659,6,1242.588353
-7.494938,6,1242.750612
57.88813,6,1243.010133
-7.239017,7,1243.265949
57.771967,7,1243.392284
-7.041359,5,1243.848209
59.099294,6,1243.985978
54.214045,4,1244.24186
-10.841001,4,1244.406373
57.967614,5,1244.532298
-8.331533,5,1244.643035
52.588394,8,1244.752342
-8.864934,6,1244.904258
-12.137458,4,1244.998499
-10.872083,4,1245.259966
57.959826,5,1245.348687
57.967614,5,1245.499868
54.216439,4,1245.603494
57.770723,7,1245.71754
-13.481669,3,1245.950017
-7.983222,5,1246.045548
-11.117168,4,1246.173311
-11.279917,4,1246.285959
-8.727001,5,1246.434539
-6.093742,6,1246.647437
-7.494003,6,1246.797897
57.965635,5,1246.9227
59.098191,6,1247.105365
56.947614,5,1247.212481
-7.659325,5,1247.468211
-11.808678,8,1247.693922
57.967614,5,1248.026958
-13.778791,3,1248.105781
-13.617456,3,1248.240078
58.469238,6,1248.361336
57.957471,5,1248.492378
-7.855189,5,1248.653716
-5.909038,6,1248.865832
52.336143,8,1249.046304
-8.961786,5,1249.327134
57.967614,5,1249.453508
-8.167099,6,1249.59818
-11.600987,4,1249.676241
-11.58057,4,1249.751885
-8.491742,5,1249.856095
-7.786814,5,1250.004785
-13.696844,3,1250.077513
53.583096,4,1250.18483
-7.232964,7,1250.277558
53.196439,4,1250.537322
-8.132247,5,1250.876081
-11.508833,4,1250.973732
-13.701095,3,1251.071422
-7.977759,6,1251.224895
52.587962,8,1251.338506
-11.409948,4,1251.461679
-11.655026,4,1251.612826
-8.344904,5,1251.79024
-7.71084,7,1251.932717
59.084003,6,1252.035873
-14.496335,3,1252.319975
-7.222626,7,1252.485625
-7.261335,7,1252.762026
59.077698,6,1252.860992
57.972355,6,1253.207595
-13.487125,3,1253.311112
-13.476791,3,1253.602221
58.313454,6,1253.691167
-14.067887,8,1254.021364
53.18584,8,1254.183017
-11.219087,4,1254.500293
-13.694657,3,1254.579333
-8.154204,5,1254.733462
-8.160768,5,1255.070084
-11.805304,4,1255.452872
56.918416,5,1255.687825
-10.113613,7,1255.951844
58.160743,6,1256.070423
-13.514551,3,1256.361156
-13.717142,3,1256.4606
-10.872594,4,1256.626872
-7.694433,5,1256.724613
-11.723294,4,1257.066141
57.963979,5,1257.138469
57.768228,7,1257.671088
-13.476791,3,1257.970655
-13.476791,3,1258.297374
56.993765,5,1258.617975
58.266797,6,1258.751251
-13.610866,3,1258.891984
-14.506537,3,1259.041164
59.083678,6,1259.182781
-11.148954,4,1259.262339
59.099294,6,1259.390312
37.975455,10,1259.545327
-11.547043,4,1259.620074
57.956279,5,1259.938917
-11.601127,4,1260.016754
57.957073,5,1260.108405
-9.714004,7,1260.283704
-13.476791,3,1260.61359
-13.493458,3,1260.837928
-13.476791,3,1261.166104
59.091252,6,1261.264249
54.216439,4,1261.65614
-13.679446,3,1261.753292
57.957206,5,1262.0052
-11.274425,4,1262.108861
59.097483,6,1262.234945
57.588477,5,1262.473231
-11.537029,4,1262.567404
-9.574046,7,1262.910376
-10.063497,7,1263.220873
-8.580182,7,1263.536796
-11.55445,4,1263.616558
-8.417656,5,1263.826935
53.182737,8,1263.939028
-11.799668,8,1264.04752
52.031313,8,1264.260566
59.098641,6,1264.380336
58.544385,6,1264.687654
-5.904906,6,1264.778693
59.094578,6,1264.88388
57.786441,7,1264.985892
59.097472,6,1265.1303
-8.351406,5,1265.288679
52.79273,4,1265.535605
59.099294,6,1265.665241
54.216138,4,1265.911748
57.780527,7,1266.010239
-8.236876,7,1266.142455
57.775224,7,1266.240139
59.067557,6,1266.381581
-8.460231,5,1266.488732
-13.246481,4,1267.540493
59.093569,6,1267.680883
-13.763599,3,1267.762124
-14.25078,8,1268.223481
44.737261,9,1268.627945
56.371821,7,1268.853836
54.207503,4,1269.089035
57.763722,7,1269.239635
-10.044149,7,1269.345744
-7.328337,6,1269.508214
58.423595,6,1269.770229
-13.537366,3,1269.998013
-7.032386,5,1270.600715
-5.90593,6,1270.845772
53.206343,8,1270.929855
-13.488083,3,1271.240243
57.265349,5,1271.496876
51.20517,8,1271.744311
-13.507215,3,1271.874659
57.034962,5,1272.336632
-7.914667,5,1272.647555
59.085106,6,1272.782119
-7.23074,7,1273.250376
-6.96477,6,1273.405116
-14.289912,8,1273.893501
-12.851403,8,1273.959647
-8.298404,5,1274.21834
-13.570076,3,1274.300812
-13.588887,3,1274.396407
57.959401,5,1274.654696
-7.908525,6,1274.743675
53.212956,8,1274.871433
37.961295,10,1275.068943
-8.175696,6,1275.193281
56.807343,7,1275.405464
57.567749,6,1275.806221
58.892616,6,1275.952618
-12.357684,8,1276.04895
56.983796,7,1276.162167
-7.724191,5,1276.422502
-13.712989,3,1276.497734
57.95437,5,1276.61568
-7.714485,6,1276.959376
57.959574,5,1277.052872
58.750181,6,1277.158386
-13.563155,3,1277.462404
-11.553866,4,1277.560729
-6.049469,6,1277.651468
-7.541429,6,1277.729202
53.203332,8,1277.86438
-7.841261,5,1278.156925
57.891043,6,1278.533208
57.794711,5,1278.769302
-8.082463,5,1278.903973
57.965708,5,1279.04072
-8.47013,5,1279.154726
57.77583,7,1279.564637
56.664147,7,1279.766996
-11.032042,4,1280.032403
57.783299,7,1280.368906
-14.68773,8,1280.504722
-7.032386,5,1280.596313
-13.478562,3,1280.697338
45.993065,9,1280.823858
-11.227441,4,1280.921603
59.086165,6,1281.015118
57.9521,5,1281.183285
-11.810955,8,1281.258865
-13.529962,3,1281.374721
-7.037186,5,1281.478107
-11.572737,4,1281.583159
57.78954,7,1281.723081
-5.997796,6,1281.879326
-11.22584,4,1282.298429
-5.913471,6,1282.391062
-13.136108,8,1282.903733
59.099294,6,1283.075403
54.211071,4,1283.216253
57.787189,7,1283.350487
-8.457354,5,1283.47978
-6.028608,6,1283.594573
57.967614,5,1283.897255
-7.361247,6,1284.213413
-8.462561,5,1284.449429
57.963251,5,1284.594238
-14.665558,3,1284.710541
58.498436,6,1284.797194
-9.606487,7,1285.227309
-8.54626,5,1285.337985
-11.810348,8,1286.014585
-8.658695,7,1286.417538
58.619118,6,1286.678087
58.065752,6,1286.789422
59.091249,6,1286.926966
-11.117646,4,1287.223635
57.967614,5,1287.32181
57.784943,7,1287.533066
57.947939,5,1287.616907
-7.220445,7,1287.873421
-11.259383,4,1287.98277
52.723254,8,1288.128276
-11.174054,4,1288.224178
53.202244,8,1288.366118
54.074627,4,1288.649555
59.090553,6,1288.729277
-8.132673,6,1288.807559
-7.833741,6,1289.12001
58.462561,6,1289.231413
57.950274,5,1289.379042
53.202669,8,1289.521565
-5.910969,6,1289.822956
53.206032,8,1290.32579
-9.75895,7,1290.746403
58.263523,6,1290.897738
53.18955,8,1291.03956
-7.969303,5,1291.364966
56.493163,5,1291.66111
-8.15905,6,1291.771017
58.128099,6,1291.903459
53.198119,8,1292.133758
-8.146717,5,1292.386731
54.2141,4,1292.511258
54.108754,4,1292.666838
-7.8882,7,1292.785651
-7.211048,7,1293.071031
57.968245,6,1293.241518
-9.902408,7,1293.321061
-14.212239,3,1293.526235
-8.224012,5,1293.578433
57.94834,5,1293.642493
58.366807,6,1293.719842
51.523209,3,1294.031447
45.989655,9,1294.358674
-9.816232,7,1294.426534
58.351252,6,1294.496873
-12.238053,4,1294.543013
-9.676028,7,1294.756529
-8.301301,5,1294.850775
-9.891384,7,1294.915922
-11.950343,4,1295.138893
57.96274,5,1295.323657
-11.464491,4,1295.372059
-14.496791,3,1295.55565
-10.973207,4,1295.691153
56.308159,7,1295.91924
-11.80608,8,1295.959344
57.954653,5,1296.033558
57.757769,5,1296.099287
45.97044,9,1296.156085
-11.27721,4,1296.296708
-9.581612,7,1296.402439
57.77024,7,1296.459527
-11.209565,4,1296.607789
-8.943918,7,1296.799744
-7.68719,5,1297.031098
59.080986,6,1297.086604
-11.299522,4,1297.142167
57.967614,5,1297.348645
57.535959,5,1297.496096
-13.708259,3,1297.542273
57.492543,7,1297.619793
-8.49655,7,1297.81417
-7.587991,6,1297.989845
-14.009057,8,1298.065211
-10.785658,4,1298.166149
-11.801576,8,1298.312213
57.761993,7,1298.39119
-8.111804,5,1298.456883
-13.632534,3,1298.525341
57.616971,5,1298.695526
57.784718,7,1298.943357
-11.197067,4,1299.122711
-19.002766,9,1299.161275
-14.196334,3,1299.222697
-13.722928,3,1299.267754
57.774074,7,1299.47344
-7.596743,6,1299.6661
59.094701,6,1299.733353
54.21264,4,1299.893955
-8.120056,5,1300.107516
45.965261,9,1300.19767
-8.036405,5,1300.381536
-7.83304,6,1300.592326
-7.060227,6,1300.797192
-13.482538,3,1301.009082
-11.134255,4,1301.078347
-13.769101,3,1301.139648
57.763001,7,1301.193041
-10.833377,4,1301.302871
-7.241344,7,1301.501224
57.967614,5,1301.580193
56.049994,7,1301.703102
57.961923,5,1301.759891
54.214101,4,1301.846473
-5.900706,6,1301.996059
-13.713652,3,1302.045829
57.77332,7,1302.119563
57.830128,5,1302.312175
57.967614,5,1302.458897
54.152514,4,1302.63521
-11.36897,4,1302.725105
-27.046658,10,1302.855891
53.20375,8,1302.934478
53.985145,4,1303.059887
-11.539056,4,1303.120982
-8.034,5,1303.325713
56.97538,6,1303.488411
-13.537709,3,1303.54674
57.788506,7,1303.625707
54.212459,4,1303.699396
57.770234,7,1303.786566
59.092749,6,1303.86654
57.764153,6,1303.960199
52.790767,8,1304.079964
57.78792,7,1304.1686
54.216439,4,1304.262829
-13.559925,3,1304.383744
54.216439,4,1304.468885
59.081163,6,1304.519975
59.093207,6,1304.602276
57.540327,5,1304.680042
-7.042385,5,1304.75323
45.977844,9,1304.816343
-14.298738,8,1304.957103
57.715068,6,1305.247272
-10.01888,7,1305.338495
53.200183,8,1305.636792
45.985669,9,1305.70542
54.215117,4,1305.857668
-7.049011,5,1305.916727
-5.906622,6,1305.957475
-8.164567,5,1306.052163
-8.207264,7,1306.39022
-13.482319,3,1306.58438
37.953062,10,1306.653338
52.123804,8,1306.75298
57.78954,7,1306.809372
59.090904,6,1306.866956
-9.789905,7,1307.171225
59.08092,6,1307.306617
-13.594052,3,1307.357746
-13.768701,3,1307.405385
-14.127793,8,1307.753467
57.063176,7,1307.893855
-7.035644,5,1308.210254
57.964896,5,1308.294474
57.570024,6,1308.444046
-12.263374,4,1308.502525
-8.880264,5,1308.701284
57.44928,5,1308.885506
57.960204,5,1308.969226
59.099294,6,1309.095361
-5.901061,6,1309.232329
56.156765,7,1309.396243
-13.693423,3,1309.443491
56.947614,5,1309.613827
53.202034,8,1309.696149
-5.910116,6,1309.774724
54.18867,4,1309.923205
-9.28749,7,1310.033385
56.225651,5,1310.23472
-6.847537,6,1310.454972
-8.266626,5,1310.560989
54.216439,4,1310.740998
-11.310671,4,1310.79861
-13.529955,3,1310.849912
-8.589718,7,1310.954964
57.78954,7,1311.022214
-7.228637,6,1311.225274
-7.222212,7,1311.269022
-8.175883,6,1311.328501
-8.702831,5,1311.401147
-13.523271,3,1311.475053
54.213224,4,1311.551423
53.198369,8,1311.633898
57.048984,7,1311.879072
-13.66489,3,1311.927928
-9.440086,7,1312.038718
-11.374599,4,1312.099823
-7.220615,7,1312.293339
58.556908,6,1312.426899
57.965328,5,1312.585611
58.270476,6,1312.644199
-13.476791,3,1312.844699
-13.073304,8,1313.026466
-7.221886,7,1313.1335
-7.962989,5,1313.237482
-13.668352,3,1313.286994
-8.461783,5,1313.445518
-11.067243,4,1313.60242
-8.535601,5,1313.665243
58.526887,6,1313.836709
-13.476806,3,1313.918185
56.417442,7,1314.07494
57.785877,7,1314.149205
57.954879,5,1314.226377
-14.19503,3,1314.345376
-7.923064,5,1314.443953
-8.997924,5,1314.669513
-8.225134,5,1314.833805
-13.478354,3,1314.882747
57.963186,5,1314.958863
-9.806418,7,1315.029761
57.963746,5,1315.215217
56.571996,7,1315.339857
-11.271044,4,1315.403805
59.085214,6,1315.501281
57.708221,5,1315.632647
-11.329496,4,1315.725837
45.98335,9,1315.806329
56.586021,5,1316.011379
57.758071,7,1316.098877
54.201727,4,1316.280267
57.771453,7,1316.341555
-13.677108,3,1316.401372
-9.524626,7,1316.496914
53.207527,8,1316.581842
-7.914353,6,1316.795916
-10.938166,4,1316.998616
57.966487,5,1317.123799
-13.760098,3,1317.174042
-13.483736,3,1317.267464
-5.903837,6,1317.3975
-13.770286,3,1317.444727
-14.229505,3,1317.493575
-11.427172,4,1317.549345
-8.055919,6,1317.636329
-11.610442,4,1317.684068
51.523209,3,1317.993785
59.088379,6,1318.071218
59.085278,6,1318.208713
-8.172878,5,1318.307371
57.961889,5,1318.398957
-11.81833,8,1318.436997
-5.90825,6,1318.512911
-14.447474,3,1318.820475
53.343817,4,1318.925178
51.539067,8,1319.163651
-19.688938,9,1319.203212
-5.91166,6,1319.269779
-7.219744,7,1319.44975
57.78954,7,1319.54443
54.209316,4,1319.695995
-15.201806,3,1319.75308
-8.491237,5,1319.878665
-8.549968,5,1319.935616
-7.517656,5,1320.036777
57.044132,7,1320.101946
57.78086,7,1320.44359
-11.487185,4,1320.50516
57.967614,5,1320.596717
-14.139116,8,1320.794211
52.529955,4,1320.942112
-13.744403,3,1320.991957
-13.477051,3,1321.183033
56.733416,7,1321.245369
59.085359,6,1321.362634
-13.491338,3,1321.4107
-7.043889,5,1321.46687
59.076643,6,1321.583386
-5.924617,6,1321.627926
59.092103,6,1321.712821
-8.120089,5,1321.922248
-11.08936,4,1321.983879
-8.248644,5,1322.066782
57.784977,7,1322.146122
58.23777,6,1323.017943
-11.623307,4,1323.070027
-13.479275,3,1323.376015
-12.427333,8,1323.464621
-11.523738,4,1323.513606
59.099294,6,1323.59598
-11.432135,4,1323.678483
-13.486649,3,1323.766409
52.124612,8,1323.980376
58.073817,6,1324.037235
-8.309945,5,1324.122346
-8.43087,5,1324.235931
-7.385172,5,1324.439797
53.190128,8,1324.51604
57.967614,5,1324.713547
53.342344,4,1324.774331
-9.606756,7,1324.976793
-8.085686,5,1325.083286
-8.05699,5,1325.279725
59.091899,6,1325.379904
57.297627,5,1325.468094
-14.210212,3,1325.557349
-9.459616,7,1325.795049
59.033075,6,1325.918749
58.257913,6,1326.045018
54.216306,4,1326.119304
59.094846,6,1326.180552
54.216439,4,1326.310265
-7.228314,7,1326.370435
58.041562,6,1326.529544
-10.925612,4,1326.816712
53.192686,8,1327.132535
-11.113787,4,1327.355335
-6.463347,6,1327.539406
-8.959382,7,1327.738428
57.962102,5,1327.918425
-13.765437,3,1327.96548
-6.654547,6,1328.010682
57.85038,6,1328.087807
-5.903728,6,1328.133861
-8.461691,5,1328.213047
57.778815,7,1328.27308
-7.82009,5,1328.464253
53.195904,8,1328.547737
54.021494,4,1328.632649
-13.729084,3,1328.681607
-11.939076,4,1328.747708
-8.504645,5,1328.804746
-7.794517,6,1329.09327
-8.199175,6,1329.186012
-7.047085,5,1329.242658
57.959671,5,1329.316768
-7.414047,5,1329.630269
-13.757464,3,1329.682688
-7.627834,5,1329.781254
-7.053731,6,1329.979743
-7.298966,6,1330.11084
57.770469,7,1330.173312
-13.513314,3,1330.352636
53.181946,8,1330.670266
-11.592415,4,1330.721436
-10.930755,4,1330.917728
-14.530188,3,1330.966903
53.183785,8,1331.023173
58.453801,6,1331.152088
52.751042,8,1331.257418
-7.533874,5,1331.531177
59.09459,6,1331.619547
57.967614,5,1331.820549
57.821418,5,1331.893433
57.771838,7,1331.952119
-14.496791,3,1331.99954
58.990991,6,1332.085014
-12.101839,4,1332.137068
51.788682,8,1332.235817
56.936162,5,1332.291642
58.551668,6,1332.383863
-11.250015,4,1332.464041
-13.700416,3,1332.513303
53.196888,8,1332.570158
54.05628,4,1332.701925
53.202487,8,1332.874929
59.08923,6,1332.935454
-8.304865,5,1333.015367
-11.069569,4,1333.08786
58.409571,6,1333.181697
53.203369,8,1333.302647
57.771273,7,1333.529831
-11.530068,4,1333.579812
-7.222487,7,1333.68035
-11.193918,4,1333.740625
-11.534637,4,1333.787037
57.967614,5,1333.999532
-13.584441,3,1334.163115
-11.189563,4,1334.387941
53.193945,8,1334.449235
-7.230616,7,1334.904629
58.368373,6,1335.146796
57.479277,5,1335.225439
59.092407,6,1335.289191
-7.044195,5,1335.567065
57.78311,7,1335.649956
59.08883,6,1335.788592
53.1953,8,1335.859987
54.216439,4,1335.929585
53.044683,8,1336.048052
59.099294,6,1336.107141
45.951007,9,1336.195376
51.60547,8,1336.432548
-13.537596,8,1336.535618
59.097772,6,1336.765095
54.207456,4,1336.922567
59.099294,6,1336.973235
59.093046,6,1337.031829
54.216439,4,1337.267881
57.789165,7,1337.429943
-9.146174,5,1337.524352
-11.529607,4,1337.654758
-7.875246,7,1338.155437
52.758783,8,1338.372201
57.956713,5,1338.521933
-9.328816,7,1338.883016
-19.014629,9,1339.231828
57.613648,7,1339.347749
53.202276,8,1340.028032
59.096126,6,1340.187671
58.354002,6,1340.363154
57.506236,6,1340.724673
53.209632,8,1340.862866
-13.542668,3,1340.98168
-7.219485,7,1341.22256
-8.511265,5,1341.354289
-8.387354,5,1341.578679
59.086621,6,1341.745618
-8.132057,6,1341.845116
59.08267,6,1342.034722
56.046605,7,1342.299161
57.67518,6,1342.706675
-8.080309,5,1343.068861
-7.897209,5,1343.231328
58.107064,6,1343.560548
-7.788953,6,1343.728819
54.13851,4,1343.844799
57.780154,7,1343.998216
57.769093,7,1344.107488
57.946169,5,1344.20888
56.892291,7,1344.357246
58.513075,6,1344.570104
57.966135,5,1344.749662
57.782391,7,1344.885904
-7.887497,7,1345.138023
58.256024,6,1345.399524
-13.681017,3,1345.475986
-8.095332,5,1345.603911
57.783591,7,1345.749914
57.952521,5,1345.8896
53.19385,8,1345.982072
59.084475,6,1346.114142
56.869074,7,1346.282004
53.199481,8,1346.41795
59.095144,6,1346.520618
59.092054,6,1346.636187
58.000397,6,1346.921106
57.272535,5,1347.049996
59.088984,6,1347.285011
-7.532015,6,1347.4119
57.960174,5,1347.489527
50.82981,3,1347.8253
59.07859,6,1347.967862
58.80765,6,1348.12665
57.948623,5,1348.228876
-9.641463,7,1348.546491
59.088435,6,1348.709677
-13.690449,3,1348.788527
-9.628419,7,1349.147299
54.211117,4,1349.388347
45.981158,9,1349.859488
57.784678,7,1349.966899
57.206647,7,1350.068186
55.399349,7,1350.471988
58.44546,6,1350.586612
58.748946,6,1350.953894
-5.918009,6,1351.176657
-13.632696,3,1351.282151
-8.771439,7,1351.447778
-13.479969,3,1351.65337
57.78954,7,1351.758307
57.786492,7,1351.946215
59.090488,6,1352.104038
-7.8476,5,1352.274103
53.194056,8,1353.059076
58.741938,6,1353.219429
58.595122,6,1353.507751
-7.93238,6,1353.991361
53.208265,8,1354.099649
57.354319,7,1354.246006
-7.444093,5,1354.416466
-13.593812,3,1354.553289
-7.876235,5,1354.862296
59.090594,6,1354.99958
-11.538361,4,1355.108239
-13.72004,3,1355.190778
-5.918138,6,1355.255365
-7.222397,7,1355.371272
57.961549,5,1355.516772
59.080232,6,1355.711047
-13.476791,3,1355.988712
57.777768,7,1356.092747
-13.696191,3,1356.174502
-6.857245,6,1356.636287
53.188046,8,1356.905869
-11.021422,4,1357.020784
59.087615,6,1357.179609
-8.304962,5,1357.324029
45.986532,9,1357.440334
-13.476791,3,1357.542233
-8.011458,6,1357.654012
-13.697683,3,1357.76579
-7.843439,5,1358.069257
57.293854,5,1358.339283
-8.182138,6,1358.45531
-13.498402,3,1358.71548
-13.771318,3,1358.812258
54.214677,4,1359.073706
56.413612,7,1359.359859
-7.988196,5,1359.445445
51.993299,8,1359.691147
57.634109,5,1359.919145
45.97927,9,1360.113469
-13.47844,3,1360.263901
-14.363224,3,1360.348236
54.209009,4,1360.594372
57.4909,7,1360.742288
56.745708,7,1361.134353
57.947363,5,1361.222159
-13.648787,3,1361.322652
-8.050928,5,1361.406408
54.008887,4,1361.654156
-11.104324,4,1361.979757
-12.45432,8,1362.667248
-7.229242,7,1363.013728
55.697827,7,1363.200391
-13.670709,3,1363.276824
-8.149342,6,1363.481452
-7.767797,5,1363.844708
57.966089,5,1363.940873
-7.852088,5,1364.103421
-8.585394,5,1364.23129
-11.905867,4,1364.382483
59.084114,6,1364.510809
-12.203947,4,1364.831132
57.950431,5,1365.040925
-11.021705,4,1365.155207
59.091986,6,1365.267534
56.355523,5,1365.545178
59.089212,6,1365.728277
54.207983,4,1365.816564
57.967614,5,1365.973684
54.203108,4,1366.093143
58.359103,6,1366.236639
57.958711,5,1366.347191
-11.366912,4,1366.568702
-13.726516,3,1366.653606
-8.445843,5,1366.745032
59.088158,6,1366.893775
-11.024545,4,1367.171396
-11.54034,4,1367.278187
-7.219011,7,1367.832419
-11.593827,4,1367.939646
57.77893,7,1368.034606
56.486894,7,1368.481497
57.963164,5,1368.625117
59.082445,6,1368.715312
-7.705349,7,1368.886672
52.202059,8,1369.025694
57.773565,7,1369.722274
57.964642,5,1369.882383
-11.322107,4,1369.99534
-13.476791,3,1370.252308
57.362911,5,1370.501558
59.094482,6,1370.593256
58.497858,6,1370.790483
54.216439,4,1371.052414
-11.407708,4,1371.176468
57.92982,5,1371.445973
-8.025732,5,1371.725156
-7.508856,5,1371.898452
-12.215792,4,1372.012989
57.769251,7,1372.113034
59.099294,6,1372.217572
-13.721191,3,1372.296611
57.776563,7,1372.395916
57.78954,7,1372.550944
-8.949463,7,1373.119973
51.659689,8,1373.223883
57.770218,7,1373.313515
59.083809,6,1373.46996
54.216439,4,1373.722455
53.175939,8,1374.108923
-7.792496,6,1374.369256
-8.607231,5,1374.47892
57.960689,5,1374.600561
-11.447968,4,1374.705585
-9.321135,5,1374.799244
51.517877,3,1375.17276
-11.531727,4,1375.308718
52.626538,8,1375.409101
57.95896,5,1375.535368
-9.816017,7,1375.705601
56.785183,5,1375.852509
-7.231574,6,1376.195609
59.099294,6,1376.317261
-13.709377,3,1376.42978
-5.905812,6,1376.752638
54.122133,4,1376.993212
-8.481712,5,1377.093897
-11.415313,4,1377.218574
-7.272009,5,1377.447158
-5.917839,6,1377.586518
56.540315,7,1377.753643
-8.154804,6,1377.855768
59.088305,6,1377.913479
54.059134,4,1378.034472
-8.553124,5,1378.161524
45.973502,9,1378.241856
-13.332926,8,1378.470405
51.528858,8,1378.565797
-12.669684,8,1378.716796
57.77094,7,1378.782598
-7.73968,5,1378.88442
57.96092,5,1378.938772
-11.363291,4,1378.991083
-11.409632,4,1379.102787
-10.985929,4,1379.37964
57.645255,5,1379.545229
-11.546296,4,1379.666168
-11.944643,4,1380.149133
-9.461087,5,1380.25179
57.756612,5,1380.399561
57.963872,5,1380.553005
-5.915517,6,1380.84239
57.745484,7,1380.947803
57.386033,5,1381.094504
58.26589,6,1381.234712
54.214658,4,1381.355353
-8.417717,5,1381.637201
-8.247055,6,1381.731342
52.016245,8,1382.207334
57.957939,5,1382.364117
-10.788005,4,1382.88682
59.082185,6,1383.011144
53.949923,4,1383.529699
58.179104,6,1383.840904
59.093701,6,1384.002925
-8.068278,5,1384.334166
45.057792,9,1384.553769
-11.249289,4,1384.70984
57.3399,5,1384.855622
58.317758,6,1385.016061
57.775691,7,1385.151766
-14.404024,8,1385.315857
-11.217131,4,1385.425005
59.095678,6,1385.571344
-8.291373,5,1385.697903
56.727931,5,1385.971849
-8.155344,6,1386.15454
-9.693838,7,1386.510279
53.188912,8,1387.682817
57.845236,5,1387.809505
-7.222189,7,1388.371444
-7.042598,5,1388.504264
51.514963,3,1388.667251
-13.476791,3,1389.031173
-6.939087,6,1389.166217
57.779179,7,1389.301342
-7.736209,6,1389.457765
-7.32778,6,1389.806071
57.956868,5,1389.949437
-13.566202,3,1390.063709
-13.664851,3,1390.139976
57.955066,5,1390.290124
-11.586289,4,1390.368153
59.094544,6,1390.633051
-11.606627,4,1390.71585
-14.327518,8,1391.066789
59.089201,6,1391.225805
-11.442901,4,1391.342849
59.090553,6,1391.443763
-14.187914,3,1391.605201
57.434908,7,1391.75852
53.198228,8,1392.495121
-9.104884,7,1392.64993
53.175588,8,1392.758334
59.090035,6,1392.900512
57.78954,7,1393.005852
57.939237,5,1393.096883
57.773974,7,1393.347676
-13.533748,3,1393.439513
45.979393,9,1393.667104
-9.547032,7,1393.817142
59.093765,6,1393.966069
52.155437,8,1394.24131
-10.79294,4,1394.41489
-11.532442,4,1394.503093
57.78954,7,1394.701329
-9.41737,7,1394.871239
59.092585,6,1394.975062
-7.887213,6,1395.330819
-11.599451,4,1395.466641
54.210675,4,1395.616724
58.679503,6,1395.977218
-8.165384,5,1396.154567
-15.258651,8,1396.515556
-8.029734,6,1396.600785
57.960684,5,1396.748988
-13.483947,3,1397.043012
-13.483834,3,1397.303175
-11.386942,4,1397.432895
57.957032,5,1397.568818
-8.438109,5,1397.703811
-13.564681,3,1397.81097
-9.635512,7,1397.974407
-11.13958,4,1398.241143
57.967614,5,1398.592257
58.233006,6,1398.771397
54.216439,4,1399.154791
-7.218152,7,1399.468193
-8.256736,5,1399.57843
45.978958,9,1400.086065
-10.783561,4,1400.544771
-14.128774,8,1400.664508
54.21293,4,1400.824152
58.138819,6,1400.959754
-11.029775,4,1401.07229
57.541003,5,1401.348376
-11.580737,4,1401.429523
57.781148,7,1401.539269
54.215355,4,1401.809637
59.099294,6,1402.023122
59.077223,6,1402.165272
-6.932359,6,1402.422909
57.663507,5,1402.708133
-9.897435,7,1402.829908
-13.48403,3,1403.197372
58.367645,6,1403.348258
-7.037474,5,1403.475797
59.070995,6,1403.609809
-11.45864,4,1403.690466
57.781059,7,1404.049424
58.354552,6,1404.353372
57.5893,5,1404.515856
57.031907,5,1404.613055
-6.953993,6,1404.951724
-11.351056,4,1405.078477
57.967614,5,1405.223292
57.772685,7,1405.384701
-13.769787,3,1405.491862
45.992587,9,1405.601228
-11.494733,4,1405.711589
57.811961,6,1405.855007
-5.908421,6,1406.134155
59.095206,6,1406.234178
54.216439,4,1406.532962
-12.280296,4,1406.727212
54.03678,4,1406.864027
57.9616,5,1406.997002
-10.783561,4,1407.355267
56.183264,7,1407.567553
-13.672785,3,1407.647392
53.064466,8,1408.095326
57.967614,5,1408.256736
52.055532,8,1408.429788
-7.237349,7,1408.702166
-11.799365,8,1409.00894
-8.503465,5,1409.132078
53.206118,8,1409.231947
59.096211,6,1409.391489
57.778319,7,1409.519249
-8.518416,5,1409.639679
57.78954,7,1409.791148
57.670359,5,1410.101984
-8.511917,5,1410.312371
57.765318,7,1410.41005
-11.286538,4,1410.509229
-8.134576,5,1410.677842
57.959391,5,1410.889127
-7.761298,6,1411.171232
53.186515,8,1411.725945
59.003887,6,1411.946067
56.274311,7,1412.32928
-9.70662,7,1412.450982
59.082856,6,1412.546786
-11.410198,4,1412.641723
53.183261,8,1412.768468
53.357899,4,1412.8859
57.766575,6,1413.137495
57.775929,7,1413.283123
57.77712,5,1413.406631
54.091317,4,1413.663968
57.964698,5,1413.792094
-8.51716,5,1413.90088
-11.809896,8,1414.122114
57.367255,5,1414.423436
-11.801743,8,1414.760278
57.948604,5,1414.916607
57.957916,5,1415.136206
44.846088,9,1415.629054
-7.922176,7,1415.701665
-11.227664,4,1415.901448
-7.575871,5,1416.286427
-7.032386,5,1416.42759
-13.576423,3,1416.533828
57.954191,5,1416.821417
-7.248232,7,1416.894635
-11.0941,4,1417.019655
-7.237529,7,1417.132352
-8.501248,5,1417.254364
-7.243206,7,1417.398027
56.938331,5,1417.476229
-8.303571,5,1417.635427
58.43106,6,1417.827552
-7.939525,6,1417.916748
37.956892,10,1418.056659
-13.520954,3,1418.434522
-7.040383,5,1418.548493
45.197007,9,1418.873604
54.204939,4,1418.973347
57.47738,5,1419.127278
-6.49487,6,1419.228514
-7.654267,5,1419.401638
51.122413,8,1419.560646
57.754325,7,1419.706522
-7.648857,5,1419.886437
-8.030983,6,1420.008719
56.333487,5,1420.288527
-14.736184,3,1420.36794
57.962857,5,1420.653732
-8.210533,5,1420.753668
-7.218753,5,1421.094354
-10.783561,4,1421.630948
-11.529658,4,1421.817392
-7.226867,7,1422.259758
-7.69826,6,1422.591589
57.966618,5,1422.732135
57.967614,5,1423.067828
-8.190615,6,1423.237033
59.095799,6,1423.603463
-7.114504,5,1423.703925
53.197661,8,1423.84826
57.60284,5,1423.978649
57.362112,7,1424.073364
52.561898,8,1424.182463
57.959542,5,1424.503502
-7.444602,6,1424.680708
57.464202,6,1424.854465
-10.972393,4,1425.222568
58.422513,6,1425.378947
59.099294,6,1425.533828
59.099294,6,1425.650211
58.874688,6,1425.817424
53.198192,8,1425.933909
-7.658774,6,1426.291876
57.961472,5,1426.519027
57.77438,7,1426.885323
-11.178002,4,1427.25209
53.483792,4,1427.391002
53.199406,8,1427.929147
57.779746,7,1428.125565
-9.77958,7,1428.302317
56.931643,6,1428.606571
45.971302,9,1429.04375
57.784038,7,1429.266468
-5.911446,6,1429.340102
54.137945,4,1429.460983
54.209552,4,1429.565333
-11.422503,4,1429.695801
51.552919,8,1430.075468
-11.369236,4,1430.216468
-5.91776,6,1430.457562
53.203175,8,1430.963969
57.16152,5,1431.157215
59.099294,6,1431.294941
57.860366,5,1431.592947
-13.638663,3,1431.675602
-8.549048,5,1431.79363
59.089159,6,1431.952953
57.256066,5,1432.086388
56.895891,7,1432.498824
-7.520269,6,1432.835645
56.401322,7,1433.201456
54.21008,4,1433.349185
-11.204494,4,1433.472801
-8.253489,5,1433.649952
53.070207,8,1434.118314
58.087434,6,1434.497771
57.959048,5,1434.614048
57.78954,7,1435.029533
-7.244087,7,1435.104109
57.04676,7,1435.251025
-8.026512,6,1435.399532
-7.888397,5,1435.762189
-8.386883,5,1435.927676
59.099265,6,1436.070065
-7.546346,7,1436.17385
-7.213369,7,1436.249984
-11.547175,4,1436.332327
57.68241,5,1436.484032
51.731885,8,1436.752129
52.147222,8,1436.89499
57.131791,5,1437.251087
-13.477477,3,1437.354346
-13.476791,3,1437.620152
57.929396,5,1437.731497
-11.759246,4,1438.102965
59.099294,6,1438.202869
-7.669863,6,1438.33164
57.78541,7,1438.447422
57.884723,6,1438.618644
57.957056,5,1438.7339
-20.836618,9,1439.101079
-7.823951,5,1439.219285
-7.785348,5,1439.387053
54.190005,4,1439.481148
-14.27853,8,1439.731994
56.100364,7,1440.01818
-7.673376,6,1440.275059
-8.239774,5,1440.624757
-14.250182,3,1440.774572
57.967614,5,1440.931469
-8.441826,5,1441.10162
-8.638545,5,1441.428009
59.096322,6,1441.552488
-13.746377,3,1441.633197
-11.488174,4,1441.741768
-10.094554,7,1441.898705
54.216439,4,1442.023714
54.216439,4,1442.291269
-8.777909,7,1442.461875
-7.233291,7,1442.546564
-5.924269,6,1442.649812
53.196076,8,1442.794811
54.207812,4,1443.062586
57.462381,5,1443.188334
57.760875,7,1443.348735
-8.010912,6,1443.461243
-11.803819,8,1443.806942
-5.91266,6,1443.919552
53.191171,8,1444.474663
57.967614,5,1444.751467
-13.476791,3,1444.875839
53.188943,8,1445.38236
53.997768,4,1445.66468
57.557796,5,1445.812586
-11.555539,4,1445.892415
58.46119,6,1446.063016
-11.098352,4,1446.422651
-11.428573,4,1446.556753
59.019035,6,1446.701241
57.782751,7,1447.052699
-8.689736,5,1447.187678
-11.559743,4,1447.271245
-13.476791,3,1447.514311
-14.776087,8,1447.806554
57.956997,5,1447.934592
57.376768,5,1448.188196
57.967614,5,1448.361524
59.096478,6,1448.461266
58.713998,6,1448.681172
-11.587596,4,1448.806953
57.779424,7,1448.949698
53.183613,8,1449.113138
59.098988,6,1449.264608
-13.549612,3,1449.514585
-9.822579,7,1449.81671
53.211953,8,1450.212423
-6.582572,6,1450.394359
57.962846,5,1450.61235
51.600718,8,1451.039466
53.201093,8,1451.174486
53.197876,8,1451.290752
-6.828795,6,1451.5671
-7.21046,7,1451.646644
-6.557916,6,1451.722576
57.967614,5,1451.871803
53.186832,8,1451.982973
-7.804369,6,1452.365974
57.902563,5,1452.512877
-19.038009,9,1452.702712
57.781476,7,1452.782146
-13.476791,3,1452.962547
-13.703579,3,1453.042737
57.95776,5,1453.196234
-19.029327,9,1453.748089
56.487085,7,1453.987371
-8.33502,5,1454.111206
57.773175,7,1454.2051
-14.701486,3,1454.286288
-5.9136,6,1454.420802
54.216439,4,1454.672575
45.97511,9,1454.847901
54.203944,4,1455.010326
56.380716,7,1455.325035
-8.138039,5,1455.685825
-11.866594,8,1455.757555
-7.241814,7,1455.891853
59.079729,6,1456.028192
53.195652,8,1456.175563
-7.299301,6,1456.52165
57.78354,7,1456.721524
-7.511996,6,1456.870851
59.088769,6,1457.079617
-8.329127,5,1457.47717
57.956475,5,1457.57277
-13.583177,3,1457.667057
57.407619,6,1458.184781
-13.479991,3,1458.295461
-11.475603,4,1458.40569
56.446607,5,1458.526679
58.798169,6,1458.632417
-8.276227,5,1458.795571
59.084392,6,1458.953034
-11.474987,4,1459.084933
-13.70152,3,1459.169678
59.098524,6,1459.308422
-11.34383,4,1459.522239
57.765709,7,1459.627571
59.094304,6,1459.772404
-9.122393,7,1459.950837
45.992663,9,1461.06673
58.687977,6,1461.235116
57.689236,5,1461.413008
57.877093,6,1461.580435
57.640753,6,1462.14591
57.949954,5,1462.236844
57.965283,5,1462.407994
-12.319337,4,1462.495623
53.180144,4,1462.637712
57.815964,5,1462.776743
54.216439,4,1462.901327
56.000813,7,1463.291611
55.704395,7,1463.717182
54.216396,4,1463.912896
-9.939726,7,1464.22747
59.082203,6,1464.595558
57.960497,5,1464.816701
54.20501,4,1464.991681
-7.038074,5,1465.437474
58.246222,6,1465.546817
54.016056,4,1465.92884
-11.160554,4,1466.140105
59.082607,6,1466.277942
-13.780506,3,1466.36495
-7.58587,6,1466.454832
-5.900706,6,1466.979127
59.024455,6,1467.119508
57.967614,5,1467.229562
54.205347,4,1467.36533
57.837466,5,1467.53238
59.086147,6,1467.639018
-7.854783,5,1467.966987
-12.204026,8,1468.395541
-5.916349,6,1468.543233
57.759186,7,1468.644854
57.773431,7,1468.853271
-8.580663,5,1469.019469
59.089877,6,1469.162002
37.958766,10,1469.302106
-7.15746,6,1469.474741
-11.438289,4,1469.611623
-8.085726,5,1469.700171
54.075353,4,1469.99082
57.772792,7,1470.113583
-13.488001,3,1470.200309
-9.082942,5,1470.292859
45.983325,9,1470.416537
-11.259502,4,1470.522614
-6.177949,6,1471.044959
53.187363,8,1471.28139
-13.740396,3,1471.371067
59.089741,6,1471.477602
-11.370043,4,1471.641492
53.39651,4,1471.946719
57.320621,5,1472.206754
-11.171478,4,1472.434586
-8.345298,5,1472.609434
-13.750102,3,1472.700268
-7.442598,6,1473.060962
57.80071,5,1473.353801
57.965089,5,1473.496324
-13.534238,3,1473.739826
57.449185,5,1473.879448
-13.476791,3,1474.161351
-13.484697,3,1474.320605
-11.598185,4,1474.40633
-5.900706,6,1474.683707
57.563325,5,1474.80323
56.054664,7,1475.248354
45.980397,9,1475.387793
-12.188223,8,1475.659647
54.216439,4,1475.953158
-8.53785,5,1476.10793
57.277982,5,1476.213506
-7.215528,7,1476.290472
53.193624,8,1476.523405
-13.527163,8,1476.699028
-12.490639,4,1476.828828
57.967614,5,1476.909646
-5.900706,6,1477.077672
45.978664,9,1477.217163
-7.807353,6,1477.368196
57.962763,5,1477.531744
-7.227795,7,1477.858912
57.957406,5,1478.11557
57.781231,7,1478.264804
-8.001857,6,1478.597166
59.099006,6,1478.773937
52.339948,8,1478.943343
-8.42309,5,1479.124176
-10.788114,4,1479.302707
-13.486577,3,1479.453523
-7.600114,6,1479.648788
44.881229,9,1479.939079
-11.08368,4,1480.024018
59.099294,6,1480.180667
51.4423,3,1480.593338
51.611687,8,1480.838498
52.54203,8,1481.145125
-7.219308,7,1481.24468
57.964932,5,1481.561141
54.216439,4,1481.7957
-8.229275,6,1481.960789
57.789061,7,1482.12307
58.592952,6,1482.516972
-13.590289,3,1482.617516
-8.30056,5,1482.882831
-7.87849,5,1483.219776
-9.360367,5,1483.346341
58.069757,6,1483.506977
56.383774,7,1483.881503
-11.541014,4,1484.001648
-9.923337,7,1484.34963
-7.237559,7,1484.427825
57.958271,5,1484.588481
54.063771,4,1484.977772
-8.11917,5,1485.142717
54.210367,4,1485.405458
-14.48381,8,1485.737201
58.717567,6,1486.073932
-5.991125,6,1486.192326
-13.504596,3,1486.334809
53.199758,8,1486.874842
57.780155,7,1487.063818
57.967614,5,1487.320824
-7.227506,7,1487.548513
-7.248011,7,1487.801786
54.210106,4,1488.055539
-7.665094,6,1488.424098
54.09698,4,1488.688756
53.182722,8,1488.79189
-11.176226,4,1489.070789
53.212851,8,1489.183234
-7.729472,6,1489.450152
-14.667649,3,1489.53457
-13.741748,3,1489.615314
57.961266,5,1489.845837
-8.528195,6,1490.208949
-11.448535,4,1490.347578
-7.948694,5,1490.717909
-9.549982,7,1490.89482
-11.132223,4,1491.036727
-8.370643,5,1491.13259
54.207991,4,1491.397217
-11.328478,4,1491.623374
-11.488616,4,1491.751333
59.099294,6,1491.884108
-8.370808,5,1492.001374
57.768024,7,1492.099231
57.776595,7,1492.215327
55.815728,7,1492.725138
54.185757,4,1492.863315
59.099294,6,1493.091007
57.953593,5,1493.212155
-14.370214,3,1493.560107
-8.304688,5,1493.678227
-10.035691,7,1493.811244
-9.555412,7,1493.937237
-13.519155,3,1494.059742
-13.626573,3,1494.155102
-8.207948,5,1494.267728
-7.898519,6,1494.39293
-11.828259,8,1494.718671
37.948993,10,1494.876383
-9.170891,7,1495.21569
-11.574183,4,1495.335105
57.149036,7,1495.848039
-11.363331,4,1495.940791
52.196971,8,1496.156845
57.971476,6,1496.289366
57.783248,7,1496.414901
45.961852,9,1496.56259
59.099294,6,1496.73274
54.216439,4,1496.901292
-8.375245,7,1497.360319
56.677999,7,1497.759539
57.191156,7,1497.945226
57.78557,6,1498.369922
53.558558,4,1498.619305
53.20069,8,1498.751648
54.216439,4,1498.982713
57.961093,5,1499.189375
56.653952,7,1499.417835
57.784632,7,1499.531523
56.521527,5,1500.005388
-8.196375,5,1500.139713
-8.599208,5,1500.273588
-11.065017,4,1500.412382
-7.206409,6,1500.583552
-8.399068,5,1500.777349
-13.599379,3,1500.883954
57.940155,5,1501.035052
45.816594,9,1501.198874
-13.724223,3,1501.282349
-13.739354,3,1501.397282
59.091396,6,1501.523347
57.340368,5,1501.649269
59.07757,6,1501.90534
56.354827,7,1502.295792
57.967614,5,1502.464007
-7.017268,6,1502.713578
37.959775,10,1502.866761
-13.711318,3,1502.951727
56.937819,5,1503.10055
-8.398202,5,1503.24544
54.207982,4,1503.531206
-5.911178,6,1503.756421
-13.476791,3,1504.008312
59.075365,6,1504.107696
58.722542,6,1504.245805
58.21453,6,1504.389504
-13.698954,8,1504.56585
57.967614,5,1504.775121
-9.199709,5,1504.900876
-7.2296,7,1505.107701
57.172891,7,1505.318771
-13.643634,3,1505.413449
58.829249,6,1505.690112
54.209937,4,1505.954304
58.437083,6,1506.165277
59.092018,6,1506.325277
-11.399094,4,1506.422713
54.213453,4,1506.693586
59.094822,6,1506.799587
57.008364,7,1506.965647
45.977913,9,1507.21418
57.967614,5,1507.535253
51.509582,3,1507.837415
57.264265,5,1507.935317
59.086174,6,1508.042753
55.908515,7,1508.341755
57.780944,7,1508.488178
57.966254,5,1508.725206
-9.144974,7,1508.874135
57.959338,5,1509.172474
-8.614478,5,1509.299365
-13.730814,3,1509.384292
-8.130535,5,1509.528749
59.099294,6,1509.648168
57.787101,7,1509.801072
-13.714429,3,1509.892772
-8.088085,5,1510.166686
-7.837331,5,1510.347603
57.787039,7,1510.492851
57.916985,6,1510.748479
59.088325,6,1510.929224
59.099294,6,1511.060222
54.216439,4,1511.184337
-7.988498,5,1511.439431
-7.907816,6,1511.556469
-7.242648,6,1511.888563
53.207032,8,1512.095232
45.968959,9,1512.217598
59.095586,6,1512.364456
54.216439,4,1512.629581
57.949971,5,1512.754601
54.207719,4,1513.020724
-11.350307,4,1513.125289
57.780874,7,1513.224551
53.200824,8,1513.46143
57.698661,5,1513.784162
-11.497461,4,1513.877734
52.15835,8,1514.303676
-8.231481,6,1514.399916
59.091008,6,1514.57916
-9.098474,7,1514.753966
59.090862,6,1514.886668
-14.096986,3,1515.18411
58.050833,6,1515.313933
59.088851,6,1515.431168
-7.45851,5,1515.817497
-7.244142,7,1515.944169
53.206595,8,1516.143753
57.510573,5,1516.598375
-7.595895,6,1516.793496
58.502005,6,1516.969471
-7.945936,5,1517.082439
-5.909327,6,1517.277401
45.954898,9,1517.675645
57.967614,5,1517.820275
57.952114,5,1518.074215
57.381876,5,1518.238904
57.776713,7,1518.369826
59.083374,6,1518.589942
57.521409,7,1518.741012
54.11124,4,1519.104789
57.770741,7,1519.236493
-12.141822,4,1519.344093
-11.807375,8,1519.567317
57.956023,5,1519.738246
58.266588,6,1519.97323
56.713028,7,1520.134373
-13.476791,3,1520.411597
56.489311,7,1520.842952
57.598625,5,1521.099015
57.966739,5,1521.204365
59.09185,6,1521.346063
-11.423027,4,1521.48107
59.09753,6,1521.634097
-13.722759,3,1521.724001
-8.23974,5,1521.827796
-8.008797,5,1521.950638
57.298239,7,1522.053558
-10.95865,4,1522.38467
57.764485,7,1522.535621
-13.637108,3,1522.865934
-5.918179,6,1522.986618
-11.283558,4,1523.169422
58.524234,6,1523.412787
-8.026789,6,1523.534111
-13.644524,3,1523.65773
57.954733,5,1523.776442
57.899638,5,1523.936358
53.20756,8,1524.055783
-8.922543,7,1524.237118
-11.009014,4,1524.402497
59.086475,6,1524.49815
-7.037716,6,1524.898781
59.099294,6,1525.109048
-9.392653,7,1525.445807
-7.717221,5,1525.764894
59.079602,6,1525.915556
-5.928139,6,1525.995896
54.215607,4,1526.271426
56.438183,7,1526.499016
45.955891,9,1526.641744
57.95471,5,1526.767663
-7.250053,5,1527.150595
-8.059203,6,1527.271761
-7.22094,7,1527.488295
-9.854008,7,1527.672763
59.085339,6,1527.819208
53.206004,8,1528.181564
57.658914,7,1528.585865
58.154965,6,1528.842097
57.967614,5,1529.012174
54.216439,4,1529.145651
-13.610138,3,1529.299625
58.614422,6,1529.516251
59.083347,6,1529.787375
57.964781,5,1529.88167
-5.913832,6,1529.992882
57.786313,7,1530.11333
57.945612,5,1530.228796
57.829853,5,1530.384412
56.11273,7,1530.78886
59.088377,6,1530.889204
56.930326,5,1530.989943
-7.55859,5,1531.177656
57.488762,7,1531.399088
-13.050041,8,1531.583368
57.776191,7,1531.715697
-8.451087,5,1531.831456
-13.502098,3,1531.920078
57.781679,7,1532.036327
53.209326,8,1532.190587
59.096429,6,1532.330354
-7.822451,6,1532.632106
54.216439,4,1532.86378
-5.906341,6,1533.004663
50.614894,8,1533.541402
-11.16719,4,1534.065972
45.965814,9,1534.191518
57.963286,5,1534.32737
53.202781,8,1535.537761
59.099294,6,1535.679105
-14.402698,3,1535.788485
54.216439,4,1536.086229
-8.419049,5,1536.257819
57.787474,7,1536.417888
-11.365063,4,1536.512214
45.981861,9,1536.778168
-7.21571,7,1537.152624
57.960496,5,1537.288658
57.766402,7,1538.06664
57.782982,7,1538.210509
-7.667864,6,1538.528704
-8.301063,5,1538.638501
-8.327891,5,1538.751647
53.206904,8,1538.916155
57.77876,7,1539.263947
57.967614,5,1539.404131
57.750332,7,1540.154198
57.77158,7,1540.324837
57.955962,5,1540.4824
57.612039,5,1540.748463
-7.628475,6,1540.935075
-8.055966,5,1541.276749
54.14442,4,1541.620105
53.230424,4,1542.030032
-8.078606,7,1542.76603
57.95427,5,1542.891354
57.059545,5,1543.193303
-8.328028,5,1543.524619
-7.815629,5,1543.627344
-8.117986,5,1543.829266
59.094248,6,1543.948107
58.753186,6,1544.272997
57.053864,7,1544.499652
57.967614,5,1544.666635
57.954735,5,1544.808432
-7.996325,5,1544.927263
-13.737119,3,1545.021201
57.776046,7,1545.126068
-11.659863,4,1545.504588
-11.254902,4,1545.68497
-11.256212,4,1545.782843
-8.458572,5,1545.922647
57.484684,5,1546.194957
59.074842,6,1546.300489
-9.272034,5,1546.422069
-11.559482,4,1546.518834
-11.232766,4,1546.630931
54.216439,4,1546.883473
53.194317,8,1547.007404
-11.611955,4,1547.094747
54.216439,4,1547.215987
57.337735,5,1547.550181
-7.227379,7,1547.730696
58.011137,6,1547.861104
57.669799,5,1547.992055
-13.765671,3,1548.080374
57.780814,7,1548.237688
-13.476791,3,1548.667414
57.953465,5,1548.96076
59.022116,6,1549.094829
59.077635,6,1549.201199
57.966794,5,1549.296861
-11.313762,4,1549.391598
54.003764,4,1549.797511
59.099294,6,1549.957066
58.45584,6,1550.226333
-8.262934,5,1550.346822
-13.476791,3,1550.638424
59.079667,6,1550.781678
-14.708779,8,1550.904225
54.209378,4,1551.23647
-13.476791,3,1551.552141
57.942353,5,1551.704211
-11.339792,4,1551.799538
-13.656222,3,1551.886546
59.09414,6,1552.218902
57.955657,5,1552.379323
-8.152501,5,1552.508498
-7.034998,5,1553.117537
57.778613,7,1553.290146
-7.491804,6,1553.827273
57.967614,5,1554.176319
57.349426,5,1554.308105
-5.915504,6,1554.413223
-7.985802,6,1554.520637
57.606515,5,1554.668687
57.776762,7,1554.783148
51.45008,3,1555.176779
57.770533,7,1555.29121
57.769458,7,1555.387731
-5.900706,6,1555.575095
-8.209329,5,1555.754001
-13.698823,3,1555.845383
54.209328,4,1556.097631
58.318547,6,1556.289458
56.710678,7,1556.707238
59.091162,6,1556.81177
55.978493,7,1557.252795
-9.738213,7,1557.698432
54.215359,4,1557.982212
54.075305,4,1558.333505
-13.565625,3,1558.455278
-8.246497,5,1558.576483
-5.917382,6,1558.67214
59.097134,6,1558.812202
58.937406,6,1558.972052
57.682174,5,1559.242553
57.967196,5,1559.398443
-5.909688,6,1559.496932
-11.104133,4,1559.617326
51.523209,3,1560.080893
59.095229,6,1560.300215
-13.771882,3,1560.422412
57.789245,7,1560.583396
57.111972,7,1560.761888
57.954667,5,1561.087384
-10.788133,4,1561.396553
57.967614,5,1561.52775
-8.504395,5,1561.653351
-14.439122,3,1561.751237
-11.061229,4,1561.874518
57.77864,7,1562.020191
-11.815068,8,1562.117115
57.765513,7,1562.290856
-7.586098,6,1562.850194
-13.605382,3,1562.94644
-13.48675,3,1563.033677
-8.239846,6,1563.169031
-11.369444,4,1563.263979
57.966882,5,1563.356564
57.225513,7,1563.502151
57.665583,5,1563.758919
-11.082082,4,1564.085015
-7.969847,6,1564.494638
-7.829262,6,1564.603067
54.216439,4,1564.912072
-8.029194,6,1565.118076
-5.912715,6,1565.224846
-5.904588,6,1565.435287
-7.34724,6,1565.611645
-7.874092,5,1565.917173
58.397424,6,1566.142869
-13.673796,3,1566.229131
-11.490557,4,1566.348007
57.775684,7,1566.559589
-13.485633,3,1566.741141
-9.344792,7,1567.074732
-7.747282,6,1567.151952
-7.224168,7,1567.222693
-8.181071,5,1567.704701
-6.702404,6,1568.217098
56.934659,5,1568.330951
56.263468,7,1568.852805
-12.249688,4,1568.944521
-7.530426,6,1569.372606
-8.81193,5,1569.518451
-11.816122,8,1569.599927
-7.80447,6,1569.99068
54.216439,4,1570.260754
-7.245895,7,1570.407039
57.773016,7,1570.52646
-13.713624,3,1570.617144
57.773194,7,1570.753399
57.781652,7,1571.178574
56.693729,5,1571.459033
57.575967,5,1571.727352
54.207655,4,1571.881487
55.740708,7,1572.138942
57.962785,5,1572.395915
-13.772922,3,1572.49036
-8.071217,5,1572.741291
59.091405,6,1572.894322
-7.710966,6,1573.196493
-13.485758,3,1573.284171
54.208751,4,1573.537814
58.570164,6,1573.710007
-11.412578,4,1573.847373
-10.971214,4,1574.078855
-8.457721,5,1574.173058
-13.660159,3,1574.267073
56.738012,7,1574.396691
-11.508388,4,1574.64253
-7.875461,5,1574.974786
57.820368,5,1575.116672
56.53937,7,1575.243685
-11.165632,4,1575.652323
57.78954,7,1575.761825
-7.951412,5,1576.085385
-7.040849,5,1576.194211
57.785991,7,1576.344088
57.78724,7,1576.50405
-7.744206,6,1576.888715
57.955753,5,1577.039159
-7.378145,6,1577.176841
56.893194,7,1577.339842
57.966664,5,1577.500801
-7.578846,7,1578.118177
59.096396,6,1578.31406
59.099061,6,1578.526759
57.659675,5,1578.837348
59.080206,6,1578.931172
59.089648,6,1579.096844
57.966407,5,1579.242036
51.900696,8,1579.500368
-13.479239,3,1579.782232
59.099294,6,1579.960222
-8.140336,5,1580.301044
-5.917258,6,1580.432986
57.9588,5,1580.592827
-13.486307,3,1580.788005
-9.426567,7,1580.987285
-5.918891,6,1581.099227
-9.6586,7,1581.246868
-8.55184,5,1581.361861
-8.010858,6,1581.543916
57.789121,7,1582.172112
56.965641,7,1582.281102
-7.313564,6,1582.675373
53.205485,8,1582.838638
-11.121052,4,1583.009238
56.453637,7,1583.252447
59.089683,6,1583.469512
57.620264,5,1583.7014
59.088571,6,1583.82552
53.201875,8,1583.977873
57.77529,7,1584.122738
57.959712,5,1584.228935
57.965733,5,1584.513155
-5.917687,6,1584.675651
-11.414677,4,1584.789428
57.961832,5,1584.9049
53.25377,4,1585.159168
-13.596027,3,1585.260115
59.099294,6,1585.42171
54.216352,4,1585.567243
-13.717027,3,1585.654547
59.097059,6,1585.823838
54.206142,4,1586.088131
-7.371615,5,1586.604231
51.523209,3,1586.953492
-7.032386,5,1587.058499
-7.717337,6,1587.185631
-13.476999,3,1587.4483
57.332989,5,1587.919262
54.216439,4,1588.183578
-11.082452,4,1588.296041
57.967614,5,1588.39292
57.957688,5,1588.532186
52.455191,8,1588.748193
57.948796,5,1588.90731
59.08039,6,1589.041018
-11.311781,4,1589.144614
-14.660877,3,1589.239487
57.753075,6,1589.382036
-7.249269,7,1589.634476
-9.073997,5,1589.749231
-13.479753,3,1589.928688
44.527409,9,1590.460544
57.967614,5,1590.684969
-8.247881,7,1590.783639
57.373538,5,1590.978456
53.184198,8,1591.185308
-8.100331,5,1591.593041
-8.270949,5,1591.747559
-5.906391,6,1591.945085
-13.480487,3,1592.095814
-8.063386,5,1592.20744
-11.41746,4,1592.335807
57.967614,5,1592.594161
-13.686511,3,1592.709048
-13.637908,3,1592.97061
-13.478593,3,1593.160831
-13.670528,3,1593.310848
54.174494,4,1593.637135
-11.47696,4,1593.887772
54.144754,4,1594.283072
-5.918516,6,1594.533891
-7.21046,7,1594.623755
-8.091942,5,1594.968927
-7.721154,6,1595.172749
-5.918103,6,1595.533668
51.509658,3,1595.748959
54.216421,4,1595.964607
59.078374,6,1596.067274
57.853183,5,1596.22377
57.771856,7,1596.345561
-7.239235,7,1596.532526
-8.931687,5,1596.690974
59.099294,6,1596.927488
57.766636,7,1597.093514
57.960568,5,1597.276067
-8.05053,6,1597.404487
57.77183,7,1597.564229
-7.703664,5,1597.759111
-11.172214,4,1598.095877
57.956621,5,1598.218145
56.975329,7,1598.348091
-13.700304,3,1598.461016
-11.208873,4,1598.598312
-7.838903,5,1598.982866
59.091343,6,1599.254534
57.305399,5,1599.52452
-8.241063,5,1599.659883
-13.476791,3,1599.855373
-5.9067,6,1599.993667
53.024587,8,1600.190957
57.965706,5,1600.371576
58.068103,6,1600.543586
-10.855491,4,1600.735378
57.967614,5,1600.886085
57.783666,7,1601.385551
57.967614,5,1601.848904
-8.092779,5,1601.964706
-11.086879,4,1602.053182
56.955624,7,1602.284191
-13.76622,3,1602.384466
-11.823497,8,1602.539258
-13.476791,3,1602.701104
53.211209,8,1602.814429
-7.788435,5,1603.137224
57.967614,5,1603.368101
57.78954,7,1603.494962
57.679628,6,1603.807948
57.1475,5,1603.959691
57.953725,5,1604.18258
-8.581301,6,1604.543838
-7.954305,6,1604.851987
45.959665,9,1604.965826
-5.909011,6,1605.112449
-12.326679,4,1605.216556
-8.016779,5,1605.389727
-7.221891,7,1605.61403
57.81655,5,1606.018298
58.30178,6,1606.190829
57.77374,7,1606.303002
-8.041211,7,1606.765786
59.099294,6,1606.996511
-11.461092,4,1607.098849
-8.290452,5,1607.222284
-8.571737,5,1607.324064
-13.482452,3,1607.627401
57.967614,5,1607.802038
51.520225,3,1607.994118
-11.228099,4,1608.35423
-7.216233,7,1608.50291
57.956784,5,1608.656419
54.205653,4,1608.807409
-5.910347,6,1609.134306
-7.21046,7,1609.404147
-7.222651,7,1609.548206
-10.906209,4,1609.919451
-13.666981,3,1610.029131
-7.868185,6,1610.204174
54.2066,4,1610.33507
59.084124,6,1610.449196
-7.842164,6,1610.633262
59.091708,6,1610.741399
57.956251,5,1611.055755
-11.840786,4,1611.186506
-13.639465,3,1611.279741
-11.329821,4,1611.453303
54.209678,4,1611.734758
-10.783561,4,1611.937518
56.015841,7,1612.46182
57.773571,7,1612.587359
45.976411,9,1612.702271
-7.041236,5,1613.180321
54.216439,4,1613.334009
-11.247307,4,1613.445406
57.146796,5,1613.544471
55.977293,7,1613.971163
-9.571692,7,1614.15344
53.591481,4,1614.498611
58.737337,6,1614.657862
53.188862,8,1615.219392
-13.479367,3,1615.321304
-13.672766,3,1615.448792
59.091926,6,1615.719315
57.380455,5,1616.016326
56.231973,7,1616.448951
53.201785,8,1616.601482
-7.868868,6,1616.720734
-7.21046,7,1618.185723
59.060327,6,1618.305033
-11.555644,4,1618.435479
-8.581144,5,1618.592411
57.957214,5,1618.72226
-13.725612,3,1618.841824
59.099294,6,1619.004219
59.088348,6,1619.188929
-11.448076,4,1619.31437
58.278073,6,1619.532866
-7.823842,6,1619.661969
57.149539,5,1619.777862
-13.629683,3,1619.938004
51.523209,3,1620.388326
54.20908,4,1620.660187
-11.261753,4,1620.990636
57.967614,5,1621.106787
59.087495,6,1621.308964
-7.873338,5,1621.505296
-8.136774,6,1621.611067
51.523209,3,1621.911729
57.870938,5,1622.041888
53.197814,8,1622.201292
-13.577521,3,1622.32309
-13.651759,3,1622.425495
-7.215357,6,1622.81075
-11.792757,8,1623.691377
-13.747244,3,1623.786114
-13.645926,3,1623.889606
57.634159,5,1623.99344
59.087185,6,1624.272443
-13.649608,3,1624.401563
-11.223394,4,1624.658219
-8.414387,5,1624.828618
58.053766,6,1624.978086
-11.377408,4,1625.230642
54.209879,4,1625.50777
-7.836218,6,1625.694678
-10.783561,4,1626.072171
-7.005441,6,1626.430556
-13.476791,3,1626.728328
-9.972505,7,1626.843693
-8.426046,5,1627.016628
-7.228572,7,1627.125801
-11.209197,4,1627.226152
-11.148296,4,1627.538178
-13.476791,3,1627.627935
-13.476791,3,1627.965543
-8.548761,5,1628.13867
-8.244783,5,1628.266066
57.958741,5,1628.502836
-11.132922,4,1628.628276
-14.286962,3,1628.827675
54.208873,4,1629.101854
-9.343746,7,1629.461948
56.393463,7,1629.828645
59.085239,6,1629.987764
54.066329,4,1630.302329
-10.959144,4,1630.634859
54.209604,4,1630.886571
-11.857414,4,1631.216384
57.57213,5,1631.347822
-9.846209,7,1631.475544
58.287828,6,1631.650692
-7.04954,5,1631.774253
-13.678748,3,1631.858253
57.456136,5,1632.086511
57.472052,7,1632.333434
-13.62545,3,1632.45494
53.204237,8,1632.849844
-6.936099,6,1633.026847
57.816344,6,1633.20007
-8.982117,7,1633.596758
-7.032386,5,1634.164239
-13.646383,3,1634.251019
-13.621208,3,1634.388986
57.777689,7,1634.496791
59.088128,6,1634.634633
58.760236,6,1634.732625
-11.508112,4,1635.003816
45.976224,9,1635.198288
57.763409,5,1635.447049
-13.69759,3,1635.568755
59.099294,6,1635.720591
45.990314,9,1635.872956
-8.290916,5,1635.986123
59.096107,6,1636.146874
57.785912,7,1636.265272
-7.510222,6,1636.583582
-12.073407,4,1636.691086
57.279774,5,1636.846415
59.073832,6,1636.969401
-7.049932,5,1637.086884
-7.040178,5,1637.195898
-8.224055,6,1637.30013
-8.488885,5,1637.448368
54.20976,4,1637.696295
-8.409952,5,1637.789042
56.443554,7,1638.165365
-8.244588,5,1638.405751
-13.924134,8,1638.59321
59.098799,6,1638.707996
-7.756574,6,1639.272248
-13.476791,3,1639.395864
53.194735,4,1639.65262
57.956833,5,1639.819389
-11.574384,4,1639.909581
-13.766415,3,1640.001242
-11.445021,4,1640.123886
-8.447553,5,1640.287152
-7.697612,5,1640.715596
57.775443,7,1640.81834
57.967614,5,1641.07568
-8.130173,5,1641.23698
57.776126,7,1641.678701
-11.036113,4,1641.797155
-7.933725,5,1641.924406
-7.042215,5,1642.036835
-13.696822,3,1642.161695
59.099294,6,1642.328726
59.087843,6,1642.499968
58.277132,6,1642.644585
-8.240387,6,1642.834469
57.777388,7,1642.978443
57.784494,7,1643.124148
-8.453988,5,1643.240431
53.19848,8,1643.708286
-8.364136,5,1643.855169
-13.476791,3,1644.103073
57.967614,5,1644.267443
-11.556624,4,1644.358153
-11.382347,4,1644.454257
-8.062441,5,1644.850227
-7.616765,6,1644.97667
57.508999,5,1645.287565
57.951445,5,1645.476717
-11.133886,4,1645.605813
-11.557186,4,1645.721158
53.194966,8,1646.539353
57.771237,7,1646.634993
59.094577,6,1646.759151
57.951966,5,1647.104977
57.335717,5,1647.213024
-11.795756,8,1647.51332
-10.783561,4,1647.705252
-7.806193,6,1647.825374
-11.176939,4,1648.118249
57.967614,5,1648.266661
-13.610481,3,1648.441084
-11.537535,4,1648.560066
-8.141605,5,1648.659275
-13.687622,3,1648.783495
-7.70142,6,1649.093622
-8.213193,5,1649.212936
53.212956,8,1649.576506
59.096447,6,1649.70068
-11.283435,4,1649.875448
-13.484263,3,1650.045788
-8.564663,5,1650.185486
-9.942288,7,1650.349928
54.209489,4,1650.496196
-8.399999,5,1650.862854
57.81743,5,1650.986438
57.967614,5,1651.264779
-7.593369,6,1651.633721
-7.24166,7,1651.883091
-11.6081,4,1651.97958
-11.806886,8,1652.062764
59.093263,6,1652.2493
-11.313414,4,1652.45354
57.957863,5,1652.584889
-7.901973,5,1652.926411
-7.217014,7,1653.172984
-8.237818,5,1653.488885
57.954018,5,1653.644093
57.771369,7,1653.802242
57.962305,5,1653.92075
57.962445,5,1654.199832
58.485408,6,1654.445374
-13.537283,3,1654.630773
54.108627,4,1655.015729
-7.240412,7,1655.095341
57.958784,5,1655.255066
57.502425,5,1655.403647
51.518859,3,1655.775365
-8.204375,5,1656.036726
-11.111326,4,1656.24006
59.091818,6,1656.395041
57.967614,5,1656.687295
57.955135,5,1656.8547
57.855721,5,1657.21565
45.971551,9,1657.628248
-5.911061,6,1657.840114
59.085178,6,1657.940112
57.551591,5,1658.338696
-11.195933,4,1658.72093
59.089508,6,1658.89128
58.774573,6,1659.174328
57.787816,7,1659.351238
57.960942,5,1659.456886
57.78518,7,1659.572284
45.565472,9,1659.773821
-8.534002,5,1660.010218
-7.86867,5,1660.132648
-13.706077,3,1660.256299
57.967614,5,1660.605375
57.96412,5,1660.793628
-11.443127,4,1660.948343
59.088186,6,1661.105307
-10.818423,4,1661.291817
-7.741764,5,1661.431731
57.783217,7,1661.645518
57.782705,7,1661.811679
-7.492669,5,1662.17322
57.789141,7,1662.303979
57.959935,5,1662.41397
53.992289,4,1662.712868
-7.21046,7,1663.309406
-7.212564,7,1663.389283
-11.162924,4,1663.706114
-13.476791,3,1664.000596
-11.364187,4,1664.269992
57.967614,5,1664.419423
-13.70555,3,1664.512842
57.965955,5,1664.663969
57.967231,5,1664.751075
57.962699,5,1664.85387
-13.691876,3,1664.99487
-7.870901,7,1665.558968
-13.55261,3,1665.709691
57.953231,5,1665.991946
58.306304,6,1666.360857
59.082687,6,1666.498683
57.95945,5,1666.602417
53.199513,8,1666.969729
53.198295,8,1667.094789
57.78275,7,1667.200479
59.099294,6,1667.380403
57.957478,5,1667.480876
54.210656,4,1667.777286
45.384481,9,1667.93032
-13.507259,3,1668.049072
57.75899,7,1668.193254
-8.433724,5,1668.357141
-8.59908,5,1668.509738
54.209914,4,1668.651467
-8.136079,5,1668.774536
45.983262,9,1668.934687
-13.678019,3,1669.029301
-19.025043,9,1669.550236
45.974739,9,1670.064088
57.964105,5,1670.222694
-11.397663,4,1670.352411
57.779735,7,1670.530185
57.959688,5,1670.678812
53.205131,8,1670.836271
-13.76417,3,1670.930465
57.947835,5,1671.088915
59.091216,6,1671.235366
59.09453,6,1671.361887
-13.660031,3,1671.557255
-7.056213,6,1672.095115
57.841645,6,1672.599377
-11.297635,4,1672.777326
-10.783561,4,1672.985588
-9.227484,7,1673.439675
57.78954,7,1673.61183
57.960512,5,1673.939662
-13.660391,3,1674.031761
-13.580581,3,1674.196355
-13.712457,3,1674.296038
57.77947,7,1674.512721
57.961584,5,1674.667393
57.958436,5,1674.965506
-7.222772,7,1675.160944
-13.562204,3,1675.281424
-7.989237,5,1675.634188
59.095749,6,1675.783705
-8.083892,5,1676.177538
-8.344365,5,1676.291701
-19.029665,9,1676.665465
-11.157751,4,1677.040027
-10.011249,7,1677.174606
59.099294,6,1677.392895
57.894821,6,1677.623604
-13.630067,3,1677.805665
-10.786555,4,1677.929457
55.723886,7,1678.201605
-9.689091,7,1678.415012
-7.214247,7,1679.300093
-9.302038,7,1679.494466
59.088593,6,1679.630239
-11.418027,4,1679.74903
-8.316203,5,1679.872271
59.080699,6,1680.098793
59.088074,6,1680.32211
-6.574453,6,1680.846148
57.782204,7,1681.029511
54.215833,4,1681.18661
-11.503089,4,1681.322729
-5.92063,6,1681.432503
57.254924,5,1681.968146
53.467161,4,1682.23041
-7.785568,6,1682.488836
57.967614,5,1682.661724
-8.260503,5,1682.835462
-8.306759,5,1683.007144
-13.708317,3,1683.101415
59.089565,6,1683.231674
-13.531566,3,1683.354255
-13.652687,3,1683.524784
57.965563,5,1683.653085
-13.649181,3,1683.749949
59.099294,6,1683.920449
57.78954,7,1684.073211
-13.486721,3,1684.329135
-5.919452,6,1684.56191
59.07872,6,1684.675968
59.096943,6,1684.837691
57.967614,5,1685.007716
-11.520952,4,1685.144109
54.206997,4,1685.393085
-8.051361,6,1685.527504
57.964718,5,1685.647667
-8.197633,5,1686.007677
57.960403,5,1686.122187
53.196439,4,1686.400345
59.097397,6,1686.502126
57.959974,5,1686.636263
57.953644,5,1686.795758
54.216439,4,1687.07118
57.967614,5,1687.175787
53.191654,8,1687.285425
-7.220372,7,1687.460553
-7.238919,7,1687.542838
-8.700792,7,1687.863554
57.78628,7,1688.025927
57.96174,5,1688.123814
57.963525,5,1688.279145
-8.307806,6,1688.621952
59.091854,6,1688.867884
-13.696211,3,1688.957446
-13.484262,3,1689.055134
57.945942,5,1689.164572
58.759395,6,1689.345153
59.087544,6,1689.520023
53.420045,4,1689.904304
-13.625419,3,1690.033679
-13.476791,3,1690.345588
57.780537,7,1690.513981
54.194101,4,1690.787374
-5.9114,6,1690.863498
-13.748379,3,1690.995261
-7.036407,5,1691.149342
-7.239197,7,1691.385564
57.492633,5,1691.62099
-5.909462,6,1691.731824
-13.476791,3,1691.827893
-14.427303,3,1691.920765
57.943201,5,1692.101902
57.636197,6,1692.359251
57.965647,5,1692.641799
59.097402,6,1692.855863
-8.043648,5,1693.210353
57.95659,5,1693.31725
57.110132,5,1693.415385
57.948495,5,1693.568122
-11.796737,8,1694.057959
-8.150342,5,1694.466029
-11.24943,4,1694.587593
57.967614,5,1694.721964
52.939822,4,1695.071629
-8.46727,5,1695.193576
-13.530113,3,1695.455846
-11.611016,4,1695.544717
54.216439,4,1695.805712
57.78954,7,1695.956717
-13.684208,3,1696.045916
-8.14325,5,1696.595292
59.099294,6,1696.741596
57.050459,5,1697.307171
-7.841716,5,1697.864977
-7.773572,6,1698.170199
-7.588658,5,1698.351804
54.160766,4,1698.500962
52.984885,8,1698.669451
53.207017,8,1698.834755
58.062816,6,1699.011108
-13.577204,3,1699.129212
53.192861,8,1699.671426
-14.556231,3,1699.765108
-11.315246,4,1699.866557
57.967255,5,1700.079906
-7.656682,6,1701.393748
-11.249236,4,1701.554789
-9.07185,7,1701.967082
-8.412104,5,1702.151333
-11.545194,4,1702.271703
59.084221,6,1702.426319
57.964159,5,1702.731298
58.64534,6,1702.855417
57.927566,5,1703.112792
53.194329,8,1703.329594
-11.278297,4,1703.461411
57.764864,7,1703.584316
-8.082132,5,1703.95848
57.89667,5,1704.107923
-11.335596,4,1704.335192
57.787649,7,1704.487296
-7.757941,6,1704.648028
-11.332829,4,1705.035247
57.967614,5,1705.232939
45.987641,9,1706.062463
-7.217572,7,1706.244636
57.967614,5,1706.407015
57.962646,5,1706.55226
-13.476791,3,1706.676857
59.096258,6,1706.779942
54.214461,4,1707.441928
-8.219724,5,1707.560234
-8.158203,5,1707.874178
-8.014067,5,1708.178408
57.786537,7,1708.779951
53.202105,8,1709.005231
59.089068,6,1709.09783
-9.942746,7,1709.465478
54.201333,4,1709.720824
57.947318,5,1709.886708
-14.635068,3,1709.994867
58.680086,6,1710.164463
-8.494718,5,1710.287944
59.098254,6,1710.523541
59.094607,6,1710.898414
59.099294,6,1711.056767
-11.542929,4,1711.154227
45.982103,9,1711.312634
58.354609,6,1711.404354
57.96701,5,1711.573416
54.20464,4,1711.720624
54.216059,4,1711.990976
57.967614,5,1712.153395
57.95063,5,1712.256874
59.002053,6,1712.394275
-11.109567,4,1712.553519
-9.613465,7,1712.703405
-11.5,4,1712.996669
-5.905844,6,1713.25689
-11.610068,4,1713.422459
-13.476791,3,1713.617906
-7.032386,5,1714.13857
-13.479655,3,1714.260976
59.089453,6,1714.380866
57.967614,5,1714.62935
-11.807408,8,1714.828158
-7.032386,5,1714.938383
54.216439,4,1715.286971
53.53207,4,1715.706906
-5.90428,6,1715.831882
57.217683,5,1716.076478
57.964053,5,1716.246463
-11.309284,4,1716.482604
59.089215,6,1716.617912
-11.547611,4,1716.707196
57.266628,7,1717.115715
-9.900026,7,1717.283573
57.57581,5,1717.528393
-11.607927,4,1717.628425
-9.024435,5,1718.014925
56.42699,5,1718.321799
-7.226644,7,1718.617454
58.721587,6,1719.188868
57.659029,6,1719.508313
57.944667,5,1719.775693
-7.22407,6,1720.208906
-13.736436,3,1720.379793
57.954671,5,1720.554231
54.216439,4,1720.892976
57.967614,5,1721.129799
-13.758041,3,1721.269585
-5.907534,6,1721.471198
51.520874,3,1721.72615
-7.887435,6,1721.976019
59.097737,6,1722.196105
57.095899,7,1722.361784
-8.115876,5,1722.479825
59.099294,6,1722.640992
57.967614,5,1723.039816
-7.234369,7,1723.234891
-7.537547,5,1723.447973
57.770863,7,1723.601337
-11.437094,4,1723.730588
-7.5439,5,1723.915964
56.706624,7,1724.088834
57.962117,5,1724.19608
-7.499565,6,1724.563188
57.788459,7,1724.733513
57.961018,5,1724.856768
-7.670538,6,1725.297512
57.760235,5,1725.493265
-8.105852,6,1725.667608
-13.476791,3,1725.796913
57.958273,5,1725.901701
-7.377927,6,1726.108279
-8.230892,5,1726.313251
-7.861285,6,1726.473388
-8.155705,5,1726.734032
58.367085,6,1726.946726
59.099294,6,1727.111718
59.088662,6,1727.305686
-11.134683,4,1727.757088
-5.920285,6,1727.887156
-11.528682,4,1728.005885
-7.938717,5,1728.224196
-8.346855,5,1728.341106
59.091026,6,1728.500663
57.955974,5,1728.629896
57.729077,5,1728.851208
-10.792059,4,1729.345338
59.099294,6,1729.774902
57.391363,5,1730.017817
54.140951,4,1730.244405
-11.406495,4,1730.383216
-7.236427,7,1730.467787
57.932271,5,1730.822659
-11.803182,8,1730.968761
57.751171,7,1731.151675
59.099294,6,1731.375818
53.211042,8,1731.833489
-9.966186,7,1732.001343
59.097121,6,1732.226121
-7.821523,5,1732.600904
57.774216,7,1732.75713
-13.631946,3,1732.875598
54.180549,4,1733.277245
59.099294,6,1733.510108
-11.014208,4,1733.879256
-7.881886,6,1734.007267
-7.888288,5,1734.389203
54.207418,4,1734.551675
-8.290618,5,1734.900854
-7.237331,7,1735.224765
59.08876,6,1735.391117
-7.831128,6,1735.784545
-13.730054,3,1735.890877
-7.756536,6,1736.056594
-6.769911,6,1736.16165
57.80487,5,1736.345556
-14.496791,3,1736.45655
-11.492603,4,1736.546901
-11.376986,4,1736.710293
56.223903,7,1736.982337
58.947947,6,1737.154974
45.971092,9,1737.616024
-13.778552,3,1737.709963
53.925274,4,1738.242121
58.0593,6,1738.345846
-13.523419,3,1738.478179
-5.909634,6,1738.740246
57.967614,5,1739.122442
53.195156,8,1739.940228
-11.423067,4,1740.058608
54.205755,4,1740.255851
-7.228742,7,1740.335919
57.960149,6,1740.818232
57.959959,5,1740.926386
-7.21046,7,1741.090594
59.099294,6,1741.269331
45.988,9,1741.493256
57.539007,5,1741.632138
-9.175123,7,1741.991417
57.775374,7,1742.154382
-8.095882,6,1742.425824
-13.476791,3,1742.55605
-7.958632,6,1742.953717
57.951136,5,1743.235516
58.954211,6,1743.401975
-7.239367,7,1743.674585
57.770647,7,1743.844719
-7.044438,5,1743.964509
-11.42798,4,1744.143836
-13.608693,3,1744.248655
54.215665,4,1744.583488
-6.821223,6,1744.81483
-8.007047,6,1745.057107
-11.531192,4,1745.171789
-13.677918,3,1745.284634
-13.752304,3,1745.380283
57.967614,5,1745.510107
54.216439,4,1745.654386
57.342554,5,1746.024578
-8.013906,6,1746.148953
57.769659,7,1746.26884
-5.904273,6,1746.406224
57.149385,5,1746.537444
-11.60213,4,1746.630549
-9.411354,7,1747.074351
57.936669,5,1747.230369
57.774513,7,1747.411071
-8.538546,5,1747.542935
-9.319627,7,1747.777394
-14.317754,3,1747.876683
54.204912,4,1748.070253
-8.2557,6,1748.250505
54.163377,4,1748.362243
59.084726,6,1748.495346
57.781041,7,1748.686297
57.387231,5,1749.117371
59.098144,6,1749.285191
59.087867,6,1749.40095
59.092076,6,1749.498691
59.091085,6,1749.665203
-11.808116,8,1750.436494
57.784983,7,1750.998592
-10.783561,4,1751.209671
-8.427562,5,1751.316149
57.774337,7,1751.785202
-8.523882,5,1751.984196
-13.717341,3,1752.082551
58.001615,6,1752.344768
57.952164,5,1752.48585
-8.455039,5,1752.60585
-7.31397,6,1752.786706
57.655005,6,1753.180699
-13.707871,3,1753.284899
-8.205676,6,1753.422966
54.216439,4,1753.58229
57.960705,5,1753.754262
-11.53926,4,1753.850419
-8.21066,5,1753.972929
-9.203233,5,1754.311965
58.587953,6,1754.499094
-9.120755,7,1754.71227
-11.556947,4,1754.838851
-7.231322,7,1755.074329
57.957305,5,1755.403275
57.967614,5,1755.561054
-13.622499,3,1755.694505
59.099294,6,1755.922798
59.096799,6,1756.088294
54.21586,4,1756.225604
-9.245935,7,1756.534451
-13.729459,3,1756.626574
-21.258185,9,1756.859467
54.215486,4,1757.169051
57.967614,5,1757.34412
53.199878,8,1758.153514
59.099294,6,1758.33644
58.823956,6,1758.578129
-13.777259,3,1758.690739
-13.735149,3,1758.786536
-12.111636,4,1758.892036
-7.663779,7,1759.459272
-8.557317,5,1759.633787
-5.909007,6,1759.797621
53.196742,8,1759.971631
59.092419,6,1760.14888
54.216439,4,1760.423273
-8.232813,5,1760.587773
54.216439,4,1760.862518
-8.482228,5,1761.102706
54.216439,4,1761.377309
59.094748,6,1761.527625
59.088635,6,1761.62112
54.216439,4,1761.778824
-11.409856,4,1761.905908
58.713956,6,1762.068464
-11.427946,4,1762.258109
-14.360755,3,1762.354758
57.757216,5,1762.507147
-13.717831,3,1762.63696
59.084054,6,1762.762282
-7.822347,5,1762.961267
-13.741858,3,1763.063786
53.989127,4,1763.240581
-13.736806,3,1763.347815
57.885487,5,1763.500314
-13.685908,3,1763.594514
57.967614,5,1763.901277
57.240372,5,1764.066238
56.312018,7,1764.251245
54.216439,4,1764.445135
-14.729915,3,1764.540757
-7.929951,5,1764.936495
-11.263658,4,1765.128841
59.099294,6,1765.305259
53.203789,8,1765.711742
-13.718659,3,1765.813575
-8.08093,5,1765.930945
58.253399,6,1766.0616
-7.60341,6,1766.375058
-11.418734,4,1766.552802
57.781946,7,1766.964434
-7.042371,5,1767.527323
57.783482,7,1767.650271
45.992695,9,1767.872413
-7.37475,6,1768.215474
57.730058,5,1768.365189
53.458911,4,1768.651835
57.962084,5,1768.75813
54.211759,4,1769.073389
59.090263,6,1769.210078
54.205996,4,1769.51808
58.972574,6,1769.692505
54.063991,4,1770.009093
-7.231554,7,1770.110743
58.731362,6,1770.227228
58.615154,6,1770.393619
-14.726796,8,1770.659162
59.078017,6,1770.824884
57.424451,5,1771.268318
53.196573,8,1771.428063
-7.888226,6,1771.713222
-13.54191,3,1771.915729
54.212809,4,1772.264806
-13.709784,3,1772.36955
54.216439,4,1772.643775
-7.20397,6,1772.8393
-5.920291,6,1773.282197
57.964092,5,1773.439226
57.956438,5,1773.591598
57.764571,7,1773.733441
-11.318473,4,1773.862654
-7.216661,7,1773.989104
57.350314,5,1774.305849
54.199748,4,1774.466534
-11.584336,4,1774.596941
-9.379935,7,1775.169044
59.093305,6,1775.342412
53.901346,4,1775.682116
-6.825014,6,1775.762454
57.778023,7,1775.929047
-7.780464,5,1776.279504
-13.617943,3,1776.382939
-5.909971,6,1776.494112
-11.320846,4,1776.599082
-8.080681,6,1776.777402
53.925469,4,1777.292735
-11.002447,4,1777.42539
-7.780159,6,1777.563272
-7.795608,6,1777.755081
54.211064,4,1777.980165
-13.476791,3,1778.272105
-13.766069,3,1778.388767
57.958572,5,1778.498371
54.212959,4,1778.801927
45.989596,9,1779.001129
-11.255306,4,1779.123876
-5.912986,6,1779.333006
53.184446,8,1779.497387
57.787208,7,1779.669621
58.017684,6,1779.858336
53.201084,8,1780.115754
57.177834,5,1780.368275
57.786429,7,1781.159515
59.096095,6,1781.335593
-13.517508,3,1781.465163
54.033056,4,1781.63635
57.659916,6,1782.06092
-11.004942,4,1782.43001
-6.85271,6,1782.623033
57.957975,5,1782.810355
57.950697,5,1782.961766
-11.53185,4,1783.068917
54.211291,4,1783.390286
-8.948305,7,1783.587476
-13.72554,3,1783.725094
-8.016581,5,1784.076846
57.78954,7,1784.262812
-5.995499,6,1784.39804
57.96736,5,1784.637581
-7.229479,7,1784.72301
57.96107,5,1784.849361
57.963875,5,1785.042691
-11.438262,4,1785.200391
57.95938,5,1785.334562
54.216439,4,1785.625436
57.777718,7,1785.76564
57.945709,5,1785.879811
-14.216727,3,1786.035434
45.988984,9,1787.504267
54.210557,4,1787.661085
-11.247202,4,1788.087148
-7.046993,5,1788.222894
57.512203,5,1788.38549
53.197078,8,1788.674463
-7.775454,6,1789.129768
-7.595833,5,1789.569189
-8.272484,5,1789.718894
-7.408263,6,1789.914633
59.099294,6,1790.153093
54.216439,4,1790.316053
-7.21973,6,1790.500282
-13.64367,3,1790.607498
59.076306,6,1790.747894
57.235253,5,1790.863065
-12.448854,4,1791.003972
57.967614,5,1791.196213
-13.481048,3,1791.369645
54.216439,4,1791.507595
-13.592766,3,1791.667977
54.212218,4,1791.952898
-8.063135,5,1792.095591
-13.67052,3,1792.257133
-8.099787,5,1792.599556
57.599929,6,1793.108242
-11.205098,4,1793.22183
-7.449088,5,1793.577188
57.389524,5,1793.8255
57.808695,5,1794.007988
-10.783561,4,1794.219747
-7.690722,6,1794.42975
57.269587,5,1794.942856
-10.962188,4,1795.127038
57.8844,6,1795.531986
-11.326807,4,1795.729081
-13.645747,3,1795.866222
-11.301275,4,1795.982989
57.956984,5,1796.107418
59.084613,6,1796.221822
57.948725,5,1796.372715
57.769455,7,1796.510117
58.404601,6,1796.815148
-11.148514,4,1797.181606
-13.734254,3,1797.281298
-11.304447,4,1797.437841
-7.931238,6,1797.626561
57.959044,5,1797.756921
-7.409354,6,1797.964382
-7.998937,5,1798.085141
51.541618,8,1798.472086
59.089817,6,1798.778463
56.81395,7,1798.956158
-8.489421,5,1799.092074
-5.913944,6,1799.355549
-13.480239,3,1799.609847
-13.769237,3,1799.737402
57.772472,7,1800.149487
59.099294,6,1800.334659
-11.802228,8,1800.680347
57.274985,5,1801.008737
57.958194,5,1801.113852
-8.379594,5,1801.226749
-7.873651,7,1801.422738
-7.096042,5,1801.985931
57.964132,5,1802.21437
-8.544557,5,1802.375483
-13.476791,3,1802.688375
57.78954,7,1802.851803
57.955582,5,1803.137531
51.523209,3,1803.370397
-13.713191,3,1803.516623
57.611609,5,1803.675931
-11.036079,4,1803.930786
59.077201,6,1804.047467
57.78954,7,1804.173708
57.959869,5,1804.307495
53.202435,8,1804.720157
-7.049879,5,1804.910382
-13.67283,3,1805.010621
-11.396747,4,1805.149992
59.096204,6,1805.378706
57.887158,5,1805.501398
-7.887699,5,1805.696696
57.644342,5,1805.915399
-13.716019,3,1806.019337
57.967614,5,1806.201651
59.089749,6,1806.379493
54.216439,4,1806.63869
-13.669801,3,1806.734837
57.960184,5,1806.846412
-13.627983,3,1806.969874
57.963403,5,1807.09549
57.48099,5,1807.373027
57.966543,5,1807.544562
57.836431,5,1807.724575
59.084733,6,1807.853188
-13.663572,3,1807.962111
57.961283,5,1808.072487
-8.291777,7,1808.881418
-7.220802,6,1809.105636
59.090627,6,1809.244821
53.192056,8,1809.380043
-19.027049,9,1809.952302
54.208295,4,1810.2884
59.087401,6,1810.434726
57.772765,7,1810.573858
54.20582,4,1810.869827
57.770784,7,1811.251842
59.090858,6,1811.395631
59.099294,6,1811.750671
54.213208,4,1811.914011
57.766326,7,1812.030366
-7.635116,6,1812.163592
59.093262,6,1812.315762
54.206025,4,1812.587399
57.779058,7,1812.842622
59.091513,6,1813.03743
-11.954559,4,1813.230022
57.78954,7,1813.391916
52.916754,8,1813.616324
54.216439,4,1813.889522
-11.320395,4,1814.060043
57.967312,5,1814.214662
-7.794701,5,1814.555501
55.885933,7,1814.796715
-11.599819,4,1814.897599
-7.957065,5,1814.998576
-7.21046,7,1815.264066
57.783191,7,1815.430658
57.778869,7,1815.546884
57.967614,5,1815.730317
54.216439,4,1816.021994
-13.625685,3,1816.270267
57.771912,7,1816.38672
59.099294,6,1816.60657
57.788584,7,1816.746489
-7.151316,6,1816.950951
-8.259663,5,1817.09922
57.955801,5,1817.29519
57.379998,6,1817.598965
-11.234122,4,1817.727375
57.780783,7,1817.916829
54.209055,4,1818.21088
-11.448987,4,1818.346972
58.48,6,1818.521697
56.701289,7,1818.679452
54.216439,4,1819.026308
54.216439,4,1819.248859
57.962317,5,1819.595941
-11.560455,4,1819.727882
59.089857,6,1819.899554
-13.4889,3,1820.002637
54.212043,4,1820.109845
57.286693,5,1820.394699
59.077972,6,1820.561033
-11.514446,4,1820.87361
57.958703,5,1820.99419
57.773353,7,1821.142836
58.216595,6,1821.427213
-7.223185,7,1821.54641
59.092611,6,1821.732355
59.081849,6,1821.849765
-5.923922,6,1821.957011
-13.649617,3,1822.342799
54.01216,4,1822.509283
-11.518386,4,1822.612792
54.210552,4,1822.77871
-8.447753,5,1822.925727
-11.582659,4,1823.023903
57.939608,6,1823.243556
-5.920339,6,1823.458363
59.099294,6,1823.627291
-11.201542,4,1823.748083
57.776987,7,1824.302418
51.523209,3,1824.481249
59.08452,6,1824.660204
-11.558355,4,1824.757984
57.328239,5,1825.338824
57.772776,7,1825.737734
-11.395193,4,1825.864509
-13.666819,3,1825.968836
-11.373511,4,1826.129897
-8.047569,6,1826.420424
57.769547,7,1826.570687
-13.694714,3,1826.797484
-9.582628,7,1826.954949
-13.746743,3,1827.068793
-10.860114,4,1827.265777
-8.184077,5,1827.667029
-8.119229,5,1827.805713
-13.476791,3,1828.134585
57.962401,5,1828.465351
57.769368,7,1828.590646
57.967079,5,1828.754503
58.478106,6,1828.939947
58.996499,6,1829.133343
57.9626,5,1829.445661
58.378036,6,1829.595778
-7.220454,7,1829.816028
57.967614,5,1829.943951
-8.043604,5,1830.131872
54.211269,4,1830.409708
59.099294,6,1830.529931
-7.422257,5,1830.908197
-11.142623,4,1831.099219
-10.016394,7,1831.313663
-11.383236,4,1831.467912
-13.521693,3,1831.602257
57.78954,7,1832.355297
54.216439,4,1832.527119
-13.476791,3,1832.816102
-6.893047,6,1833.190932
59.093925,6,1833.472401
57.937391,5,1833.593136
-13.618795,3,1833.776556
57.486191,5,1834.057515
57.512026,5,1834.462339
-8.062104,5,1834.585234
-13.64683,3,1834.683275
59.076222,6,1834.786905
-7.301262,6,1835.183099
57.830503,5,1835.335751
-13.504054,3,1835.441437
-8.105787,5,1835.639515
59.099294,6,1835.868183
59.090205,6,1836.021179
54.216333,4,1836.291985
54.216439,4,1836.621488
51.51589,3,1836.963596
-8.276638,5,1837.277229
-11.144568,4,1837.51902
54.097313,4,1837.882393
-8.33116,5,1838.003291
57.958319,5,1838.106261
57.955714,5,1838.275888
-13.480018,3,1838.643687
57.771392,7,1838.742357
45.982363,9,1839.026848
53.200649,8,1839.243848
59.099294,6,1839.475641
54.106563,4,1839.839363
57.965538,5,1839.97563
-5.900706,6,1840.222806
57.954693,5,1840.471352
59.097209,6,1840.635485
57.769958,7,1840.799436
-10.789134,4,1841.280202
57.96458,5,1841.449627
57.90747,5,1841.611511
57.774161,7,1841.748602
59.099294,6,1841.930783
57.78954,7,1842.10258
56.76319,7,1842.296235
-6.440426,6,1842.914597
54.214079,4,1843.208492
54.159695,4,1843.464226
-8.318239,5,1843.65609
-8.387566,5,1843.764284
-8.101239,5,1844.345958
-11.251641,4,1844.65563
-7.971526,5,1844.802178
50.67959,3,1844.97646
57.78954,7,1845.139199
-11.315718,4,1845.355833
-8.303564,5,1845.480839
-6.24388,6,1846.005646
-8.25177,5,1846.144665
-7.81887,6,1846.552647
58.197645,6,1846.85142
-13.760749,3,1846.958776
57.157987,5,1847.365017
53.581502,4,1847.772303
59.092766,6,1847.968222
57.778292,7,1848.503927
57.77283,7,1848.632495
59.099294,6,1848.817758
-5.920333,6,1848.905995
59.089079,6,1849.083787
54.216439,4,1849.216528
57.760394,7,1849.376789
-11.076135,4,1849.685982
56.913229,5,1849.827436
57.967614,5,1850.20827
-11.736693,4,1850.331202
-11.235993,4,1850.586761
57.782819,7,1850.719862
-11.103843,4,1851.046248
45.050288,9,1851.411101
-8.295419,5,1851.729583
-11.085273,4,1851.874069
57.306174,5,1852.22848
57.61032,5,1852.402987
-7.296542,5,1852.955221
54.196039,4,1853.314277
45.979919,9,1853.493534
57.92352,5,1853.621319
-11.215846,4,1853.947658
-11.521215,4,1854.045573
54.208303,4,1854.197055
59.099294,6,1854.339983
-11.55456,4,1854.483196
59.082262,6,1854.654736
54.092469,4,1854.991619
54.044856,4,1855.297531
-13.710988,3,1855.428628
57.313941,5,1855.543685
59.099294,6,1855.675735
54.210874,4,1855.946617
-10.88104,4,1856.134755
-11.028834,4,1856.244105
-13.700834,3,1856.348574
57.777832,7,1856.52755
-14.71471,3,1856.623457
57.57878,5,1856.931684
-8.185493,5,1857.060066
59.087808,6,1857.248412
-14.11276,3,1857.451711
57.787648,7,1858.0694
57.963565,5,1858.238018
54.216439,4,1858.549211
58.090161,6,1858.704122
58.696892,6,1858.911265
58.184266,6,1859.066674
-11.236516,4,1859.222767
54.204952,4,1859.541282
-11.466673,4,1859.679851
54.119158,4,1860.028304
53.180368,8,1860.196391
57.772546,7,1860.357965
57.780374,7,1860.480659
57.418693,5,1860.800624
52.733434,8,1861.031589
-13.622628,3,1861.157931
54.210686,4,1861.443378
-11.048041,4,1861.650235
54.136158,4,1861.807783
57.966604,5,1862.05366
59.099294,6,1862.227593
-7.937916,6,1862.619664
-7.876426,7,1862.70334
57.966482,5,1862.83072
-11.400458,4,1862.939197
57.785607,7,1863.09637
-8.507839,5,1863.234007
57.77689,7,1863.411046
-11.805297,4,1863.767261
53.199697,8,1863.938141
-13.743401,3,1864.04661
58.063688,6,1864.181815
-7.638639,5,1864.381319
-10.869638,4,1864.746644
-13.501394,3,1865.112906
58.338764,6,1865.298189
-5.921983,6,1865.433059
58.25689,6,1865.561323
57.783513,7,1865.723869
57.950297,5,1865.887783
-7.77144,5,1866.243852
-13.782219,3,1866.342088
57.771621,7,1866.863327
-13.476791,3,1867.183019
57.967614,5,1867.410911
-6.982414,6,1867.940007
-8.503455,5,1868.056483
-11.282928,4,1868.227465
57.781722,7,1868.372825
-11.08348,4,1868.914757
-7.879567,5,1869.278668
-8.330655,5,1869.506102
54.208266,4,1869.794491
-13.678882,3,1869.927211
57.076746,7,1870.075358
-11.117204,4,1870.178572
57.955928,5,1870.28425
-13.479958,3,1870.533988
-11.486259,4,1870.6377
59.081494,6,1870.807061
-9.543348,7,1871.371095
-11.307166,4,1871.487907
57.960407,5,1871.621404
-7.782268,6,1871.802935
-7.047364,5,1871.918295
57.78954,7,1872.087296
-13.625239,3,1872.239336
-8.305734,5,1872.597977
55.998361,7,1873.077518
-12.191633,4,1873.180228
59.093339,6,1873.444564
59.089523,6,1873.557827
57.95016,5,1873.825752
-8.433476,5,1873.973765
59.07427,6,1874.118579
-12.088205,4,1874.243992
57.966934,5,1874.485104
57.779991,7,1874.889572
-7.494011,5,1875.083222
59.089893,6,1876.178314
54.216439,4,1876.421568
59.041298,6,1876.616456
54.016998,4,1877.037032
-13.532813,3,1877.186434
57.967614,5,1877.309168
57.956111,5,1877.426431
-10.947995,4,1877.613207
57.96715,5,1877.804594
51.518582,3,1878.055844
57.960848,5,1878.171295
-5.918759,6,1878.295448
-8.513317,5,1878.40337
-8.045436,6,1878.555044
-8.350976,5,1878.692333
53.211485,8,1878.860863
-8.276788,5,1879.071372
-8.413204,5,1879.250884
53.185085,8,1879.627156
57.785187,7,1880.28323
58.335705,6,1880.538823
-9.546432,7,1880.726087
-5.924047,6,1880.811338
59.091925,6,1880.991172
59.09866,6,1881.17444
-13.626428,3,1881.327306
-13.53962,3,1881.431939
57.955414,5,1881.588159
-8.173527,6,1881.693201
-13.693675,3,1881.787803
57.957773,5,1881.93369
-8.453335,5,1882.093668
-7.572736,6,1882.233751
56.140572,7,1882.435193
55.21188,7,1882.951354
53.194371,8,1883.113437
57.963641,5,1883.272321
-13.506826,3,1883.428991
53.204495,8,1883.67398
56.938751,5,1883.794505
-11.795783,8,1883.99173
57.959434,5,1884.106668
57.954438,5,1884.248371
54.212684,4,1884.531944
57.954806,5,1884.651185
53.193877,8,1885.148122
57.778651,7,1885.326825
57.957242,5,1885.611378
53.193231,8,1885.781587
53.200809,8,1886.606264
-8.516828,5,1886.764471
57.745236,7,1886.886122
-11.098478,4,1887.386662
57.955275,5,1887.5134
53.186698,8,1888.03249
-7.654348,6,1888.236672
59.094373,6,1888.419421
59.069757,6,1888.546755
57.853679,5,1888.738894
-13.713685,3,1888.846452
-13.476791,3,1888.983371
54.216439,4,1889.244721
57.489861,5,1889.564344
-14.7446,3,1889.666748
-8.194511,5,1889.851836
-8.115262,6,1889.973194
-9.052082,7,1890.179213
54.215478,4,1890.468326
51.165511,8,1890.901473
57.967335,5,1891.023294
57.433926,5,1891.304094
57.243808,5,1891.4602
57.361956,5,1891.842613
-5.907901,6,1892.468134
55.897874,7,1892.901153
54.216439,4,1893.187871
59.077892,6,1893.314902
57.96634,5,1893.489275
-5.914403,6,1893.622291
57.768381,7,1893.771873
-7.754561,6,1894.071642
59.093462,6,1894.253793
-7.214886,7,1894.571964
57.806376,5,1894.731095
59.092007,6,1894.89008
59.099294,6,1895.020713
-7.352964,6,1895.386807
-7.988557,6,1895.945677
-8.19567,5,1896.084026
-13.773497,3,1896.179594
58.292518,6,1896.470479
-7.233185,7,1896.770228
-7.463676,6,1896.92065
-11.296429,4,1897.082195
59.042333,6,1897.257571
54.213458,4,1897.366887
56.59181,7,1897.635835
-7.778229,5,1897.841017
53.212956,8,1898.087284
-13.754905,3,1898.187959
59.09533,6,1898.358574
54.168751,4,1898.51114
57.954283,5,1898.663711
59.078122,6,1898.781925
57.576378,5,1898.943759
58.33754,6,1899.346609
-8.515433,5,1899.530123
54.204841,4,1899.822048
-13.673139,3,1899.918675
59.084752,6,1900.074881
57.78954,7,1900.242796
-7.521318,6,1900.573478
53.202387,8,1900.80064
58.710504,6,1901.058956
59.09273,6,1901.199811
59.087504,6,1901.329868
57.543605,5,1901.499195
-8.092008,5,1901.658545
57.78954,7,1901.900099
53.117697,4,1902.118208
-11.117542,4,1902.413635
57.795593,5,1902.511541
57.779081,7,1902.651685
57.967614,5,1902.776116
59.063433,6,1902.937616
-11.5907,4,1903.039336
45.579327,9,1903.226651
-5.920063,6,1903.5289
53.200088,8,1903.722041
-7.224739,7,1904.222275
54.208328,4,1904.51553
-8.580401,5,1904.673819
-7.968769,6,1904.82522
59.087216,6,1904.993752
-10.783561,4,1905.38395
54.021117,4,1905.609973
-8.327618,5,1905.720233
57.701422,6,1905.997288
-13.787942,3,1906.10564
57.782367,7,1906.33522
-7.954653,5,1906.528051
-13.727005,3,1906.635767
-11.051746,4,1906.800885
57.623097,5,1906.960409
-8.36356,5,1907.143924
-7.716765,6,1907.537906
-7.757252,5,1907.907151
-8.029449,7,1908.181197
-7.230355,7,1908.46374
-10.046552,7,1908.603672
57.967614,5,1908.986758
-11.409031,4,1909.110413
57.95724,5,1909.242856
58.14115,6,1909.379073
59.096509,6,1909.490269
57.95912,5,1909.601279
59.097825,6,1909.754723
54.106985,4,1910.142457
56.629452,7,1910.395344
54.216439,4,1910.82129
54.215273,4,1911.09774
54.216439,4,1911.364503
57.967614,5,1911.736639
-9.737383,7,1912.283003
-11.493174,4,1912.422312
54.21056,4,1912.576962
57.960891,5,1912.698384
-7.250084,6,1913.034977
59.095196,6,1913.16396
-5.920046,6,1913.390064
57.958881,5,1913.54764
-7.828817,6,1913.785677
59.089486,6,1914.07554
59.087384,6,1914.227941
57.424251,5,1914.463699
57.391108,5,1914.709907
57.959722,5,1914.885577
57.967027,5,1915.051638
57.967614,5,1915.234663
58.901267,6,1915.357301
-13.771417,3,1915.495243
58.455202,6,1915.893935
-8.136131,5,1916.059554
-11.540897,4,1916.155013
-7.032386,5,1916.638661
-7.222513,7,1916.89233
54.205436,4,1917.166466
57.956938,5,1917.270666
59.089508,6,1917.658252
57.967614,5,1917.92089
57.051355,5,1918.069417
57.768463,7,1918.270213
58.833425,6,1918.4425
57.77976,7,1918.646963
-11.459059,4,1918.815554
57.786093,7,1919.024487
-11.089626,4,1919.437095
-8.316006,5,1919.559329
-7.818941,5,1919.941277
57.787677,7,1920.095685
-11.455246,4,1920.217696
56.554321,7,1920.53475
57.776297,7,1920.702353
57.867507,6,1920.898594
-8.041218,6,1921.137976
-7.88401,6,1921.369019
-7.659339,6,1921.872873
-13.624957,3,1922.021107
57.841081,5,1922.18737
-13.476791,3,1922.357749
-11.102153,4,1922.74035
-8.316972,5,1922.968803
-11.300744,4,1923.28921
57.95549,5,1923.424083
-11.419028,4,1923.572527
-7.2287,7,1923.673267
54.211504,4,1924.014426
-7.227326,7,1924.119228
54.210168,4,1924.406131
59.099051,6,1924.618493
57.096481,5,1924.86594
59.076091,6,1925.12832
-11.118694,4,1925.273271
57.94447,5,1925.392467
-9.666428,7,1925.550786
-11.228913,4,1925.682033
-8.952772,7,1925.91754
-13.62085,3,1926.047965
59.082707,6,1926.174325
-7.949907,5,1926.604619
57.782394,7,1926.814746
57.950845,5,1926.976601
57.962181,5,1927.140932
-9.433281,7,1927.31477
-12.528021,8,1927.400115
57.782922,7,1927.511453
-5.906185,6,1927.627061
58.574903,6,1927.953406
51.503331,3,1928.138197
-13.55029,3,1928.296537
-5.912659,6,1928.433162
59.094815,6,1928.572712
-8.12956,5,1928.771661
54.206695,4,1929.075178
59.07519,6,1929.247389
57.955655,5,1929.392787
54.205151,4,1929.664871
54.211486,4,1929.980125
53.205826,8,1930.20278
59.09326,6,1930.357762
57.78878,7,1930.505602
-11.149133,4,1930.614936
45.973263,9,1930.842011
57.96272,5,1931.018885
57.75783,7,1931.562453
57.575429,5,1931.722965
54.159471,4,1932.357472
54.216439,4,1932.501879
-11.571873,4,1932.606498
59.079744,6,1932.741674
-9.758687,7,1933.087424
57.782786,7,1933.32553
59.089018,6,1933.500271
57.787804,7,1933.71968
-11.583728,4,1933.821131
54.216439,4,1934.08579
53.484234,4,1934.370077
57.950333,5,1934.485926
-13.703482,3,1934.588421
51.935935,8,1934.84932
57.760643,5,1935.055949
-7.784877,5,1935.25044
-13.582279,3,1935.395427
57.963195,5,1935.524775
57.967614,5,1935.649282
57.833239,5,1935.837343
-8.716965,7,1936.197329
59.071051,6,1936.361492
-11.125137,4,1936.825945
-8.189388,5,1936.940904
-11.803644,8,1937.089627
54.207444,4,1937.232373
56.341901,7,1937.48278
54.216439,4,1937.763472
-13.724933,3,1937.864295
57.211619,7,1938.029047
-13.528711,3,1938.162202
-11.514106,4,1938.308623
-7.772262,5,1938.417863
57.964974,5,1938.700398
59.08768,6,1938.873361
53.335667,4,1939.041806
-13.579187,3,1939.156893
-8.445367,5,1939.418695
-13.476791,3,1939.591423
59.091875,6,1939.782259
57.967614,5,1939.952776
57.465905,5,1940.121814
57.949789,6,1940.375543
54.214791,4,1940.650914
54.216439,4,1940.907013
-13.710863,3,1941.005576
56.395159,5,1941.286992
59.094208,6,1941.465523
59.098989,6,1941.690649
58.435077,6,1941.867491
58.875759,6,1942.042961
-7.037499,5,1942.166773
-7.40356,5,1942.36728
57.781524,7,1942.524644
-13.629206,3,1942.659576
53.203858,8,1942.858403
57.780777,7,1943.039396
57.089149,7,1943.22645
-19.019926,9,1943.836056
57.391699,5,1943.972072
-13.476791,3,1944.152647
-13.476791,3,1944.475952
53.197313,8,1944.745757
59.08588,6,1944.932333
-8.064274,5,1945.297448
-5.918225,6,1945.523269
59.081517,6,1945.662144
57.797543,5,1945.938901
57.34094,5,1946.260515
57.77909,7,1946.416772
-7.607828,5,1946.618354
57.866627,5,1946.891745
57.967029,5,1947.056247
56.745145,7,1947.287574
-13.701651,3,1947.38794
-6.684713,6,1947.482667
54.215417,4,1947.768593
54.216439,4,1948.055318
-11.262656,4,1948.210842
57.778051,7,1948.522229
58.311341,6,1948.662333
57.764421,7,1948.812169
59.094999,6,1948.978855
54.216439,4,1949.253278
-13.592772,3,1949.399163
-5.904426,6,1949.553185
57.966245,5,1949.675063
-7.715181,5,1949.958683
-11.326765,4,1950.092921
52.181051,8,1950.355019
59.099294,6,1950.537474
53.207648,4,1950.679314
54.216439,4,1950.967298
54.115437,4,1951.335763
57.78954,7,1951.511529
54.211427,4,1951.787653
54.216439,4,1951.947089
55.963473,7,1952.371775
55.826341,7,1952.917707
-9.835674,7,1953.071015
54.205593,4,1953.321624
57.117691,5,1953.615794
59.098016,6,1953.745048
-8.071194,5,1954.095902
57.961056,5,1954.446067
54.04621,4,1954.603355
59.054682,6,1954.729541
57.962931,5,1954.849195
-11.158608,4,1955.11315
-8.153836,5,1955.346885
-7.047376,5,1955.46686
58.269791,6,1955.591618
-11.789397,8,1955.718897
53.208697,8,1956.511355
-7.678244,6,1956.873573
57.41034,7,1957.286888
57.964918,5,1957.475679
57.966776,5,1957.765459
-11.525612,4,1957.864779
-11.230916,4,1957.98549
59.099294,6,1958.228327
-13.699574,3,1958.338284
-11.797528,8,1958.671704
57.816634,5,1958.852055
59.088856,6,1959.043163
-7.915404,5,1960.580642
57.967614,5,1960.768359
57.959229,5,1960.921652
56.194024,7,1961.358561
59.09235,6,1961.574962
54.209986,4,1961.905145
-13.568154,3,1962.04792
54.216439,4,1962.211531
55.903204,7,1962.400476
-7.22099,7,1963.057173
57.78954,7,1963.236888
59.092742,6,1963.768106
-11.297966,4,1963.891456
57.768657,7,1964.084772
55.853084,7,1964.46222
57.836407,5,1964.603407
57.771672,7,1964.788218
57.772826,7,1965.338052
-11.874158,4,1965.560836
53.191809,8,1965.963105
-11.208781,4,1966.107272
54.213423,4,1966.37003
-5.907427,6,1966.566416
-10.958108,4,1966.917655
58.761166,6,1967.105811
-11.212025,4,1967.249578
54.013125,4,1967.414827
58.358786,6,1967.563664
53.194352,8,1967.730492
-13.476791,3,1967.89946
-7.280831,6,1968.413664
-7.100599,5,1968.917234
-7.049281,5,1969.059139
58.996716,6,1969.229933
-7.868205,5,1969.338725
57.724409,5,1969.557854
57.967614,5,1969.73007
-8.126025,5,1970.056998
59.091536,6,1970.186639
51.523209,3,1970.411821
57.778022,7,1970.664084
57.737397,5,1970.888265
-7.976082,5,1971.050901
-14.325925,3,1971.184124
57.953855,5,1971.366455
59.090307,6,1971.597403
-5.90387,6,1971.717826
59.099294,6,1971.879637
-11.824698,8,1972.341849
54.207347,4,1972.652288
-8.294014,5,1973.027801
-11.322939,4,1973.390287
59.099294,6,1973.548423
57.959747,5,1973.692601
57.967614,5,1973.846622
59.099294,6,1973.980771
59.095057,6,1974.159625
54.216439,4,1974.485699
57.967282,5,1974.666663
-8.584241,5,1974.872154
57.78954,7,1975.292137
55.794298,7,1975.560701
59.096224,6,1975.776972
57.961782,5,1976.067174
-8.366164,5,1976.243695
57.955998,5,1976.522565
57.78954,7,1976.665782
-7.752126,6,1977.028631
-7.816275,5,1977.239535
54.216439,4,1977.510241
-8.921236,7,1977.723954
-5.911168,6,1977.975237
59.099294,6,1978.122
59.099294,6,1978.300616
-7.045943,5,1978.423643
-11.534238,4,1978.523261
57.773119,7,1978.646301
-13.541282,3,1978.763135
54.209733,4,1978.927777
59.086418,6,1979.08372
57.967614,5,1979.275223
57.777085,7,1979.42596
53.19384,8,1979.678691
-7.686377,5,1979.878141
57.325838,5,1980.246971
59.09529,6,1980.409144
57.766174,7,1981.159537
57.957534,5,1981.50123
-8.470211,5,1981.718654
-13.600355,3,1981.851264
56.482396,7,1982.27412
-13.744257,3,1982.449498
57.334129,5,1982.926372
59.099294,6,1983.161636
-5.905526,6,1983.489993
-8.073434,5,1983.851579
-8.171792,5,1984.068577
54.216439,4,1984.369642
-5.910227,6,1984.505921
-7.036313,5,1985.072076
-8.470579,5,1985.218276
57.770622,7,1985.360554
-10.783561,4,1985.587736
-13.625158,3,1985.740034
54.216439,4,1985.907458
-5.915271,6,1986.138952
54.216439,4,1986.421519
-11.621633,4,1986.517831
-13.656299,3,1986.660699
-13.670033,3,1986.764278
59.094952,6,1986.912216
-11.191247,4,1987.174071
-11.165018,4,1987.444162
57.78954,7,1987.614697
54.157211,4,1987.787561
-13.483008,3,1987.913576
53.983816,4,1988.297667
59.0989,6,1988.485543
53.195221,8,1988.646258
-8.766143,7,1989.02891
54.216439,4,1989.307955
57.781606,7,1989.534485
53.975149,4,1989.716418
-11.571148,4,1989.863012
57.996934,6,1990.039581
54.208934,4,1990.324774
-8.200551,6,1990.43611
57.78954,7,1990.613825
-9.611469,7,1990.999592
-13.515945,3,1991.104133
57.959762,5,1991.22216
-9.836924,7,1991.400513
59.095638,6,1991.577465
-8.162392,5,1991.956485
57.78954,7,1992.355583
-11.223829,4,1992.542134
59.079992,6,1992.708066
59.09302,6,1992.832868
54.010348,4,1992.980642
-13.747129,3,1993.090287
57.759877,5,1993.235903
57.956625,5,1993.397372
53.990193,4,1993.769103
57.963027,5,1993.930428
54.202585,4,1994.147771
53.205567,8,1994.313893
58.905429,6,1994.594028
53.170929,8,1994.766799
57.737522,5,1994.917193
57.782841,7,1995.099009
-10.786026,4,1995.4956
59.08657,6,1995.672393
-8.561558,5,1995.782332
57.782404,7,1995.913121
57.95689,5,1996.193789
57.901101,6,1996.373124
-8.474358,5,1996.569338
57.766423,7,1996.712095
-8.093471,5,1997.229166
-11.021183,4,1997.552318
-11.022005,4,1997.917543
59.099294,6,1998.093692
-5.916547,6,1998.321612
-8.420613,5,1998.530241
57.988241,6,1998.91224
-7.041244,5,1999.493753
57.967614,5,1999.670431
-14.325186,3,1999.931365
-7.633957,5,2000.284732
57.533476,5,2000.619178
57.782743,7,2000.782633
57.961338,5,2000.942416
-10.95161,4,2001.290977
57.770925,7,2001.463077
57.933891,5,2001.580521
-13.741332,3,2001.69028
54.216439,4,2002.001414
57.775642,7,2002.145757
-13.65456,3,2002.246171
-8.041986,6,2002.369732
-11.20795,4,2002.71744
59.088698,6,2002.91767
-11.503598,4,2003.017519
57.95593,5,2003.136704
57.956549,5,2003.257063
58.548062,6,2003.672476
-11.241504,4,2003.80708
-8.128503,6,2004.009053
-8.351031,5,2004.294247
57.787395,7,2004.410976
57.776542,7,2004.592927
57.967614,5,2004.95336
-13.746603,3,2005.073706
53.211836,8,2005.603959
-13.47991,3,2005.708755
54.216439,4,2005.971533
-5.905499,6,2006.220206
-13.597411,3,2006.407287
54.001839,4,2006.772635
-13.476791,3,2006.889511
57.78954,7,2007.058209
-5.916751,6,2007.204601
57.962976,5,2007.341475
-11.334294,4,2007.52376
59.092632,6,2007.765856
57.955518,5,2007.914726
53.204401,8,2008.084245
-13.476791,3,2008.189906
57.950554,5,2008.367474
45.977577,9,2008.777854
57.96308,5,2008.938291
-11.437247,4,2009.080541
56.94488,5,2009.254346
57.497858,5,2009.40676
-5.932794,6,2009.500005
59.094388,6,2009.680449
-13.558283,3,2009.938043
57.556312,5,2010.179831
57.56557,5,2010.482835
57.78547,7,2010.657267
55.921883,7,2011.087868
54.216439,4,2011.33463
-7.490176,6,2011.749539
57.769631,7,2011.924791
57.967614,5,2012.106302
57.782832,7,2012.288776
59.088494,6,2012.450542
57.963006,5,2012.574354
54.216439,4,2012.725886
57.284774,5,2012.894744
57.96662,5,2013.144845
57.966603,5,2013.433529
-8.037132,5,2013.609503
54.214002,4,2013.824869
57.78954,7,2014.241905
-5.923259,6,2014.335809
-13.77655,3,2014.438105
59.099294,6,2014.638153
57.77607,7,2014.840344
57.967614,5,2015.037182
-7.77344,6,2015.320946
-13.713346,3,2015.466688
-11.327502,4,2015.593962
58.198789,6,2015.882054
56.318573,7,2016.306332
-7.16637,6,2016.517477
54.049593,4,2016.863773
-5.90643,6,2017.139254
57.500084,7,2017.29969
53.198566,8,2017.443886
-7.365055,6,2017.815064
57.951744,5,2018.134869
57.964804,5,2018.336854
54.216439,4,2018.65805
-13.638458,3,2018.813191
-7.243966,7,2018.953024
54.209888,4,2019.138657
57.78954,7,2019.342184
57.017952,7,2019.538234
57.951696,5,2019.661067
59.086935,6,2019.846267
53.19666,8,2020.028659
59.085393,6,2020.202126
57.784421,7,2020.401879
-13.477037,3,2020.710816
59.089292,6,2020.887965
59.092045,6,2021.024395
57.967242,5,2021.138308
54.216439,4,2021.429608
-11.250046,4,2021.618565
-7.23922,7,2021.946043
57.778654,7,2022.339114
-13.476791,3,2022.6241
-8.270432,7,2023.114483
-13.55719,3,2023.253366
-13.609379,3,2023.420126
-8.237705,5,2023.56048
54.216169,4,2023.879314
54.216439,4,2024.155118
58.479673,6,2024.332774
57.618971,7,2024.875269
57.964576,5,2025.039873
57.9671,5,2025.241924
-13.535448,3,2025.432856
58.869377,6,2025.625036
57.965915,5,2025.898161
51.523209,3,2026.084867
58.752953,6,2026.380753
-7.169878,6,2026.689181
-7.032386,5,2027.146713
-8.591472,5,2027.292337
-7.216825,7,2027.949587
-6.774196,6,2028.108459
59.099294,6,2028.259062
-13.486471,3,2028.383943
-11.064995,4,2028.517295
-13.49845,3,2028.739718
55.729113,7,2029.151361
57.955909,5,2029.270475
54.205323,4,2029.382733
57.171447,7,2029.563822
54.216283,4,2029.837859
57.955719,5,2030.137535
-6.67629,6,2030.916253
57.961388,5,2031.048548
54.214723,4,2031.436165
-7.913757,6,2031.654702
59.088434,6,2031.861634
59.090884,6,2032.024647
57.62049,7,2032.186604
-11.428861,4,2032.341019
-13.600419,3,2032.455563
-6.078625,6,2032.973752
54.216361,4,2033.259203
59.086358,6,2033.466973
-8.473968,5,2033.621521
-13.622723,3,2033.729387
-13.754073,3,2033.839492
57.960597,5,2034.043575
53.199621,8,2034.190249
57.967369,5,2034.306854
57.967614,5,2034.471763
-7.93295,5,2034.825874
-7.824661,5,2035.143944
57.44859,7,2035.580391
57.412787,5,2035.938657
-11.459153,4,2036.092729
-8.120501,6,2036.199344
57.706819,5,2036.521147
59.099294,6,2036.684172
-11.347329,4,2036.807038
-11.380591,4,2036.923319
-8.795059,7,2037.139141
59.087542,6,2037.288031
57.964133,5,2037.465145
57.78723,7,2037.607995
57.78954,7,2037.799417
-7.03297,5,2038.411827
57.963396,5,2038.80772
59.091203,6,2038.988347
-9.559306,7,2039.154524
-8.003638,5,2039.309445
57.965464,5,2039.612027
-7.217638,7,2039.958345
-5.912079,6,2040.08716
57.78954,7,2040.278879
-8.06433,5,2040.642781
54.208476,4,2040.863389
-10.938829,4,2041.224572
57.770089,7,2041.366777
54.1927,4,2041.642948
54.024555,4,2041.83284
59.091963,6,2041.972592
-13.517777,3,2042.117863
53.196439,4,2042.29875
59.088255,6,2042.695568
-13.735151,3,2042.796792
54.083493,4,2042.988611
-13.707866,3,2043.089015
-13.686782,3,2043.200521
-7.91559,7,2043.974069
-7.04815,5,2044.106402
57.966386,5,2044.282231
-8.051327,5,2044.624501
57.958779,5,2044.734503
-8.006834,5,2045.010329
-7.020798,6,2045.222333
-11.05991,4,2045.377546
54.216439,4,2045.668258
-7.408612,5,2045.880421
53.208319,8,2046.067132
58.847346,6,2046.209787
-14.55299,3,2046.459741
-11.067006,4,2046.821676
-13.630424,3,2046.965697
59.0837,6,2047.137394
54.216439,4,2047.260257
57.417391,7,2047.440624
-7.375278,6,2047.645219
-7.752903,6,2047.83148
59.095551,6,2048.017685
59.073694,6,2048.198987
57.597941,5,2048.544353
-8.519738,5,2048.72161
-7.032386,5,2049.288356
51.523209,3,2049.735417
58.21147,6,2049.939434
59.07954,6,2050.072269
57.771012,7,2050.666852
-8.557183,5,2051.792557
57.964254,5,2051.979097
57.782709,7,2052.177275
-7.225934,7,2052.463906
57.963757,5,2052.729429
57.78954,7,2053.211555
57.789388,7,2053.637624
-10.783561,4,2053.847324
-11.285319,4,2054.02504
-7.480128,6,2054.233468
57.721686,5,2054.566812
-6.645431,6,2054.667615
57.78954,7,2054.844054
-13.476791,3,2055.102727
-7.857145,5,2055.476897
54.216439,4,2055.817708
-13.744194,3,2055.931433
54.202375,4,2056.091243
57.961896,5,2056.229285
59.085127,6,2056.395196
-8.128732,5,2056.54895
57.7734,7,2056.738281
-8.577913,5,2056.85433
-7.867853,5,2057.042919
59.094904,6,2057.17116
-8.199174,5,2057.375365
57.247717,5,2057.467319
57.96483,5,2057.705198
59.083584,6,2057.790649
58.653025,6,2057.912629
57.962155,5,2058.11571
-10.785193,4,2058.319604
57.771094,5,2058.459876
-8.431157,5,2058.525219
59.079504,6,2058.603795
-8.10177,5,2058.955536
59.079295,6,2059.055797
57.77744,7,2059.162204
-12.413421,4,2059.225425
-11.447634,4,2059.306771
54.216439,4,2059.397496
59.099294,6,2059.489068
56.362223,7,2059.755594
54.216439,4,2059.953764
-7.335659,5,2060.284231
-7.609107,6,2060.517597
-7.202716,6,2060.642929
54.213116,4,2060.818843
-10.783561,4,2061.115042
57.861272,6,2061.223179
-7.689317,6,2061.571045
-7.219719,7,2061.860474
-5.911212,6,2061.947962
-5.908485,6,2062.091284
57.781935,7,2062.545092
57.772199,7,2062.637874
-8.562942,5,2062.718678
-8.315565,5,2062.955374
57.772745,7,2063.074177
-11.458693,4,2063.151417
-7.041139,5,2063.236965
57.772974,7,2063.46703
57.957982,5,2063.57469
-8.249505,5,2063.681341
-13.72156,3,2063.74857
57.953545,5,2063.822382
59.098037,6,2063.931426
-9.774434,7,2064.078546
57.957343,5,2064.159684
59.0867,6,2064.249695
57.655165,5,2064.384751
59.091619,6,2064.493592
53.196302,8,2064.634313
-11.252922,4,2064.707159
59.099006,6,2064.80322
59.085226,6,2064.903836
59.075209,6,2065.069213
-11.049035,4,2065.264402
54.216439,4,2065.440062
57.766362,7,2065.541225
57.952668,5,2065.645233
57.781938,7,2065.725998
-9.358089,7,2066.127639
57.959167,5,2066.337112
57.961418,5,2066.402514
57.778799,7,2066.488933
-11.073227,4,2066.708005
59.092963,6,2066.794183
-11.482748,4,2066.969363
-7.224342,7,2067.098001
-8.420945,5,2067.221976
54.216439,4,2067.402183
57.777381,7,2067.471777
-9.203389,7,2067.743068
-13.870095,8,2067.947655
59.099294,6,2068.055643
58.379147,6,2068.183562
-7.939813,5,2068.524573
53.205623,8,2068.62446
54.195994,4,2068.693403
59.099294,6,2068.810493
-13.686698,3,2068.873518
57.786473,7,2068.986114
-8.387874,5,2069.124101
57.782839,7,2069.228812
57.595903,5,2069.390411
57.78954,7,2069.538126
-14.517092,8,2069.777754
57.960276,5,2069.88343
57.776389,7,2069.964434
57.388688,7,2070.116235
59.099294,6,2070.263794
59.090997,6,2070.372773
57.963343,5,2070.582886
57.773439,7,2070.689969
54.216439,4,2070.85853
54.200783,4,2070.942201
59.079747,6,2071.062627
-8.292453,5,2071.144294
57.779304,7,2071.433159
59.096831,6,2071.542217
57.782631,7,2071.893543
-7.82191,5,2072.092546
57.771746,7,2072.19054
-7.344111,6,2072.313942
57.765094,7,2072.604907
58.461912,6,2072.679496
57.958065,5,2072.759349
-7.040546,5,2072.83642
57.955141,5,2072.910056
-13.476791,3,2073.124897
57.956675,5,2073.210562
59.009877,6,2073.342294
-8.447213,5,2073.459058
59.096803,6,2073.540115
-7.036534,5,2073.935575
57.77433,7,2074.296707
-7.741536,6,2074.423002
-8.550959,5,2074.510372
59.099294,6,2074.629179
59.082154,6,2074.704973
59.098524,6,2074.786114
57.959625,5,2074.853492
-5.918049,6,2074.914423
57.71978,7,2075.025602
-11.535375,4,2075.090835
54.021272,4,2075.386514
-7.223603,7,2075.573678
57.510414,6,2075.830322
59.094248,6,2075.938601
-5.900706,6,2076.001089
-11.311691,4,2076.133299
-8.012565,6,2076.208808
54.196666,4,2076.380693
-13.770204,3,2076.45268
-11.159281,4,2076.543455
57.963651,5,2076.742595
-8.303842,5,2076.867603
-7.802972,6,2077.172975
57.780691,7,2077.273561
53.541869,4,2077.434037
-7.225815,7,2077.501146
57.7814,7,2077.582801
-8.549536,6,2077.799423
54.023329,4,2078.079911
-7.320784,5,2078.320926
53.204853,8,2078.425583
59.090597,6,2078.516248
57.966313,5,2078.600056
57.538126,7,2078.862953
57.64675,5,2079.140567
54.216439,4,2079.268883
-13.733201,3,2079.33747
59.098462,6,2079.414266
-13.488409,3,2079.653794
-11.112524,4,2079.758693
59.099294,6,2079.865716
54.207902,4,2080.045654
-11.537698,4,2080.11288
57.582825,6,2080.362085
-7.960924,5,2080.579003
-7.747983,5,2080.821593
-7.210557,6,2080.953703
-14.378097,3,2081.021197
-13.579803,3,2081.135944
54.204743,4,2081.344842
-11.219559,4,2081.42857
-13.728545,3,2081.493033
59.079992,6,2081.606082
-8.148978,5,2081.710215
-13.63604,3,2081.791841
57.760477,7,2081.870468
-11.820556,8,2082.115928
-8.004435,5,2082.360569
54.216439,4,2082.527621
57.962278,5,2082.707409
-11.012281,4,2082.894559
57.770842,7,2082.985697
-11.149973,4,2083.079657
54.212909,4,2083.171566
-6.754444,6,2083.407359
-13.701909,3,2083.471696
-13.758929,3,2083.535654
-11.357142,4,2083.683248
59.083569,6,2083.79069
56.08949,7,2083.923966
57.77919,7,2084.083528
57.967614,5,2084.204499
57.963147,5,2084.350444
-11.330525,4,2084.484058
-11.57907,4,2084.577318
58.476939,6,2084.706696
57.942938,5,2084.793931
59.098839,6,2084.887607
57.961067,5,2084.975728
57.960184,5,2085.067663
-11.537948,4,2085.142458
57.951412,5,2085.222598
53.195445,8,2085.331607
58.607258,6,2085.440681
-7.77706,5,2085.564457
59.099294,6,2085.685651
-8.165854,5,2085.771819
54.216439,4,2085.858431
-7.761706,6,2086.031562
53.20334,8,2086.121699
-11.496258,4,2086.189304
57.966567,5,2086.3326
56.649372,7,2086.512828
54.008884,4,2086.761432
59.093846,6,2086.882519
54.144018,4,2087.10924
57.778975,7,2087.229699
59.093933,6,2087.345814
-8.305231,5,2087.493644
57.783199,7,2087.750247
56.959701,5,2087.835514
-13.612966,3,2087.927354
57.778931,7,2088.026307
-5.915414,6,2088.164836
53.19382,8,2088.285876
-7.67452,6,2088.467507
-11.332671,4,2088.618672
-14.413525,3,2088.700013
54.209858,4,2088.894745
-7.816817,5,2089.114718
59.099294,6,2089.213429
57.961634,5,2089.411914
53.419184,4,2089.626243
53.210238,8,2089.775049
58.445892,6,2089.958736
-7.597044,5,2090.194342
57.77878,7,2090.299873
59.092906,6,2090.41591
57.957065,5,2090.609901
-13.767725,3,2090.675714
57.944375,5,2090.756323
58.934253,6,2090.919878
57.953809,5,2091.034484
57.782459,7,2091.146082
53.19256,8,2091.243836
54.216439,4,2091.334799
59.093542,6,2091.411804
59.093836,6,2091.472226
57.957266,5,2091.578615
59.089585,6,2091.675895
57.6537,5,2091.782697
58.18932,6,2091.953317
57.79961,6,2092.217394
57.967614,5,2092.461104
54.216439,4,2092.561977
51.641069,8,2092.789119
-13.715221,3,2092.858518
58.617123,6,2092.953944
57.951178,5,2093.026226
57.686389,7,2093.168854
-13.47759,3,2093.260598
53.449574,4,2093.440252
56.928224,7,2093.673781
57.9526,5,2093.746068
-5.900706,6,2093.870631
59.099294,6,2094.027119
57.967614,5,2094.225423
57.78954,7,2094.765522
57.580764,7,2094.996751
-7.243919,7,2095.099595
-8.553666,5,2095.300356
57.482665,7,2095.546508
57.784247,7,2095.929505
59.098432,6,2096.167858
57.781161,7,2096.303571
57.78954,7,2097.123875
53.986982,4,2097.456513
59.0928,6,2097.747544
57.778602,7,2097.9659
57.173406,5,2098.460591
57.967614,5,2098.880023
-11.42919,4,2099.040162
59.095567,6,2099.211989
57.957588,5,2099.350944
59.08973,6,2099.528641
-11.233036,4,2099.674945
-8.697271,7,2100.365687
-11.199833,4,2100.506551
-7.21046,7,2100.630804
-8.159872,5,2100.844492
57.967614,5,2101.156347
57.770944,7,2101.344777
57.967614,5,2101.514577
57.967614,5,2101.695865
59.099294,6,2101.846544
59.09714,6,2101.982744
57.713598,7,2102.833052
59.099294,6,2103.013803
59.097953,6,2103.206712
54.210822,4,2103.381438
57.78954,7,2103.768749
59.099294,6,2103.947267
-11.093167,4,2104.081975
-11.507866,4,2104.186909
-7.460339,5,2104.593714
53.20314,8,2104.834839
57.976601,6,2105.044411
57.958075,5,2105.213675
-8.439309,5,2105.38789
57.788194,7,2105.583564
57.826294,5,2105.733084
57.779489,7,2105.920329
-14.178771,8,2106.504719
54.212261,4,2106.710683
57.132206,7,2106.958158
59.085348,6,2107.124742
57.953344,5,2107.36392
-7.238574,7,2107.510597
57.967614,5,2107.62993
53.192293,8,2107.841113
-11.443643,4,2108.005699
-11.100248,4,2108.380023
58.667769,6,2108.576125
-7.838886,5,2108.741472
-13.476791,3,2108.864246
-11.115843,4,2109.273094
-7.623541,5,2109.483586
-13.737168,3,2109.5978
57.967614,5,2109.727748
-8.241069,5,2109.869362
59.08013,6,2110.102783
54.216439,4,2110.254566
-7.058768,5,2110.40136
57.951442,5,2110.729208
58.667677,6,2110.863313
57.787245,7,2111.050973
57.967614,5,2111.241325
-10.783561,4,2111.455395
-11.375865,4,2111.57714
-6.947367,6,2111.783602
-12.457485,4,2111.922107
-13.617969,3,2112.114706
-7.220487,7,2112.647313
-11.216671,4,2112.784609
54.216439,4,2113.078649
54.216439,4,2113.222215
-11.34589,4,2113.461674
-5.915824,6,2113.740624
53.205715,8,2113.916497
-12.282776,4,2114.048944
-5.913218,6,2114.301272
57.967614,5,2114.414363
-11.264771,4,2114.538614
-13.476791,3,2114.834063
45.97855,9,2115.078361
-9.989769,7,2115.23917
59.095676,6,2115.395799
-8.57759,5,2115.547663
-11.433157,4,2115.674853
57.95719,5,2115.844679
-11.069904,4,2116.18218
51.980572,8,2117.613387
-7.395439,6,2117.977142
57.785353,7,2118.20154
59.087573,6,2118.381251
58.645739,6,2118.587395
-8.050067,5,2118.878381
57.963481,5,2118.995942
-13.702673,3,2119.1112
45.968854,9,2119.368274
57.967614,5,2119.539386
57.964883,5,2119.738563
57.964766,5,2119.86042
-13.735033,3,2120.005214
54.216439,4,2120.277137
57.785121,7,2120.452558
-13.506659,3,2120.579352
-7.266096,5,2121.145809
54.214741,4,2121.269469
59.094747,6,2121.42547
-7.692105,5,2121.759714
57.08939,5,2122.129208
57.431951,5,2122.294969
59.097275,6,2122.466511
-8.034695,6,2122.894094
59.099294,6,2123.070805
59.086171,6,2123.223776
59.085346,6,2123.34923
-7.211711,6,2123.682663
54.207898,4,2123.953185
-13.707117,3,2124.119313
-8.054563,5,2124.516657
58.14407,6,2124.80684
57.943538,5,2124.907356
-5.917933,6,2125.006281
-5.927314,6,2125.10313
59.099294,6,2125.518815
-13.476791,3,2125.694821
-13.598585,3,2125.809149
57.967614,5,2125.980517
59.092023,6,2126.198587
57.962105,5,2126.463447
57.967614,5,2126.823167
57.258933,5,2127.123102
-8.232064,5,2127.254483
54.200125,4,2127.543349
58.581346,6,2127.845829
57.953783,5,2127.977068
59.088764,6,2128.11387
58.686544,6,2128.314706
-13.659115,3,2128.438643
57.775837,7,2128.652702
-7.513443,6,2129.024742
56.624241,5,2129.304449
-13.618145,3,2129.421377
57.952946,5,2129.620123
-7.224738,7,2129.759382
57.965396,5,2129.904774
56.951265,7,2130.124804
58.482224,6,2130.3289
-11.570207,4,2130.438705
-7.910093,6,2130.673499
-13.71336,3,2130.788707
57.967614,5,2130.960859
-13.491962,3,2131.13364
45.970312,9,2131.556526
-7.599241,5,2131.775858
57.967614,5,2131.967194
57.95385,5,2132.11956
54.216439,4,2132.437665
54.216439,4,2132.581665
57.96581,5,2132.742
53.191221,8,2132.912465
-11.527656,4,2133.028569
59.092753,6,2133.172154
57.80729,6,2133.339123
57.963278,5,2133.469642
59.099052,6,2133.698611
57.95626,5,2134.086904
53.212171,8,2134.256795
57.613562,5,2134.418862
57.967614,5,2134.617234
59.071572,6,2134.750539
53.967307,4,2134.94112
53.193892,8,2135.46709
-5.900706,6,2135.718548
57.967614,5,2135.913433
57.776812,7,2136.73061
-13.476791,3,2136.871764
59.07373,6,2137.109458
57.94719,5,2137.245139
-7.711875,5,2137.439342
59.099294,6,2137.631777
57.667363,7,2137.795471
57.576303,5,2138.044078
-13.560523,3,2138.216711
-8.055342,6,2138.355705
-7.480765,6,2138.746403
59.099294,6,2138.875319
57.967614,5,2139.086559
57.964698,5,2139.269021
57.95957,5,2139.44569
-7.993021,5,2139.554892
-13.566901,3,2139.67276
-11.232175,4,2139.792179
58.13738,6,2139.906045
-11.256793,4,2140.125733
59.092213,6,2140.279888
-7.362266,5,2140.65867
59.088019,6,2140.837283
57.86976,5,2141.038634
53.18903,8,2141.20722
-7.611962,5,2141.4102
59.089811,6,2141.581809
57.956555,5,2141.699994
57.956568,5,2141.82029
57.671157,5,2142.071539
54.216439,4,2142.285309
54.216439,4,2142.416456
-8.479218,5,2142.541367
57.967614,5,2142.953994
-13.476791,3,2143.087459
54.216439,4,2143.351823
-7.799382,5,2143.66274
54.216439,4,2143.928011
-5.927456,6,2144.188974
-13.633557,3,2144.354262
57.496088,5,2144.528617
-7.045433,5,2144.683788
59.096621,6,2144.852182
54.210646,4,2145.120085
57.57217,7,2145.301316
57.955666,5,2145.419164
-13.476791,3,2145.544338
-11.506035,4,2145.693203
57.967614,5,2145.901916
54.211373,4,2146.061893
-8.327389,7,2146.781665
57.878453,5,2146.973003
59.096472,6,2147.161356
53.210721,8,2147.612024
-7.845079,5,2148.007486
57.786183,7,2148.542332
57.405157,5,2148.869837
-7.469612,6,2149.08565
53.208995,8,2149.308005
59.093055,6,2149.445875
-9.632891,7,2149.620337
-11.548224,4,2149.74103
54.210968,4,2150.05102
-7.804155,5,2150.440946
-7.6303,5,2150.654849
59.09118,6,2150.877599
59.095968,6,2151.116001
-14.548652,3,2151.226859
59.082802,6,2151.46038
57.776653,7,2151.680904
-5.906841,6,2152.007357
-7.340414,6,2152.263221
-7.897679,6,2152.561689
59.090496,6,2152.709337
59.094414,6,2152.912024
-11.591159,4,2153.026906
57.773952,7,2153.164564
59.096845,6,2153.318011
-13.488127,3,2153.625907
-8.458696,5,2153.841466
57.252832,5,2154.13099
59.097924,6,2154.329445
-11.803561,4,2154.617653
-8.155064,5,2154.747877
-7.933342,6,2154.903185
-7.735897,6,2155.353175
59.098944,6,2155.773329
-13.775039,3,2155.904198
57.772393,7,2156.090472
-13.476791,3,2156.213888
54.208545,4,2156.357913
59.082713,6,2156.516202
59.087837,6,2156.753793
54.01199,4,2156.940486
-8.584399,5,2157.054253
-13.644578,3,2157.165393
-13.691329,3,2157.310224
54.216439,4,2157.743949
-11.440891,4,2157.857001
-7.534623,5,2158.25391
-11.505618,4,2158.403223
59.095903,6,2158.526005
-8.176544,5,2158.894613
-8.601844,5,2159.080235
-7.455594,6,2159.294907
-13.488052,3,2159.606203
-11.110248,4,2159.712529
-13.775436,3,2159.822202
-7.400608,6,2159.977365
-13.727511,3,2160.108893
59.090848,6,2160.319634
-7.796712,6,2160.685931
59.089094,6,2160.917081
-11.213488,4,2161.058186
59.099294,6,2161.249375
57.967095,5,2161.542458
59.008886,6,2161.741232
-13.476791,3,2161.859929
59.067522,6,2162.05127
-11.799353,8,2162.884019
-8.603377,5,2162.989199
53.462596,4,2163.277932
57.481223,5,2163.434808
59.089376,6,2163.560251
57.78954,7,2163.765568
59.086469,6,2164.029425
57.787632,7,2164.55164
57.955704,5,2164.693981
59.099294,6,2164.919775
-7.467405,6,2165.160551
-13.679774,3,2165.273247
-7.472907,5,2165.715549
-8.018961,5,2166.083778
57.230057,6,2166.707997
57.784741,7,2166.92526
59.099294,6,2167.229117
53.194217,8,2167.511578
56.200014,7,2168.027914
-11.084749,4,2168.199428
59.082882,6,2168.377609
-8.481423,5,2168.593036
57.962098,5,2168.857649
-11.405639,4,2169.174742
57.961824,5,2169.312635
59.091523,6,2169.485419
59.092459,6,2169.674095
57.373243,7,2169.869472
-13.685565,3,2170.006202
54.203421,4,2170.133238
57.779932,7,2170.316666
-7.689098,5,2170.528419
54.216439,4,2170.706435
59.090906,6,2170.917096
54.216439,4,2171.202585
57.967299,5,2171.351697
54.211962,4,2171.65718
57.967614,5,2171.870253
-13.579339,3,2172.002211
59.085724,6,2172.236315
-8.528669,5,2172.398139
-13.476791,3,2172.772627
-8.166661,5,2172.91092
59.088594,6,2173.06185
-13.534642,3,2173.319613
53.294791,4,2173.644342
-8.048789,5,2173.817799
59.099294,6,2174.054518
-11.460356,4,2174.198007
57.237813,5,2174.432906
53.20129,8,2174.679357
57.957137,5,2174.826911
-7.480894,6,2174.990571
58.417438,6,2175.196916
57.328158,5,2175.589442
-11.302783,4,2175.876731
-8.340157,5,2176.025337
53.186741,8,2176.207569
57.898016,5,2176.444468
54.216439,4,2176.746514
-11.023184,4,2177.105271
57.967614,5,2177.214959
57.805341,5,2177.350291
59.094653,6,2177.519048
57.959323,5,2177.683468
56.58203,7,2178.11853
-11.314797,4,2178.320119
54.210847,4,2178.652478
-11.158776,4,2179.000388
59.099294,6,2179.113132
59.090651,6,2179.254286
59.073928,6,2179.421281
57.578825,5,2179.706554
-13.667172,3,2179.821541
-6.983215,6,2180.203853
-13.702563,3,2180.36072
57.783856,7,2180.571282
57.967614,5,2180.731062
57.956956,5,2181.051007
-8.413526,5,2181.42552
57.93939,5,2181.579592
-11.498945,4,2181.695027
-13.476791,3,2181.96616
-5.900706,6,2182.104337
59.09004,6,2182.400039
57.777755,7,2182.577545
57.957912,5,2182.700931
-11.25029,4,2182.834093
-7.03872,5,2183.398603
-10.943551,4,2183.528033
-10.784736,4,2183.907135
57.764879,7,2184.035238
-8.121266,7,2184.370635
57.96324,5,2184.594784
54.216439,4,2184.783373
59.083397,6,2184.951289
-9.81566,7,2185.2465
-11.175833,4,2185.570674
-11.39183,4,2185.694408
-8.565967,5,2185.891883
-8.583353,5,2186.041986
54.212014,4,2186.28086
-5.920246,6,2186.456887
-7.711165,6,2187.102669
57.957905,5,2187.248515
54.216439,4,2187.431179
59.017383,6,2187.637018
59.083426,6,2187.817844
-12.017797,8,2188.404953
53.212956,8,2188.778653
57.279199,5,2189.086799
59.099294,6,2189.257489
59.099294,6,2189.435863
57.777949,7,2189.600156
-11.565304,4,2189.714997
-6.418179,6,2190.27147
-11.532666,4,2190.380356
57.7861,7,2190.613793
56.441942,7,2191.026664
-13.768076,3,2191.151351
57.775459,7,2191.307404
57.78954,7,2191.485924
-5.92243,6,2191.636764
53.212614,8,2191.919664
-8.245224,5,2192.081631
-7.67257,6,2192.291128
57.954522,5,2192.457168
59.091624,6,2192.586447
-11.797245,8,2192.980982
59.078023,6,2193.1237
-8.431825,5,2193.301041
-8.451251,5,2193.4438
-14.313696,3,2193.558973
56.719481,7,2193.838244
59.080392,6,2194.023152
-5.907491,6,2194.261494
57.77212,7,2194.4884
57.364131,5,2194.721943
-13.483894,3,2194.907133
57.685779,5,2195.04477
57.967614,5,2195.222247
59.099294,6,2195.411997
59.068033,6,2195.551125
-13.594677,3,2195.747625
59.096753,6,2195.885889
53.197776,8,2196.057146
54.213308,4,2196.222335
57.962502,5,2196.44121
54.213146,4,2196.705354
-11.606294,4,2196.824074
-9.196701,7,2197.040874
-11.0288,4,2197.352958
-11.355943,4,2197.601817
59.089757,6,2197.843225
59.099294,6,2198.108459
57.967614,5,2198.270188
54.216439,4,2198.42191
57.153994,7,2198.556298
-9.207096,7,2198.787048
-13.519609,3,2198.959743
57.964342,5,2199.133606
-13.479263,3,2199.251143
57.859076,5,2199.387919
57.967614,5,2199.566497
-7.995054,5,2199.905229
-7.666752,5,2200.032037
-7.363573,6,2200.24821
-11.27288,4,2200.471126
57.963109,5,2200.624497
-5.900706,6,2200.872355
57.967614,5,2201.048994
-12.001782,4,2201.170729
-6.847894,6,2201.44425
-8.389012,5,2201.664763
57.771224,7,2201.810262
54.216439,4,2202.116138
57.516699,7,2202.352403
57.954076,5,2202.537161
-13.476791,3,2202.654815
-11.2339,4,2202.78256
-8.145999,5,2203.350531
-8.359834,5,2203.470947
-7.830986,5,2203.892214
59.092872,6,2204.014123
55.869178,7,2204.30613
-8.465375,5,2204.483313
-8.586027,5,2205.657342
-5.912613,6,2205.846761
-13.662287,3,2206.015047
-10.783561,4,2206.263058
57.967614,5,2206.487766
59.08506,6,2206.676966
54.202234,4,2206.967561
-11.331398,4,2207.122437
57.966358,5,2207.246278
-7.940368,5,2207.571052
57.779642,7,2207.744131
-12.174817,4,2207.880587
57.957993,5,2208.005049
-13.650592,3,2208.14763
-7.928182,5,2208.476666
57.967283,5,2208.595436
54.213478,4,2208.74522
57.777647,7,2208.984559
57.747654,7,2209.366481
-7.273128,6,2209.591483
-11.181,4,2209.978997
-5.911354,6,2210.087244
-13.501491,3,2210.210419
57.778277,7,2210.348487
59.028094,6,2210.480996
-13.78786,3,2210.594581
57.964862,5,2210.716544
54.204878,4,2211.013743
-14.232745,3,2211.148617
-13.753825,3,2211.267273
59.097077,6,2211.464582
59.099294,6,2211.652569
-13.777035,3,2211.772485
-7.655442,5,2212.000089
57.75022,7,2212.257498
-7.861664,6,2212.56419
-7.046321,5,2212.700671
57.960701,5,2212.874855
59.084569,6,2213.000068
-13.476791,3,2213.115829
57.766315,7,2213.270521
58.958408,6,2213.474308
52.42158,4,2213.838864
54.21405,4,2213.992382
-11.456262,4,2214.105616
59.088214,6,2214.308582
59.09431,6,2214.438091
53.198855,8,2214.892032
59.099294,6,2215.141353
-5.909847,6,2215.400971
59.096673,6,2215.581126
59.085403,6,2215.738024
-5.907566,6,2215.977833
-13.627539,3,2216.094464
57.967614,5,2216.225043
57.781713,7,2216.422583
59.088193,6,2216.60537
57.568516,5,2216.864199
-5.9125,6,2217.083804
-7.036582,5,2217.211564
57.967614,5,2217.388413
57.729378,5,2217.666692
57.947134,5,2217.807307
-7.849153,5,2218.1305
57.87279,5,2218.472714
59.09859,6,2218.634895
54.191422,4,2218.952545
-5.918224,6,2219.095243
-14.496827,3,2219.212302
57.961507,5,2219.334637
59.08145,6,2219.505673
-5.912093,6,2219.776447
57.967467,5,2219.930137
-8.134734,6,2220.15918
-7.080369,6,2220.541868
-11.56518,4,2220.654436
54.083331,4,2220.981617
-13.476791,3,2221.389524
-8.289916,5,2221.59013
-13.4844,3,2221.718778
54.19133,4,2221.988545
59.088382,6,2222.226878
53.135086,4,2222.498633
59.099294,6,2222.797383
-7.316819,6,2223.052879
-11.196381,4,2223.237633
59.082665,6,2223.410907
-5.923284,6,2223.75263
54.206754,4,2224.077622
57.783633,7,2224.303191
57.967614,5,2224.530221
59.083842,6,2224.752074
54.215847,4,2224.941868
-11.336666,4,2225.068373
53.204973,8,2225.34935
56.539442,7,2225.70064
54.216439,4,2225.844847
57.960779,5,2226.04772
57.78477,7,2226.761517
53.192367,8,2227.037646
-11.218178,4,2227.214266
59.093861,6,2227.410784
-13.481227,3,2227.532787
57.774796,7,2228.040312
57.901041,5,2228.201979
54.203865,4,2228.446409
57.211107,5,2228.658342
-7.693585,5,2228.805634
59.089522,6,2228.899433
-11.57013,4,2228.975581
57.769198,7,2229.135956
-7.229118,7,2229.337647
-11.458934,4,2229.442405
57.785862,7,2229.943403
-7.700367,6,2230.177548
57.957326,5,2230.36925
58.190091,6,2230.636781
53.206945,8,2230.788905
-8.173754,6,2230.893108
57.777449,7,2231.003011
57.96622,5,2231.095018
-7.480744,6,2231.18042
57.776857,7,2231.300724
54.216439,4,2231.40104
-11.110706,4,2231.612744
57.967614,5,2231.719111
59.088224,6,2231.870352
57.964678,5,2231.9873
-8.083128,6,2232.088707
56.229972,7,2232.342204
58.904517,6,2232.497934
-14.006369,8,2232.620494
57.959275,5,2232.723532
-11.129896,4,2232.956409
57.957644,5,2233.128854
56.782262,7,2233.396247
-9.051502,7,2233.534668
-13.58126,3,2233.616894
57.702346,5,2233.722046
57.963649,5,2233.848213
59.098884,6,2233.959206
-13.614723,3,2234.029754
-13.4875,3,2234.221186
57.36617,5,2234.443057
-11.224614,4,2234.527079
-9.196469,7,2234.660416
59.095331,6,2234.771537
59.097812,6,2234.853771
-8.509784,5,2234.938105
59.095121,6,2235.105633
59.076666,6,2235.207666
-13.476791,3,2235.401096
54.215886,4,2235.490445
59.087438,6,2235.604816
-5.906714,6,2235.787643
59.092489,6,2235.879171
-11.192482,4,2235.958571
57.963274,5,2236.033524
57.967614,5,2236.230711
-11.3467,4,2236.364397
-13.476791,3,2236.460556
-8.506026,5,2236.555129
-7.679426,6,2236.813354
-8.219132,6,2236.888254
-13.485655,3,2237.008704
59.099294,6,2237.132936
-7.903709,5,2237.481469
57.95947,5,2237.571986
53.396034,4,2237.669467
58.74001,6,2237.825202
-13.759583,3,2237.891668
-8.729566,5,2237.963278
57.961,5,2238.06994
-7.934228,6,2238.252295
59.089294,6,2238.36569
58.36192,6,2238.516743
-6.858737,6,2238.74861
57.773572,7,2238.858079
-11.042176,4,2238.9448
-7.033274,5,2239.342649
59.096967,6,2239.447422
59.099294,6,2239.598731
-8.152324,5,2239.714674
-7.032386,5,2239.985883
57.967614,5,2240.22968
-8.512205,5,2240.32777
58.389735,6,2240.453673
59.09908,6,2240.570862
59.099294,6,2240.7244
57.36749,6,2241.052538
54.212242,4,2241.154542
-7.812754,5,2241.358832
-13.744036,3,2241.430916
-7.225641,7,2241.493764
54.210897,4,2241.61341
-8.178194,6,2241.740076
-13.587893,3,2241.864921
-7.613512,5,2241.993197
59.099294,6,2242.143018
-11.797821,8,2242.437198
-11.155603,4,2242.574967
57.706101,5,2242.691114
-8.010633,5,2242.791035
57.604652,5,2242.911888
59.076893,6,2243.002043
-11.574287,4,2243.0732
-9.894424,7,2243.31973
57.964272,5,2243.40077
-8.45471,5,2243.54909
57.957675,5,2243.623714
52.842314,8,2243.779164
-7.950203,5,2244.007262
53.189196,8,2244.124751
-11.505941,4,2244.190776
59.098323,6,2244.314713
57.955297,5,2244.39065
57.963637,5,2244.58534
59.099294,6,2244.736103
54.022858,4,2245.05638
-5.910125,6,2245.231758
-13.476791,3,2245.612629
-11.488957,4,2245.941872
59.099294,6,2246.150054
53.202839,8,2246.362599
-13.54538,3,2246.4993
59.088191,6,2246.743899
-13.738286,3,2246.850145
-8.442308,5,2246.9626
59.079945,6,2247.104566
59.099294,6,2247.235814
57.943644,5,2247.357396
-11.361063,4,2247.479079
-13.476791,3,2247.794723
58.447011,6,2247.977903
54.213508,4,2248.107235
-7.370409,5,2248.62115
-7.202599,6,2248.942203
59.098813,6,2249.083009
57.889297,5,2249.257964
59.097795,6,2249.41489
51.837447,8,2249.905773
-13.492899,3,2250.183583
-11.245711,4,2250.547419
-11.575178,4,2250.675557
-13.764853,3,2250.787886
59.091956,6,2251.037669
-10.029041,7,2251.258127
59.086844,6,2251.549263
57.767104,5,2251.818204
57.964542,5,2252.052581
57.962706,5,2252.376102
-13.476791,3,2252.694342
57.252624,7,2252.929414
57.962852,5,2253.083777
57.967614,5,2253.433787
-13.580918,3,2253.577123
-7.814397,5,2254.009304
57.699879,5,2254.172635
-8.266152,5,2254.258282
57.967614,5,2254.385001
-7.422331,6,2254.533234
-13.483657,3,2254.734212
-11.280577,4,2254.872611
-13.503331,3,2255.16909
-11.360879,4,2255.251039
57.221634,5,2255.448322
57.967614,5,2255.5591
-13.538275,3,2255.703002
-8.03813,5,2255.807641
57.958651,5,2255.872236
57.956232,5,2255.997658
-8.315855,5,2256.111795
-11.523078,4,2256.211154
-13.476791,3,2256.442753
57.772132,7,2256.539408
57.780112,7,2256.626541
57.967582,5,2256.773135
53.020787,8,2257.029138
57.967614,5,2257.110927
59.093915,6,2257.184821
57.780093,7,2257.454902
54.207015,4,2257.549036
57.706208,6,2257.81102
53.187734,8,2257.92654
-8.227755,6,2258.036111
57.58527,5,2258.156277
57.967614,5,2258.280267
-11.432846,4,2258.375054
57.619689,5,2258.464055
57.77797,7,2258.561805
-8.301374,5,2258.698023
57.622418,6,2259.028324
-14.340776,3,2259.117841
54.216439,4,2259.28544
51.523209,3,2259.398415
-11.116738,4,2259.593433
-13.705128,3,2259.662631
-12.258223,4,2259.760255
-11.421515,4,2259.855392
-13.669437,3,2259.924491
54.213394,4,2260.02117
-11.144391,4,2260.213774
57.967614,5,2260.375378
-11.408058,4,2260.457479
58.730129,6,2260.591137
59.097304,6,2260.679812
-7.928884,6,2260.765616
57.78954,7,2260.917259
-8.116525,5,2261.087836
-13.600987,3,2261.224508
57.723241,5,2261.40481
-11.578566,4,2261.474421
57.967614,5,2261.604446
-10.020794,7,2261.714123
-14.439913,8,2261.848877
-7.708737,5,2262.091041
58.344283,6,2262.311643
-8.155805,5,2262.426385
-12.205422,4,2262.499814
-11.093493,4,2262.767113
-7.389875,6,2262.944844
-7.77486,5,2263.081407
59.099294,6,2263.242487
53.199179,8,2263.397586
57.772045,7,2263.497414
57.958021,5,2263.567004
59.08675,6,2263.644849
59.083412,6,2263.71244
57.967614,5,2263.915472
-8.076599,5,2264.039851
-8.379495,5,2264.157138
57.774295,7,2264.257283
54.163311,4,2264.434354
-8.465315,7,2264.671187
57.770178,7,2265.174575
45.975409,9,2265.287468
-11.556871,4,2265.358864
-11.109864,4,2265.430461
-14.349287,3,2265.497699
58.471295,6,2265.624955
-13.551306,3,2265.704822
-7.508328,6,2265.805963
-6.740813,6,2266.128288
59.092336,6,2266.213099
-11.065067,4,2266.416072
-8.282496,5,2266.56727
54.209503,4,2266.748859
53.208405,8,2266.877206
-9.552909,7,2266.954332
57.776384,7,2267.069111
-8.233094,5,2267.313648
57.784482,7,2267.412294
55.801115,7,2267.750581
-10.96771,4,2267.944242
-13.533113,3,2268.064148
-13.60975,3,2268.18584
-7.852937,6,2268.504054
-7.498243,6,2268.608243
57.769563,7,2268.721392
-8.513462,7,2268.955857
-8.263217,5,2269.143814
-11.312772,4,2269.268464
-13.476791,3,2269.494434
59.089732,6,2269.621224
-11.374288,4,2269.730441
57.967614,5,2269.848071
57.547802,6,2270.050121
-7.21046,7,2270.442548
54.216439,4,2270.536289
56.671493,7,2270.717695
-11.023366,4,2270.805333
57.424338,5,2271.088301
-7.89544,6,2271.194916
-13.571724,3,2271.285232
57.965134,5,2271.471854
59.097859,6,2271.58004
58.513399,6,2271.793328
51.657381,8,2272.069161
-8.407293,5,2272.188167
-8.244889,5,2272.269499
-8.54959,5,2272.378496
58.129948,6,2272.626746
-7.802902,5,2272.847775
57.332931,5,2273.039534
58.559461,6,2273.140309
57.78611,7,2273.213044
-13.481895,3,2273.283771
-13.573461,3,2273.46227
-11.209963,4,2273.545517
-9.742974,7,2273.68276
57.967614,5,2273.908984
-8.269869,5,2274.040367
54.216439,4,2274.223469
-13.737504,3,2274.291705
58.66089,6,2275.139951
57.278498,5,2275.257705
57.293445,5,2275.446342
54.216439,4,2275.639242
-13.775753,3,2275.738083
58.243637,6,2276.015056
58.279097,6,2276.15159
-8.484428,5,2276.240067
-7.032386,5,2276.594018
57.765938,7,2276.669137
-7.673854,5,2276.800492
-10.955573,4,2276.934846
59.099294,6,2277.09458
57.959273,5,2277.203196
57.676873,7,2277.356617
59.084643,6,2277.480125
-8.492334,5,2277.596799
-13.476791,3,2277.773555
-11.568904,4,2277.845395
53.200815,8,2277.950134
-11.180669,4,2278.039398
57.78954,7,2278.194774
-8.28548,5,2278.27416
57.427395,5,2278.519423
57.588121,5,2278.699047
57.78954,7,2278.815699
-11.452589,4,2278.91591
57.960988,5,2279.005453
59.080463,6,2279.149945
-7.032772,5,2279.267053
54.205717,4,2279.468884
-8.216589,5,2279.555902
54.2057,4,2279.735914
57.963249,5,2279.866844
59.092741,6,2280.029051
-7.220954,7,2280.346411
-7.897244,5,2280.454891
57.959234,5,2280.550605
54.215677,4,2280.703982
59.08867,6,2280.825188
57.777834,7,2280.945076
-11.336266,4,2281.105039
-7.220715,7,2281.417611
59.080452,6,2281.524768
-5.918062,6,2281.620129
57.95676,5,2281.726269
-5.901092,6,2281.853273
57.24009,5,2282.012617
59.090532,6,2282.176147
-11.163997,4,2282.476443
54.210831,4,2282.664181
-13.487379,3,2282.773439
53.203347,8,2282.88479
-8.216868,5,2282.989092
-11.513698,4,2283.093594
-13.893056,8,2283.361614
57.544183,5,2283.573293
-8.153764,5,2283.661421
59.092375,6,2283.770406
54.206309,4,2283.885843
57.866304,5,2284.035759
57.967614,5,2284.157499
57.78954,7,2284.313239
-7.458801,6,2284.5397
59.088929,6,2284.621911
58.957839,6,2284.779231
-8.256643,6,2284.888382
57.958871,5,2284.99422
54.093422,4,2285.094355
57.779683,7,2285.442209
54.188658,4,2285.617055
-8.595957,5,2285.689152
54.208423,4,2285.873757
56.764079,7,2286.005724
57.316117,5,2286.11687
57.967614,5,2286.292764
-11.204079,4,2286.371855
54.216439,4,2286.576159
-13.556188,3,2286.667893
59.096343,6,2286.793743
-13.675538,3,2286.900009
59.088513,6,2286.978829
56.616243,7,2287.09396
-13.714601,3,2287.165788
59.095293,6,2287.284884
57.785895,7,2287.467608
57.967614,5,2287.660366
-7.749558,5,2287.79572
59.099294,6,2287.873312
-11.232812,4,2287.961843
-11.566088,4,2288.032665
-13.544646,3,2288.119794
-8.2411,5,2288.258999
57.55496,5,2288.357772
57.771004,7,2288.624962
57.804321,5,2288.817699
54.216439,4,2288.98484
59.099294,6,2289.142985
59.099294,6,2289.266135
57.963686,5,2289.339243
-7.796485,6,2289.577096
54.216439,4,2289.678049
57.776629,7,2289.933691
59.096751,6,2290.064318
57.967244,5,2290.262029
-11.472527,4,2290.365386
-13.57925,3,2290.449206
-7.929973,6,2290.589188
57.572433,5,2290.880192
-11.224038,4,2291.00504
57.777715,7,2291.119349
-11.35018,4,2291.274681
57.338116,7,2291.439404
57.957023,5,2291.544958
54.210049,4,2291.755264
57.963929,5,2291.867872
57.961512,5,2291.954281
-11.416059,4,2292.024805
-7.278925,6,2292.249758
-14.554396,3,2292.331015
45.9804,9,2292.44781
-11.410453,4,2292.559649
59.09623,6,2292.663842
-11.301638,4,2292.752155
59.079485,6,2292.836903
58.781103,6,2292.968618
-11.289386,4,2293.092992
58.625721,6,2293.395458
59.085153,6,2293.536976
59.094603,6,2293.664844
-7.042708,5,2293.750147
57.958426,5,2293.865106
-11.534248,4,2294.088302
57.779662,7,2294.259132
57.5993,6,2294.599458
57.650192,5,2294.78514
57.967614,5,2294.890314
-7.938054,5,2295.126158
59.088245,6,2295.247385
-10.978177,4,2295.532471
59.093518,6,2295.617078
-11.005788,4,2295.862529
54.216439,4,2296.069356
-7.970994,5,2296.142006
59.090054,6,2296.267387
57.779115,7,2296.384051
57.967614,5,2296.485554
54.157375,4,2296.662512
57.955409,5,2296.86524
59.098808,6,2296.959382
59.099294,6,2297.047556
-13.486329,3,2297.167803
-7.743924,6,2297.267074
59.093069,6,2297.363287
-13.738415,3,2297.438011
-13.700267,3,2297.51563
54.216439,4,2297.610175
-11.491475,4,2297.680775
-13.746856,3,2297.753546
57.775727,7,2297.869312
59.092433,6,2297.98898
53.19129,8,2298.164725
-8.073429,5,2298.248847
-11.23143,4,2298.377023
57.959612,5,2298.560404
-11.482191,4,2298.634014
-8.19673,6,2298.783835
-13.709569,3,2298.859923
59.099294,6,2298.962036
57.782797,7,2299.079691
54.213318,4,2299.157309
-10.783561,4,2299.402096
-5.917254,6,2299.497236
54.098149,4,2299.601799
59.085089,6,2299.701951
-7.857074,6,2299.9371
-8.132486,5,2300.027973
-11.537659,4,2300.100072
57.706879,5,2300.20889
-8.155272,5,2300.309897
54.216439,4,2300.419558
-6.577569,6,2300.523037
-11.500535,4,2300.708197
57.390141,7,2300.953573
-11.507683,4,2301.050759
-8.0799,5,2301.251839
59.087037,6,2301.333454
59.091462,6,2301.425081
57.76587,7,2301.510673
-7.032386,5,2301.882843
-11.55018,4,2301.955118
57.772934,7,2302.03663
53.199012,8,2302.198818
57.778273,7,2302.355028
57.78954,7,2302.512225
-11.421096,4,2302.622414
59.098348,6,2302.732632
-7.032386,5,2303.084224
-8.278394,5,2303.219913
57.955716,5,2303.308188
57.96417,5,2303.490192
59.099294,6,2303.563822
58.027235,6,2303.741465
-7.230828,7,2303.81462
59.081092,6,2303.909771
-11.477604,4,2304.008569
57.962425,5,2304.183917
57.967614,5,2304.285139
59.097746,6,2304.404381
59.083533,6,2304.484687
-7.60613,5,2304.624993
57.775291,7,2304.728162
-8.183232,5,2304.920201
-13.623332,3,2304.994814
-8.326354,5,2305.096628
51.517247,3,2305.271087
57.335547,7,2305.38592
-8.296571,5,2305.472541
57.78954,7,2305.589319
57.165398,5,2305.692973
54.213556,4,2305.78813
-13.746533,3,2305.857234
57.956128,5,2305.940164
53.981566,4,2306.10726
59.089142,6,2306.212281
59.091894,6,2306.368573
58.847466,6,2306.546845
57.957666,5,2306.627958
59.08999,6,2306.717322
-13.515725,3,2306.801198
-9.259849,7,2306.999817
-13.739465,3,2307.072402
57.967614,5,2307.150513
-7.221509,7,2307.670846
53.205987,8,2307.787796
59.096353,6,2307.895951
-8.029042,6,2308.026143
52.74893,8,2308.232393
57.956206,5,2308.33809
-13.720112,3,2308.410691
-13.755331,3,2308.484798
57.955326,5,2308.560635
59.099294,6,2308.68232
57.772121,7,2308.783961
57.088106,5,2309.134394
-11.338981,4,2309.263421
59.094509,6,2309.380238
57.961814,5,2309.5697
57.779307,7,2310.071474
-10.943177,4,2310.306459
54.216439,4,2310.504379
54.216439,4,2310.621424
57.7769,7,2310.722599
57.783082,7,2310.810784
-8.276386,5,2310.892435
57.881772,6,2311.096927
59.099294,6,2311.197767
-7.038449,5,2311.652367
57.955734,5,2311.78502
54.009719,4,2311.93038
57.96418,5,2312.044675
53.179442,8,2312.221412
57.784349,7,2312.71048
57.491931,5,2312.885995
59.083912,6,2313.007758
59.092902,6,2313.099857
-13.623588,3,2313.186014
59.08822,6,2313.302388
59.088706,6,2313.423823
-11.214969,4,2313.519224
57.787963,7,2313.635879
-11.280907,4,2313.747381
56.75249,5,2313.87128
59.088825,6,2313.984315
-11.131592,4,2314.084862
-13.608777,3,2314.207027
57.785394,7,2314.332223
-8.296747,5,2314.464145
-13.593272,3,2314.542785
-10.962687,4,2314.735741
-7.409328,6,2314.963213
-6.6657,6,2315.028809
-7.811911,5,2315.117926
-10.788109,4,2315.452916
-11.498353,4,2315.536074
-6.811171,6,2315.676917
-8.123073,5,2315.924483
57.963888,5,2316.036372
-5.915952,6,2316.100984
59.088382,6,2316.208594
-13.476791,3,2316.282815
59.099218,6,2316.406506
-13.476791,3,2316.578635
-5.902505,6,2316.669884
-8.254317,5,2316.795534
57.966003,5,2316.921609
57.815079,5,2317.140964
-8.314635,5,2317.279214
57.965424,5,2317.467707
58.815434,6,2317.583731
59.084465,6,2317.711132
58.577617,6,2317.883507
59.087325,6,2317.988637
57.953895,5,2318.0967
57.781121,7,2318.217379
53.191777,8,2318.315008
-7.044614,5,2318.399299
-7.047635,5,2318.483433
57.778806,7,2318.604393
-7.042799,5,2318.969614
59.099294,6,2319.086974
57.964831,5,2319.199544
59.094897,6,2319.314712
59.094909,6,2319.393447
57.352557,5,2319.616645
-9.898055,7,2319.742836
-13.757872,3,2319.848617
59.090125,6,2319.969524
-7.735725,5,2320.193996
59.095068,6,2320.279754
-7.037115,5,2320.368868
-7.960139,5,2320.445186
-7.596954,6,2320.575007
57.894338,6,2320.839873
57.214939,5,2321.024256
54.122834,4,2321.169709
57.779509,7,2321.296333
54.216439,4,2321.420411
57.774161,7,2321.53658
-7.580812,6,2321.774941
58.222267,6,2321.98827
59.095281,6,2322.122635
57.37778,7,2322.235838
59.098239,6,2322.347201
57.778949,7,2322.842619
57.964172,5,2322.93646
57.500798,5,2323.043407
57.878691,5,2323.160589
53.201474,8,2323.279301
57.967614,5,2323.533562
57.959593,5,2323.607924
-13.6724,3,2323.707568
-8.183473,5,2323.783065
-7.589383,6,2324.010036
-8.063708,5,2324.251816
57.435223,7,2324.362462
57.958224,5,2324.439137
57.959865,5,2324.544541
-14.330875,3,2324.617261
59.088245,6,2324.773196
57.953864,6,2325.053097
-8.561306,5,2325.165963
-8.110557,5,2325.361218
57.962499,5,2325.579049
-13.618846,3,2325.660213
-11.335237,4,2325.794314
57.956536,5,2326.010015
-13.698132,3,2326.081115
59.095864,6,2326.18526
-8.593056,5,2326.285462
54.215154,4,2326.38261
-8.481168,5,2326.507826
-11.460452,4,2326.583624
59.09581,6,2326.71172
57.435838,5,2326.95767
57.961573,5,2327.071532
-11.188093,4,2327.184642
-14.205127,3,2327.383511
-13.50554,3,2327.619531
59.096554,6,2327.739689
57.776177,7,2327.848673
59.094197,6,2327.93855
-11.356714,4,2328.014168
57.967131,5,2328.13962
-8.161322,5,2328.381062
-11.047243,4,2328.559188
57.782899,7,2328.718682
-13.571467,3,2328.866371
57.959166,5,2329.031708
59.091597,6,2329.286272
51.523209,3,2329.846042
59.099294,6,2330.083821
53.211228,8,2330.414337
54.214222,4,2330.918524
58.602924,6,2331.284014
59.095283,6,2331.623165
54.128933,4,2331.906974
57.784787,7,2332.174964
-7.427534,6,2332.43254
-7.185179,6,2333.731723
-5.916458,6,2333.801113
59.099294,6,2333.978881
58.083025,6,2334.160288
-11.491559,4,2334.25755
59.097154,6,2334.403067
54.20947,4,2334.59611
-13.693924,3,2334.671253
58.940318,6,2334.788392
58.515015,6,2334.930882
57.775134,7,2335.031034
59.09209,6,2335.161749
57.770089,7,2335.260705
57.967614,5,2335.37256
-13.742783,3,2335.445032
-13.742663,3,2335.522834
59.095432,6,2335.625795
54.208721,4,2335.778048
57.78954,7,2335.901133
59.099294,6,2335.984424
-13.763559,3,2336.058671
-8.028411,5,2336.188599
-7.680276,6,2336.293759
57.78086,7,2336.430978
53.206482,8,2336.797032
57.967614,5,2336.891623
54.207207,4,2337.076843
53.193664,8,2337.195538
57.959521,5,2337.388737
57.946479,6,2337.509552
-13.770803,3,2337.581912
57.78954,7,2337.70457
57.293223,5,2337.880949
57.948758,5,2337.985326
-11.57104,4,2338.06297
56.570268,7,2338.199361
-7.977241,6,2338.405885
-11.367729,4,2338.481158
-11.088122,4,2338.72207
54.216439,4,2338.91188
57.7503,7,2339.029888
-11.502937,4,2339.13279
54.070367,4,2339.243803
53.205694,8,2339.361313
53.201012,8,2339.471008
53.199204,8,2339.590796
-13.741514,3,2339.668653
54.216439,4,2339.763534
-13.555832,3,2339.890994
-7.966954,5,2340.241493
-7.676504,6,2340.374162
57.958804,5,2340.487141
-11.364778,4,2340.566797
59.084488,6,2340.662984
-9.141658,7,2340.810825
-5.910142,6,2340.881663
57.967614,5,2341.002673
57.967111,5,2341.110813
-11.279085,4,2341.19709
-6.47726,6,2341.549487
-7.771526,5,2341.651237
59.099294,6,2341.769579
59.092121,6,2341.860209
57.775057,7,2341.969194
57.961765,5,2342.073317
59.091093,6,2342.223685
-11.153094,4,2342.299916
53.212889,8,2342.452996
-7.96364,5,2342.667025
-5.900706,6,2342.830822
59.099294,6,2342.939462
59.099294,6,2343.09606
57.964032,5,2343.196413
59.099294,6,2343.284369
-11.952874,4,2343.369244
-11.466622,4,2343.442916
54.213758,4,2343.543449
54.100898,4,2343.712863
-9.857373,7,2343.821337
-11.356365,4,2343.931827
59.09327,6,2344.054084
57.967614,5,2344.160226
-11.166305,4,2344.264406
-8.12022,5,2344.360909
57.967614,5,2344.47037
-13.697069,3,2344.539121
53.985564,4,2344.739423
58.618124,6,2344.873508
-7.220227,7,2344.941216
53.201059,8,2345.066852
59.096634,6,2345.227801
-11.272112,4,2345.310469
57.50095,5,2345.507788
-11.19289,4,2345.743006
-6.889081,6,2346.217908
57.782893,7,2346.34298
59.09382,6,2346.457816
-11.324678,4,2346.535429
57.967614,5,2346.754623
-11.595956,4,2346.858592
53.200882,8,2346.98643
54.153043,4,2347.160425
-11.030231,4,2347.401911
-11.523657,4,2347.475004
-11.53259,4,2347.547757
59.09617,6,2347.638012
59.096186,6,2347.777082
-13.567461,3,2347.874979
-6.803574,6,2348.015101
53.189523,8,2348.199287
-11.122896,4,2348.436146
57.957573,5,2348.5281
-13.621711,3,2348.6176
-11.407945,4,2348.743723
57.958945,5,2348.832937
-8.004704,5,2349.091697
-7.486156,6,2349.19072
-8.216022,6,2349.31932
59.090017,6,2349.429954
56.19864,7,2349.646258
54.216439,4,2349.837271
-11.110159,4,2350.029626
59.087776,6,2350.148425
-5.920474,6,2350.214636
-7.041554,5,2350.614149
-13.679592,3,2350.689412
-7.728964,6,2350.910362
57.963543,5,2351.076332
-13.62478,3,2351.187072
59.099294,6,2351.301412
59.096678,6,2351.430712
-13.476791,3,2351.531269
53.197395,8,2351.643101
-8.301033,5,2351.730485
-13.584022,3,2351.810661
-8.002814,6,2351.950366
57.952199,5,2352.037178
57.783248,7,2352.164377
57.510678,5,2352.278034
54.216439,4,2352.375609
54.216439,4,2352.472273
57.708733,7,2352.630815
59.089645,6,2352.734256
57.77813,7,2352.851392
-7.062258,6,2353.092357
-7.394855,6,2353.3242
-9.084199,6,2353.404375
-7.35407,6,2353.544271
-8.109453,5,2353.644376
57.965513,5,2353.715294
-11.333511,4,2353.792391
58.569268,6,2353.958932
59.099294,6,2354.088241
56.950527,7,2354.227721
-7.765751,5,2354.367289
59.099138,6,2354.444541
54.216439,4,2354.573484
54.216439,4,2354.657609
57.967614,5,2354.867734
57.720628,7,2354.950468
59.095873,6,2355.041684
57.209965,5,2355.247669
-9.39182,7,2355.368069
59.087157,6,2355.459852
57.967614,5,2355.708234
57.967614,5,2355.821471
-11.058205,4,2355.896367
51.523209,3,2356.074004
53.200303,8,2356.193241
-7.390608,6,2356.418689
57.265429,5,2356.670708
54.214992,4,2356.831799
-7.741427,5,2356.920468
-11.564788,4,2357.024454
59.099294,6,2357.128023
59.069957,6,2357.243227
57.961162,5,2357.35484
54.216439,4,2357.524591
53.206534,8,2357.877919
57.378033,5,2358.062047
-5.904876,6,2358.145933
57.774818,7,2358.30119
-7.498062,6,2358.532099
-11.101,4,2358.627032
-8.459798,5,2358.706648
-11.103407,4,2358.90167
57.954935,5,2359.021044
-11.11869,4,2359.112307
-5.907979,6,2359.26183
57.9642,5,2359.374122
59.087007,6,2359.487447
-8.153674,5,2359.698797
59.098639,6,2359.821246
57.184878,5,2359.998128
59.09281,6,2360.118423
58.849867,6,2360.291496
59.093015,6,2360.468265
59.092571,6,2360.571492
59.090607,6,2360.674445
-11.077231,4,2360.75446
-8.249206,6,2360.841689
54.216439,4,2360.936051
53.426649,4,2361.044386
-9.513142,7,2361.183241
58.660384,6,2361.313254
59.09464,6,2361.44127
-12.44251,4,2361.514115
59.087705,6,2361.630415
59.096373,6,2361.753349
58.980912,6,2361.94202
59.099294,6,2362.057086
58.82476,6,2362.138749
-13.762574,3,2362.211526
59.087153,6,2362.287726
57.959383,5,2362.386327
57.967614,5,2362.471465
59.097014,6,2362.587287
-7.286749,6,2362.722124
57.779133,7,2362.844478
-11.120066,4,2363.078739
57.959234,5,2363.170179
53.203403,8,2363.291996
59.092447,6,2363.555332
-13.524514,3,2363.77402
57.661205,5,2363.886399
-11.036778,4,2364.10636
54.216439,4,2364.199587
57.770819,5,2364.305662
-8.263003,5,2364.389352
57.390166,5,2364.570168
58.563155,6,2364.827754
59.091004,6,2364.940851
-5.907184,6,2365.244318
-13.786398,3,2365.321636
57.450776,5,2365.502674
57.770092,7,2365.629917
-7.945704,5,2365.718186
57.647475,7,2365.816458
59.099294,6,2365.934238
54.211284,4,2366.036608
57.841613,5,2366.141423
-10.783561,4,2366.45863
-8.595837,5,2366.538817
-11.313255,4,2366.617573
54.209199,4,2366.78738
-8.095797,5,2367.0434
57.966883,5,2367.260118
57.777889,7,2367.378804
-13.711852,3,2367.477498
-8.369568,5,2367.586346
-12.477845,4,2367.691465
-11.228248,4,2367.784412
57.967614,5,2367.916656
-5.917615,6,2368.054081
57.772487,7,2368.159902
57.958227,5,2368.251063
57.912375,6,2368.359079
57.956399,5,2368.469731
57.767171,5,2368.658494
57.696673,5,2368.764282
-5.925471,6,2368.844446
-7.222631,7,2369.193288
57.659004,5,2369.278836
-11.599118,4,2369.353313
57.78191,7,2369.482344
-8.475854,5,2369.569884
57.787493,7,2369.728595
59.099294,6,2369.888489
57.323092,6,2370.200593
57.879731,6,2370.588151
-13.760463,3,2370.822124
-13.476791,3,2371.046903
57.954171,5,2371.19331
59.09459,6,2371.279461
-8.247283,6,2371.388839
59.09472,6,2371.506991
-11.343775,4,2371.73333
54.211782,4,2371.813496
57.779061,7,2372.629764
-5.916476,6,2372.906557
54.216439,4,2373.170522
54.11668,4,2373.378617
53.21225,8,2373.502358
57.960236,5,2373.582114
57.967614,5,2373.706844
-11.48417,4,2373.787951
-13.724451,3,2373.872288
58.740418,6,2374.171474
57.30405,5,2374.285151
57.964243,5,2374.394338
-7.767462,6,2374.470765
57.774543,7,2374.980984
53.212956,8,2375.108653
59.098498,6,2375.270359
57.959401,5,2375.374225
-11.589144,4,2375.474722
59.089807,6,2375.567392
55.875326,7,2375.837315
-8.498427,5,2375.914712
57.8362,5,2376.167176
-11.450779,4,2376.257208
57.6996,5,2376.36639
-7.235891,7,2376.455903
54.216439,4,2376.636085
59.099294,6,2376.738147
57.958347,5,2376.929658
-11.258559,4,2377.087412
-7.475321,6,2377.481159
-13.476791,3,2377.630846
59.089449,6,2377.782371
-8.843158,7,2378.019306
59.08835,6,2378.189573
-8.086718,5,2378.645874
-6.686202,6,2379.175742
57.070418,7,2379.446114
-13.591988,3,2379.620384
-7.156564,6,2380.178319
-8.260489,5,2380.421351
59.089614,6,2380.592345
-8.110439,5,2380.906366
57.957666,5,2381.184674
57.367607,5,2381.510785
59.098192,6,2381.711963
57.965039,5,2381.94531
53.201403,8,2382.091025
59.099294,6,2382.298637
57.967614,5,2382.560229
-7.795692,5,2382.797157
59.089888,6,2382.962398
59.078982,6,2383.15861
57.78954,7,2383.403894
-7.223148,7,2383.795951
58.215057,6,2384.015879
57.963743,5,2384.187021
54.211888,4,2384.494398
57.776966,7,2384.778909
-5.907567,6,2385.0138
58.573024,6,2385.217722
57.960914,6,2385.435634
-8.371056,5,2385.590301
59.099294,6,2385.888968
54.216439,4,2386.193791
54.208621,4,2386.527752
54.203143,4,2386.761627
59.099294,6,2387.035066
57.782906,7,2387.352309
-14.40126,3,2387.512903
-7.874561,6,2387.692221
-11.564184,4,2387.812629
-11.41021,4,2387.973886
53.209196,8,2388.292122
-10.974261,4,2388.692932
-13.476791,3,2389.028538
-13.476791,3,2389.36649
-8.502884,5,2389.497867
57.576538,5,2389.689171
57.960117,5,2389.83237
-7.41327,5,2390.264816
54.21618,4,2390.565807
59.097785,6,2390.79377
-10.93704,4,2391.018776
-13.476791,3,2391.314915
58.436966,6,2391.623876
-13.697028,3,2391.750623
-13.616807,3,2391.90583
57.784912,7,2392.077617
53.341484,4,2392.23511
58.996044,6,2392.512884
59.096735,6,2392.652178
-11.606917,4,2392.781405
58.504706,6,2392.971983
-11.23993,4,2393.140922
57.961886,5,2393.272757
53.193173,8,2393.434571
59.087578,6,2393.586041
57.785321,7,2393.837556
57.73373,7,2393.98823
59.093095,6,2394.144502
-7.917434,5,2394.338601
-11.574361,4,2394.454471
59.091951,6,2394.649965
59.076674,6,2394.838145
59.080064,6,2395.028682
-10.788534,4,2395.260187
57.789067,7,2395.665503
-5.90268,6,2395.902041
-11.415389,4,2397.01985
57.966566,5,2397.352547
57.424549,6,2397.902567
57.967614,5,2398.098972
-8.525217,5,2398.332679
57.967614,5,2398.687246
53.204782,8,2398.942771
-5.90675,6,2399.091639
-8.24734,5,2399.57471
-8.393323,5,2399.708303
-5.909116,6,2399.955896
-7.040492,5,2400.108085
54.216439,4,2400.403241
54.216439,4,2400.68985
57.967614,5,2400.888325
-13.625329,3,2401.020145
-8.520624,5,2401.202211
59.093134,6,2401.367258
57.967614,5,2401.551207
57.967417,5,2401.717134
57.967614,5,2401.872104
-6.220252,6,2402.39678
-9.876493,7,2402.619191
-13.739303,3,2402.75412
57.967614,5,2403.085724
-13.642472,3,2403.212442
-13.72177,3,2403.396298
57.536144,5,2403.680928
59.099294,6,2403.902331
51.523209,3,2404.236977
-8.416483,5,2404.457088
-7.924927,5,2404.887103
-13.476791,3,2405.214167
-8.576629,5,2405.45513
57.960076,5,2405.592455
57.770331,7,2406.147619
57.780188,7,2406.359618
57.104962,7,2406.497778
53.540482,4,2406.685176
57.702927,6,2407.015844
59.090581,6,2407.219583
-8.506226,5,2407.429563
-11.603502,4,2407.555055
57.889807,5,2407.752819
-7.771422,5,2408.087738
57.771232,7,2408.228499
-8.552237,5,2408.35372
58.997167,6,2408.581684
-10.783561,4,2408.842244
54.216158,4,2409.156477
-8.049401,6,2409.3434
57.967614,5,2409.483199
-7.61507,6,2409.644225
54.205605,4,2409.954484
59.086213,6,2410.14192
57.636057,5,2410.321633
-11.780902,4,2410.464245
-7.93272,5,2410.888195
-7.222027,7,2411.395108
-9.537237,7,2411.585943
-10.857544,4,2411.981933
-7.181804,6,2412.215432
-9.799655,7,2412.774392
-8.394355,5,2412.911399
54.206453,4,2413.072331
57.851989,5,2413.38245
-8.739668,7,2413.760248
57.928993,5,2414.201967
-5.900706,6,2414.31901
57.778866,7,2414.523393
59.084031,6,2414.660641
59.098611,6,2414.875352
-7.843968,5,2415.093667
57.799889,5,2415.296779
-11.493569,4,2415.416277
57.967614,5,2415.697767
58.192542,6,2416.252283
57.784176,7,2416.437554
57.772705,7,2416.611647
-8.425476,5,2416.818459
59.095708,6,2417.044691
-7.049438,5,2417.211756
-7.348689,6,2417.454671
-5.927038,6,2417.631497
54.216439,4,2417.833034
57.949972,5,2418.044841
59.099294,6,2418.297403
-13.765986,3,2418.44917
-7.746696,6,2418.820481
57.96544,5,2419.093164
-11.424908,4,2419.23311
57.963923,6,2419.452061
57.816134,6,2419.893034
55.748472,7,2420.214401
57.956755,5,2420.305929
59.090789,6,2420.475325
57.956537,5,2420.594991
-11.287279,4,2420.784754
56.994433,7,2421.004798
-7.22542,7,2421.344617
57.522873,6,2421.595945
-8.376334,5,2421.675332
-9.131944,7,2421.817567
57.898725,6,2421.942607
-11.069027,4,2422.110424
57.455858,5,2422.255509
-7.063171,6,2422.400667
-7.038203,5,2422.771627
54.216439,4,2422.893325
57.967614,5,2423.004637
57.776077,7,2423.101523
-5.913827,6,2423.198018
-11.302552,4,2423.399209
57.777772,7,2423.519135
-7.446092,6,2423.659029
53.195497,8,2423.797742
57.924668,5,2423.997529
-10.783561,4,2424.239548
-7.567825,6,2424.349689
57.573483,7,2424.447057
-13.476791,3,2424.649489
-11.150007,4,2424.877362
-7.032386,5,2425.241808
-5.916672,6,2425.313166
57.774092,7,2425.437898
-8.457708,5,2425.547243
53.196455,8,2425.676785
-7.57791,5,2425.9398
-8.4751,5,2426.023567
-13.686648,3,2426.101669
54.203099,4,2426.317795
-11.573678,4,2426.420682
57.777138,7,2426.545852
-11.610112,4,2426.653048
58.976565,6,2426.738691
57.78954,7,2426.857486
57.839735,5,2427.009998
-8.463044,5,2427.140116
59.096327,6,2427.239775
57.779126,7,2427.738823
57.779359,7,2428.272188
-8.225378,5,2428.37173
57.77811,7,2428.625449
57.28134,5,2428.711371
59.084598,6,2428.825108
-8.275033,5,2428.910884
-11.371268,4,2428.992315
57.782395,7,2429.163816
57.652718,5,2429.466985
57.786457,7,2429.597665
-7.214767,7,2429.694988
59.098095,6,2429.797016
57.78954,7,2429.926443
-11.076495,4,2430.136506
57.957983,5,2430.329472
57.967614,5,2430.460497
-7.218182,7,2430.634542
-11.384993,4,2430.723467
-7.2444,6,2430.927415
57.788219,7,2431.0522
57.961465,5,2431.225297
57.967614,5,2431.347469
-8.126512,5,2431.723423
54.20567,4,2431.940938
-7.999018,5,2432.297033
59.065879,6,2432.462317
57.967614,5,2432.541047
57.952305,5,2432.623597
-7.032386,5,2432.978991
57.777937,7,2433.06276
-8.983755,7,2433.206725
57.967614,5,2433.373866
-8.510455,5,2433.466975
-5.927234,6,2433.582943
-8.397354,5,2433.663572
-8.406865,5,2433.826473
-7.040955,5,2434.119205
57.967614,5,2434.322092
-11.107018,4,2434.427552
57.964104,5,2434.55655
-7.041424,5,2434.68721
-8.0483,5,2434.921484
-5.907369,6,2435.010671
-7.971661,6,2435.117167
57.759011,7,2435.195276
-13.694248,3,2435.270208
57.83797,6,2435.459609
57.961024,5,2435.544007
57.967614,5,2435.691229
59.093957,6,2435.801352
-14.642262,3,2435.906006
57.967614,5,2436.163392
57.484853,5,2436.268524
-10.792333,4,2436.621452
57.956676,5,2436.704068
-13.511897,3,2436.910483
-13.743386,3,2436.990576
-7.225235,7,2437.118062
-7.900362,5,2437.338814
57.959873,5,2437.440643
-8.195223,5,2437.580755
57.967614,5,2437.771182
57.965376,5,2437.852094
-13.699154,3,2437.931194
57.773573,7,2438.283627
57.967614,5,2438.420805
57.967614,5,2438.533481
54.216439,4,2438.616597
-8.20795,5,2438.877562
57.967614,5,2439.006121
54.042013,4,2439.14133
-7.837376,5,2439.337738
59.094071,6,2439.463238
-10.783561,4,2439.607682
-8.080432,6,2439.716357
-11.613973,4,2439.796451
-11.337639,4,2439.937627
-8.280131,5,2440.082832
57.783657,7,2440.187582
-7.771688,7,2440.547624
54.207249,4,2440.74587
59.092134,6,2440.878404
57.959874,5,2441.019803
59.079482,6,2441.130402
57.746868,6,2441.43139
-7.813254,5,2441.649673
-11.449649,4,2441.740803
-13.476791,3,2441.976058
59.099294,6,2442.105194
-8.127531,5,2442.195152
-13.522254,3,2442.284026
57.967614,5,2442.417927
59.095423,6,2442.630385
54.123089,4,2442.838966
54.214533,4,2442.926123
54.208432,4,2443.010232
-11.485948,4,2443.218246
-7.046556,5,2443.308145
59.099294,6,2443.441109
57.784845,7,2443.68779
-7.379995,6,2443.925333
-7.944976,6,2444.02198
57.786503,7,2444.118726
57.966499,5,2444.236339
-11.066638,4,2444.476044
59.077933,6,2444.560266
59.099294,6,2444.682497
54.21215,4,2444.866884
57.967614,5,2445.041664
-7.225299,7,2445.361304
-11.20053,4,2445.55033
-5.966978,6,2445.704064
59.090783,6,2445.784409
54.206986,4,2445.887064
57.967614,5,2446.04377
59.091385,6,2446.115419
54.205927,4,2446.240382
59.095007,6,2446.512658
58.7158,6,2446.679983
-11.472639,4,2446.776182
-13.476791,3,2446.85729
-8.183341,5,2446.959744
57.959602,5,2447.049525
-7.404658,6,2447.185057
57.967614,5,2447.258908
-6.790877,6,2447.401385
-11.219936,4,2447.485975
57.785383,7,2447.611604
59.09906,6,2447.721239
57.958891,5,2447.825399
57.967421,5,2447.985974
59.088663,6,2448.10536
57.57469,6,2448.489164
54.216439,4,2448.585551
59.080333,6,2448.702017
57.96211,5,2448.788161
59.094496,6,2448.875285
59.098125,6,2448.967927
-7.826097,5,2449.2335
59.091326,6,2449.389187
57.949751,5,2449.468512
58.862246,6,2449.648559
59.077825,6,2449.742662
54.19689,4,2449.961729
57.965066,5,2450.053371
57.581738,5,2450.226668
54.200077,4,2450.420099
57.48261,5,2450.593479
-8.191231,6,2450.723777
57.706689,5,2450.835144
59.099294,6,2451.097438
-10.783561,4,2451.419838
59.087422,6,2451.559413
57.783856,7,2451.663549
57.776447,7,2451.762586
57.77863,7,2451.906428
-13.634051,3,2452.115658
59.078721,6,2452.253822
57.959885,5,2452.376506
57.783164,7,2452.501345
59.088672,6,2452.587931
-11.084444,4,2452.663611
57.779875,7,2452.789026
57.771642,6,2453.091005
57.966079,5,2453.291761
53.478412,4,2453.484514
54.216439,4,2453.70987
-11.481681,4,2453.817485
54.216439,4,2454.009243
58.200572,6,2454.202971
57.967614,5,2454.375463
-13.609352,3,2454.457469
-8.076506,6,2454.575179
57.777962,7,2454.67037
58.855,6,2454.823564
57.966304,5,2454.903323
57.289784,5,2455.020273
-10.783561,4,2455.221571
-11.612514,4,2455.29415
-13.739093,3,2455.365264
58.886512,6,2455.446365
53.198442,8,2455.626598
-13.686493,3,2455.706699
-11.589733,4,2455.787792
57.773366,5,2455.892418
54.216439,4,2456.080633
-7.752436,6,2456.334034
57.773549,7,2456.433181
-13.476791,3,2456.527206
57.76846,7,2456.640243
57.964553,5,2456.792427
59.08355,6,2457.15022
57.956972,5,2457.343172
-7.043243,5,2457.5184
58.92852,6,2457.762949
59.09682,6,2458.282964
53.563151,4,2458.678384
54.216439,4,2459.022786
59.081609,6,2459.247955
59.079716,6,2459.509426
-13.685757,3,2459.648412
-7.762979,5,2460.108458
57.761284,7,2460.291419
-8.53355,5,2460.508977
57.77563,7,2460.72142
53.200181,8,2460.98419
59.099294,6,2461.229588
-10.96393,4,2461.409432
-7.71714,5,2461.92077
-11.247127,4,2462.160881
59.084149,6,2462.359256
59.099294,6,2462.685461
59.099294,6,2462.99462
-7.037173,5,2463.227523
59.090316,6,2463.49122
59.099294,6,2463.891894
59.099294,6,2464.319468
59.098286,6,2464.584634
-8.644477,7,2464.843781
58.263086,6,2465.183945
57.967614,5,2465.495436
-11.163902,4,2465.745917
54.216439,4,2465.943704
59.090067,6,2466.151256
-13.775461,3,2466.300586
-6.906694,6,2466.981642
57.788893,7,2467.294517
-7.686876,6,2467.593749
54.212076,4,2467.933887
59.001205,6,2468.268655
57.961507,5,2468.421531
59.095711,6,2468.756328
-11.013661,4,2469.098556
-5.917745,6,2469.247058
57.963937,5,2469.602541
-13.521206,3,2469.787592
57.785965,7,2470.005617
-11.555049,4,2470.220407
53.207148,8,2470.533598
58.71184,6,2470.875737
57.967614,5,2471.090494
59.097219,6,2471.321805
57.781909,7,2471.562756
-5.919632,6,2471.757571
-7.677446,6,2472.06771
57.967614,5,2472.383573
59.099294,6,2473.799766
57.591419,5,2474.13439
-8.017086,6,2474.378833
-7.693323,6,2474.907695
59.094451,6,2475.193472
-8.279767,5,2475.381961
57.967614,5,2475.631632
59.08782,6,2475.837588
54.216439,4,2476.269013
54.216439,4,2476.484426
-6.489837,6,2477.331245
-7.395261,6,2477.766997
57.953258,5,2477.969991
57.360662,5,2478.428836
-8.163138,5,2478.839753
59.096451,6,2479.012064
57.956054,5,2479.423479
59.098166,6,2479.69883
-7.390221,6,2479.978852
59.099294,6,2480.290486
59.069531,6,2480.475881
58.513752,6,2480.826916
-8.582345,5,2481.029569
59.099294,6,2481.28263
57.77723,7,2481.528169
59.091529,6,2481.75159
59.0913,6,2481.955702
-13.476791,3,2482.173337
57.787825,7,2482.420598
-8.258921,5,2482.586102
57.963028,5,2483.018874
57.771078,7,2483.209936
57.964349,5,2483.549838
59.099294,6,2483.776088
58.97045,6,2484.095951
-5.917337,6,2484.395717
57.790286,5,2484.758985
-7.724506,6,2485.018203
57.966741,5,2485.233283
-11.346019,4,2485.484185
57.958316,5,2485.702922
54.205311,4,2486.032073
57.964967,5,2486.326042
59.099294,6,2486.518919
57.78013,7,2487.654545
54.216439,4,2488.008149
59.09412,6,2488.220276
-10.783561,4,2488.668805
57.753228,5,2488.88987
-11.366366,4,2489.045922
57.775962,7,2489.877105
57.617462,6,2490.366556
59.086917,6,2490.537356
59.093737,6,2490.716495
54.213977,4,2490.951059
-11.133941,4,2491.575954
57.679968,5,2491.942823
57.962411,5,2492.118548
-7.595021,6,2492.54463
59.092887,6,2492.870538
-8.217334,5,2493.310218
56.007628,7,2493.953346
57.774802,7,2494.392918
59.092783,6,2494.723924
-7.311622,5,2495.833453
54.216439,4,2496.182473
-5.91889,6,2496.448275
-13.764713,3,2496.593646
54.11523,4,2496.932134
57.965974,5,2497.085549
-8.071721,5,2497.374135
-5.906959,6,2497.678525
57.382735,5,2498.03128
58.991067,6,2498.257176
-11.100167,4,2498.451622
59.084022,6,2498.706478
54.191848,4,2499.152697
57.967614,5,2499.454536
57.967614,5,2499.669482
57.286967,5,2500.062577
57.727949,5,2500.256239
53.184697,8,2500.752343
59.088986,6,2500.890792
57.779077,7,2501.18253
57.967614,5,2501.517668
-11.099136,4,2501.74396
56.323335,7,2502.091487
-8.379595,5,2502.245805
-13.765665,3,2502.393316
57.771378,7,2502.711793
-11.167416,4,2502.868832
-13.622275,3,2503.037878
-8.335794,5,2503.236966
57.967614,5,2503.450156
-11.216763,4,2503.610879
54.216439,4,2503.834323
-8.613661,5,2503.983183
57.966844,5,2504.186871
56.677906,7,2504.554158
57.839728,5,2504.809003
-7.775135,6,2505.204376
-11.590199,4,2505.353452
57.967614,5,2505.555498
59.058296,6,2505.727517
54.216355,4,2505.960775
59.082162,6,2506.152304
54.216439,4,2506.46644
57.954657,5,2506.616355
-7.937604,5,2507.062714
57.960601,5,2507.264579
57.96155,5,2507.649052
-8.107398,6,2507.877439
-7.909649,5,2508.324078
-11.546436,4,2508.471133
57.957622,5,2508.673549
54.216439,4,2508.986846
-11.087231,4,2509.41101
-7.949196,5,2509.667279
54.209985,4,2509.858919
59.099294,6,2510.118381
54.216439,4,2510.476367
-8.07612,6,2510.701974
57.006901,5,2511.026712
57.786692,7,2511.602526
-7.215984,7,2511.777479
-8.581123,5,2511.928208
59.099294,6,2512.165656
57.967614,5,2512.502594
-11.595799,4,2512.740242
-11.279966,4,2512.894175
57.250305,5,2513.072122
57.967614,5,2513.278409
-13.755926,3,2513.426738
-8.452219,5,2513.631568
57.777144,7,2513.813763
57.94966,5,2514.097823
57.962542,5,2514.306398
59.099294,6,2514.607779
57.964513,5,2514.842076
-11.608704,4,2515.032474
58.130093,6,2515.491626
59.087276,6,2515.778616
-13.767011,3,2515.908326
57.788886,7,2516.025532
54.021295,4,2516.182459
-6.923561,6,2516.351578
-11.345203,4,2516.525626
51.464993,3,2516.80634
-5.913497,6,2516.881948
-10.969597,4,2517.104871
57.281128,5,2517.299632
58.908008,6,2517.417657
54.216439,4,2517.594968
54.216439,4,2517.792189
-11.268012,4,2517.929762
59.089929,6,2518.585294
-10.979429,4,2519.081602
57.964791,5,2519.295807
-7.441112,6,2519.776874
59.093707,6,2519.94072
57.780316,7,2520.141088
57.967614,5,2520.397156
-11.136179,4,2520.73054
57.783208,7,2520.878512
57.962718,5,2520.986521
54.207636,4,2521.238985
59.098262,6,2521.370702
56.530761,7,2521.554782
57.959588,5,2521.718528
-8.360013,5,2521.867969
-8.817189,7,2522.024703
-8.565373,5,2522.218022
59.099294,6,2522.352893
59.091414,6,2522.476581
-11.458437,4,2522.565707
-5.90865,6,2522.66965
57.960681,5,2522.938281
59.099294,6,2523.06796
54.216439,4,2523.171614
58.04188,6,2523.466797
-7.579055,6,2523.614475
59.088853,6,2523.70006
57.650418,5,2523.807008
57.962221,5,2523.895567
53.180784,8,2524.005128
-6.944885,6,2524.269717
59.092045,6,2524.4039
57.591592,5,2524.521587
59.096468,6,2524.64152
-11.418915,4,2524.721571
-7.332687,6,2524.828376
57.961556,5,2524.955168
57.434672,7,2525.231258
59.091065,6,2525.327244
-13.695417,3,2525.430863
57.78954,7,2525.555547
-7.565468,6,2525.820044
54.209977,4,2525.994814
57.751025,5,2526.134236
54.216439,4,2526.232376
58.364764,6,2526.405931
58.7561,6,2526.580819
57.787777,7,2526.708072
57.779681,7,2526.868899
59.099294,6,2527.009496
59.099294,6,2527.1506
-7.577478,6,2527.264163
-11.502727,4,2527.373008
-5.907722,6,2527.502636
-5.904668,6,2527.643681
57.956313,5,2527.75521
58.955197,6,2527.879752
55.975521,7,2528.130914
-7.805043,6,2528.24008
59.086623,6,2528.335248
59.09631,6,2528.475276
-13.511601,3,2528.685331
-11.179595,4,2528.767675
59.080805,6,2528.969986
57.967614,5,2529.166729
57.960748,5,2529.277552
59.093277,6,2529.371757
-11.454338,4,2529.515747
-13.761437,3,2529.597903
-7.638623,6,2529.72591
-6.917261,6,2529.868296
-7.491669,6,2530.105898
-7.273688,6,2530.250543
58.567294,6,2530.387784
57.780855,7,2530.519314
-13.752656,3,2530.602846
57.951128,5,2530.688557
-7.767671,5,2530.947605
-8.564894,5,2531.040997
-8.074214,6,2531.176883
56.749407,7,2531.301586
57.776909,7,2531.434577
59.096367,6,2531.524469
-11.048823,4,2531.697736
-8.377733,5,2531.825658
-8.349802,5,2531.959891
57.967614,5,2532.098595
57.9575,5,2532.295786
57.787217,7,2532.825628
54.209494,4,2532.91604
57.779981,7,2533.04137
54.216439,4,2533.230961
57.96481,5,2533.313885
57.963648,6,2533.572264
57.960881,5,2533.797446
58.843732,6,2533.976928
-11.600732,4,2534.087118
57.959378,5,2534.167335
59.082001,6,2534.259271
54.212411,4,2534.377094
57.786135,7,2534.480834
57.239862,7,2534.661032
-11.184343,4,2534.740531
57.781574,7,2534.851788
-8.551562,5,2534.981741
59.097116,6,2535.083738
59.083118,6,2535.168075
-13.783451,3,2535.241694
57.809015,5,2535.354372
59.08906,6,2535.440062
-14.496791,3,2535.515783
-11.313019,4,2535.671377
57.407871,7,2535.952482
-11.368136,4,2536.043198
57.964773,5,2536.158697
-8.205689,5,2536.262334
-11.163077,4,2536.338514
57.967614,5,2536.464941
57.967614,5,2536.660179
57.786368,7,2536.787923
54.216439,4,2536.889571
57.771659,7,2537.009999
-13.633275,3,2537.118008
58.3117,6,2537.230929
57.963212,5,2537.380624
-11.579074,4,2537.452982
57.879574,6,2537.719709
58.960862,6,2537.831632
-7.032386,5,2538.188869
-5.922505,6,2538.295541
-13.476791,3,2538.406861
57.203119,5,2538.742532
-8.599651,5,2538.841609
57.957064,5,2538.925069
57.348127,7,2539.053083
57.059628,7,2539.199557
54.209853,4,2539.383429
56.808064,7,2539.521437
-7.071713,6,2539.766166
-6.585131,6,2540.013112
-6.722032,6,2540.268656
57.136851,5,2540.479886
-11.543457,4,2540.553054
-7.726692,5,2540.691611
59.087885,6,2540.801575
-7.221763,7,2541.006214
-8.304682,5,2541.131452
54.205078,4,2541.218463
57.773122,7,2541.345293
-11.08567,4,2541.579169
57.95903,5,2541.67276
-8.298582,5,2541.875951
59.090042,6,2541.96979
57.967614,5,2542.101843
-7.754838,5,2542.220089
-7.575559,6,2542.328799
59.099294,6,2542.411728
54.206604,4,2542.597897
57.967614,5,2542.673367
57.306678,5,2542.85511
54.216439,4,2542.963705
57.924385,5,2543.050447
57.771917,7,2543.178016
-8.483605,7,2543.430404
57.967614,5,2543.519859
-8.578888,5,2543.625637
-11.440273,4,2543.727017
57.78769,7,2543.858378
-13.726191,3,2543.943502
57.783859,7,2544.107117
57.776585,7,2544.454187
-13.726548,3,2544.536346
-13.476791,3,2544.645296
57.964559,5,2544.736979
54.216439,4,2544.865689
57.953925,5,2544.985649
59.087514,6,2545.113536
59.092223,6,2545.242126
57.964374,5,2545.466977
-13.66412,3,2545.553358
57.603428,7,2546.075635
57.930961,5,2546.193282
57.774397,7,2546.455617
-8.172952,5,2546.53839
57.965067,5,2546.645059
-6.062514,6,2546.997307
-7.935726,6,2547.091902
59.099294,6,2547.235019
59.098178,6,2547.353187
-11.492212,4,2547.568522
-11.500835,4,2547.774827
-7.233565,7,2547.943875
59.089878,6,2548.053747
57.792882,6,2548.217791
57.967614,5,2548.305267
54.216439,4,2548.487953
57.76365,7,2548.840804
54.026972,4,2549.061783
54.204991,4,2549.256084
-13.476791,3,2549.431221
-11.045795,4,2549.553041
-8.004598,5,2549.763337
57.964912,5,2549.858738
-7.200644,6,2550.174706
-11.271206,4,2550.263857
-11.257688,4,2550.355947
59.088345,6,2550.488964
-7.707498,5,2550.638911
57.56448,5,2550.788954
58.238801,6,2550.977554
54.216439,4,2551.178362
59.09557,6,2551.308844
59.097691,6,2551.443081
54.212201,4,2551.555953
56.907358,7,2551.743964
-11.505949,4,2551.849087
57.961323,5,2551.953173
59.089641,6,2552.060863
57.961256,5,2552.166292
45.977625,9,2552.296421
-11.370979,4,2552.434409
53.19403,8,2552.560914
54.216439,4,2552.658418
57.716707,6,2552.84521
57.770961,7,2552.971691
57.778086,7,2553.104788
58.352823,6,2553.21386
57.108828,6,2553.559693
-5.902242,6,2553.664204
59.088651,6,2553.765955
-6.408684,6,2554.170645
-13.730676,3,2555.000093
-5.910609,6,2555.353987
-5.905653,6,2555.500335
56.812465,7,2555.695894
-11.055992,4,2555.948702
59.099294,6,2556.055904
55.921281,7,2556.358509
59.098261,6,2556.497583
54.216439,4,2556.686368
-7.032386,5,2557.049534
57.78954,7,2557.141871
59.099294,6,2557.277379
59.089848,6,2557.378134
57.965968,5,2557.546238
59.088263,6,2557.807889
59.098784,6,2557.943223
59.088155,6,2558.055765
57.963791,5,2558.167747
59.099294,6,2558.2535
57.967614,5,2558.477511
-11.096466,4,2558.570489
-13.476791,3,2558.66255
57.779185,7,2558.79236
59.099294,6,2558.902799
-11.431976,4,2559.023797
-13.595142,3,2559.134812
59.08468,6,2559.221037
-7.726618,6,2559.412132
53.209989,8,2559.542596
-7.519847,5,2559.693256
57.785605,7,2559.798745
57.967614,5,2559.916074
-10.865813,4,2560.099475
57.963466,5,2560.191856
-7.859652,6,2560.320661
-8.010777,5,2560.630047
58.761618,6,2560.80214
57.962266,5,2560.948231
57.781686,7,2561.048568
-8.444183,5,2561.13549
57.948266,5,2561.219398
54.216439,4,2561.302722
-10.834678,4,2561.5351
57.954006,5,2561.644939
-8.508681,5,2561.726597
58.990545,6,2561.892012
-11.428577,4,2561.983104
59.095015,6,2562.133551
57.473715,5,2562.283274
57.960612,5,2562.405337
57.959558,5,2562.505495
-8.599649,5,2562.618981
-8.472148,5,2562.721905
-11.478578,4,2562.826415
58.180238,6,2563.021805
58.417172,6,2563.13816
-11.399192,4,2563.262225
45.979821,9,2563.390599
54.207282,4,2563.60887
54.202708,4,2563.820888
59.090555,6,2563.917367
54.214038,4,2564.090974
58.501694,6,2564.230924
59.097092,6,2564.359804
-13.502201,3,2564.43854
-8.489068,5,2564.613338
57.949322,5,2564.697692
57.44903,5,2564.982546
-8.217116,5,2565.110098
59.095931,6,2565.245632
-8.148076,6,2565.361662
-11.415433,4,2565.459679
-11.307577,4,2565.597522
57.258586,5,2565.710316
57.897421,6,2565.888838
-11.097363,4,2566.089311
57.95903,5,2566.174808
-7.129803,5,2566.5183
-13.747121,3,2566.601928
-11.181535,4,2566.70003
59.087846,6,2566.830339
57.769668,7,2566.948958
57.967614,5,2567.087752
58.064398,6,2567.37907
54.216439,4,2567.555649
58.175397,6,2567.749915
57.334767,5,2567.95242
54.216439,4,2568.138975
57.698445,5,2568.331758
-8.138503,5,2568.472883
57.956784,5,2568.592982
-8.926301,7,2568.746356
57.967614,5,2568.860753
57.967614,5,2568.97984
57.660003,5,2569.08878
57.959093,5,2569.215947
-11.450639,4,2569.309008
59.098987,6,2569.470204
57.956856,5,2569.590716
58.335078,6,2569.862461
-8.492131,5,2570.018121
-8.246417,6,2570.132083
57.959609,5,2570.210549
59.093888,6,2570.334738
59.084924,6,2570.477894
59.099294,6,2570.580927
-7.033965,5,2570.961654
59.094783,6,2571.086694
57.78954,7,2571.221142
59.093635,6,2571.345814
-8.588122,5,2571.430507
57.962848,5,2571.656108
54.216439,4,2571.846791
55.116852,7,2572.132143
-5.906186,6,2572.198081
54.216439,4,2572.379104
57.967614,5,2572.536101
-7.39984,6,2572.890041
57.962618,5,2572.974668
-11.910733,4,2573.065254
57.769184,7,2573.442798
-9.198029,7,2573.586062
-11.074956,4,2573.791318
58.661914,6,2573.939674
57.770159,7,2574.048002
-11.574859,4,2574.123145
-11.328709,4,2574.208769
59.099294,6,2574.328575
59.094295,6,2574.455461
-8.166189,5,2574.531878
59.096749,6,2574.650831
57.783391,7,2574.782654
57.962892,5,2574.899466
57.957039,5,2575.006706
-11.519204,4,2575.082618
57.966064,5,2575.308061
54.027009,4,2575.467983
59.099286,6,2575.635108
58.386136,6,2575.720686
57.294214,5,2575.84594
57.965527,5,2576.073195
57.77917,7,2576.208073
-11.392634,4,2576.318827
-8.512478,5,2576.445228
57.953114,5,2576.533902
-7.758563,5,2576.771826
-7.44531,6,2576.910722
57.788022,7,2577.042458
57.784538,7,2577.170744
59.093527,6,2577.310206
59.088407,6,2577.452317
59.093887,6,2577.577915
57.782068,7,2577.707076
57.788785,7,2577.869853
-13.476791,3,2578.064662
-11.344104,4,2578.146468
56.506674,7,2578.452657
-11.32769,4,2578.539409
59.079418,6,2578.65115
57.855317,6,2578.836544
57.960024,5,2578.921151
-13.737871,3,2579.004426
54.213855,4,2579.11268
-7.812906,5,2579.350451
54.169891,4,2579.449825
54.091252,4,2579.721391
57.956417,5,2579.824884
59.087594,6,2579.913352
57.967614,5,2580.049679
-13.570655,3,2580.136241
-11.267011,4,2580.225319
57.961778,5,2580.428357
59.099294,6,2580.529843
57.967614,5,2580.719936
-8.313051,5,2580.835937
59.076069,6,2580.92372
56.179396,7,2581.21585
59.00626,6,2581.344891
57.782629,7,2581.475908
57.896809,5,2581.580468
57.78678,7,2581.743664
57.779021,7,2581.884576
-10.030849,7,2582.013527
57.774422,7,2582.376833
54.214647,4,2582.48167
59.09283,6,2582.622801
58.759207,6,2582.896568
59.084466,6,2583.030047
57.355925,6,2583.363278
-7.975737,6,2583.500346
57.965952,5,2583.594936
-10.783561,4,2583.92281
58.056596,6,2584.115475
54.213327,4,2584.310745
57.94983,5,2584.394104
57.778381,7,2584.529338
57.764236,7,2585.060327
-11.173421,4,2585.16781
58.522186,6,2585.334442
59.089272,6,2585.454002
54.216439,4,2585.560327
-8.307794,5,2585.649983
-7.791687,5,2585.79505
54.216439,4,2585.916416
57.780509,7,2586.054962
59.095554,6,2586.188058
57.967614,5,2586.365537
-11.586107,4,2586.442389
57.959645,5,2586.537025
-7.956008,5,2586.768264
59.085547,6,2586.860358
59.091776,6,2586.997946
-8.400516,5,2587.134912
-11.358965,4,2587.271079
-11.448684,4,2587.356302
59.08927,6,2587.485666
59.090386,6,2587.620892
57.916683,5,2587.744896
57.96009,5,2587.834695
57.619343,6,2588.025844
-7.222762,7,2588.20168
57.78455,7,2588.322824
-8.464703,5,2588.447155
-8.158563,5,2588.70094
53.207778,8,2588.868196
57.967614,5,2588.954815
57.77487,7,2589.091857
57.913517,5,2589.189665
57.967614,5,2589.361082
-13.575037,3,2589.447256
57.954851,5,2589.540769
-7.828009,6,2589.642512
-13.476791,3,2589.737903
59.099294,6,2589.870114
-8.37144,5,2589.956846
-8.573842,5,2590.039639
57.961111,5,2590.129642
-8.401805,5,2590.211665
57.958518,5,2590.333446
-11.415198,4,2590.414257
59.087404,6,2590.499413
-7.951775,6,2590.863579
57.952948,5,2590.973223
57.956226,5,2591.171487
-8.618759,7,2591.286945
59.0911,6,2591.394382
-11.349517,4,2591.545059
59.091699,6,2591.628027
54.0644,4,2591.720828
-11.10521,4,2591.91688
59.099294,6,2592.086098
-5.913907,6,2592.226795
-11.57086,4,2592.306862
57.77688,7,2592.401797
57.766033,7,2592.496642
57.404787,6,2592.660506
-7.851552,6,2592.90847
57.957567,5,2593.03967
59.099294,6,2593.16129
57.689449,5,2593.320883
52.719323,8,2593.616506
-5.900706,6,2594.026519
54.209366,4,2594.204105
-13.476977,3,2594.40494
-13.484986,3,2594.492345
57.787569,7,2594.67539
57.956047,5,2594.782588
-11.397697,4,2594.883118
-8.240032,6,2594.975818
53.194183,8,2595.100815
-11.600624,4,2595.184542
58.357493,6,2595.36694
55.874865,5,2595.606757
59.082808,6,2595.721872
59.090061,6,2595.818289
-11.246885,4,2595.909709
-7.691231,5,2596.056631
-9.862841,7,2596.272829
58.514269,6,2596.545969
-8.139801,5,2596.794965
57.967614,5,2596.879533
-10.006025,7,2597.025114
57.649173,5,2597.326667
57.965304,5,2597.550137
-13.68359,3,2597.626205
54.216439,4,2597.7303
57.967614,5,2597.986907
-6.99047,6,2598.264491
57.812042,5,2598.390763
59.091974,6,2598.479697
-7.221373,7,2598.99123
57.765904,7,2599.112742
54.143735,4,2599.310755
-7.387044,6,2599.560544
58.146996,6,2599.760648
-13.491572,3,2599.847024
59.098059,6,2599.966756
59.099294,6,2600.130379
58.975061,6,2600.263453
59.098347,6,2600.390174
-8.373802,5,2600.471572
59.097267,6,2600.566072
57.496395,5,2600.818204
54.202365,4,2601.006218
-11.295631,4,2601.1041
57.967614,5,2601.23229
59.086734,6,2601.389307
59.0917,6,2601.543124
57.784469,7,2601.677232
59.086251,6,2601.775461
57.787821,7,2601.892874
57.967614,5,2601.995028
57.967614,5,2602.137438
-11.162954,4,2602.223608
57.967614,5,2602.345476
-10.783561,4,2602.436578
58.103222,6,2602.629176
58.866528,6,2602.765363
58.382453,6,2602.96432
59.08738,6,2603.050469
57.781722,7,2603.18325
57.78954,7,2603.293131
57.319893,5,2603.412462
57.692659,5,2603.566824
59.090231,6,2603.677031
59.099294,6,2603.804336
58.367124,6,2604.085689
58.055641,6,2604.352722
57.772534,7,2604.468639
-8.991597,7,2604.622518
59.099294,6,2604.741908
59.091682,6,2604.879603
-11.125201,4,2604.989559
-11.431864,4,2605.118987
54.170842,4,2605.294756
-7.232202,6,2605.50667
53.202607,8,2605.639566
57.960914,5,2605.756974
-8.529545,5,2605.900384
54.209037,4,2606.114416
57.967222,5,2606.197186
51.523209,3,2606.32173
57.94619,5,2606.462924
57.95892,5,2606.62326
57.963147,5,2606.739713
54.216439,4,2606.923156
-5.900706,6,2607.036571
57.953084,6,2607.396949
-7.438654,6,2607.54209
-7.690612,6,2607.693637
-10.895822,4,2607.937243
56.606823,5,2608.087969
-7.032386,5,2608.444848
57.954492,5,2608.535434
57.785044,7,2608.645374
57.759359,7,2608.985251
-7.036863,5,2609.415128
53.503784,4,2609.622668
59.093414,6,2609.827279
54.216439,4,2609.948438
-8.086318,5,2610.218796
-11.468749,4,2610.333212
-5.911887,6,2610.492235
57.963629,5,2610.581374
59.099294,6,2610.788451
59.091137,6,2610.920665
-11.087506,4,2611.034921
-13.56376,3,2611.127669
57.799475,6,2611.435772
-8.040354,5,2611.53321
-7.032386,5,2611.901402
-11.514384,4,2612.116737
59.077408,6,2612.238805
-11.58158,4,2612.316966
57.967614,5,2612.496763
57.773875,7,2612.588678
57.96591,5,2612.728401
-13.476791,3,2612.813822
-10.951109,4,2612.963103
-13.477063,3,2613.049735
54.216439,4,2613.139373
53.97798,4,2613.344331
-7.769431,6,2613.731516
-11.070008,4,2613.950946
-5.908016,6,2614.808534
58.862773,6,2615.021696
59.099294,6,2615.151457
59.088615,6,2615.280803
57.967614,5,2615.401771
59.090895,6,2615.54427
-9.276118,7,2615.710694
-7.041235,5,2615.809418
57.787191,7,2615.945052
54.215608,4,2616.090451
-11.591196,4,2616.177446
57.781616,7,2616.32652
54.167682,4,2616.506212
57.77932,7,2616.637363
59.095823,6,2616.775397
57.267235,5,2617.009382
57.967614,5,2617.217472
-7.821975,5,2617.477785
-7.677794,6,2617.712877
59.087375,6,2617.819649
54.208509,4,2618.055359
-13.716422,3,2618.134802
-7.914335,5,2618.332133
54.216439,4,2618.514459
57.780917,7,2618.653148
-11.478223,4,2618.762488
57.967614,5,2618.874272
57.346184,5,2619.168934
57.962799,5,2619.252095
59.089723,6,2619.389654
57.76853,7,2619.764405
57.777776,7,2619.861182
59.09344,6,2620.016306
58.382572,6,2620.114034
54.214106,4,2620.272398
-13.592816,3,2620.363084
-8.262723,5,2620.484562
57.421991,5,2620.685154
53.199863,8,2620.858564
-7.818453,6,2621.103711
59.088519,6,2621.249515
57.957045,5,2621.367184
-8.131678,6,2621.504157
57.446526,5,2621.778777
-13.715351,3,2621.860274
-11.108514,4,2622.078637
59.086187,6,2622.172862
-8.566884,5,2622.263268
-10.783561,4,2622.419314
-8.17832,5,2622.573311
-7.032571,5,2622.66862
59.088483,6,2622.764764
54.216439,4,2622.96791
-7.976861,6,2623.247375
57.963577,5,2623.393471
-7.910426,5,2623.63394
-7.487022,6,2623.792544
-11.177196,4,2624.04634
59.082419,6,2624.139013
57.853482,5,2624.277347
53.191328,8,2624.397686
57.961336,5,2624.56319
54.216439,4,2624.6772
-7.935367,5,2625.001093
57.788749,7,2625.148917
57.002353,7,2625.325376
54.114129,4,2625.424533
57.964067,5,2625.518806
-11.244235,4,2625.630881
57.956604,5,2625.868753
59.099294,6,2626.042552
57.967614,5,2626.242591
59.094205,6,2626.42165
-13.476791,3,2626.624124
59.098951,6,2626.746248
-8.335078,5,2626.916477
57.783869,7,2627.036385
57.967614,5,2627.161302
57.773437,7,2627.306871
-8.475886,5,2627.396594
53.203726,8,2627.527368
-8.084469,6,2627.627668
-11.388552,4,2627.789446
-11.513775,4,2627.867042
57.198756,5,2627.987015
-13.774571,3,2628.070848
57.965814,5,2628.226011
57.959465,5,2628.322936
-11.392579,4,2628.459174
-8.273455,5,2628.642524
-7.659206,6,2628.872774
57.96319,5,2629.113303
-13.76024,3,2629.226472
-13.4885,3,2629.312797
59.090585,6,2629.399702
-7.842594,6,2629.541214
-6.529437,6,2629.810089
57.76862,7,2629.909592
-11.524776,4,2629.985287
57.967614,5,2630.082488
59.084967,6,2630.176597
-7.793325,6,2630.276355
57.297237,5,2630.441636
57.788827,7,2630.556931
-11.456878,4,2630.640679
-7.991191,5,2630.884445
57.963772,5,2631.01529
57.776029,7,2631.287379
-7.224382,7,2631.431929
-13.476791,3,2631.56162
57.324816,7,2631.707624
54.216439,4,2631.80972
59.095887,6,2631.899646
57.967614,5,2632.043252
-11.251087,4,2632.14365
57.956127,5,2632.318918
57.481207,5,2632.512959
57.95586,5,2632.656276
54.215917,4,2632.763298
59.096852,6,2632.936438
54.216439,4,2633.163286
57.960725,5,2633.258101
-9.616188,7,2633.374546
-13.740622,3,2633.453373
-7.837021,6,2633.554284
54.213791,4,2633.677683
57.951557,5,2633.765236
-13.476791,3,2633.998064
57.786501,7,2634.167642
-11.578191,4,2634.28198
-11.083512,4,2634.491335
54.2125,4,2634.580012
53.204297,8,2634.710984
59.096297,6,2634.827371
59.099294,6,2634.951353
-7.633416,6,2635.100075
59.099294,6,2635.191716
57.96136,5,2635.300062
57.961775,5,2635.40218
57.769847,7,2635.494153
53.196649,8,2635.687875
-8.464054,5,2635.786424
57.778282,7,2636.051611
57.292048,5,2636.322976
57.956904,5,2636.48625
57.78954,7,2636.644338
-11.468114,4,2636.747499
57.967614,5,2636.882478
57.777278,7,2637.013949
-7.978096,5,2637.165031
-8.009391,6,2637.277575
54.195453,4,2637.369306
57.957159,5,2637.553489
57.406747,5,2637.746752
54.202334,4,2637.974711
59.074758,6,2638.093669
-7.058724,5,2638.187541
53.198697,8,2638.320686
59.092861,6,2638.4397
58.352007,6,2638.593421
-8.494277,5,2638.689479
54.216439,4,2638.795684
58.384984,6,2638.952576
57.967614,5,2639.063242
-8.09137,5,2639.273226
54.216439,4,2639.461062
57.912355,5,2639.614688
-8.1671,5,2639.719525
54.216439,4,2639.831249
-7.094495,5,2640.197057
58.659099,6,2640.326918
-7.995436,6,2640.465332
57.518984,5,2640.652353
57.425314,5,2640.765217
57.967614,5,2640.860719
57.956653,5,2641.075469
-6.54145,6,2641.417298
57.285566,5,2641.556031
54.211901,4,2641.710862
-9.760174,7,2642.086293
57.966568,5,2642.205989
54.212078,4,2642.389216
-13.718969,3,2642.46667
57.967614,5,2642.676957
57.788354,7,2642.79768
58.707732,6,2642.998003
57.784593,7,2643.129179
-7.973845,6,2643.277348
-7.687629,5,2643.564255
-11.252497,4,2643.65811
57.965739,5,2643.783066
57.967614,5,2644.069299
-13.585588,3,2644.190533
57.967614,5,2644.385419
54.216439,4,2644.582159
-11.556263,4,2644.659462
-7.212052,7,2645.076971
-11.318265,4,2645.183799
56.451855,7,2645.392238
-7.830546,5,2645.638055
-5.917233,6,2645.799834
-9.517579,7,2646.151903
59.091174,6,2646.29263
-7.704956,5,2646.439585
54.213538,4,2646.536984
-8.596813,5,2646.618346
59.099294,6,2646.756099
-5.915048,6,2646.90944
59.096212,6,2647.053234
-11.095471,4,2647.159463
58.499712,6,2647.437307
-7.577672,6,2647.555452
-5.90863,6,2647.758597
59.099294,6,2647.867931
-5.904645,6,2648.097073
-11.231146,4,2648.347649
59.097106,6,2648.433514
57.957455,5,2648.518067
54.206837,4,2648.62163
59.093343,6,2648.764998
57.783044,7,2648.961935
57.967614,5,2649.127685
59.083419,6,2649.219635
53.196801,8,2649.353547
-7.236822,5,2649.78078
-7.043957,5,2649.903398
-8.386502,5,2649.991522
57.963563,5,2650.22427
57.776517,7,2650.356265
57.961157,5,2650.48092
57.963227,5,2650.572847
-5.901765,6,2650.902679
-7.806177,5,2651.011871
59.083008,6,2651.10218
-7.874043,5,2651.319911
-9.59783,7,2651.446801
-13.625519,3,2651.551344
-13.476791,3,2651.63592
57.955532,5,2651.724609
-7.824595,5,2651.924371
-13.62221,3,2652.029453
57.682605,5,2652.116662
59.099294,6,2652.264165
54.216439,4,2652.450675
54.212741,4,2652.559305
57.964715,5,2652.752672
-13.512451,3,2652.834105
-7.700764,5,2652.981368
-9.536788,7,2653.212832
56.977304,7,2653.395258
57.78216,7,2653.534477
57.88403,5,2653.682748
57.956024,5,2653.796146
59.095259,6,2653.93571
57.772418,7,2654.243552
-13.674202,3,2654.326272
-8.155967,5,2654.426355
57.660928,5,2654.550414
59.09836,6,2654.676202
-8.568562,5,2654.775251
58.652396,6,2654.916623
57.774417,7,2655.075831
-13.476791,3,2655.257704
54.204659,4,2655.382498
-13.688131,3,2655.465263
54.216439,4,2655.569678
58.704933,6,2655.762056
-8.524471,5,2655.848172
-8.16907,6,2655.973138
59.099294,6,2656.116137
59.08839,6,2656.248339
57.776377,7,2656.357795
58.778863,6,2656.539695
59.091893,6,2656.653989
59.099294,6,2656.788682
-11.236945,4,2656.88051
53.202213,8,2657.023862
-11.471056,4,2657.106198
59.088541,6,2657.222569
53.1975,8,2657.354372
59.099294,6,2657.52866
57.965982,5,2657.616444
57.787868,7,2657.736028
54.216439,4,2657.855217
-8.142332,5,2657.954856
-11.204953,4,2658.051557
59.096278,6,2658.168193
57.788684,7,2658.322596
59.099294,6,2658.461173
-11.079273,4,2658.710245
59.089539,6,2658.807905
59.0988,6,2658.892867
59.099294,6,2659.023131
54.040191,4,2659.165329
-7.229011,6,2659.312099
59.043736,6,2659.415654
58.484705,6,2659.537868
57.967614,5,2659.632694
54.197261,4,2659.816089
57.959159,5,2660.029658
-7.509434,5,2660.184353
-7.756678,5,2660.285815
57.787756,7,2660.428575
57.967614,5,2660.514194
-13.476791,3,2660.693951
-11.154932,4,2660.809633
59.090617,6,2660.935884
59.042697,6,2661.029876
-7.032386,5,2661.381847
59.097929,6,2661.517508
57.965064,5,2661.607002
57.958976,5,2661.696622
-13.561468,3,2661.790316
57.059748,7,2661.9702
53.204656,8,2662.139559
59.099294,6,2662.284698
57.967614,5,2662.415167
57.784297,7,2662.587755
-9.724961,7,2662.818746
53.212956,8,2662.952686
-7.969256,5,2663.038181
54.216439,4,2663.126753
59.091004,6,2663.252425
-8.543167,5,2663.337017
57.350684,5,2663.541751
59.079224,6,2663.647194
53.203885,8,2663.777483
-11.462327,4,2663.896667
-7.777714,5,2664.111904
59.085195,6,2664.207314
58.056718,6,2664.389482
57.227421,7,2664.529567
59.082107,6,2664.61455
59.090338,6,2664.730953
57.660179,5,2664.916271
-7.043425,5,2665.035149
57.95992,5,2665.122765
57.785127,7,2665.271893
-13.758332,3,2665.356984
57.950657,5,2665.474123
59.096783,6,2665.576801
57.777843,7,2665.742475
-6.615726,6,2666.12224
57.165577,7,2666.266952
59.096765,6,2666.388628
59.099294,6,2666.487368
57.782009,7,2666.585009
57.967614,5,2666.858418
-7.21046,7,2667.229806
58.740674,6,2667.412534
57.773875,7,2667.508703
57.780864,7,2667.621287
-6.921426,6,2667.771665
-7.226129,7,2668.227
59.099294,6,2668.366042
-9.79677,7,2668.524341
-11.509342,4,2668.611144
54.204498,4,2668.791952
59.091939,6,2668.922565
-8.378729,5,2669.020017
57.962137,5,2669.141157
59.080374,6,2669.238635
-5.91873,6,2669.401717
54.214546,4,2669.633556
54.216439,4,2669.744318
57.967614,5,2669.890623
59.092685,6,2670.005221
-8.053226,5,2670.153147
-7.0436,5,2670.272179
-6.868759,6,2670.528567
59.09408,6,2670.664865
54.208967,4,2670.888989
-7.355189,6,2671.147262
59.095766,6,2671.237412
-10.795247,4,2671.469771
-11.132299,4,2671.620197
59.093173,6,2671.730159
59.099196,6,2671.875134
57.827616,5,2672.108518
59.09423,6,2672.193201
57.768148,7,2672.567459
-5.900706,6,2673.417495
59.094992,6,2673.62097
-11.465584,4,2673.702574
57.931782,5,2673.819746
53.212203,8,2673.956827
57.789143,7,2674.102185
-13.535376,3,2674.223843
58.232957,6,2674.372709
54.216439,4,2674.46256
-11.367222,4,2674.599181
57.962969,5,2674.72119
53.973301,4,2674.936693
59.090403,6,2675.210988
58.633146,6,2675.340724
59.075575,6,2675.437861
-7.250587,6,2675.677541
-14.721091,3,2675.761204
-8.547289,5,2675.845591
-8.3678,5,2676.027057
57.96381,5,2676.196532
-8.132392,5,2676.328815
57.957333,5,2676.440029
-11.137135,4,2676.546104
-11.315664,4,2676.644454
57.96259,5,2676.750076
-7.714318,5,2676.999771
59.099294,6,2677.1706
-8.301727,5,2677.294909
57.967614,5,2677.426042
59.089305,6,2677.514991
58.464747,6,2677.702688
-8.150191,5,2677.796949
59.08952,6,2677.928043
57.967614,5,2678.055357
-8.561088,5,2678.22997
-7.727237,6,2678.359782
59.080373,6,2678.506987
59.095467,6,2678.632215
57.962177,5,2678.830528
57.689452,7,2678.962659
-11.21758,4,2679.05695
-11.555357,4,2679.149791
-7.885459,5,2679.268771
57.960188,5,2679.385706
59.089105,6,2679.517023
59.085919,6,2679.625947
57.966782,5,2679.761409
-8.31372,5,2679.910156
-8.243584,5,2680.185784
59.099294,6,2680.340132
57.965787,5,2680.435902
59.0878,6,2680.545687
57.955889,5,2680.774868
57.967614,5,2680.898757
57.636112,5,2681.048842
57.963761,5,2681.215528
57.778936,7,2681.3588
59.093805,6,2681.486418
-8.233961,5,2681.626189
-7.04682,5,2681.738302
59.098144,6,2681.852569
-7.872905,5,2682.091051
-11.227234,4,2682.23896
-8.061817,5,2682.482357
59.099294,6,2682.628789
58.823335,6,2682.872541
-11.554419,4,2682.954335
59.081956,6,2683.056942
57.967614,5,2683.163214
57.632687,6,2683.445973
57.658661,5,2683.604284
-7.45804,6,2684.002962
59.094378,6,2684.094507
57.955894,5,2684.308165
57.958512,5,2684.486102
59.099294,6,2684.610747
58.801331,6,2684.708663
-7.989983,5,2684.92767
57.967614,5,2685.019161
-8.50251,5,2685.164277
-7.963678,5,2685.395972
-7.761182,5,2685.69052
-5.90627,6,2685.860183
58.844086,6,2686.045801
-7.042163,5,2686.14864
54.206862,4,2686.370725
-7.936143,6,2686.512826
-11.310291,4,2686.608018
57.962272,5,2686.803451
-7.769326,6,2687.045551
-7.221904,5,2687.450248
-11.053303,4,2687.584911
57.952063,5,2687.678898
-11.463256,4,2687.765255
57.679212,5,2687.8733
57.820232,5,2688.070413
-11.156924,4,2688.194616
59.015481,6,2688.286079
-11.207487,4,2688.535677
57.95717,5,2688.627312
59.099294,6,2688.803093
-11.381595,4,2688.954269
57.767999,7,2689.075148
57.78954,7,2689.244683
57.775213,7,2689.385256
-10.990327,4,2689.642165
-13.476791,3,2689.776132
-7.69957,5,2690.018625
59.094556,6,2690.160558
59.093118,6,2690.266184
57.785227,7,2690.440133
59.099294,6,2690.577209
57.967614,5,2690.761872
-7.988552,6,2690.861865
-11.042063,4,2690.943425
54.216439,4,2691.048476
-8.572675,5,2691.172816
57.963309,5,2691.305424
-13.67781,3,2691.389127
57.605135,5,2691.594934
-7.032386,5,2692.030869
57.946016,5,2692.249348
57.963038,5,2692.343496
-8.141301,5,2692.512368
59.095957,6,2692.602461
54.216439,4,2692.800201
57.717245,5,2692.98264
59.098012,6,2693.075777
57.966453,5,2693.157603
53.207518,8,2693.294241
57.967219,5,2693.39087
59.099294,6,2693.580238
54.206051,4,2693.798893
53.194262,8,2693.953911
-8.264397,5,2694.075773
54.066801,4,2694.278709
59.09851,6,2694.397642
-7.934539,6,2694.532036
57.95828,5,2694.621886
-8.339648,5,2694.739527
57.788507,7,2694.88614
-8.406046,5,2694.973856
58.883823,6,2695.105849
57.957426,5,2695.204712
57.773999,7,2695.344674
57.967614,5,2695.486406
-7.825291,5,2695.642439
-11.410209,4,2695.744747
54.213466,4,2695.942085
-11.514916,4,2696.055396
54.072627,4,2696.258457
59.099294,6,2696.398653
57.967614,5,2696.485106
59.091176,6,2696.607565
-8.394612,5,2696.731686
54.068614,4,2696.909198
53.494152,4,2697.034033
59.088069,6,2697.14891
-7.952033,5,2697.397742
57.967614,5,2697.522464
-11.606566,4,2697.605192
57.958914,5,2697.725811
54.216439,4,2697.827622
-7.689153,6,2698.138599
-7.994855,5,2698.387389
54.010061,4,2698.532303
57.78931,7,2698.652015
-13.657398,3,2698.875902
57.957315,5,2698.975979
54.179076,4,2699.162559
-11.543465,4,2699.252691
59.095499,6,2699.382386
-8.221882,6,2699.51372
-11.110667,4,2699.600909
-7.03563,5,2699.98166
54.020411,4,2700.240441
-7.480737,6,2700.504643
59.099294,6,2700.621305
57.966293,5,2700.720385
-8.538821,5,2700.851294
57.740701,5,2700.948933
-7.032386,5,2701.340739
59.094991,6,2701.487662
57.967614,5,2701.64437
-8.19044,6,2701.783382
57.967614,5,2701.949362
54.21281,4,2702.190394
58.089347,6,2702.456427
59.099294,6,2702.595013
-11.364012,4,2702.687714
57.967614,5,2702.795389
-11.07499,4,2703.011551
59.09786,6,2703.145195
-8.446406,5,2703.234129
57.685718,5,2703.361393
-7.66649,6,2703.498931
-7.955761,5,2703.743923
57.785392,7,2703.920708
57.961952,5,2704.049061
59.095423,6,2704.162762
57.769726,7,2704.298476
-9.688513,7,2704.41447
54.216439,4,2704.526135
57.765872,7,2704.665006
57.552576,5,2704.836914
59.089276,6,2704.9276
-7.374091,6,2705.08202
54.216439,4,2705.187872
59.099294,6,2705.283211
-11.376702,4,2705.411044
-6.76887,6,2705.767512
-8.094581,5,2706.028093
-7.968125,5,2706.269009
-5.905292,6,2706.443124
-6.797136,6,2706.856474
-7.229008,7,2707.099769
59.099294,6,2707.257619
-7.990662,5,2707.517694
-8.373406,5,2707.662936
-10.783561,4,2707.931303
57.961768,5,2708.018463
-8.231744,5,2708.120847
-7.813388,6,2708.279025
59.099294,6,2708.374889
-8.215383,6,2708.509725
-8.526902,5,2708.595866
-11.47877,4,2708.685519
-11.307544,4,2708.782306
-7.788571,6,2709.051198
57.957811,5,2709.193034
-11.249082,4,2709.305709
-7.679668,6,2709.543319
-11.356357,4,2709.633955
-7.988799,5,2709.791255
-9.840598,7,2709.949186
-6.667491,6,2710.445168
-8.158917,5,2710.698006
-7.79176,6,2711.02215
-9.590668,7,2711.141737
57.961876,5,2711.245971
54.213091,4,2711.444174
57.782928,7,2711.552786
57.242985,5,2711.666341
-8.364221,7,2711.922379
-5.904913,6,2712.031513
57.776558,7,2712.168562
-6.713571,6,2712.436133
-7.009825,6,2712.594696
58.712957,6,2712.786914
-9.433842,7,2712.944663
59.090815,6,2713.046193
-11.543199,4,2713.127938
-7.785858,6,2713.343667
-13.769004,3,2713.430555
-11.091872,4,2713.650546
58.228371,6,2713.897663
59.090928,6,2714.029229
-5.912971,6,2714.177483
-7.811247,5,2714.434192
57.967614,5,2714.570713
59.090782,6,2714.712165
58.374026,6,2714.89551
-7.765656,6,2715.138353
-11.101332,4,2715.227529
59.090609,6,2715.404795
-13.615666,3,2715.545203
-11.420618,4,2715.629314
59.097453,6,2715.783419
54.216439,4,2715.983066
-7.23113,7,2716.203962
59.094818,6,2716.332726
-9.822658,7,2716.482825
53.504866,4,2716.619564
59.099294,6,2716.76904
57.768685,7,2716.995304
59.089418,6,2717.08895
57.886051,6,2717.278878
-7.044732,5,2717.377196
59.089013,6,2717.484017
-8.189291,5,2717.619303
57.783823,7,2717.948523
59.099294,6,2718.096287
59.099294,6,2718.248825
59.085488,6,2718.371516
-8.544784,5,2718.621042
57.967614,5,2718.777396
-13.744052,3,2718.872979
58.032598,6,2719.12453
53.416553,4,2719.435698
-5.92032,6,2719.537196
58.209645,6,2719.746476
-8.041446,5,2719.87684
57.967614,5,2720.169089
57.967614,5,2720.320981
54.216439,4,2720.519402
-7.731689,6,2720.645701
57.779133,7,2720.734636
-8.208035,5,2720.831869
57.706397,5,2720.988281
-11.218363,4,2721.091175
57.956603,5,2721.254071
57.963312,5,2721.370072
59.099294,6,2721.52727
54.216439,4,2721.635407
-11.035952,4,2721.742212
54.210327,4,2721.943618
57.776269,7,2722.154105
57.076728,5,2722.515183
57.967614,5,2722.63892
57.961328,5,2722.788967
-11.813502,8,2723.021228
57.962594,5,2723.112249
57.666357,5,2723.290179
57.170729,5,2723.51731
-7.408024,6,2723.79933
-11.451568,4,2723.904629
59.099294,6,2724.084061
59.092641,6,2724.200816
-11.571115,4,2724.352024
-8.010586,5,2724.582111
59.088802,6,2724.703459
-6.915583,6,2724.967095
59.095882,6,2725.135061
-13.718154,3,2725.214972
-7.032386,5,2725.547784
57.957502,5,2725.644246
54.216439,4,2725.754331
-8.508453,5,2725.859898
-7.974776,5,2726.058917
57.956492,5,2726.295786
57.78954,7,2726.472068
54.216439,4,2726.674597
54.014919,4,2726.943849
53.968699,4,2727.066259
-10.792933,4,2727.155785
54.205976,4,2727.342819
59.091864,6,2727.467455
-13.665188,3,2727.554198
57.78203,7,2727.729638
54.216439,4,2727.906149
-7.684001,5,2728.074493
57.779528,5,2728.23692
57.780083,7,2728.355862
57.958046,5,2728.455862
-7.032386,5,2728.88623
57.967614,5,2729.099747
57.532056,5,2729.237863
59.088143,6,2729.340252
-8.303222,5,2729.447396
57.967614,5,2729.595831
57.967614,5,2729.734186
59.007622,6,2729.871266
-7.50085,5,2730.273871
-8.572654,5,2730.414937
53.191168,8,2730.549208
-13.527257,3,2730.639773
54.212886,4,2730.769886
59.09808,6,2730.885952
-7.44918,6,2731.020357
59.090048,6,2731.115489
57.580745,5,2731.238061
54.216439,4,2731.713056
59.096504,6,2731.842273
59.084811,6,2731.975786
-7.335592,5,2732.37198
54.216439,4,2732.477596
59.077453,6,2732.587887
-11.431144,4,2732.672538
57.964117,5,2732.907608
-8.067457,5,2733.059205
53.196364,8,2733.214537
-13.476791,3,2733.420068
-8.128887,5,2733.548265
59.099294,6,2733.716617
57.787793,5,2733.919575
-11.437434,4,2734.038393
57.967614,5,2734.29282
-8.508803,5,2734.393649
57.965315,5,2734.528716
59.097294,6,2734.629774
57.967614,5,2734.765801
-7.861214,6,2734.857332
-11.269611,4,2734.949481
57.967614,5,2735.131201
58.888579,6,2735.279404
-6.746549,6,2735.547789
58.927554,6,2735.66887
59.099294,6,2735.806595
57.967614,5,2735.960181
57.956234,5,2736.859911
58.065157,6,2737.059657
-5.908968,6,2737.138089
59.099294,6,2737.291138
57.958222,5,2737.403549
57.465288,5,2737.603693
59.08821,6,2737.737183
57.967614,5,2737.894513
57.777888,7,2738.042869
59.099294,6,2738.226761
-11.056231,4,2738.3311
-7.054416,6,2738.685151
57.956369,5,2738.838587
-10.874862,4,2738.997957
54.216439,4,2739.129826
54.207467,4,2739.318972
57.960363,5,2739.451303
54.216439,4,2739.577604
-6.572469,6,2739.972297
-7.64175,6,2740.092411
-10.783561,4,2740.544927
-8.600982,5,2740.657451
59.089512,6,2740.759743
59.099294,6,2740.872259
59.099294,6,2740.984343
59.099294,6,2741.122827
-11.589911,4,2741.215874
-8.233726,5,2741.362377
59.098214,6,2741.492258
57.967614,5,2741.612199
59.099294,6,2741.78958
-13.750948,3,2741.879951
57.572281,7,2742.020424
57.960057,5,2742.139484
59.091739,6,2742.369705
57.782492,7,2742.510401
54.101925,4,2742.615583
-7.22813,7,2742.847643
-10.787692,4,2743.068459
54.20927,4,2743.193714
-11.458128,4,2743.288861
-7.0485,5,2743.382053
58.177253,6,2743.582793
-8.345389,5,2743.76029
59.098872,6,2743.853028
-8.220516,5,2743.996454
59.099294,6,2744.146414
-5.904023,6,2744.334872
58.483691,6,2744.546439
-11.590494,4,2744.634124
54.206751,4,2744.819878
-8.545863,5,2744.904272
-7.684958,5,2745.058709
-8.219239,6,2745.182928
-7.852552,5,2745.285312
-7.982051,5,2745.398528
-5.917597,6,2745.596188
57.961669,5,2745.715158
-13.476791,3,2745.798147
-11.471945,4,2746.071568
-8.113128,6,2746.229969
-7.152434,6,2746.473984
58.744454,6,2746.646853
-7.491427,5,2746.837313
-11.512469,4,2747.002754
-11.520711,4,2747.094812
-13.632352,3,2747.220114
59.099294,6,2747.358677
57.769543,7,2747.466166
57.783779,7,2747.803551
-11.237545,4,2747.907885
-13.543843,3,2748.009614
-11.589206,4,2748.115451
59.092935,6,2748.27461
54.059815,4,2748.387964
57.947657,5,2748.504903
58.944769,6,2748.686553
57.967614,5,2748.844294
53.691953,4,2749.117767
-13.633575,3,2749.218243
59.089021,6,2749.312525
59.035099,6,2749.439383
57.789428,7,2749.587315
57.769677,7,2749.719475
-7.746654,5,2749.924382
-7.936494,6,2750.079347
59.099294,6,2750.18152
59.083764,6,2750.328271
59.093956,6,2750.472014
-8.475745,5,2750.573673
59.095305,6,2750.692366
57.967614,5,2750.827852
-8.186381,5,2751.0303
-8.08015,6,2751.178246
57.962372,5,2751.296226
-11.485255,4,2751.41796
57.28611,5,2751.614957
-7.050775,5,2751.723478
54.161565,4,2752.02645
54.216439,4,2752.144503
-7.051165,5,2752.242324
-13.655708,3,2752.33009
57.967614,5,2752.578037
-5.907606,6,2752.676384
-11.579034,4,2752.760507
-11.277995,4,2752.854649
-8.53514,5,2753.040701
57.561288,5,2753.200819
57.959777,5,2753.345241
57.772056,7,2753.441368
-7.032386,5,2753.88381
-13.560512,3,2754.173688
59.096286,6,2754.357627
59.092265,6,2754.512992
54.212576,4,2754.737377
-7.96302,5,2754.965343
-7.935041,5,2755.082724
57.720328,5,2755.286409
57.869417,5,2755.396103
54.216309,4,2755.581856
59.099294,6,2755.737983
-6.826498,6,2756.118454
-7.042895,5,2756.231825
59.095099,6,2756.369985
-7.22193,7,2756.881689
57.943839,5,2756.981598
-11.264442,4,2757.160156
-11.270218,4,2757.258079
-7.672063,5,2757.579512
59.087475,6,2757.721829
59.085907,6,2757.876535
57.685704,5,2758.065875
-13.476791,3,2758.336988
54.205176,4,2758.508595
-6.802722,6,2758.687237
59.092184,6,2758.846609
-7.636118,6,2759.002483
-13.476791,3,2759.09868
57.779629,7,2759.584891
59.081084,6,2759.686258
-7.046822,5,2759.788256
57.966684,5,2760.080428
57.961835,5,2760.21863
54.209754,4,2760.33293
57.96493,5,2760.492234
-10.957385,4,2760.733983
-13.626872,3,2760.849445
57.95077,5,2760.94652
-10.783561,4,2761.117093
59.093215,6,2761.255803
56.561518,7,2761.544885
53.19093,8,2761.688317
57.957941,5,2761.858522
56.441492,7,2762.157223
59.099294,6,2762.316145
-13.756688,3,2762.40499
57.966913,5,2762.523717
57.084463,7,2762.792004
57.781581,7,2762.94068
-7.21945,5,2763.286524
57.956495,5,2763.474149
59.087678,6,2763.59586
-11.606733,4,2763.683291
59.092667,6,2763.823574
57.963459,5,2764.033727
57.777571,7,2764.176817
-7.916083,6,2764.312043
-8.304049,5,2764.411657
54.216439,4,2764.623747
59.099294,6,2764.760544
57.772602,7,2764.85362
-7.80658,5,2765.016783
-5.909587,6,2765.210692
57.756718,5,2765.347845
-13.693254,3,2765.44039
-11.559319,4,2765.528546
57.950514,5,2765.634135
57.966665,5,2765.773558
57.963315,5,2765.869672
57.963873,5,2766.105382
54.216439,4,2766.22457
57.778354,7,2766.355788
59.088436,6,2766.482273
57.785107,7,2766.658383
57.650982,5,2766.858457
54.216439,4,2767.04973
53.203462,8,2767.373544
-13.765217,3,2767.463371
54.183354,4,2767.664306
-7.219431,7,2768.065169
59.097233,6,2768.212692
-8.332133,5,2768.442025
-8.146769,5,2768.547691
57.782621,7,2768.692766
-13.476791,3,2768.795106
57.967614,5,2768.989245
-7.048633,5,2769.092027
-7.325977,6,2769.254583
-7.307234,6,2769.532223
57.96055,5,2769.753036
57.781914,7,2769.892721
-8.171214,6,2769.987906
57.963628,5,2770.117486
57.737858,7,2770.234917
57.957978,5,2770.333001
-13.476791,3,2770.42122
-11.182161,4,2770.529721
59.094393,6,2770.651003
-7.125751,6,2770.80959
59.099294,6,2770.939186
-7.180842,6,2771.098224
56.262738,7,2771.294378
-9.864639,7,2771.63759
57.777186,7,2771.727394
59.096721,6,2771.822227
57.951287,6,2772.029833
57.967614,5,2772.137547
-7.772157,6,2772.480662
58.528861,6,2772.792005
57.795271,5,2772.953151
59.097258,6,2773.080821
-8.132729,5,2773.347918
-13.685646,3,2773.432874
53.18274,8,2773.575525
54.207032,4,2773.684184
54.018879,4,2773.788169
59.09438,6,2773.907217
53.193961,8,2774.031996
57.776105,7,2774.177792
57.952572,5,2774.277563
-11.01888,4,2774.469581
58.024056,6,2774.715176
-8.440257,5,2774.817551
-11.428655,4,2774.929316
57.712882,7,2775.069812
-7.846801,6,2775.229447
-7.653128,6,2775.477802
-7.839698,5,2775.678474
-13.659542,3,2775.77053
54.216439,4,2776.07974
57.775786,7,2776.381015
-8.327872,5,2776.496546
59.099294,6,2776.683165
57.956358,5,2776.884168
57.962453,5,2777.008253
57.704326,5,2777.158565
57.960235,5,2777.312439
57.9563,5,2777.411124
57.964692,5,2777.512999
-7.036382,5,2777.9257
57.947473,5,2778.017106
-11.147526,4,2778.150007
-13.601522,3,2778.276865
-11.320438,4,2778.363971
57.956875,5,2778.4576
59.081217,6,2778.563775
57.760791,6,2778.851215
59.09384,6,2778.966837
-8.330445,5,2779.126659
59.089029,6,2779.22553
-8.000921,5,2779.508364
57.958216,5,2779.716276
57.77859,7,2780.094607
57.78706,5,2780.248262
59.092963,6,2780.397515
-11.245731,4,2780.501711
57.955111,5,2780.584132
57.786848,7,2780.725705
-11.514624,4,2780.842072
57.768873,7,2780.961011
-8.096912,5,2781.199789
54.216439,4,2781.30537
59.09113,6,2781.397832
-8.162504,5,2781.656219
58.359025,6,2781.812042
59.099294,6,2781.956907
59.095803,6,2782.058368
59.089499,6,2782.165675
57.780095,7,2782.332498
57.967144,5,2782.600559
-8.558113,5,2782.731364
59.099294,6,2782.869214
57.624286,5,2782.980484
57.967614,5,2783.097718
57.950239,5,2783.222121
-8.335416,5,2783.359458
-13.617166,3,2783.457937
59.091139,6,2783.554298
-7.226304,5,2783.982466
57.964035,5,2784.080794
57.959487,5,2784.173465
-11.460052,4,2784.270792
59.093239,6,2784.37129
59.088652,6,2784.497313
-11.493824,4,2784.57955
-7.832822,5,2784.797709
57.967614,5,2784.92615
57.957518,5,2785.024813
-13.476791,3,2785.152998
57.95646,5,2785.26565
59.087525,6,2785.386398
59.096267,6,2785.500041
57.596468,5,2785.657079
59.099294,6,2785.850853
-8.312457,5,2785.976643
-13.65949,3,2786.098889
59.091116,6,2786.226292
54.208176,4,2786.4184
54.186457,4,2786.60029
-7.352856,6,2786.836138
54.205039,4,2787.062323
58.967654,6,2787.242113
57.255741,5,2787.434035
57.382727,5,2787.597727
-7.86989,5,2787.754196
57.778504,7,2787.866006
59.091439,6,2787.979489
57.673825,6,2788.267352
57.966238,5,2788.363689
-7.208256,5,2788.729501
59.094582,6,2788.846665
59.097057,6,2788.99523
57.956236,5,2789.103973
57.967019,5,2789.246006
58.930795,6,2789.519827
-11.338893,4,2789.621013
57.622911,5,2789.735202
-8.178565,5,2789.954554
54.127418,4,2790.109382
-11.287999,4,2790.207776
57.967614,5,2790.308524
-8.066811,5,2790.502305
58.220988,6,2790.783215
59.070737,6,2790.938612
54.216439,4,2791.139801
57.790978,5,2791.281319
59.099294,6,2791.423285
57.962441,5,2791.581527
57.399923,5,2791.773597
57.629934,5,2791.962274
59.067876,6,2792.050696
-11.332126,4,2792.143149
57.956521,5,2792.239608
-7.95162,5,2792.330265
59.088532,6,2792.482215
57.785921,7,2792.604681
-11.46331,4,2792.693775
54.216147,4,2792.884917
57.963591,5,2792.98602
57.956121,5,2793.091479
57.751557,5,2793.344927
-13.646011,3,2793.435638
54.160501,4,2793.643049
54.20794,4,2793.871372
58.538765,6,2793.992261
59.099267,6,2794.092451
57.778561,7,2794.201125
-7.203437,6,2794.354173
57.78215,7,2794.484758
-8.300526,5,2794.620911
57.959275,5,2794.720799
-8.178052,5,2794.878235
57.967614,5,2795.027601
-7.182421,6,2795.200017
57.770531,6,2795.408869
-13.481139,3,2795.50503
57.967177,5,2795.600628
59.096054,6,2795.699488
58.886901,6,2795.99922
57.783921,7,2796.175727
57.967614,5,2796.41781
57.778435,7,2796.575142
57.967614,5,2796.698984
57.782696,7,2796.874419
57.78954,7,2797.050442
54.2067,4,2797.156942
54.215956,4,2797.268654
57.967614,5,2797.468038
-13.711171,3,2797.551185
54.216439,4,2797.748478
57.779679,7,2797.896634
-11.228353,4,2798.089849
54.10684,4,2798.321403
-8.493567,5,2798.41652
-7.212067,7,2798.797688
59.092078,6,2798.948641
57.779542,7,2799.365602
58.111992,6,2799.670504
53.200823,8,2799.804723
57.967614,5,2799.951068
-11.295742,4,2800.852751
53.980752,4,2801.150636
-13.577532,3,2801.264508
-13.476791,3,2801.481326
57.967614,5,2801.610876
-11.292119,4,2801.728557
-7.881529,5,2802.011737
-8.489658,5,2802.164441
57.963627,5,2802.309358
57.709125,5,2802.505081
-7.03457,5,2802.605878
57.782428,7,2802.721621
-11.599988,4,2802.809207
-7.367076,6,2803.02865
59.087385,6,2803.179219
-7.948506,6,2803.330998
54.144753,4,2803.465285
-11.262819,4,2803.563811
59.09135,6,2803.660192
54.214412,4,2803.855436
59.09105,6,2803.996857
-11.591989,4,2804.080494
-7.897196,5,2804.235533
57.967614,5,2804.390752
57.963,5,2804.517899
58.70842,6,2804.707179
57.326429,5,2804.818907
57.951919,5,2804.934249
-8.129031,6,2805.064758
54.211664,4,2805.169705
57.628951,5,2805.321579
-8.178869,5,2805.42775
-8.361208,5,2805.575198
59.030603,6,2805.730354
-11.277356,4,2805.828427
-7.225013,7,2806.195458
-7.999223,5,2806.552847
-13.558307,3,2806.648631
59.089853,6,2806.771098
57.95867,5,2806.954374
-6.915461,6,2807.315222
59.099294,6,2807.427171
-8.287452,5,2807.576208
-11.037866,4,2807.776404
-8.248049,6,2807.932567
-8.388701,5,2808.09106
-6.20966,6,2808.431384
59.099294,6,2808.585002
59.086628,6,2808.739216
-11.284513,4,2808.855159
57.435756,5,2809.158231
-7.602202,5,2809.403828
59.099294,6,2809.544834
54.216439,4,2809.667794
58.897927,6,2809.818248
59.081627,6,2809.912634
54.216439,4,2810.02015
59.085995,6,2810.160292
57.769025,7,2810.55737
58.669965,6,2810.715872
-5.913068,6,2810.79442
-8.290189,5,2810.889632
59.09112,6,2811.012874
-7.832055,5,2811.268725
57.961022,5,2811.368616
58.963274,6,2811.467503
57.96427,5,2811.592658
-11.543276,4,2811.710756
59.087418,6,2811.853003
57.945951,5,2811.948664
54.216439,4,2812.157604
-10.10465,7,2812.300443
54.216439,4,2812.541986
57.967614,5,2812.738879
-13.551967,3,2812.900828
59.08882,6,2813.068772
57.959483,5,2813.21379
57.785018,7,2813.360395
57.714183,5,2813.501333
-11.075806,4,2813.748106
-8.608775,5,2813.895514
57.965933,5,2814.006595
59.085629,6,2814.108793
-13.478359,3,2814.193695
59.095265,6,2814.396206
-5.918523,6,2814.517575
-7.56274,5,2814.682884
-7.230064,7,2815.024283
57.950368,5,2815.111286
59.088561,6,2815.29012
54.216439,4,2815.487581
58.935603,6,2815.597753
54.216439,4,2815.805991
-13.763771,3,2815.89646
57.959153,5,2816.004377
57.774591,7,2816.150366
59.099294,6,2816.255831
-11.204438,4,2816.345908
-6.328693,6,2816.711726
-8.403369,5,2816.881302
-8.34841,5,2817.06685
58.666084,6,2817.221195
-13.476791,3,2817.454832
-7.490201,6,2817.588025
57.654237,6,2817.856815
-11.442142,4,2817.989731
-7.758633,6,2818.180238
57.957499,5,2818.274536
57.780208,5,2818.580426
59.089289,6,2818.755982
59.082951,6,2818.869375
-8.369148,5,2819.051642
-7.998437,5,2819.192845
-11.457709,4,2819.287289
57.967614,5,2819.417055
-11.099246,4,2819.564672
-7.442917,6,2819.968729
-7.829621,5,2820.135953
-13.569187,3,2820.24154
57.410632,5,2820.371583
58.455002,6,2820.573621
57.967614,5,2820.711896
-7.816983,6,2820.864263
59.084878,6,2820.957036
54.216439,4,2821.159674
54.216439,4,2821.37407
-7.825957,5,2821.539611
59.099294,6,2821.68371
57.227428,5,2821.88868
-7.468499,5,2822.052971
-13.492724,3,2822.143251
-7.313668,5,2822.587309
-11.327972,4,2822.68474
57.769877,6,2822.822068
-13.476791,3,2822.928348
59.087358,6,2823.048886
57.748355,5,2823.236799
57.497712,5,2823.438777
57.777547,7,2823.625736
-11.555207,4,2823.714292
-11.13988,4,2823.853065
-11.571353,4,2823.939734
-8.558659,5,2824.06043
57.782766,7,2824.153089
-5.923073,6,2824.326463
57.967614,5,2824.448377
59.083457,6,2824.580581
57.965499,5,2824.712941
57.780029,7,2824.864856
57.748553,5,2825.065003
57.96483,5,2825.186925
-5.90265,6,2825.649235
-11.609462,4,2825.734438
57.962682,5,2825.843071
-8.451266,5,2826.065845
56.944804,5,2826.212922
54.208128,4,2826.409343
-11.198073,4,2826.512184
59.090647,6,2826.645684
59.099294,6,2826.835263
-10.931715,4,2827.005399
59.099294,6,2827.191744
-7.04274,5,2827.298117
-14.391347,3,2827.391248
57.773809,7,2827.514079
59.093418,6,2827.660776
-11.171239,4,2827.921813
-7.86367,5,2828.113212
57.967614,5,2828.243887
57.191703,5,2828.380413
59.087553,6,2828.476559
57.961198,5,2828.572334
59.089984,6,2828.720873
58.102412,6,2828.945396
-8.302255,5,2829.073087
-11.073607,4,2829.309368
54.216439,4,2829.515162
58.26964,6,2829.708917
-13.622393,3,2829.809561
54.199097,4,2829.905783
-11.293916,4,2830.006817
57.958013,5,2830.103962
-7.933847,5,2830.235627
-11.424777,4,2830.377817
-7.938044,5,2830.628688
57.967614,5,2830.770845
-8.09937,5,2830.992448
-9.238967,7,2831.253134
-13.540052,3,2831.535028
57.965901,5,2831.765381
57.248582,5,2831.909639
54.216439,4,2832.106325
-8.119132,5,2832.260293
-7.630084,5,2832.529359
-13.760887,3,2832.621602
57.967614,5,2832.719909
-8.154247,5,2832.850307
57.960448,5,2832.995292
59.099294,6,2833.270965
-11.601369,4,2833.358738
54.216439,4,2833.555224
57.769251,7,2833.700069
57.781426,7,2833.97965
-5.911312,6,2834.071524
57.785884,7,2834.248519
-11.301382,4,2834.379802
-11.370925,4,2834.467767
57.778138,7,2834.584341
-11.158049,4,2834.806951
59.089235,6,2834.898181
54.216439,4,2835.117969
59.088128,6,2835.268429
57.949644,5,2835.367233
-7.139844,6,2835.626268
-7.879093,5,2836.083559
57.967614,5,2836.436222
54.216439,4,2836.57761
59.099294,6,2836.8216
-7.29445,5,2837.363318
59.088508,6,2837.491172
59.087542,6,2837.588163
-8.004366,5,2837.95898
-10.786841,4,2838.059145
54.216439,4,2838.171909
59.098677,6,2838.318112
59.094598,6,2838.477816
57.967614,5,2838.646687
54.216439,4,2838.751113
59.099294,6,2838.960089
57.967614,5,2839.117485
-14.743498,3,2839.206153
54.213994,4,2839.395449
59.094992,6,2839.587505
58.167576,6,2839.743871
54.214925,4,2839.975111
59.09311,6,2840.121847
-11.449886,4,2840.240416
-7.233976,6,2840.401888
59.099294,6,2840.538839
59.089344,6,2840.63393
-11.423493,4,2840.727939
54.212364,4,2840.841159
-11.114321,4,2841.054842
57.967614,5,2841.321402
-8.04125,5,2841.463678
-8.554305,5,2841.555314
58.52155,6,2841.712417
-8.099846,6,2841.84994
57.773685,7,2842.27678
57.967614,5,2842.485159
57.951139,5,2842.582002
57.785685,7,2842.723718
-7.846836,6,2842.937505
-6.199202,6,2843.297682
59.092374,6,2843.414804
57.781941,7,2843.555914
54.215818,4,2843.66912
57.476849,5,2843.875461
57.961752,5,2844.058927
-7.230358,7,2844.162485
-8.171211,5,2844.270925
58.334906,6,2844.485307
-8.530362,5,2844.635177
-11.583528,4,2844.721176
-8.105914,5,2844.823952
-11.540137,4,2844.947555
59.099294,6,2845.101835
54.210874,4,2845.325613
57.78954,7,2845.505833
54.216439,4,2845.621969
-8.544632,5,2845.720073
54.216439,4,2845.942265
-11.045548,4,2846.191022
57.967614,5,2846.306657
-13.476791,3,2846.551412
-11.193523,4,2846.66208
59.099294,6,2846.81922
-5.920806,6,2846.944746
-5.906089,6,2847.033561
57.95701,5,2847.193901
-11.239321,4,2847.316069
59.095013,6,2847.474726
-11.045322,4,2847.596679
57.964034,5,2847.73603
54.216439,4,2847.837805
59.098655,6,2847.965993
59.085522,6,2848.105803
-7.493549,6,2848.2452
59.094604,6,2848.476518
57.967614,5,2848.697498
57.587947,5,2848.86386
59.099277,6,2849.093653
59.087397,6,2849.25994
-11.031313,4,2849.53778
57.784364,7,2850.080653
59.089287,6,2850.182608
59.095068,6,2850.275792
-7.670116,5,2850.441867
57.898691,5,2850.668799
-11.398272,4,2850.785176
57.780195,7,2850.935748
57.965805,5,2851.030997
59.088901,6,2851.143464
53.19514,8,2851.291461
57.961654,5,2851.483558
59.094714,6,2851.637153
54.211755,4,2851.85708
-7.903524,5,2852.070735
54.216439,4,2852.175759
-7.219311,6,2852.4275
-9.999152,7,2852.571438
-13.758533,3,2852.694448
59.094286,6,2852.821676
-11.067065,4,2853.064146
54.209893,4,2853.246056
57.780679,7,2853.510779
57.958434,5,2853.611855
-7.818774,5,2853.861591
59.083034,6,2853.959411
-10.78847,4,2854.063711
-13.753965,3,2854.188382
57.959988,5,2854.373832
57.956955,5,2854.501867
-7.634827,5,2854.669901
57.780484,7,2854.812185
-13.72266,3,2854.906628
-8.281068,5,2855.010475
-5.914918,6,2855.114702
-10.996824,4,2855.263802
-7.738967,5,2855.518644
57.772264,7,2855.660194
57.777253,7,2855.860982
57.967178,5,2856.061009
59.076846,6,2856.187622
57.425118,6,2856.414099
57.786456,7,2856.594021
57.965502,5,2856.747582
57.967614,5,2856.878426
59.099294,6,2857.16367
-11.431742,4,2857.296072
54.215782,4,2857.523535
59.096472,6,2857.692715
57.967614,5,2857.793583
57.967614,5,2857.931995
-8.126647,6,2858.347986
59.089283,6,2858.570025
57.769997,7,2858.717408
58.020978,6,2858.955767
54.216439,4,2859.149305
59.092288,6,2859.309364
59.099294,6,2859.594607
54.059824,4,2859.713645
59.099294,6,2859.891376
59.099294,6,2860.051055
-10.784106,4,2860.226426
57.967614,5,2860.354842
-11.143838,4,2860.588436
57.78193,7,2860.683799
57.783319,7,2860.876117
-13.476791,3,2861.085434
-8.16342,6,2861.225307
-7.956236,5,2861.314204
-11.233522,4,2861.414386
59.087263,6,2861.527352
59.095546,6,2861.71378
57.964063,5,2861.87028
57.542629,5,2862.17986
54.216439,4,2862.310605
59.083397,6,2862.417199
57.52931,5,2862.540611
-11.605117,4,2862.636085
59.091962,6,2862.7669
-8.54309,5,2862.908262
-10.783561,4,2863.275777
-11.060968,4,2863.390468
57.967614,5,2863.5494
57.967614,5,2863.705865
-11.282209,4,2863.804614
57.965921,5,2863.952412
59.087614,6,2864.062349
59.095555,6,2864.213977
-8.375757,5,2864.378625
59.099294,6,2864.521909
-7.840955,5,2864.677708
57.778884,7,2864.828745
57.967614,5,2865.04181
57.967614,5,2865.166312
54.216439,4,2865.358595
59.089693,6,2865.814366
57.620777,5,2865.941375
54.148839,4,2866.205842
-7.973563,5,2866.425097
-8.597862,5,2866.542583
-8.085509,5,2866.684663
57.698458,5,2866.996832
-7.677717,6,2867.121674
57.1184,7,2867.392831
54.216439,4,2867.586707
57.967525,5,2868.792562
59.048686,6,2869.07643
57.261926,5,2869.501989
-7.863966,5,2869.748467
57.756105,5,2869.876875
54.208581,4,2870.070129
58.434876,6,2870.26175
-11.199845,4,2870.446204
53.208829,8,2870.63256
57.967614,5,2870.788828
-5.911731,6,2870.947091
57.503049,5,2871.13389
-7.032386,5,2871.510718
57.702592,5,2871.754252
57.963103,5,2871.854331
-7.392931,6,2872.006147
-11.561744,4,2872.104369
57.25633,5,2872.293324
-8.289191,5,2872.418375
58.109343,6,2872.620407
57.78954,7,2872.726345
-7.032386,5,2873.092762
57.967614,5,2873.296959
57.83422,5,2873.408862
59.099294,6,2873.548738
54.215654,4,2873.754089
57.957678,5,2873.866372
58.572656,6,2874.073337
58.892887,6,2874.229414
59.094095,6,2874.36317
59.093213,6,2874.540993
57.787741,7,2874.692076
57.964013,5,2874.800171
-7.731421,5,2875.047315
58.371663,6,2875.253014
-8.002606,5,2875.408462
57.956122,5,2875.507189
-11.426748,4,2875.654541
57.777587,7,2875.803301
-11.292825,4,2875.916414
-7.157331,5,2876.257211
59.084227,6,2876.402009
57.777409,7,2876.549945
-5.916092,6,2876.7301
59.088563,6,2876.874346
-5.915767,6,2876.988008
-7.992128,5,2877.118654
-7.055547,5,2877.214504
-7.229711,7,2877.68852
59.099294,6,2877.844083
-8.010753,5,2878.059107
59.097558,6,2878.340036
57.7721,7,2878.455225
54.15925,4,2878.653379
57.967614,5,2878.77427
57.589878,5,2878.890048
54.204707,4,2879.026435
59.089774,6,2879.162575
58.947433,6,2879.314963
54.211187,4,2879.545564
-13.476791,3,2879.637543
-7.221591,7,2879.7405
57.621371,5,2879.861626
53.20117,8,2879.998784
-6.055973,6,2880.399451
57.950886,5,2880.575627
57.878269,5,2880.73896
-11.179746,4,2880.970242
57.651334,7,2881.13562
57.950613,5,2881.257933
-5.907321,6,2881.419025
59.095679,6,2881.512671
57.965808,5,2881.615161
57.962228,5,2881.741823
57.967614,5,2881.838955
57.961374,5,2881.964262
54.216439,4,2882.092048
-8.544502,5,2882.203421
59.099294,6,2882.397769
-7.036518,5,2882.49966
57.967614,5,2882.705075
57.960974,5,2882.873436
59.092021,6,2883.033014
-11.13044,4,2883.270728
57.964943,5,2883.369064
57.967614,5,2883.534185
59.099294,6,2883.794511
57.967614,5,2883.917421
59.01961,6,2884.045542
57.747432,5,2884.252129
-7.032386,5,2884.373047
57.795994,5,2884.474623
-5.900706,6,2884.584737
-7.839703,5,2884.744672
-8.370382,5,2884.882576
57.597243,6,2885.194583
59.094307,6,2885.376232
57.959736,5,2885.500206
57.963868,5,2885.599322
57.257931,5,2885.778548
-7.656273,6,2885.90124
-8.502102,5,2886.054849
-7.761966,6,2886.293168
57.79471,5,2886.568176
59.099294,6,2886.732493
-13.763377,3,2886.816382
-5.910461,6,2886.900378
-8.258933,5,2887.110939
57.967614,5,2887.222692
-7.236606,6,2887.47578
-13.662202,3,2887.564225
57.963012,5,2887.683109
-8.22457,5,2887.789249
57.967614,5,2887.989955
51.523209,3,2888.193011
-8.553752,5,2888.337102
58.273131,6,2888.669586
54.215748,4,2888.880856
-13.476791,3,2889.07654
-8.592135,5,2889.205539
57.557281,5,2889.414409
57.293517,5,2889.616285
-6.866229,6,2889.782666
57.775899,7,2889.9149
54.206492,4,2890.147675
57.967614,5,2890.313606
-7.830901,6,2890.530592
54.208102,4,2890.645256
59.09336,6,2890.782361
59.085441,6,2890.903127
-8.127491,6,2891.071159
57.774209,7,2891.224813
-11.039917,4,2891.475269
57.350855,5,2891.604459
-11.57329,4,2891.700224
-8.19461,5,2891.923741
57.956912,5,2892.029811
59.092603,6,2892.163186
-11.392541,4,2892.284751
-8.453394,5,2892.386759
-13.654271,3,2892.480777
-5.905829,6,2892.77938
54.216439,4,2892.966669
57.959171,5,2893.171305
59.086853,6,2893.323323
57.78003,7,2893.447344
-11.224216,4,2893.547901
57.963785,5,2893.650541
-11.159676,4,2893.755502
57.911649,5,2893.958645
-13.697777,3,2894.050789
59.017328,6,2894.136934
57.513359,5,2894.252921
59.089619,6,2894.356448
57.967614,5,2894.487265
-8.419979,5,2894.650149
-8.193971,6,2894.781723
57.886333,5,2894.942928
-11.358165,4,2895.108238
58.068511,6,2895.421841
-8.404111,5,2895.557874
59.089071,6,2895.704528
59.094141,6,2895.853782
57.78954,7,2896.057493
59.082953,6,2896.171943
57.779299,7,2896.317817
-8.022604,5,2896.552397
59.088967,6,2896.705758
57.814905,5,2896.839524
-7.041956,5,2897.204448
-8.603806,5,2897.318085
-7.73418,5,2897.435937
59.099294,6,2897.583429
57.963658,5,2897.816069
59.090035,6,2897.933321
-11.355906,4,2898.032348
-11.46038,4,2898.124818
-11.579469,4,2898.21489
57.497204,5,2898.435149
58.955287,6,2898.720311
59.093866,6,2898.819496
-10.788596,4,2898.9215
-8.146311,5,2899.011553
-8.35041,5,2899.202416
-11.444215,4,2899.299566
58.739188,6,2899.496384
-8.304939,5,2899.649126
57.967055,5,2899.752162
54.215618,4,2899.986409
59.088854,6,2900.100574
58.855901,6,2900.242963
57.784079,7,2900.369201
57.965878,5,2900.482354
-10.953661,4,2900.592292
-10.783561,4,2900.755514
-11.080413,4,2900.8658
57.776002,7,2901.04341
57.788173,7,2901.159325
58.455378,6,2901.349775
-7.882762,5,2901.480275
57.529898,5,2901.669213
57.487659,5,2901.893569
59.09714,6,2901.987164
57.480206,5,2902.10196
59.099294,6,2902.239778
-11.412476,4,2902.376755
57.967614,5,2902.540277
-13.713276,3,2902.628987
57.957125,5,2902.72756
-7.77624,6,2903.068576
57.94568,5,2903.165822
-7.710063,6,2903.318673
57.786052,7,2903.47115
57.960099,5,2903.569662
57.957473,5,2903.726367
57.090593,7,2904.037697
53.995992,4,2904.378936
57.967614,5,2904.515161
54.209387,4,2904.627213
59.079345,6,2904.734761
-7.979675,5,2904.829778
57.780403,7,2904.983031
57.78274,7,2905.115202
57.958661,5,2905.241506
57.961223,5,2905.3256
57.343934,5,2905.55166
-13.476791,3,2905.651986
57.966848,5,2905.769771
-13.539026,3,2905.917506
57.967129,5,2906.038194
-7.942707,5,2906.135899
-13.574768,3,2906.271038
57.958887,5,2906.378174
-13.731558,3,2906.468426
-7.861472,5,2906.619175
57.967037,5,2906.739995
54.216439,4,2906.851321
57.958721,5,2907.093397
57.956723,5,2907.298021
59.089022,6,2907.41807
-13.476791,3,2907.661606
57.948241,5,2907.850395
-8.923448,5,2908.012034
58.169488,6,2908.150334
54.216439,4,2908.389977
-7.733866,6,2908.642814
57.112951,7,2908.81016
57.967614,5,2908.95486
-8.187217,5,2909.067101
59.099294,6,2909.182261
59.099294,6,2909.315049
57.959355,5,2909.465274
-5.909109,6,2909.648838
-7.771366,6,2909.801494
54.117477,4,2910.006777
-11.260732,4,2910.108108
54.200471,4,2910.29402
57.96481,5,2910.443044
54.216439,4,2910.638175
59.086258,6,2910.766248
-8.420166,5,2910.952867
-7.222232,7,2911.182363
59.098308,6,2911.340827
-13.476791,3,2911.603501
59.099294,6,2911.888401
57.967614,5,2912.145687
54.20919,4,2912.332264
-8.327647,5,2912.472707
59.087363,6,2912.603356
-11.458883,4,2912.696176
57.954441,5,2912.972626
59.090208,6,2913.118108
59.091142,6,2913.262138
59.004327,6,2913.44489
-11.14133,4,2913.540393
54.009775,4,2913.767863
57.767071,7,2913.871822
-13.701902,3,2913.955232
-8.571818,5,2914.090761
-10.927051,4,2914.322718
54.21201,4,2914.517303
-8.59768,5,2914.658265
57.967614,5,2914.810858
57.786997,7,2914.991775
57.524743,6,2915.285218
-7.855079,6,2915.444416
-7.083693,6,2915.557199
57.959373,5,2915.711531
59.099294,6,2915.9197
59.099294,6,2916.106959
-13.685182,3,2916.197194
-11.349371,4,2916.329798
57.120992,7,2916.486999
57.782945,7,2916.684926
54.121976,4,2916.890374
-7.850258,5,2917.082708
57.785267,7,2917.224248
57.967614,5,2917.430227
-7.936173,5,2917.556248
57.967614,5,2917.709863
-7.222663,7,2917.797616
54.047945,4,2917.994007
-7.220175,7,2918.345428
57.699721,6,2918.477261
54.216439,4,2918.679785
59.081416,6,2918.781665
59.090006,6,2918.942766
54.096382,4,2919.154103
57.945164,5,2919.284016
59.089797,6,2919.438935
57.78742,7,2919.590438
-7.534101,6,2919.971307
-13.663311,3,2920.053449
-13.476791,3,2920.156941
-11.197491,4,2920.2566
-5.903954,6,2920.570271
59.099294,6,2920.753493
-13.680156,3,2920.836426
-11.419628,4,2920.923635
59.079433,6,2921.011764
57.964511,5,2921.132571
58.560089,6,2921.249285
-8.143219,5,2921.634383
-8.481119,5,2921.735744
59.091649,6,2921.933322
57.966042,5,2922.053583
57.779905,7,2922.207411
-11.446419,4,2922.336516
-11.238435,4,2922.476535
59.08956,6,2922.616475
-8.59511,5,2922.74856
54.216439,4,2922.955548
57.967614,5,2923.086666
57.952823,5,2923.318875
57.950458,5,2923.44879
-11.344479,4,2923.544469
-7.032386,5,2923.949944
59.091039,6,2924.063177
-7.864621,6,2924.325304
-7.94443,6,2924.564024
54.214185,4,2924.790696
57.779252,7,2924.89539
-11.589788,4,2924.982935
59.099294,6,2925.101233
-7.750632,5,2925.319135
57.779291,7,2925.456518
57.967585,5,2925.613671
-13.582716,3,2925.7079
57.963258,5,2925.875465
-7.726719,5,2925.969783
59.081398,6,2926.099218
54.216439,4,2926.316592
57.787125,7,2926.453748
-8.335841,5,2926.560103
-10.99603,4,2926.805309
-8.350247,5,2926.945246
57.967614,5,2927.103398
-7.557911,5,2927.264536
57.967356,5,2927.36214
-7.032386,5,2927.666876
58.784432,6,2927.895984
-8.063649,5,2928.16628
-7.218097,6,2928.42537
-6.368327,6,2928.809739
-8.41642,5,2928.934117
-8.400445,5,2929.071099
57.675912,5,2929.286786
59.092006,6,2929.429261
57.958573,5,2929.541306
-6.395154,6,2929.898487
-7.693719,5,2930.151478
59.099294,6,2930.306605
57.964317,5,2930.410573
57.964151,5,2930.52525
57.78954,7,2930.703922
-7.582,5,2930.976376
57.967614,5,2931.081131
-8.260538,5,2931.291965
57.77,7,2931.389012
-7.686866,5,2931.587573
57.967614,5,2931.793168
53.193166,8,2931.988752
54.216439,4,2932.182649
57.967614,5,2932.378522
-11.322946,4,2932.481059
-13.752281,3,2932.57025
-8.05435,5,2932.801353
57.78954,7,2932.947197
57.768214,7,2933.071519
-8.199312,6,2933.215505
59.098318,6,2933.30954
57.779921,7,2933.458044
-7.43289,6,2934.332934
-7.987802,5,2934.62963
-7.360951,5,2935.024562
57.786766,7,2935.184407
59.085944,6,2935.31406
59.083653,6,2935.402379
-7.863927,6,2935.697627
-11.467528,4,2935.808476
-7.154092,6,2936.014071
54.042537,4,2936.155649
59.099294,6,2936.313432
-8.119166,5,2936.563951
57.782533,7,2936.70473
57.378878,5,2936.853247
57.967614,5,2936.957271
54.143519,4,2937.066041
57.78954,7,2937.241403
59.099294,6,2937.379648
58.764701,6,2937.50338
57.78954,7,2937.702348
54.216439,4,2937.891526
-13.764893,3,2937.986979
59.097122,6,2938.109996
58.6961,6,2938.300978
58.459919,6,2938.454738
-13.707525,3,2938.540043
-8.089161,6,2938.684494
54.215273,4,2938.793059
56.63175,5,2939.057834
54.216439,4,2939.180356
-8.049472,5,2939.395567
57.961525,5,2939.620366
57.967614,5,2939.811234
57.787306,7,2939.960801
59.089674,6,2940.076557
59.099294,6,2940.271043
57.91145,5,2940.371295
59.098275,6,2940.508034
-13.663782,3,2940.607154
-8.048672,5,2940.705752
59.091119,6,2940.838988
58.843076,6,2941.004096
56.679735,7,2941.203706
57.779415,7,2941.348552
57.967614,5,2941.503424
57.950278,5,2941.597907
-6.264425,6,2941.942097
57.507084,6,2942.290851
54.210685,4,2942.401852
58.516205,6,2942.594408
53.035302,8,2942.789188
-7.469769,6,2943.192108
57.967614,5,2943.353992
57.435888,5,2943.654786
57.960114,5,2943.750639
59.076336,6,2943.874529
-13.476791,3,2943.967612
59.084631,6,2944.12913
59.099294,6,2944.315898
-8.359344,5,2944.503924
57.400624,5,2944.7782
-7.236765,5,2945.191264
-8.140101,5,2945.615821
58.478805,6,2945.825645
-8.211907,5,2946.001647
59.099294,6,2946.099285
59.083471,6,2946.232388
58.369062,6,2946.544066
57.957921,5,2946.705843
59.099294,6,2946.80431
59.099294,6,2946.905858
57.779627,7,2947.110826
-11.351714,4,2947.268529
-11.183351,4,2947.539205
57.778406,7,2947.69044
57.828988,5,2947.867178
57.765569,7,2947.96623
59.085064,6,2948.064118
59.089575,6,2948.262094
54.216439,4,2948.469022
54.216439,4,2948.587572
54.182513,4,2948.829233
58.380912,6,2949.020954
59.095201,6,2949.172756
57.775344,7,2949.266699
57.960907,5,2949.373018
-11.501043,4,2949.472348
-8.161702,6,2949.62485
59.090819,6,2949.727032
59.086489,6,2949.871209
59.090583,6,2949.972854
54.216439,4,2950.17449
-8.342395,5,2950.363582
-13.739774,3,2950.454287
57.78954,7,2950.609651
57.96283,5,2950.736491
59.096284,6,2950.906667
57.960505,5,2951.078208
57.79969,5,2951.257946
-11.261421,4,2951.378748
-7.231287,7,2951.607251
-10.783561,4,2951.714468
-13.639322,3,2951.827325
-7.745788,5,2952.057201
-8.459008,5,2952.211475
54.212723,4,2952.434633
-7.337535,6,2952.689677
57.967614,5,2952.896631
-13.669347,3,2952.984787
57.967614,5,2953.129969
57.962308,5,2953.249677
54.086903,4,2953.368011
-11.099342,4,2953.607101
59.090689,6,2953.72994
59.098895,6,2953.852593
-7.383917,6,2954.108446
-7.382335,5,2954.580865
-13.476791,3,2954.825924
59.094613,6,2954.959146
-8.042343,5,2955.120072
-7.625775,5,2955.28316
57.680346,5,2955.480042
57.961408,5,2955.577098
59.099294,6,2955.679511
-7.324704,5,2956.13906
-7.975277,6,2956.264422
57.72191,5,2956.376119
57.780451,7,2956.557538
59.099294,6,2956.83128
57.784436,5,2957.021099
-5.917652,6,2957.1746
57.776829,7,2957.304043
59.099294,6,2957.493793
57.967614,5,2957.596146
57.779557,7,2957.730871
-5.90813,6,2957.816312
57.955944,5,2957.923272
57.781337,7,2958.024468
57.78954,7,2958.182196
-8.026579,5,2958.454286
-7.778318,5,2958.624598
-13.776468,3,2958.723575
59.09794,6,2958.912822
59.095299,6,2959.061444
54.202683,4,2959.255082
59.092367,6,2959.454245
-8.320859,5,2959.58127
57.780665,7,2959.677387
-10.989661,4,2959.794935
54.215807,4,2959.910299
59.086378,6,2960.007311
59.08986,6,2960.114718
59.095814,6,2960.244198
-13.721402,3,2960.370635
-8.067636,5,2960.486848
54.211298,4,2960.688816
-11.014335,4,2960.889469
-7.325178,6,2961.266196
59.099294,6,2961.414476
57.735543,5,2961.64952
-11.407885,4,2961.746016
57.297443,5,2962.020043
59.089685,6,2962.177135
-11.13803,4,2962.42994
57.772567,7,2962.622538
-9.766338,7,2962.778484
-8.286966,5,2962.928228
59.091513,6,2963.04196
57.967614,5,2963.171518
-8.062955,5,2963.307587
-7.221778,7,2963.705245
57.957566,5,2963.828796
59.087789,6,2963.959019
-9.589422,7,2964.282405
-8.571695,5,2964.383289
58.558304,6,2964.508684
57.966358,5,2964.609307
-8.009906,5,2964.745129
57.959291,5,2964.860335
59.088306,6,2964.95775
57.953985,5,2965.087692
57.966155,5,2965.187963
59.090034,6,2965.315906
58.36155,6,2965.611241
57.967614,5,2965.76664
-8.350842,5,2965.915002
57.956985,5,2966.090422
-13.49952,3,2966.193194
-6.673515,6,2966.536835
54.216439,4,2966.739379
54.214861,4,2966.862249
-8.467285,5,2966.957851
57.775297,7,2967.488455
57.967472,5,2967.638708
-11.449852,4,2967.772902
-11.198277,4,2967.969075
59.094091,6,2968.104618
57.956823,5,2968.197027
-7.132292,6,2968.364866
-6.533641,6,2968.473553
-10.783561,4,2968.842577
57.814667,5,2969.071415
-13.476791,3,2969.292587
-7.047628,6,2969.459808
-8.053385,5,2969.701907
-7.770628,6,2969.846101
59.097837,6,2969.993423
-5.908534,6,2970.114893
57.249571,5,2970.326194
59.099294,6,2970.461155
54.216439,4,2970.5791
59.092312,6,2970.689642
-8.357957,5,2970.828448
54.215333,4,2970.962256
57.948182,5,2971.084514
-11.060492,4,2971.338718
-13.515531,3,2971.432166
57.919492,5,2971.558588
-11.3923,4,2971.659701
-8.380656,5,2971.789094
57.964016,5,2972.060836
59.077018,6,2972.197515
57.785949,7,2972.369779
-8.237136,5,2972.525516
59.099294,6,2972.649273
57.965621,5,2972.895272
57.777742,7,2973.039025
57.958653,5,2973.228049
-7.389183,6,2973.486513
54.216439,4,2973.598506
57.967614,5,2973.786136
58.283508,6,2974.009384
57.964583,5,2974.100072
-7.032386,5,2974.505296
57.967614,5,2974.669908
59.090252,6,2974.813261
57.967614,5,2974.919516
54.214458,4,2975.113006
-8.421404,5,2975.29242
57.956574,5,2975.50902
57.560604,5,2975.673043
59.089534,6,2975.791762
57.964421,5,2975.931014
57.96001,5,2976.040123
59.075734,6,2976.134311
58.734462,6,2976.295015
59.091535,6,2976.449646
-11.364239,4,2976.551776
-13.619158,3,2976.643053
-11.128743,4,2976.754877
59.099294,6,2976.929318
-11.336296,4,2977.034987
-11.006579,4,2977.299698
-11.567223,4,2977.390257
-8.45212,5,2977.535487
54.216439,4,2977.632279
59.092827,6,2977.789835
-8.428833,5,2977.989392
57.771528,7,2978.14887
-11.504119,4,2978.254198
57.645579,5,2978.383948
54.211122,4,2978.496693
54.013165,4,2978.769554
54.20779,4,2978.890805
57.959559,5,2978.995188
58.143787,6,2979.189653
-8.567962,5,2979.307192
59.099294,6,2979.454953
-8.572803,5,2979.607266
57.952614,5,2979.714507
57.955628,5,2979.916669
59.090348,6,2980.315639
54.101904,4,2980.450567
59.099294,6,2980.658305
-7.042932,5,2980.766434
59.090873,6,2980.923506
59.099294,6,2981.042074
-8.531444,5,2981.132218
57.889128,5,2981.314298
-11.18308,4,2981.428488
57.964494,5,2981.519478
59.084668,6,2981.675514
58.806646,6,2981.850415
-7.876934,5,2982.07539
-8.03896,6,2982.297807
54.216439,4,2982.499608
59.099294,6,2982.654164
-7.880421,5,2982.89688
57.881746,5,2983.029428
57.957507,5,2983.227813
-13.476791,3,2983.318897
54.146829,4,2983.515243
-7.802315,5,2983.743896
-13.738274,3,2983.830021
-11.227552,4,2983.927603
54.012096,4,2984.075678
-11.184335,4,2984.171314
57.967614,5,2984.38028
59.087002,6,2984.547415
54.128571,4,2984.725065
57.779315,7,2984.849892
-7.718477,5,2985.109411
-7.956775,5,2985.370301
-11.281618,4,2985.534485
59.092442,6,2985.681344
-10.894513,4,2985.939604
57.967614,5,2986.129567
57.837151,5,2986.218391
58.695921,6,2986.348326
-7.719004,6,2986.503198
59.099294,6,2986.658306
57.960805,5,2986.781996
-7.740636,6,2986.936487
57.967614,5,2987.225801
-8.145224,5,2987.334013
54.216439,4,2987.530135
-11.01715,4,2987.748951
57.959002,5,2987.851581
57.958975,5,2987.973952
59.090487,6,2988.115169
-13.640058,3,2988.215384
-11.10731,4,2988.434754
59.086363,6,2988.570962
57.967614,5,2988.669785
57.775428,7,2989.029742
-6.859663,6,2989.199217
57.967614,5,2989.476987
-8.410075,5,2989.67728
-11.456667,4,2989.784562
57.967614,5,2989.940623
58.095901,6,2990.253061
57.961297,5,2990.357082
57.784723,7,2990.530095
57.967614,5,2990.734929
59.099294,6,2990.888954
57.956157,5,2991.001711
59.090839,6,2991.123507
57.034481,5,2991.3223
54.207543,4,2991.549129
58.822888,6,2991.832879
57.967614,5,2991.971464
59.098966,6,2992.103448
54.046671,4,2992.350811
59.099294,6,2992.536046
57.950752,5,2992.637644
59.091892,6,2992.800035
-8.154294,5,2992.987746
-8.583972,5,2993.168046
57.956356,5,2993.387684
58.232838,6,2993.555871
57.579218,5,2993.665758
54.170821,4,2993.878247
-8.170456,6,2994.038216
57.967614,5,2994.179969
56.909686,7,2994.344882
57.959941,5,2994.533084
59.096596,6,2994.717054
-13.576761,3,2994.823234
59.087563,6,2994.985307
-8.338709,5,2995.144481
-13.736457,3,2995.232755
57.142962,7,2995.37789
59.041907,6,2995.527412
-5.908679,6,2995.647959
-8.22536,6,2995.745137
-5.918689,6,2995.85593
-11.161552,4,2996.098871
59.096153,6,2996.250953
59.099294,6,2996.402933
57.778229,7,2996.565088
59.085928,6,2996.702818
59.087926,6,2996.829226
54.216439,4,2997.016706
57.967152,5,2997.236655
54.216439,4,2997.4449
57.967614,5,2997.560151
54.210921,4,2997.689581
-7.84408,5,2997.963422
57.781651,7,2998.14913
57.960428,5,2998.283018
54.215261,4,2998.479724
54.216439,4,2998.686661
-7.726463,5,2998.947244
57.687661,5,2999.165143
57.781578,5,2999.367691
59.087425,6,2999.529367
57.954682,5,2999.650135
54.216439,4,2999.765326
-10.785933,4,2999.959524
59.091995,6,3000.121158
-8.424112,5,3000.276007
-11.247247,4,3000.370809
54.201499,4,3001.219245
57.954475,5,3001.381228
59.094374,6,3001.520464
57.965121,5,3001.725961
54.209484,4,3001.922271
-11.502078,4,3002.102165
57.959608,5,3002.24854
-11.168297,4,3002.468748
57.967614,5,3002.596065
57.967614,5,3002.80806
-8.557569,5,3002.902312
57.785056,7,3003.086915
-13.477106,3,3003.189682
-8.303215,5,3003.289446
57.967614,5,3003.408978
-8.349925,5,3003.514344
-13.671583,3,3003.607803
-11.350277,4,3003.708237
57.517726,5,3003.902514
57.967614,5,3004.011402
-7.479528,6,3004.272424
57.967614,5,3004.437129
-13.567296,3,3004.550877
-11.493774,4,3004.684461
-13.677621,3,3004.779122
59.098035,6,3004.92842
-11.274922,4,3005.037135
57.949975,5,3005.163024
54.213034,4,3005.408726
-13.747301,3,3005.498023
59.094763,6,3005.631797
59.09355,6,3005.759637
57.780637,7,3006.156975
57.967614,5,3006.358402
-6.403673,6,3006.729684
57.967614,5,3006.937349
59.095998,6,3007.058888
57.876942,5,3007.185822
58.20225,6,3007.467618
54.214795,4,3007.563393
-7.032386,5,3007.865344
54.150708,4,3007.993845
-5.92389,6,3008.101071
-5.916487,6,3008.184551
57.782645,7,3008.348007
-7.976873,6,3008.734554
57.634736,7,3008.909053
-8.447484,5,3009.048387
57.967614,5,3009.169489
57.957205,5,3009.274613
-7.947222,5,3009.470821
-5.908771,6,3009.57448
-8.356398,5,3009.724201
57.78954,7,3009.915232
57.967614,5,3010.119372
-8.176431,5,3010.295723
57.555844,6,3010.609661
57.944854,5,3010.711864
57.963637,5,3010.809745
57.779653,7,3010.963661
57.967614,5,3011.169461
59.086808,6,3011.332956
57.95628,5,3011.576997
59.093921,6,3011.736142
-8.138109,6,3011.964995
-8.285957,5,3012.128456
59.096475,6,3012.263613
-11.2337,4,3012.399318
57.962972,5,3012.509875
59.099294,6,3012.680679
59.091168,6,3012.822376
-11.61267,4,3012.917873
57.967614,5,3013.088269
54.211563,4,3013.305835
59.092884,6,3013.435635
-13.609945,3,3013.569162
-8.225288,5,3013.812487
57.77984,7,3013.951897
54.08561,4,3014.150834
57.78954,7,3014.463456
59.099294,6,3014.627315
-7.242619,7,3014.779122
54.209297,4,3014.9852
-7.926295,5,3015.232805
57.843814,5,3015.469461
59.095392,6,3015.620638
57.424074,5,3015.831001
57.465295,5,3015.948214
-10.783561,4,3016.209711
59.086534,6,3016.377306
-8.365467,5,3016.473641
-5.912618,6,3016.64162
59.086309,6,3016.77874
-7.223129,7,3017.110876
57.962342,5,3017.260369
57.957565,5,3017.360441
59.096282,6,3017.462333
-11.397775,4,3017.556738
-5.90726,6,3017.762519
-11.471601,4,3017.883833
57.967614,5,3018.045815
57.963541,5,3018.145404
57.967526,5,3018.340435
57.894481,5,3018.499468
59.093541,6,3018.627337
-7.78495,5,3018.854926
57.956321,5,3018.972419
57.960318,5,3019.097496
54.194895,4,3019.319561
-13.767084,3,3019.417104
57.613559,5,3019.585607
57.955989,5,3019.754602
59.098418,6,3019.954963
59.083584,6,3020.044701
-11.605992,4,3020.125379
57.967614,5,3020.246085
-11.360569,4,3020.387717
-8.338114,5,3020.481446
57.966946,5,3020.576051
57.965428,5,3020.699686
54.216439,4,3020.888047
59.089655,6,3021.020325
-11.23244,4,3021.136595
-13.577848,3,3021.244538
-13.476791,3,3021.345417
-11.335876,4,3021.443847
57.965448,5,3021.551276
57.963484,5,3021.678512
54.216101,4,3021.781537
51.523209,3,3021.908082
54.073786,4,3022.113456
57.9597,5,3022.224155
-11.203167,4,3022.343502
-8.604904,5,3022.443996
-13.772519,3,3022.545016
59.07556,6,3022.679405
58.798503,6,3022.924308
59.083901,6,3023.038442
-8.482162,5,3023.258341
59.089558,6,3023.562788
54.216439,4,3023.756442
-8.053978,6,3023.94925
57.958392,5,3024.269338
57.782742,7,3024.42979
57.515357,5,3024.631167
59.087334,6,3024.760182
57.960195,5,3024.980687
57.95981,5,3025.195974
57.951689,5,3025.287471
-11.490805,4,3025.378516
59.082753,6,3025.482175
-11.208842,4,3025.600513
57.785769,7,3025.779751
59.079678,6,3025.915164
-11.350648,4,3026.13231
57.966034,5,3026.247586
59.099294,6,3026.43191
57.967614,5,3026.565759
59.090726,6,3026.717451
-10.908661,4,3026.95563
57.967614,5,3027.085761
57.961085,5,3027.295036
-7.744066,6,3027.456388
59.08831,6,3027.61561
57.777015,7,3027.773884
-10.787369,4,3028.012609
59.086335,6,3028.115236
59.095675,6,3028.277351
59.080855,6,3028.401901
54.216439,4,3028.550987
59.094038,6,3028.647634
57.957386,5,3028.844108
-11.090148,4,3028.938233
54.216439,4,3029.07076
-6.822089,6,3029.35481
-8.421349,5,3029.520636
59.089033,6,3029.684562
57.956956,5,3029.789624
-11.363325,4,3029.885619
-11.133705,4,3030.097472
-11.267299,4,3030.200452
57.77946,7,3030.342175
57.96063,5,3030.558273
57.69456,5,3030.672445
59.092951,6,3030.970558
53.181696,8,3031.12815
57.967614,5,3031.229308
-8.217494,5,3031.317684
-7.464569,6,3031.704551
-13.70547,3,3031.801792
-13.725296,3,3031.893444
57.967614,5,3032.031646
57.728979,5,3032.153033
59.098847,6,3032.31838
57.835797,5,3032.478913
-7.330742,6,3032.643513
54.200286,4,3032.844875
-11.066531,4,3032.937838
59.089357,6,3033.062386
54.21545,4,3033.25825
-8.097204,6,3033.410121
57.965695,5,3033.502608
-8.256797,5,3033.649589
57.651109,5,3033.846744
54.166974,4,3034.154179
57.687678,5,3034.312546
59.090386,6,3034.44876
-11.222946,4,3034.643489
57.952092,5,3034.766158
57.959879,5,3034.876606
-8.130583,6,3034.976485
-7.793421,6,3035.205753
59.097145,6,3035.340471
57.336502,5,3035.540101
-9.340734,7,3035.692283
-13.691234,3,3035.787441
-8.445546,5,3035.935196
57.949358,5,3036.055935
59.091799,6,3036.268731
-8.584572,5,3036.38237
54.214682,4,3036.505947
57.967614,5,3036.637916
-8.326778,5,3036.783679
54.156879,4,3036.914401
57.544182,5,3037.038527
-7.032386,5,3037.386603
57.964745,5,3037.484154
-7.357024,5,3037.668256
-5.912559,6,3037.824417
57.967614,5,3038.061463
-7.808287,5,3038.32789
57.96614,5,3038.465002
54.214367,4,3038.697515
-11.275178,4,3038.807754
-7.095888,6,3039.08526
54.216439,4,3039.207774
59.096602,6,3039.343248
59.099294,6,3039.502261
-7.731376,5,3039.770536
57.967614,5,3039.965702
54.216439,4,3040.18537
57.959572,5,3040.320005
58.6758,6,3040.536511
-7.935885,5,3040.674787
57.428574,5,3040.875437
57.966194,5,3040.9896
-7.889119,5,3041.20464
59.099294,6,3041.390778
-10.831515,4,3041.633684
54.211,4,3041.820413
57.963459,5,3041.926507
57.967614,5,3042.019964
-13.476791,3,3042.112739
59.099143,6,3042.237714
57.964846,5,3042.336204
-5.905586,6,3042.531104
57.963944,5,3042.623705
57.96484,5,3042.756557
-8.556363,5,3042.906175
59.089824,6,3043.006953
-10.908183,4,3043.167711
59.085266,6,3043.279253
-11.138401,4,3043.540845
-7.743655,5,3043.752591
59.09174,6,3043.909844
54.207019,4,3044.141871
59.083043,6,3044.2557
57.655174,5,3044.46644
-11.274336,4,3044.615096
57.958451,5,3044.862282
59.091098,6,3045.018163
54.085282,4,3045.145065
57.762953,7,3045.346052
54.216439,4,3045.495277
59.098931,6,3045.660088
57.960605,5,3045.916786
-11.330055,4,3046.024855
57.961597,5,3046.144937
-7.987362,5,3046.557863
57.753608,5,3046.727743
57.183391,5,3047.116675
-13.571486,3,3047.238106
-11.349268,4,3047.398016
59.095431,6,3047.541198
57.962128,5,3047.748201
-5.90929,6,3047.918778
57.956563,5,3048.025819
59.089944,6,3048.195682
-7.406967,6,3048.418343
59.099294,6,3048.636678
59.092301,6,3048.803689
59.090488,6,3048.959596
57.967139,5,3049.176764
51.523209,3,3049.546033
59.099294,6,3049.733144
-11.138667,4,3049.868983
-7.768885,5,3050.143397
-5.912604,6,3050.300539
58.511621,6,3050.463653
57.95767,5,3050.592784
-7.185753,6,3050.768806
54.104448,4,3051.015475
57.967614,5,3051.206247
57.781586,7,3051.391896
54.16754,4,3051.520521
57.417189,5,3051.721905
57.774144,7,3052.269932
57.959306,5,3052.434986
-7.772756,5,3052.690224
-6.61667,6,3052.967053
-7.617022,5,3053.225506
-8.593864,5,3053.38846
-8.26701,5,3053.64252
54.216439,4,3053.755466
57.769986,7,3053.900115
-7.877769,5,3054.147861
-7.265735,6,3054.398557
-7.822571,5,3054.560988
59.090381,6,3054.698214
59.085267,6,3054.840749
57.783461,7,3054.991691
-11.542091,4,3055.076327
57.960515,5,3055.201234
54.215476,4,3055.405201
59.083438,6,3055.534288
57.967614,5,3055.641744
57.960792,5,3055.750136
57.961512,5,3055.83995
59.096221,6,3056.011615
59.092471,6,3056.275721
-7.949644,5,3056.532582
57.958469,5,3056.729182
54.205414,4,3056.861615
57.172257,5,3057.08703
-8.592223,5,3057.220481
59.099294,6,3057.404814
54.216439,4,3057.512765
59.097929,6,3057.659008
59.081402,6,3057.787081
57.962286,5,3058.022613
-8.969731,7,3058.198509
57.633857,7,3058.362239
57.95649,5,3058.490944
-5.90853,6,3058.63302
59.089362,6,3058.775526
-8.60041,5,3058.914985
57.967614,5,3059.138779
57.961149,5,3059.25257
59.098941,6,3059.549304
-11.477618,4,3059.67517
-8.153073,5,3059.788347
57.967614,5,3059.91437
54.213165,4,3060.111426
57.966582,5,3060.346425
57.967614,5,3060.496988
57.783663,7,3060.69247
54.205995,4,3060.900103
-6.084195,6,3061.365741
57.96551,5,3061.461314
57.956109,5,3061.563264
57.777603,7,3061.715363
-7.906178,5,3061.966975
57.769499,7,3062.122003
59.088479,6,3062.256563
59.092546,6,3062.383203
59.092745,6,3062.580829
-7.037681,5,3062.695375
57.78449,7,3062.856348
-11.567829,4,3062.950234
-11.609295,4,3063.036336
57.967614,5,3063.167354
-8.016243,5,3063.296735
57.77607,5,3063.425292
59.099294,6,3063.569214
-11.622669,4,3063.66558
-11.589787,4,3063.758571
-7.830104,5,3063.974366
57.093042,5,3064.165902
59.094393,6,3064.350844
-11.533859,4,3064.483845
-7.74257,5,3064.700095
59.081492,6,3064.925241
59.091778,6,3065.087382
54.211343,4,3065.223185
-11.519086,4,3065.314465
57.771967,7,3065.458293
54.21344,4,3065.645783
-11.399031,4,3065.80133
57.32077,5,3066.05196
57.78705,7,3066.208908
59.099294,6,3066.312746
57.924963,5,3066.503697
59.088023,6,3066.601595
57.879359,5,3066.71424
-11.548962,4,3066.805993
54.216439,4,3067.006943
59.094137,6,3067.18818
-7.687589,5,3067.320761
54.216439,4,3067.52411
59.088456,6,3068.516996
-8.22008,5,3068.679929
57.386155,5,3068.830078
-8.530733,5,3068.989039
59.099294,6,3069.109089
-6.597418,6,3069.494614
59.09616,6,3069.622461
57.359122,5,3069.749018
59.094829,6,3069.91321
-8.23001,5,3070.023473
-7.926228,5,3070.251583
57.965635,5,3070.350198
-13.721635,3,3070.448195
-11.395848,4,3070.583054
59.080473,6,3070.68248
-7.795209,5,3070.843344
57.967614,5,3070.979766
-11.058248,4,3071.213946
-7.045339,5,3071.320111
57.960478,5,3071.446918
59.090094,6,3071.574328
-11.03347,4,3071.681817
59.095043,6,3071.836337
59.091612,6,3071.987105
57.962587,5,3072.087154
-13.715953,3,3072.177566
59.099294,6,3072.326335
59.008004,6,3072.481718
-8.568242,5,3072.648425
-5.900706,6,3073.016671
-11.039464,4,3073.149924
59.098604,6,3073.307104
-8.003471,5,3073.434567
57.943942,5,3073.646798
-8.470808,5,3073.80262
57.63327,5,3073.928751
57.967614,5,3074.038682
59.090014,6,3074.155297
-8.556346,5,3074.304201
59.09469,6,3074.588484
-8.384195,5,3074.739252
57.772489,7,3074.891373
59.088594,6,3075.049818
59.091717,6,3075.310447
59.094497,6,3075.404506
59.093056,6,3075.51631
-8.509043,5,3075.61149
57.746447,5,3075.726846
59.099294,6,3075.820322
-10.783561,4,3076.012467
54.216439,4,3076.135743
54.216439,4,3076.333699
-7.365401,6,3076.506715
57.958013,5,3076.599952
54.215082,4,3076.798359
59.093,6,3076.944522
57.967614,5,3077.107457
57.964248,5,3077.322935
-11.446252,4,3077.447284
59.093913,6,3077.61518
-8.495062,5,3077.711329
-8.261848,6,3077.857256
58.446373,6,3078.056037
57.956383,5,3078.159552
57.960363,5,3078.258729
59.099294,6,3078.414361
-7.725787,5,3078.690072
-8.243502,6,3078.849946
58.069378,6,3079.151495
59.081318,6,3079.26836
59.096476,6,3079.391501
57.960245,5,3079.493219
59.082619,6,3079.637357
-7.945305,5,3079.908642
57.706589,5,3080.055516
-5.90239,6,3080.330094
57.967614,5,3080.456395
57.964496,5,3080.691723
-8.263147,5,3080.846026
57.965763,5,3081.050639
-11.437571,4,3081.148767
57.777332,7,3081.433657
57.584102,5,3081.64271
57.967614,5,3081.752246
-11.042671,4,3081.918747
-10.783561,4,3082.321869
54.211503,4,3082.439115
59.095004,6,3082.619217
57.954865,5,3082.817889
57.967614,5,3083.014091
54.186391,4,3083.222823
57.965637,5,3083.415661
57.967614,5,3083.542361
-11.181762,4,3083.879925
59.088705,6,3084.008876
57.963586,5,3084.297053
54.098686,4,3084.417695
-11.559598,4,3084.509967
-11.507031,4,3084.602025
57.966898,5,3084.724756
54.14133,4,3084.853641
59.095772,6,3085.014495
-13.718298,3,3085.111584
-13.771951,3,3085.199884
-11.488841,4,3085.29197
-7.695534,6,3085.677334
57.967614,5,3085.867841
-11.097882,4,3086.006696
-13.476791,3,3086.147023
57.95615,5,3086.252669
57.967614,5,3086.405699
-8.137097,6,3086.573886
57.956078,5,3086.682996
-8.317667,5,3086.795001
-11.333989,4,3086.942845
58.473562,6,3087.217386
57.967614,5,3087.433934
57.960466,5,3087.567264
57.953807,5,3087.695245
-7.231235,6,3087.932723
59.089435,6,3088.059947
58.548517,6,3088.275966
57.771361,7,3088.411465
54.215028,4,3088.57668
57.771724,7,3088.734662
59.099294,6,3088.850074
54.216439,4,3089.019478
57.957161,5,3089.245388
59.099294,6,3089.347867
59.095098,6,3089.544808
57.959819,5,3089.646183
59.088727,6,3089.752455
-11.044216,4,3089.890972
57.960687,5,3089.983926
59.09309,6,3090.132377
-7.032386,5,3090.540838
53.190254,8,3090.7524
59.099294,6,3091.047659
-13.516869,3,3091.275951
-11.276103,4,3091.380641
-11.55001,4,3091.510936
57.956985,5,3091.709368
-11.181475,4,3091.924446
57.71076,5,3092.054517
57.96083,5,3092.170581
57.967614,5,3092.308836
-5.908036,6,3092.427086
-11.045231,4,3092.663286
-7.727181,5,3092.831494
-11.460901,4,3092.9321
57.777863,7,3093.065543
59.098973,6,3093.216911
58.613612,6,3093.413554
57.780323,7,3093.57373
58.858699,6,3093.771994
59.091868,6,3093.887414
57.486237,6,3094.13521
58.539692,6,3094.33416
-7.8688,5,3094.569017
59.099294,6,3094.710861
57.961254,5,3094.808681
59.096752,6,3095.016142
59.099294,6,3095.309658
57.7794,7,3095.448707
-11.412493,4,3095.544212
-8.577898,5,3095.661024
57.961421,5,3095.760577
57.802504,6,3096.058858
57.957359,5,3096.269118
57.952236,5,3096.365755
-7.032386,5,3096.667138
-8.283578,5,3096.801675
-8.600316,5,3096.960252
57.967614,5,3097.063392
-13.750008,3,3097.156523
59.092331,6,3097.261665
59.087717,6,3097.427979
57.967614,5,3097.561451
-11.410247,4,3097.71629
-9.459596,7,3098.106591
59.090911,6,3098.220233
54.17212,4,3098.413273
-8.360241,5,3098.555161
-7.938936,5,3098.790146
-7.648286,6,3099.194473
58.017526,6,3099.535337
58.678229,6,3099.692994
-13.701078,3,3099.794666
-5.921553,6,3099.957105
57.643348,5,3100.213226
-11.402362,4,3100.385281
57.470611,5,3100.680004
59.099294,6,3100.813885
57.967614,5,3100.946405
-8.606404,5,3101.065505
57.963855,5,3101.242703
59.099294,6,3101.389794
-10.988688,4,3101.49976
57.787636,7,3102.02732
-8.350704,5,3102.161912
57.965011,5,3102.356405
57.959088,5,3102.550995
57.667044,5,3102.750433
59.095155,6,3102.904702
54.216439,4,3103.010245
59.097618,6,3103.139752
54.216101,4,3103.352426
57.633395,5,3103.484058
-8.273192,5,3103.761687
57.967614,5,3103.900982
57.963175,5,3104.002882
59.088268,6,3104.107406
-7.906333,6,3104.245047
57.758933,5,3104.443922
-7.934259,5,3104.685685
-7.032386,5,3105.061269
-7.996547,6,3105.232564
54.047859,4,3105.450066
-8.532983,5,3105.59083
59.0991,6,3105.722102
54.212677,4,3105.919196
-7.032386,5,3106.037788
58.710229,6,3106.231195
53.200322,8,3106.420167
-13.482756,3,3106.519137
57.808909,5,3106.679885
54.065206,4,3106.874754
57.962468,5,3106.97689
-7.857267,6,3107.141853
-7.037706,5,3107.43465
57.385711,5,3107.669267
59.099294,6,3107.826997
59.090269,6,3107.927913
54.212674,4,3108.202393
-11.058159,4,3108.437598
-8.373042,5,3108.582924
57.38444,5,3108.818952
-13.520992,3,3108.923975
-9.174353,7,3109.192965
58.405956,6,3109.408017
57.18693,5,3109.707485
59.094454,6,3109.871668
-7.816727,5,3110.046221
-8.231225,5,3110.261213
57.967614,5,3110.353464
57.711407,5,3110.475946
54.210266,4,3110.62249
59.099294,6,3110.767547
57.764568,7,3110.907499
54.212198,4,3111.125631
57.967614,5,3111.289054
-13.556964,3,3111.396217
-13.641315,3,3111.495966
59.096158,6,3111.642627
-5.905048,6,3111.757123
-7.400051,5,3112.123935
57.830769,5,3112.232546
57.829805,5,3112.347054
59.087568,6,3112.508407
57.966759,5,3112.669551
-11.186771,4,3112.844299
53.198453,8,3113.002866
-7.761155,5,3113.26771
54.216439,4,3113.401842
57.779559,7,3113.556626
57.254003,5,3113.787297
54.215531,4,3113.920211
59.088518,6,3114.107211
57.531057,5,3114.230312
58.919149,6,3114.378102
-11.612779,4,3114.470241
-8.077117,5,3114.642524
-5.914269,6,3114.81436
59.095307,6,3115.047205
57.78168,7,3115.209938
57.960884,5,3115.316458
57.967614,5,3115.44257
57.967614,5,3115.553865
57.967614,5,3115.701119
54.193296,4,3115.900492
59.099294,6,3116.058268
-8.493563,5,3116.22837
54.216439,4,3116.349387
57.966663,5,3116.563213
-10.783561,4,3116.739589
59.099294,6,3116.891816
59.098534,6,3117.040366
-8.080233,5,3117.311765
57.781328,7,3117.4312
-7.032386,5,3117.839739
-7.062389,5,3118.206803
-11.358305,4,3118.339278
59.099294,6,3118.629545
57.963748,5,3118.73731
54.216439,4,3118.943256
-13.687247,3,3119.045414
54.215204,4,3119.162216
-8.011989,5,3119.4167
57.953768,5,3119.538054
59.095305,6,3119.673935
57.770127,7,3119.814574
59.098685,6,3119.976984
59.099294,6,3120.144945
57.823159,5,3120.361242
-8.602902,5,3120.470704
57.788019,7,3120.686597
-11.583364,4,3120.7835
57.965402,5,3120.945843
-11.114,4,3121.055058
-8.591111,5,3121.191003
59.088658,6,3121.406998
-11.549715,4,3121.541305
57.956003,5,3121.782034
57.967614,5,3121.889363
-5.909606,6,3122.257007
59.095045,6,3122.364643
57.78954,7,3122.554274
59.088134,6,3122.667747
57.964697,5,3122.769489
-11.041874,4,3123.008562
57.749274,6,3123.337885
57.957707,5,3123.447712
-11.082621,4,3123.553816
57.962622,5,3123.672506
-8.516895,5,3123.830474
54.216439,4,3123.947433
57.967614,5,3124.139576
57.967614,5,3124.27272
-11.376305,4,3124.368104
54.216439,4,3124.565085
57.958439,5,3124.708674
-11.558413,4,3124.801353
59.099294,6,3124.950458
-11.09923,4,3125.209751
57.430753,5,3125.341817
59.093295,6,3125.471751
-8.466963,5,3125.575371
57.964476,5,3125.812671
58.630312,6,3126.057803
58.539815,6,3126.272749
59.087837,6,3126.37552
53.935864,4,3126.615353
-7.032386,5,3127.064513
-11.386699,4,3127.184729
57.775475,7,3127.397784
59.083742,6,3127.515715
59.099294,6,3127.648851
54.216439,4,3127.959363
57.967614,5,3128.170775
57.961009,5,3128.298529
-11.277117,4,3128.406835
57.967614,5,3128.532336
-11.257244,4,3128.634838
-11.513308,4,3128.736565
57.965776,5,3128.84515
-11.412147,4,3128.960515
57.956491,5,3129.070581
59.096121,6,3129.265343
59.099294,6,3129.427012
59.098859,6,3129.522793
54.216439,4,3129.643452
57.964132,5,3129.799438
59.090295,6,3129.918013
-5.913324,6,3130.040939
57.517807,5,3130.17346
59.092685,6,3130.292688
54.216439,4,3130.482301
-8.28841,5,3130.728062
57.775068,7,3130.879468
59.089833,6,3131.033876
57.775348,7,3131.187916
59.098345,6,3131.477323
59.088875,6,3131.713239
57.646001,5,3131.923983
57.967614,5,3132.165911
57.958799,5,3132.345325
57.959448,5,3132.475286
57.967614,5,3132.614151
-7.054808,6,3132.893947
57.967614,5,3133.005263
57.955126,5,3133.120192
59.093317,6,3133.277264
59.098293,6,3133.475522
57.967614,5,3133.643898
57.779179,7,3133.796628
58.782977,6,3133.96712
59.082667,6,3134.085621
-11.603559,4,3134.182775
57.967614,5,3134.424363
54.186176,4,3134.627928
-11.331093,4,3134.728243
57.964295,5,3134.925434
54.211773,4,3135.128938
59.095599,6,3135.276722
57.95928,5,3135.486544
59.090286,6,3135.625052
-8.079854,5,3136.577076
-5.913468,6,3136.747703
-13.614151,3,3136.847102
-11.552326,4,3136.936175
-11.332645,4,3137.05182
57.961372,5,3137.185992
-7.034671,5,3137.481141
57.888918,5,3137.619561
54.216439,4,3137.73655
59.097273,6,3137.901164
54.216439,4,3138.098609
57.967614,5,3138.30567
57.840477,5,3138.419844
-8.571392,5,3138.517481
54.216439,4,3138.725512
57.783089,7,3138.924318
57.788064,7,3139.134228
-11.025137,4,3139.233911
59.083402,6,3139.395034
57.967614,5,3139.596692
-7.637782,5,3139.769845
54.216439,4,3139.965802
57.774663,7,3140.115965
59.092769,6,3140.270651
59.094748,6,3140.4331
-11.448577,4,3140.526649
57.819697,5,3140.66284
57.967614,5,3140.800592
57.967614,5,3140.918565
57.967614,5,3141.04541
-10.79104,4,3141.253069
-13.627493,3,3141.345892
-8.415505,5,3141.457139
58.433619,6,3141.66296
-7.032386,5,3141.778291
57.784346,5,3141.954877
57.902057,5,3142.200312
57.967614,5,3142.3128
-8.22393,5,3142.419796
-8.557946,5,3142.511499
57.964624,5,3142.624762
58.390221,6,3142.885824
-8.329387,5,3143.05978
57.963223,5,3143.221641
-7.807837,5,3143.387515
57.874065,5,3143.558238
-8.165208,5,3143.716508
-8.372418,5,3143.88555
-11.323412,4,3143.996733
54.216439,4,3144.196269
54.216439,4,3144.408979
-11.32611,4,3144.512056
59.098439,6,3144.654236
57.967614,5,3144.785595
59.093091,6,3144.953004
-7.037859,5,3145.065233
59.089467,6,3145.212815
59.090817,6,3145.38458
-7.620221,6,3145.518541
57.967614,5,3145.688371
-11.420614,4,3145.786048
57.953758,5,3145.924578
57.641653,5,3146.048329
57.608665,5,3146.254488
-8.580285,5,3146.363609
-6.201042,6,3146.823666
57.960533,5,3146.985246
54.216439,4,3147.126866
59.089226,6,3147.266537
57.841558,5,3147.373693
57.967614,5,3147.540002
-5.914175,6,3147.708578
59.092366,6,3147.835555
54.21639,4,3148.112795
-7.320531,5,3148.500553
57.532838,6,3148.835274
57.436619,5,3149.118455
-7.032386,5,3149.441595
57.775562,7,3149.554916
57.759278,5,3149.685871
57.967614,5,3149.888355
54.120501,4,3150.132311
-8.17059,5,3150.283309
-7.040537,5,3150.644135
-11.433115,4,3150.741729
54.215789,4,3150.855447
57.967614,5,3150.98583
59.086337,6,3151.146845
-8.592782,5,3151.278679
59.088004,6,3151.415152
57.967614,5,3151.547231
54.216439,4,3151.662642
58.940086,6,3151.82772
58.67906,6,3152.120473
-10.783561,4,3152.294114
-8.399232,5,3152.417939
-11.134074,4,3152.553493
57.706634,5,3152.671785
57.770226,7,3152.831296
-10.899169,4,3153.097882
59.09882,6,3153.226898
57.967614,5,3153.392365
-7.739663,5,3153.653352
-5.91096,6,3153.778534
58.749364,6,3154.045656
58.377206,6,3154.222518
-13.476791,3,3154.355446
-11.111228,4,3154.559124
57.967614,5,3154.684685
-7.963984,5,3154.936671
-7.023867,6,3155.108037
57.967614,5,3155.315143
57.967614,5,3155.436435
-13.643846,3,3155.526858
57.951004,5,3155.666431
58.213187,6,3155.880058
59.084616,6,3156.035119
54.216439,4,3156.240716
57.967614,5,3156.387212
59.094053,6,3156.518971
57.958857,5,3156.660891
-10.783561,4,3156.935285
57.967614,5,3157.044153
-11.588896,4,3157.140622
57.967614,5,3157.358213
59.094128,6,3157.509273
-8.592642,5,3157.657791
-8.532708,5,3157.774807
-10.783561,4,3157.960201
-8.2035,6,3158.130535
57.783957,7,3158.31911
57.869163,5,3158.535163
-8.315361,5,3158.663002
57.967614,5,3158.959162
59.099294,6,3159.148621
58.535581,6,3159.356781
54.216144,4,3159.654081
-7.815147,6,3159.814852
-8.349638,5,3160.035056
-8.132026,5,3160.196081
54.216439,4,3160.341856
59.095752,6,3160.468567
59.098996,6,3160.637005
54.215278,4,3160.852489
-11.39799,4,3160.950437
-11.103219,4,3161.047695
-13.659703,3,3161.14675
57.967614,5,3161.277188
-11.177807,4,3161.417269
59.08836,6,3161.537323
-11.228197,4,3161.685721
54.173794,4,3161.808562
57.967614,5,3161.969416
-8.49593,5,3162.124758
58.213045,6,3162.429112
-8.110099,6,3162.580405
-10.978389,4,3162.833056
57.962941,5,3162.964906
-10.783561,4,3163.32878
57.966023,5,3163.469286
-11.151113,4,3163.645586
54.216439,4,3163.880482
58.511226,6,3164.05104
-8.295218,5,3164.202553
54.216439,4,3164.333678
57.777688,7,3164.488677
-11.041779,4,3164.740778
59.083985,6,3164.861501
57.495842,5,3165.004325
-11.407566,4,3165.182872
57.967614,5,3165.351747
58.210021,6,3165.680533
-11.30052,4,3165.802075
-11.346994,4,3165.963783
59.092129,6,3166.08805
57.960733,5,3166.225639
57.152998,5,3166.420287
58.86713,6,3166.584678
57.956328,5,3166.695632
-8.252453,6,3166.886785
57.555672,5,3167.086263
-7.562743,5,3167.258478
54.216439,4,3167.383268
59.088016,6,3167.619092
54.216439,4,3167.817398
-7.395962,5,3168.197919
57.957251,5,3168.297774
-6.993771,6,3168.656092
-7.617091,6,3168.924842
59.093843,6,3169.081565
54.216439,4,3169.280222
57.962787,5,3169.497545
-7.895296,5,3169.75875
59.090434,6,3169.915119
57.964748,5,3170.060401
57.967614,5,3170.260268
-5.919527,6,3170.350817
57.967614,5,3170.470832
-11.522443,4,3170.569565
54.166775,4,3170.771607
57.497748,5,3170.986926
-11.509606,4,3171.078588
-11.607892,4,3171.215948
-11.336002,4,3171.315105
57.094354,5,3171.566747
-11.434579,4,3171.733714
57.77757,7,3172.113841
59.099294,6,3172.279618
57.957172,5,3172.411379
57.967614,5,3172.546587
59.088192,6,3172.649227
57.963633,5,3172.780961
57.967614,5,3172.918616
54.216439,4,3173.149714
59.08436,6,3173.286001
57.967614,5,3173.509481
-7.073262,6,3173.682872
57.958182,5,3173.810783
-11.60538,4,3173.90292
54.216439,4,3174.022177
58.496487,6,3174.227668
-10.783561,4,3174.478114
57.956472,5,3174.574211
57.956328,5,3174.689013
-8.358058,5,3174.805813
57.961866,5,3174.982576
57.967614,5,3175.188431
59.084999,6,3175.330376
57.967614,5,3175.469729
57.958848,5,3175.586425
-8.247565,5,3175.76233
57.963312,5,3175.962477
57.958531,5,3176.061293
-13.610039,3,3176.172688
57.603957,5,3176.393814
57.96323,5,3176.522474
57.96665,5,3176.763632
57.967614,5,3176.972894
59.094917,6,3177.135997
-8.185394,5,3177.357135
-7.501162,6,3177.507252
57.967614,5,3177.624669
59.097936,6,3177.903715
57.786284,7,3178.055103
-7.7949,6,3178.231528
-8.256215,5,3178.404341
59.099294,6,3178.597194
59.088513,6,3178.74787
57.962461,5,3178.854944
57.958287,5,3178.983863
57.356789,5,3179.25825
57.967614,5,3179.419666
54.207312,4,3179.530588
-7.046162,5,3179.659499
59.098178,6,3179.821297
-11.433907,4,3179.983636
57.016714,5,3180.314114
59.097104,6,3180.483428
57.650032,5,3180.680563
-5.910499,6,3180.985054
57.961009,5,3181.119941
54.216439,4,3181.32324
-7.459711,6,3181.7285
-7.743836,5,3181.895741
57.799602,5,3182.068757
59.095274,6,3182.22905
57.432183,5,3182.37429
59.07837,6,3182.476476
-7.034336,5,3182.895667
-11.391951,4,3183.026524
-13.708892,3,3183.126328
57.778788,7,3183.338774
57.957753,5,3183.559489
57.853022,5,3183.693297
51.523209,3,3183.942256
59.089128,6,3184.04834
53.195968,8,3184.238478
-8.291946,5,3184.358893
54.216439,4,3184.585881
59.089246,6,3184.741171
57.957426,5,3184.954011
57.961659,5,3185.056305
57.529725,5,3185.269308
59.099294,6,3185.455914
57.96415,5,3185.598749
57.266325,5,3185.886615
59.099294,6,3186.07939
-11.353391,4,3186.23079
57.961879,5,3186.340879
59.092116,6,3186.502896
57.951067,5,3186.62958
57.961259,5,3186.734784
-13.476791,3,3186.851095
-11.522819,4,3186.952895
54.216439,4,3187.152042
54.216439,4,3187.357856
59.09124,6,3187.482954
59.099294,6,3187.678685
54.216439,4,3187.800805
59.087407,6,3187.966919
-13.476791,3,3188.103734
57.956017,5,3188.28289
-7.589537,6,3188.458116
-5.900706,6,3188.761775
-11.169394,4,3188.876263
59.088835,6,3189.016226
57.965296,5,3189.154104
-8.058812,5,3189.41509
57.960851,5,3189.557093
-8.196308,6,3189.894264
57.967614,5,3190.056175
57.962232,5,3190.185611
-7.040846,5,3190.299007
57.770594,7,3190.4346
57.967614,5,3190.539051
59.092215,6,3190.681074
-7.814617,5,3190.852916
-8.564722,5,3190.945827
54.21082,4,3191.139613
-11.579715,4,3191.276426
59.08687,6,3191.379286
-8.276448,5,3191.533705
-8.545717,5,3191.642058
-8.481179,5,3191.75174
57.955652,5,3191.886741
59.098562,6,3192.053299
59.088799,6,3192.190178
54.045243,4,3192.345078
57.78083,7,3192.535571
59.092062,6,3192.751159
54.018533,4,3192.979415
57.967614,5,3193.094856
57.780137,7,3193.399268
59.083968,6,3193.543226
59.089069,6,3193.676734
-11.590678,4,3193.769898
-5.908113,6,3193.882288
-11.07419,4,3193.996181
57.875136,5,3194.106226
57.958661,5,3194.209321
59.099294,6,3194.372556
57.201961,5,3194.587247
57.780017,7,3194.741024
-8.215157,5,3194.857342
59.098085,6,3195.017138
59.091605,6,3195.183474
57.553339,5,3195.33099
59.097015,6,3195.462859
59.092086,6,3195.590974
59.072462,6,3195.706873
59.088752,6,3195.860961
57.967614,5,3196.06888
57.771492,5,3196.267443
54.095662,4,3196.468971
57.967614,5,3196.624349
-11.28185,4,3196.729445
57.967614,5,3196.948064
59.099294,6,3197.059314
57.951169,5,3197.17221
57.967614,5,3197.318496
59.099294,6,3197.473498
-8.124408,5,3197.734486
59.090137,6,3197.917701
-7.03275,5,3198.288747
54.214281,4,3198.406763
-11.106492,4,3198.655108
59.089334,6,3198.75115
59.094293,6,3198.941122
-13.666657,3,3199.07446
58.179349,6,3199.279787
56.360777,7,3199.522503
-11.266982,4,3199.685461
57.966981,5,3199.849316
57.385539,5,3200.040953
57.358277,5,3200.303552
59.099294,6,3200.452301
-8.101733,5,3200.605873
-13.694929,3,3200.699271
-11.328603,4,3200.96317
59.09131,6,3201.153606
54.018213,4,3201.452707
57.963288,5,3201.637316
-11.339671,4,3201.741066
59.093032,6,3202.145482
54.216439,4,3202.352474
-7.874623,5,3202.583817
59.089554,6,3202.720355
57.957898,5,3202.938685
59.090839,6,3203.124552
-11.462221,4,3203.247987
57.967614,5,3203.359713
54.05792,4,3203.616356
57.769524,7,3203.743562
57.959658,5,3203.848616
-8.048807,5,3203.97418
57.565878,5,3204.176538
57.962864,5,3204.277692
54.216439,4,3204.484958
54.212581,4,3204.71916
-5.912749,6,3204.809639
-7.167461,6,3204.98471
54.152897,4,3205.115979
-6.669851,6,3205.297792
59.085439,6,3206.176128
59.091878,6,3206.379071
57.967614,5,3206.580102
-8.180561,5,3206.934371
-8.039057,6,3207.159752
58.448247,6,3207.390101
57.960686,5,3207.495596
-8.310025,5,3207.596401
59.09494,6,3207.794686
54.209249,4,3208.009259
-11.560789,4,3208.151319
-13.761027,3,3208.256128
57.958267,5,3208.459736
57.955568,5,3208.572867
59.099294,6,3208.733728
54.216439,4,3208.868963
57.794059,5,3209.071625
57.773516,7,3209.23149
59.099294,6,3209.432465
-7.375671,6,3209.708509
-11.113903,4,3209.935754
-13.562517,3,3210.067172
59.089868,6,3210.212551
53.400547,4,3210.42994
-7.587127,5,3210.751284
54.216439,4,3210.862918
57.956924,5,3211.07497
57.7873,7,3211.23323
54.214573,4,3211.401961
58.294664,6,3211.635262
57.770828,7,3211.795863
57.783449,7,3211.96905
58.949516,6,3212.083868
-8.019639,5,3212.304705
59.087133,6,3212.408465
59.090242,6,3212.537619
59.089539,6,3212.649189
57.221357,5,3212.946231
58.535608,6,3213.112864
-11.562556,4,3213.213601
-13.626617,3,3213.311607
-5.916233,6,3213.425277
57.527363,5,3213.641737
57.967614,5,3213.859271
57.964348,5,3213.987381
-12.001826,4,3214.087609
57.528588,5,3214.258338
59.099294,6,3214.447951
-7.79075,5,3214.719171
59.088086,6,3214.84055
57.956841,5,3214.942889
57.967614,5,3215.144986
57.967614,5,3215.275609
-8.514109,5,3215.37376
59.081632,6,3215.495541
57.95668,5,3215.647386
57.768812,7,3215.804738
59.087907,6,3215.966671
57.958402,5,3216.072526
59.099294,6,3216.20695
54.208003,4,3216.41559
57.82072,5,3216.659971
59.08001,6,3216.789684
54.139183,4,3216.907855
58.907204,6,3217.051814
-8.386504,5,3217.215381
57.963047,5,3217.371282
57.777,7,3217.53028
57.96583,5,3217.641587
54.216439,4,3217.840523
54.216439,4,3218.049349
-8.087034,5,3218.203122
57.967614,5,3218.322573
-10.783561,4,3218.715546
-11.402308,4,3218.829463
59.087752,6,3218.965473
57.964675,5,3219.162679
57.907461,5,3219.298815
59.089351,6,3219.460315
59.091898,6,3219.597549
57.963889,5,3219.737766
59.099294,6,3220.026879
59.082616,6,3220.132848
-11.017991,4,3220.229432
-8.045671,5,3220.510005
58.617485,6,3220.71771
57.962361,5,3220.814349
59.080123,6,3220.953639
57.641442,5,3221.171538
58.678291,6,3221.300355
54.208002,4,3221.511943
57.96411,5,3221.7259
59.090324,6,3221.880764
59.095019,6,3222.045037
58.46162,6,3222.247046
57.672625,5,3222.459774
-7.727832,5,3222.717163
-7.866111,5,3222.912696
59.093097,6,3223.037374
57.967005,5,3223.245571
57.325046,7,3223.408788
57.957644,5,3223.520969
59.09587,6,3223.6861
59.092162,6,3223.839513
-8.280685,5,3223.995025
54.214466,4,3224.214464
54.216439,4,3224.32707
58.752544,6,3224.608894
57.787133,7,3224.805436
-7.703738,6,3225.21208
-6.853143,6,3225.402161
-7.751334,6,3225.55712
-8.040514,5,3225.692283
57.812637,5,3225.90022
59.089924,6,3226.095846
57.773802,7,3226.61989
-7.032386,5,3226.993547
-7.590388,6,3227.243574
59.099294,6,3227.385137
57.958837,5,3227.64486
57.967614,5,3227.780174
-7.713264,6,3227.947669
-11.152913,4,3228.163507
-8.168028,5,3228.335874
57.965873,5,3228.504623
54.204546,4,3228.717085
-7.067348,5,3229.05785
57.963935,5,3229.225689
-13.673456,3,3229.328538
57.967614,5,3229.463272
-7.707885,5,3229.72739
-8.400543,5,3229.873657
57.964091,5,3230.036185
59.095919,6,3230.202364
54.073088,4,3230.321583
57.372182,5,3230.543911
57.776996,7,3230.706244
59.088307,6,3230.86999
-8.50778,5,3231.019733
-11.419069,4,3231.132761
57.967614,5,3231.241888
57.967614,5,3231.524759
-11.278379,4,3231.633336
-8.354224,5,3231.779054
57.967614,5,3231.912768
57.961788,5,3232.008874
57.947228,6,3232.225638
-8.534398,5,3232.366849
-7.693233,5,3232.521326
59.096139,6,3232.664572
-11.158612,4,3232.788988
57.967614,5,3232.962229
59.098829,6,3233.067279
57.960939,5,3233.254044
57.967614,5,3233.383098
-8.486981,5,3233.529111
59.090428,6,3233.644566
-11.238426,4,3233.754269
57.967552,5,3233.889501
57.963113,5,3234.099351
57.957782,5,3234.221854
54.103141,4,3234.423964
57.967614,5,3234.681851
59.096181,6,3234.839489
59.088447,6,3234.95461
59.082321,6,3235.062158
59.094221,6,3235.248908
-7.263779,5,3235.627913
57.967614,5,3235.853492
54.215263,4,3236.055536
58.001602,6,3236.254776
54.093207,4,3236.453523
57.777268,7,3236.595718
59.087851,6,3236.802953
57.961849,5,3236.901918
-13.744506,3,3237.000571
59.095539,6,3237.163927
-7.054864,5,3237.273059
51.523209,3,3237.417214
-11.533159,4,3237.51189
59.089373,6,3237.619735
-13.495344,3,3237.72996
57.954526,5,3237.890201
57.961641,5,3238.132111
57.967614,5,3238.276178
54.210726,4,3238.437808
57.910233,6,3238.62867
57.959311,5,3238.836066
-13.476791,3,3238.974159
-11.488256,4,3239.092307
54.093073,4,3239.308964
-11.608586,4,3239.41266
-7.042451,5,3239.524121
59.085415,6,3239.753371
57.964375,5,3239.864452
54.207079,4,3239.971951
59.099294,6,3240.133712
59.09574,6,3240.259843
57.967614,5,3240.388442
59.099294,6,3240.538422
54.19385,4,3240.65826
57.96489,5,3240.793245
57.960057,5,3240.903147
59.089389,6,3241.057435
57.41817,5,3241.269301
-11.614425,4,3241.370327
57.967614,5,3241.536056
-11.218051,4,3241.679696
59.099294,6,3241.873998
-7.038238,5,3241.981957
57.384773,5,3242.126182
59.092626,6,3242.255567
57.966469,5,3242.500889
54.216439,4,3242.63548
-11.027903,4,3242.888567
57.380126,5,3243.085339
-8.489417,5,3243.200809
59.088025,6,3243.358897
54.216439,4,3243.588998
54.216439,4,3243.715941
57.953815,5,3243.822402
57.967614,5,3244.03475
57.967614,5,3244.133247
59.096787,6,3244.286277
-7.86512,5,3244.394443
59.09275,6,3244.528912
59.099294,6,3244.731007
59.091884,6,3244.858625
-7.602142,5,3245.124339
57.967614,5,3245.264165
57.959604,5,3245.374128
54.216439,4,3245.569417
59.099066,6,3245.727494
57.78117,7,3245.918434
58.529327,6,3246.221433
-7.492624,5,3246.400814
57.958141,5,3246.51266
-7.985089,5,3246.683474
59.094351,6,3246.843806
58.233207,6,3247.127185
57.967614,5,3247.236889
57.962412,5,3247.378415
-11.538537,4,3247.475071
-11.02826,4,3247.689584
54.216439,4,3247.885103
57.960435,5,3247.984169
57.964086,5,3248.091916
-8.60845,5,3248.242786
-11.02617,4,3248.449781
-11.474657,4,3248.552428
58.426045,6,3248.753241
-11.31703,4,3249.017808
-11.082537,4,3249.407622
58.448548,6,3249.745721
-5.906969,6,3249.939985
57.959196,5,3250.053294
57.95364,5,3250.154448
57.353747,5,3250.527999
-7.757217,6,3250.80431
-7.032386,5,3251.183521
59.090255,6,3251.338206
57.967614,5,3251.534946
59.097006,6,3251.691171
59.099294,6,3251.850062
-7.04564,5,3251.958085
-7.80297,5,3252.21993
57.963823,5,3252.326827
54.082397,4,3252.573085
54.216439,4,3252.774451
-10.829282,4,3252.964294
59.094604,6,3253.141441
54.021965,4,3253.323454
-11.195363,4,3253.4355
-5.904347,6,3253.540432
57.956524,5,3253.672717
59.087485,6,3253.808721
-10.947015,4,3254.072469
-13.68679,3,3254.205898
-7.45253,5,3254.432684
57.964367,5,3254.53785
57.967614,5,3254.73805
57.9625,5,3254.875486
57.954681,5,3255.043088
-11.114766,4,3255.277399
-13.505912,3,3255.431344
57.967614,5,3255.571659
54.196612,4,3255.802127
57.611915,6,3256.182181
-7.608555,5,3256.357683
59.087652,6,3256.507426
59.093819,6,3256.612734
-13.65666,3,3256.70943
59.087691,6,3256.873427
54.139995,4,3257.02979
54.216439,4,3257.160926
-11.385016,4,3257.314503
-11.476695,4,3257.426649
59.082207,6,3257.558887
54.215612,4,3257.749291
59.097669,6,3257.937641
57.957315,5,3258.069876
-7.226036,7,3258.192178
-7.032386,5,3258.673176
59.093517,6,3258.777753
54.063161,4,3258.934254
57.958632,5,3259.11751
-7.899723,5,3259.414387
-13.770279,3,3259.516349
59.099294,6,3259.627635
-7.685417,5,3259.844091
-7.842347,5,3260.018534
-13.555705,3,3260.198095
-11.085262,4,3260.300713
59.099294,6,3260.496366
-7.923335,5,3260.637334
-7.032386,5,3261.010763
-11.251134,4,3261.125348
-6.820726,6,3261.402375
-7.343348,5,3261.684782
-10.783561,4,3261.946056
-8.109256,5,3262.335199
59.084295,6,3262.432603
-7.976966,6,3262.606467
-13.476791,3,3262.823315
-6.959692,6,3262.998505
59.077961,6,3263.108924
-11.571521,4,3263.209968
-10.785703,4,3263.3815
54.206186,4,3263.580728
57.960177,5,3263.718991
57.967614,5,3263.890555
57.58372,5,3264.033268
59.092835,6,3264.185806
54.213543,4,3264.403862
57.831668,5,3264.601562
-8.256963,5,3264.766531
57.967614,5,3264.934239
57.780262,7,3265.094702
-13.761817,3,3265.201196
57.965959,5,3265.376763
59.089528,6,3265.513066
-7.045079,5,3265.639124
57.777701,7,3265.79868
57.958674,5,3265.93837
57.963594,5,3266.087184
59.091181,6,3266.25054
54.216439,4,3266.38968
57.70843,6,3266.708846
57.959848,5,3266.896095
-8.381568,5,3267.0545
59.099294,6,3267.207228
57.967614,5,3267.316542
-6.584549,6,3267.679662
59.099294,6,3267.868377
57.967614,5,3267.972768
57.964614,5,3268.10267
57.961792,5,3268.215094
-8.033922,5,3268.31542
59.090766,6,3268.475531
57.967614,5,3268.600982
59.091355,6,3268.715517
59.086553,6,3268.878554
-7.803058,5,3269.067365
57.967614,5,3269.182406
59.081194,6,3269.304873
57.416138,5,3269.584077
-11.1222,4,3269.832972
57.476941,5,3270.015
57.956144,5,3270.262455
-11.365923,4,3270.403629
57.575617,5,3270.618602
-13.669936,3,3270.715299
54.216201,4,3270.915846
-8.431359,5,3271.076241
57.956774,5,3271.172399
-8.218077,6,3271.287572
57.967231,5,3271.508578
-8.053747,5,3271.737654
57.965785,5,3271.840824
57.958465,5,3272.052928
-11.09036,4,3272.149905
59.069596,6,3272.322859
57.744803,5,3272.495284
57.964823,5,3272.622449
59.099294,6,3272.783877
57.777746,7,3272.938113
-11.042962,4,3273.056062
54.102741,4,3273.196053
59.099294,6,3273.490686
57.472971,5,3273.79657
-11.096082,4,3274.009482
59.096925,6,3274.162992
58.293142,6,3274.390036
59.096804,6,3274.51674
57.780373,7,3274.676649
59.097279,6,3274.875232
59.07997,6,3275.011362
59.07745,6,3275.143095
59.095687,6,3275.3088
54.216439,4,3275.430649
57.962235,5,3275.541771
57.773385,7,3276.390048
-11.062371,4,3276.584576
-11.602498,4,3276.749852
-7.04268,5,3276.864578
57.541266,5,3277.065099
-8.032663,5,3277.173263
-5.912317,6,3277.332972
59.093343,6,3277.494875
-13.523112,3,3277.61519
57.967614,5,3277.907702
-8.263605,5,3278.08936
59.087752,6,3278.216565
57.78954,7,3278.408185
58.168726,6,3278.622939
57.967614,5,3278.919212
-7.867925,5,3279.116172
57.967614,5,3279.273855
-7.538661,6,3279.687552
-7.679016,5,3279.87267
-7.650042,5,3280.053891
-11.374586,4,3280.210319
-11.505928,4,3280.351288
57.960906,5,3280.528689
53.283557,4,3280.745014
57.956966,5,3280.837334
-11.561854,4,3280.940044
57.958573,5,3281.052889
59.089738,6,3281.180958
57.957887,5,3281.287251
59.09755,6,3281.449628
57.962835,5,3281.56751
57.962081,5,3281.686941
54.059712,4,3281.98336
59.087559,6,3282.147147
-13.731907,3,3282.251149
-8.265673,5,3282.409398
57.797249,5,3282.573744
-7.021913,6,3282.747489
-7.771658,5,3282.900661
-10.783561,4,3283.268478
57.9644,5,3283.40537
-7.378191,6,3283.571677
-7.7776,5,3283.788199
-7.690678,5,3284.053642
57.967614,5,3284.345346
57.957661,5,3284.448466
-8.522013,5,3284.60597
-7.890855,5,3284.867582
59.082917,6,3284.977903
57.951119,5,3285.105821
57.957419,5,3285.271707
57.771153,7,3285.435348
56.289777,7,3285.741264
57.959159,5,3285.854436
57.78299,7,3285.991631
59.099294,6,3286.123084
57.961952,5,3286.251391
-7.632532,5,3286.432716
-7.806795,5,3286.705775
59.099294,6,3286.951419
-8.237861,5,3287.203292
59.082606,6,3287.339073
59.080795,6,3287.457537
59.08848,6,3287.563673
59.089493,6,3287.698908
57.956529,5,3287.808339
59.096375,6,3287.979917
59.089389,6,3288.089977
59.092984,6,3288.220837
57.963087,5,3288.353704
57.9444,5,3288.573673
57.967614,5,3288.705825
57.775294,7,3288.864151
59.090561,6,3289.033486
57.967614,5,3289.136327
59.088407,6,3289.301495
57.967614,5,3289.4062
59.091071,6,3289.60748
-8.293949,5,3289.711123
-10.954736,4,3289.981595
-8.129877,5,3290.223828
-13.752085,3,3290.322981
59.093944,6,3290.458808
59.09376,6,3290.580163
57.780505,7,3290.743557
54.216439,4,3290.956728
57.958455,5,3291.083635
57.786724,7,3291.246601
59.089624,6,3291.445416
-5.909348,6,3291.601976
-11.608274,4,3291.736207
57.698971,5,3291.928295
57.958483,5,3292.068986
57.967614,5,3292.191599
57.966083,5,3292.339496
59.096868,6,3292.536711
57.967614,5,3292.640486
-7.676128,5,3292.828444
58.568292,6,3292.99714
54.207189,4,3293.106147
59.091805,6,3293.21442
57.967614,5,3293.421324
-7.034144,5,3293.830603
59.099294,6,3293.957697
57.951194,5,3294.068663
57.245191,5,3294.185698
57.967614,5,3294.296007
57.871571,5,3294.512897
-8.075024,6,3294.661552
57.746847,5,3294.950848
-8.451418,5,3295.104528
57.967397,5,3295.206656
59.091774,6,3295.387264
57.935459,5,3295.559679
59.088078,6,3295.690347
57.714669,5,3295.814739
-7.559524,5,3296.024248
59.09712,6,3296.126225
59.093192,6,3296.273018
57.967614,5,3296.425309
57.964195,5,3296.629989
57.957397,5,3296.731177
57.967614,5,3296.862366
57.776214,7,3297.014818
57.956488,5,3297.140061
54.213079,4,3297.257365
57.967614,5,3297.531472
57.967039,5,3297.749307
57.96395,5,3297.874679
-13.749223,3,3298.016762
58.63325,6,3298.233471
57.961444,5,3298.481602
57.967614,5,3298.647229
54.0456,4,3298.848776
59.08833,6,3299.024325
57.967614,5,3299.190935
-11.336626,4,3299.369899
59.081335,6,3299.488315
-13.746946,3,3299.588916
57.77782,7,3299.903453
-7.948695,5,3300.169326
-5.914733,6,3300.355666
58.76903,6,3300.564864
59.09262,6,3300.738879
57.956069,5,3300.882186
-5.909454,6,3301.068529
59.088253,6,3301.23583
54.214203,4,3301.374571
54.216439,4,3301.576302
57.954046,5,3301.680663
-11.173595,4,3301.831136
-11.188444,4,3301.948622
57.967614,5,3302.115987
57.876851,5,3302.253966
59.095844,6,3302.437421
-11.245409,4,3302.589088
57.959865,5,3302.699055
57.689357,5,3302.915808
57.78954,7,3303.118592
59.093918,6,3303.288967
57.774966,7,3303.407589
-5.90725,6,3303.757651
54.216439,4,3303.962128
-8.489322,5,3304.155929
59.091353,6,3304.258504
-11.524403,4,3304.367598
57.967614,5,3304.57707
57.962284,5,3304.787034
57.967614,5,3305.028525
54.216439,4,3305.134741
-8.281583,5,3305.253956
-11.50321,4,3305.357135
-11.489689,4,3305.46331
-7.577211,6,3305.732429
-11.364135,4,3305.898178
-7.441635,6,3306.177307
-7.249923,5,3306.54924
54.215425,4,3306.783496
59.088032,6,3306.91367
57.965211,5,3307.048006
-7.291792,6,3307.218781
-7.229689,5,3307.518347
57.786172,7,3307.682537
59.096357,6,3307.948739
57.846382,5,3308.15786
-11.301339,4,3308.324519
-11.423861,4,3308.466059
59.089616,6,3308.557843
57.957797,5,3308.684249
-7.032386,5,3309.070516
57.96499,5,3309.233687
-7.212662,6,3309.428875
59.093618,6,3309.543436
-11.600404,4,3309.641435
58.863695,6,3309.778799
57.967614,5,3309.966069
57.945033,5,3310.069277
57.958179,5,3310.288195
-7.037577,5,3310.392575
57.951388,5,3310.493935
59.096162,6,3310.604714
57.739834,5,3310.783519
-7.039307,5,3310.901576
57.529011,5,3311.115324
54.216439,4,3311.231137
59.088878,6,3311.352539
57.958299,5,3311.465171
-8.093498,5,3311.708617
-11.458598,4,3311.808815
-11.447541,4,3311.940036
59.099294,6,3312.111353
-7.712013,5,3312.392039
-11.526121,4,3312.48696
57.967559,5,3312.623572
57.960754,5,3312.731819
59.090438,6,3312.886828
54.041581,4,3313.107378
59.086205,6,3313.242089
59.092547,6,3313.348158
-7.777296,5,3313.455263
-7.33838,6,3313.624667
-8.036908,5,3313.773452
59.099294,6,3313.990695
54.213576,4,3314.192477
59.093151,6,3314.392425
57.958658,5,3314.491802
57.95786,5,3314.660297
-13.642858,3,3314.764503
58.262396,6,3315.118026
54.216439,4,3315.338212
57.714109,5,3315.521957
-11.596286,4,3315.622803
57.96467,5,3315.729678
59.082763,6,3315.879425
57.963591,5,3315.988833
-11.203626,4,3316.125264
57.257942,5,3316.36644
57.965019,5,3316.594572
59.091536,6,3316.747349
-7.163746,6,3317.013565
57.956565,5,3317.115825
-8.263453,5,3317.264038
57.967614,5,3317.432815
59.099294,6,3317.629573
57.966896,5,3317.782141
-7.032386,5,3318.171757
-7.521696,5,3318.452692
59.088444,6,3318.57545
57.967614,5,3318.786592
59.075663,6,3318.888093
-8.590416,5,3319.026117
57.967614,5,3319.132565
-7.695714,5,3319.365691
-11.465542,4,3319.467367
-11.211794,4,3319.744366
-13.61298,3,3319.847543
57.967525,5,3319.962105
54.216439,4,3320.172271
57.963852,5,3320.320637
57.967614,5,3320.531924
57.769826,7,3320.694662
-11.278147,4,3320.811619
59.099294,6,3320.976724
59.088171,6,3321.079847
57.779014,7,3321.24111
59.087614,6,3321.345304
-11.010339,4,3321.454569
59.08588,6,3321.593693
-7.720528,5,3321.868299
57.967614,5,3322.079944
57.967614,5,3322.221385
59.094045,6,3322.379874
58.118007,6,3322.681494
57.664086,5,3322.888952
57.960278,5,3322.995958
57.916194,5,3323.166677
54.216439,4,3323.289319
-11.24685,4,3323.402941
-11.08707,4,3323.556773
57.961762,5,3323.671885
-7.890791,5,3323.930174
59.089637,6,3324.054833
-7.032386,5,3324.446348
-7.047813,5,3324.562989
59.093421,6,3324.700716
-11.365149,4,3324.798844
57.967614,5,3325.008457
-13.750346,3,3325.144771
57.967614,5,3325.425261
-11.263107,4,3325.54579
57.960784,5,3325.662467
57.959689,5,3325.828158
-8.456121,5,3325.933592
-8.295303,5,3326.04211
-11.506282,4,3326.177782
-7.759604,6,3326.356607
59.088867,6,3326.465501
54.216439,4,3326.589472
57.781246,7,3326.807444
56.535765,7,3327.076313
-8.463609,5,3327.253626
-11.163419,4,3327.512111
-5.917383,6,3327.6793
57.967614,5,3327.789035
59.097783,6,3327.922707
54.20571,4,3328.116041
-7.883271,6,3328.352383
-8.002456,5,3328.628862
56.956842,5,3329.00456
57.964623,5,3329.213121
-7.910246,6,3329.310578
-8.595821,5,3329.469179
-7.925856,5,3329.609738
57.879011,5,3329.752603
59.098886,6,3329.969075
57.967614,5,3330.102038
58.748637,6,3330.319286
57.778674,7,3330.470391
-11.402249,4,3330.576456
59.095412,6,3330.689403
57.786232,7,3330.85571
57.965664,5,3330.99215
-7.035335,5,3331.108843
57.960563,5,3331.245354
-8.086027,6,3331.350536
-13.624857,3,3331.451185
59.088032,6,3331.652169
-11.004785,4,3331.859183
-8.038327,5,3332.014743
-7.040029,5,3332.290283
59.099294,6,3332.566188
59.012172,6,3332.774351
54.216439,4,3333.084214
54.216439,4,3333.289382
59.088711,6,3333.41913
-11.243707,4,3333.532179
-8.268981,5,3333.757182
59.080382,6,3333.888767
-5.904687,6,3334.197355
-13.665938,3,3334.285491
-8.016211,5,3334.537313
-8.339812,5,3334.709818
59.0886,6,3335.007202
59.091332,6,3335.172403
58.307703,6,3335.313936
-7.741136,5,3335.589659
57.782521,7,3335.724062
59.093974,6,3335.911818
-8.506892,5,3336.055614
54.02034,4,3336.32392
54.216439,4,3336.529583
58.418514,6,3336.734076
57.961195,5,3336.896305
59.091514,6,3336.998404
-13.745438,3,3337.103048
-8.2627,5,3337.222431
59.099294,6,3337.392382
57.963663,5,3337.509125
54.214979,4,3337.710087
-11.588314,4,3337.808686
59.088696,6,3337.970721
57.967614,5,3338.144571
-7.032386,5,3338.656245
57.949116,5,3338.781865
-11.386035,4,3338.917363
-11.595159,4,3339.015084
57.967614,5,3339.185399
57.967614,5,3339.297604
57.967614,5,3339.462358
57.967614,5,3339.606675
57.964732,5,3339.815933
54.216439,4,3339.929142
57.766222,7,3340.056889
57.770506,7,3340.160903
59.092698,6,3340.329264
-8.382097,5,3340.621984
-8.114554,6,3340.774452
57.954129,5,3340.907327
59.099294,6,3341.113862
57.967614,5,3341.261113
-8.50938,5,3341.372804
57.967614,5,3341.551321
-11.483376,4,3341.652756
57.542682,5,3341.951381
59.099294,6,3342.156621
-13.641959,3,3342.260025
54.205334,4,3342.371677
-13.72419,3,3342.483257
59.099294,6,3342.657138
57.956378,5,3342.76077
-11.213082,4,3342.889822
57.967614,5,3343.002145
-13.559349,3,3343.139083
57.964211,5,3343.256729
-8.138258,5,3343.376486
-8.094395,5,3343.514743
57.964634,5,3343.728598
57.961052,5,3343.870508
59.096046,6,3344.784337
-8.389045,5,3344.973947
57.962963,5,3345.092286
59.084632,6,3345.251294
57.713958,5,3345.408425
59.093058,6,3345.51542
57.959885,5,3345.693662
57.760851,5,3345.834251
-8.478903,5,3345.94633
57.780406,7,3346.141332
59.076051,6,3346.301953
57.772031,7,3346.461972
59.096851,6,3346.660033
-10.97643,4,3346.948875
57.958462,5,3347.105992
59.091078,6,3347.302693
-7.806744,5,3347.424241
57.967614,5,3347.641279
59.09272,6,3347.777137
-13.748387,3,3347.878559
57.966641,5,3347.992112
57.967614,5,3348.242591
59.091736,6,3348.396463
57.281146,5,3348.579951
-8.566085,5,3348.730874
58.303859,6,3348.922668
58.316612,6,3349.156697
59.099294,6,3349.322059
59.093825,6,3349.616374
57.484125,5,3349.835968
59.099294,6,3350.134616
54.216439,4,3350.262631
-11.042547,4,3350.505381
-8.489545,5,3350.633413
-7.89871,5,3350.862887
57.954746,5,3350.995351
57.967614,5,3351.203136
-7.820985,5,3351.471294
57.957758,5,3351.648407
59.08051,6,3351.756413
57.967614,5,3351.995559
57.295193,5,3352.295638
54.070089,4,3352.434469
-7.044302,5,3352.55846
58.485075,6,3352.762986
57.959643,5,3352.940446
57.959157,5,3353.060168
58.323566,6,3353.274624
57.967614,5,3353.550685
-7.385327,6,3353.729062
57.950806,5,3353.972628
57.230378,5,3354.190539
57.96523,5,3354.335204
57.967614,5,3354.509068
-11.453665,4,3354.63072
-7.303679,6,3354.814429
59.086089,6,3355.051275
59.078182,6,3355.194432
-8.299366,5,3355.33895
-8.470435,5,3355.498883
59.089707,6,3355.638315
57.964938,5,3355.850481
59.092068,6,3355.991158
57.551596,5,3356.198637
-13.477499,3,3356.345018
57.967614,5,3356.478707
-7.283679,5,3356.766817
57.610685,5,3356.975999
-13.476791,3,3357.081362
-11.054265,4,3357.248689
57.767162,5,3357.452904
57.956679,5,3357.574448
59.087012,6,3357.694679
57.966543,5,3357.833551
-8.409496,5,3357.988189
-7.766372,5,3358.230691
57.837377,5,3358.44838
-11.258592,4,3358.637687
59.091392,6,3358.809182
57.966651,5,3358.934612
57.96168,5,3359.222046
59.099294,6,3359.401813
59.077153,6,3359.581522
57.967614,5,3359.831179
-6.326349,6,3360.355806
-11.610291,4,3360.465764
57.970533,6,3360.823212
-7.900332,5,3361.05727
59.083475,6,3361.252971
-7.117168,6,3361.535142
54.216439,4,3361.761527
59.099294,6,3361.933141
57.963742,5,3362.035319
59.083426,6,3362.162623
57.963573,5,3362.276166
-7.478483,6,3362.536955
57.967478,5,3362.651305
-7.62985,5,3362.836644
57.946475,5,3362.965663
-8.268725,5,3363.148862
57.753789,5,3363.283468
-7.369847,5,3363.730767
59.099294,6,3363.876012
-13.478905,3,3363.97698
-7.032386,5,3364.328469
59.099294,6,3364.426723
57.967548,5,3364.532718
59.099294,6,3364.700864
57.967614,5,3364.872847
59.0927,6,3365.029206
-7.64334,6,3365.307643
57.334005,5,3365.531231
-8.524321,5,3365.693263
59.091649,6,3365.802268
54.089829,4,3366.002489
57.967614,5,3366.224801
57.758951,5,3366.440342
57.769946,7,3366.594839
57.660953,7,3366.751928
-11.313111,4,3366.868331
-11.342347,4,3367.051265
54.154982,4,3367.190113
59.090015,6,3367.357898
57.960642,5,3367.484582
54.20783,4,3367.717112
58.714473,6,3367.933844
57.967614,5,3368.155932
-7.965986,5,3368.403934
57.777302,7,3368.566693
-5.909703,6,3368.734858
57.962682,5,3368.896105
57.964229,5,3369.002716
57.967614,5,3369.140099
-6.583302,6,3369.657033
57.785515,7,3369.835604
57.767588,7,3370.001034
57.966179,5,3370.132378
57.656471,5,3370.253317
-8.063863,5,3370.409569
-8.45836,5,3370.588891
59.077091,6,3370.702744
59.09298,6,3370.817932
59.09227,6,3370.980372
59.097574,6,3371.078053
-7.032386,5,3371.46053
57.964038,5,3371.590984
-11.117122,4,3371.688443
-8.475764,5,3371.840162
57.957912,5,3371.970468
-7.665482,5,3372.149196
57.967614,5,3372.291699
59.086099,6,3372.401088
-11.47055,4,3372.499942
57.588626,5,3372.714952
57.965552,5,3372.831753
54.162094,4,3372.95467
54.216439,4,3373.191327
57.825416,5,3373.365273
57.322943,5,3373.486557
57.962195,5,3373.596709
-7.749819,5,3373.776797
59.090451,6,3373.879672
54.216439,4,3374.092638
59.099294,6,3374.204604
57.655169,5,3374.417331
57.962781,5,3374.528212
57.44516,5,3374.743154
54.214209,4,3374.955108
-8.539882,5,3375.108787
57.281303,5,3375.238238
-13.494425,3,3375.352579
59.093124,6,3375.487234
-7.094517,5,3375.774804
-8.095513,5,3376.043744
59.090445,6,3376.184856
57.966145,5,3376.323392
57.961424,5,3376.437315
54.126584,4,3376.593535
-7.694883,5,3376.778335
59.082597,6,3376.890998
59.019592,6,3377.064998
59.093964,6,3377.243022
-8.270501,5,3377.365325
-11.580926,4,3377.466094
59.099294,6,3377.63009
59.089433,6,3377.793424
59.092497,6,3377.933152
59.095313,6,3378.045347
54.216439,4,3378.169042
-11.49834,4,3378.393008
59.099294,6,3378.640229
59.094605,6,3378.781747
57.95519,5,3378.905027
-11.522573,4,3379.003105
59.097785,6,3379.203274
58.213331,6,3379.431538
-11.42928,4,3379.578467
57.967614,5,3379.790746
-7.956221,6,3379.99027
57.953582,5,3380.1617
54.216439,4,3380.486131
-7.065927,5,3380.860051
-8.126696,5,3381.143149
59.095312,6,3381.344831
57.777642,7,3381.456887
59.09071,6,3381.588255
57.967614,5,3381.753106
54.216439,4,3381.955517
-7.455412,6,3382.218483
59.096094,6,3382.383263
-7.678431,6,3382.560419
57.967614,5,3382.699232
-5.904806,6,3382.855471
54.216439,4,3383.059168
59.099294,6,3383.383351
-8.121084,5,3383.657944
-8.264156,5,3383.835974
54.203366,4,3384.058142
59.099294,6,3384.25618
-7.962304,5,3384.495174
59.001759,6,3384.713642
59.092079,6,3384.85122
-7.037927,5,3385.172855
-7.969606,5,3385.348089
-11.25787,4,3385.456112
57.963238,5,3385.556079
-11.393301,4,3385.708143
54.216439,4,3385.837355
-5.909914,6,3385.946995
57.967614,5,3386.158437
57.962568,5,3386.271614
-8.325428,5,3386.453824
59.095717,6,3386.626826
54.216439,4,3386.773585
59.084237,6,3386.948779
57.510189,5,3387.173027
59.099294,6,3387.375909
54.215752,4,3387.499067
57.955731,5,3387.651375
59.099294,6,3387.816916
59.098637,6,3387.924953
-11.369677,4,3388.06565
57.958269,5,3388.200113
59.093707,6,3388.313162
57.718265,5,3388.600305
57.967614,5,3388.822401
57.960068,5,3388.933089
-8.117492,6,3389.079047
57.528628,5,3389.297779
59.092928,6,3389.404978
54.213488,4,3389.543175
57.162787,5,3389.855107
59.085264,6,3390.035203
59.088981,6,3390.446834
-11.564966,4,3390.544234
57.786188,7,3390.697426
54.209773,4,3390.897835
54.216439,4,3391.22198
57.967614,5,3391.367492
59.093763,6,3391.528338
-7.688864,5,3391.811923
57.967614,5,3392.101204
57.967614,5,3392.273785
57.959565,5,3392.505968
-7.036571,5,3392.870871
57.95841,5,3393.082095
54.212977,4,3393.281273
-7.808639,5,3393.555354
59.096672,6,3393.758451
-11.20803,4,3393.872252
59.099294,6,3394.013183
57.960695,5,3394.180533
58.140453,6,3394.32378
54.183135,4,3394.555269
-8.386294,5,3394.708706
59.091207,6,3394.887824
59.090618,6,3394.996314
59.099294,6,3395.182746
-8.29235,5,3395.35535
57.967614,5,3395.551313
59.099294,6,3395.71221
57.963165,5,3395.807842
57.960666,5,3395.928744
57.967614,5,3396.104311
59.091083,6,3396.256357
57.967614,5,3396.508901
54.216008,4,3396.653346
57.967614,5,3396.755531
59.089849,6,3396.868396
57.967614,5,3397.002419
57.954945,5,3397.133773
54.215231,4,3397.365379
57.966726,5,3397.465744
54.163933,4,3397.611577
59.094656,6,3397.709266
-11.076962,4,3397.863787
57.967614,5,3398.003376
-8.46185,5,3398.177997
57.841838,5,3398.356761
-5.905897,6,3398.524486
-11.574858,4,3398.626975
-7.749066,6,3398.777186
54.216439,4,3398.981754
-11.484947,4,3399.081381
57.964448,5,3399.184285
54.216439,4,3399.398548
-10.783561,4,3399.658138
-7.717816,5,3399.837091
57.965677,5,3399.967463
59.098164,6,3400.129487
-10.783561,4,3400.423443
57.776167,7,3400.58312
-13.64631,3,3400.713682
57.967614,5,3400.92406
-10.995626,4,3401.099605
59.07875,6,3401.251712
-8.131809,5,3401.567926
-7.597474,5,3401.838019
54.216439,4,3401.948521
54.216439,4,3402.158633
59.099294,6,3402.456442
57.865899,5,3402.616892
57.967614,5,3402.750881
-11.015662,4,3403.000309
59.089015,6,3403.147625
57.56653,5,3403.307333
-11.499193,4,3403.525228
57.450705,5,3403.663198
-11.167182,4,3403.875287
57.782187,7,3404.075398
57.767549,7,3404.220798
54.216439,4,3404.437248
-6.904041,6,3404.618383
-7.896167,5,3404.740724
-11.083467,4,3404.855896
57.967614,5,3405.152857
57.78864,7,3405.32426
57.964138,5,3405.518067
57.965992,5,3405.620925
-7.780184,5,3405.801497
59.096342,6,3405.93763
-8.202214,5,3406.227701
-13.70819,3,3406.328116
-7.864495,5,3406.692005
58.437124,6,3406.922302
59.088017,6,3407.024431
57.956631,5,3407.228918
57.964972,5,3407.376383
-5.905263,6,3407.689389
-11.137232,4,3407.831228
57.6353,5,3407.975337
57.552716,5,3408.197631
57.781286,7,3408.365395
59.077416,6,3408.537468
54.216439,4,3408.775625
57.967614,5,3409.003327
59.094963,6,3409.174147
57.95816,5,3409.327847
57.771344,7,3409.523746
59.0728,6,3409.689011
59.099294,6,3409.985424
59.081335,6,3410.114528
57.76771,5,3410.253632
57.967614,5,3410.361112
57.961175,5,3410.614253
57.964517,5,3410.820443
57.967614,5,3411.037856
57.963694,5,3411.149693
58.765416,6,3411.395402
-13.686575,3,3411.496451
58.728512,6,3411.715464
-13.769221,3,3411.823377
59.07804,6,3411.968372
59.092198,6,3412.140587
-13.763211,3,3412.239413
57.855969,5,3412.470119
-8.159574,5,3412.589652
57.967614,5,3412.770028
59.099294,6,3412.934732
-8.163118,5,3413.052861
-11.467449,4,3413.216962
-11.472776,4,3413.343413
-11.099033,4,3413.445862
59.092735,6,3413.589322
57.199771,5,3413.799499
59.088682,6,3413.925519
58.885887,6,3414.118096
-8.098668,5,3414.467762
59.087375,6,3414.56617
59.092197,6,3414.684222
-8.332536,5,3414.843043
59.095305,6,3414.984468
57.967614,5,3415.170798
57.571645,5,3415.37925
57.965801,5,3415.525953
54.007573,4,3415.842288
-7.312017,5,3416.796694
-8.441122,5,3416.911836
57.958868,5,3417.039126
-11.369284,4,3417.214378
59.091328,6,3417.380894
-7.93674,5,3417.528169
-11.515648,4,3417.624028
-8.206198,5,3417.994289
57.956035,5,3418.097781
59.086327,6,3418.239642
-8.579771,5,3418.345909
-10.992421,4,3418.63025
57.958678,5,3418.853718
57.959723,5,3419.023967
-7.149354,6,3419.247135
-5.910813,6,3419.578586
54.216439,4,3419.697793
57.815709,5,3420.004786
-11.565085,4,3420.112475
-7.897932,5,3420.226681
-11.505961,4,3420.330143
59.079226,6,3420.504448
57.962004,5,3420.618966
-11.339387,4,3420.725869
-11.263872,4,3420.83621
57.777005,7,3421.002847
-7.950575,5,3421.123048
57.9599,5,3421.230039
57.788808,7,3421.346346
59.090104,6,3421.466258
-13.682095,3,3421.604602
-11.153356,4,3421.728966
57.958936,5,3421.942966
57.534197,5,3422.263649
-11.52501,4,3422.365803
54.216439,4,3422.562625
57.782298,7,3422.702819
57.965526,5,3422.880759
58.721151,6,3423.198362
57.967614,5,3423.381884
-7.084608,6,3423.564474
-11.495302,4,3423.785384
57.956608,5,3423.921395
57.963491,5,3424.046483
-7.805171,5,3424.334302
54.216439,4,3424.461649
-11.401868,4,3424.579489
59.089919,6,3424.710342
57.948243,5,3424.818411
59.092302,6,3424.964065
-7.545624,5,3425.158135
59.091843,6,3425.30606
57.962691,5,3425.478989
54.212531,4,3425.602057
57.966786,5,3425.709176
57.957219,5,3425.848171
57.967614,5,3426.020152
-11.222336,4,3426.185832
57.965873,5,3426.391089
57.46218,5,3426.603856
-7.479155,5,3426.88951
-13.504797,3,3427.004559
57.95584,5,3427.150284
57.957996,5,3427.263145
57.967614,5,3427.44723
57.776418,7,3427.618635
-11.265522,4,3427.738744
-8.111201,5,3428.0244
57.780551,7,3428.186076
59.099294,6,3428.357086
57.967614,5,3428.478462
57.764782,7,3428.587369
-7.044663,5,3428.719196
57.959743,5,3428.895833
59.090493,6,3429.068821
57.958886,5,3429.179494
59.089461,6,3429.361716
-8.137765,5,3429.488753
54.216439,4,3429.656155
-8.132999,6,3429.811586
57.132268,5,3430.132226
57.781358,7,3430.304308
-8.544555,5,3430.45508
-8.01144,5,3430.561212
54.216439,4,3430.766875
-8.567789,5,3430.898682
57.960702,5,3431.117996
57.376142,5,3431.399733
57.781518,7,3431.567246
-10.783561,4,3431.75623
-7.892256,6,3431.941851
57.712497,5,3432.076097
-13.683219,3,3432.186167
-11.026399,4,3432.391482
-8.573509,5,3432.533275
57.967614,5,3432.676011
59.089868,6,3432.840388
-7.942208,5,3433.072121
57.636454,6,3433.444095
-7.834038,5,3433.589533
59.099294,6,3433.729831
57.959659,5,3433.983497
57.78273,7,3434.162147
57.775688,7,3434.321831
54.000392,4,3434.48132
-7.854197,6,3434.642972
57.967614,5,3434.779504
-7.373048,6,3434.963625
-11.541236,4,3435.116261
-8.58995,5,3435.223641
54.216439,4,3435.34871
59.091979,6,3435.519859
57.967614,5,3435.645993
-8.415966,5,3435.89636
57.86114,5,3436.114255
57.948392,5,3436.215009
57.730907,5,3436.394298
57.960589,5,3436.515009
58.953844,6,3436.688905
-8.180912,5,3436.803859
-10.783561,4,3436.982281
59.09311,6,3437.104424
59.090243,6,3437.323858
-8.299357,5,3437.498656
59.089364,6,3437.671065
-7.225672,7,3437.846221
57.434782,5,3437.971075
-7.449156,6,3438.08531
-11.481478,4,3438.325379
-11.060271,4,3438.474874
57.957162,5,3438.600785
59.096005,6,3438.77032
59.079647,6,3438.917553
59.099294,6,3439.079625
57.954254,5,3439.191606
-7.902054,5,3439.440647
57.95621,5,3439.54519
-11.539295,4,3439.653569
57.961856,5,3439.833824
59.097796,6,3439.943204
59.083483,6,3440.250152
54.216439,4,3440.467693
-5.908033,6,3440.637591
-11.48627,4,3440.780512
57.967614,5,3440.948038
-8.291354,5,3441.108725
59.089319,6,3441.234214
54.216439,4,3441.5567
57.967614,5,3441.720528
59.09075,6,3441.824587
-5.906825,6,3441.994053
57.628148,5,3442.181128
59.086362,6,3442.289322
57.967614,5,3442.453545
-5.908649,6,3442.574575
57.967614,5,3442.792818
58.836764,6,3442.946112
-7.032386,5,3443.403404
57.957843,5,3443.51169
54.108642,4,3443.672406
57.804201,5,3443.814145
57.963676,5,3443.922015
-11.583936,4,3444.024952
57.78954,7,3444.192914
57.963591,5,3444.360213
57.960648,5,3444.487014
54.216439,4,3444.703359
57.966767,5,3444.836393
-10.985023,4,3445.075059
-11.519627,4,3445.182538
-11.439893,4,3445.296229
-7.434822,6,3445.578656
-8.208373,5,3445.726736
58.718083,6,3445.948664
-5.915241,6,3446.049612
-7.032386,5,3446.43889
54.078239,4,3446.703783
-8.280916,5,3446.817948
57.966088,5,3446.988247
57.772162,7,3447.1843
57.967614,5,3447.316334
-6.903181,6,3447.494873
-7.043437,5,3447.64149
57.967205,5,3447.86653
57.967614,5,3447.991479
-7.032386,5,3448.352893
-10.783561,4,3448.740802
57.967372,5,3448.853787
59.093297,6,3448.961544
-8.516315,5,3449.139982
59.09915,6,3449.308865
-8.125879,5,3449.46842
-8.027296,5,3449.723883
59.095287,6,3449.841207
-8.371303,5,3450.015626
57.831628,5,3450.194978
59.096429,6,3450.372261
57.958851,5,3450.500589
-10.783561,4,3450.688428
57.967534,5,3450.939384
-7.986684,5,3451.098742
57.771386,7,3451.215046
-10.7915,4,3451.40346
57.853319,6,3451.575391
57.775567,7,3451.73765
-8.516769,5,3451.885112
57.780335,7,3452.111501
-8.366527,5,3452.290223
57.957373,5,3452.411608
57.773246,7,3452.586695
57.960768,5,3452.805233
57.28862,5,3452.953624
57.798932,5,3453.091487
59.09618,6,3453.265086
57.147722,5,3453.661476
59.099294,6,3453.837832
54.215721,4,3453.94692
57.962371,5,3454.083478
57.967188,5,3454.182857
57.960469,5,3454.305525
57.964949,5,3454.47513
57.850478,5,3454.661966
59.092866,6,3454.823658
-7.032386,5,3455.272106
59.092745,6,3455.407036
59.096817,6,3455.589864
59.092957,6,3455.714182
54.216439,4,3455.841841
54.216439,4,3455.993708
-11.209881,4,3456.107834
-8.475822,5,3456.258378
57.967614,5,3456.511003
59.08828,6,3456.620934
59.091641,6,3456.765003
57.967614,5,3456.948049
57.963744,5,3457.072244
-8.304144,5,3457.178567
-11.240536,4,3457.489194
-8.543678,5,3457.634593
-7.048589,5,3457.753492
57.326007,5,3457.95857
59.092804,6,3458.11887
54.216439,4,3458.254976
59.079123,6,3458.388079
57.967614,5,3458.513319
57.957971,5,3458.631257
57.961344,5,3458.762254
59.099294,6,3459.073796
-5.921857,6,3459.269003
-7.927515,5,3459.430208
59.097633,6,3459.571997
-10.783561,4,3459.9551
57.946532,5,3460.122183
-7.208152,5,3460.508552
57.966916,5,3460.68532
-13.57802,3,3460.792818
59.088044,6,3461.042761
57.526967,5,3461.35208
59.099294,6,3461.522246
59.084254,6,3461.627636
-8.253557,5,3461.791181
57.966203,5,3461.913726
59.092077,6,3462.02992
58.85435,6,3462.209628
-11.550447,4,3462.317771
-8.064702,5,3462.613373
59.089548,6,3462.787653
-7.812313,5,3462.912408
-11.261566,4,3463.023318
59.089172,6,3463.135632
54.210792,4,3463.280683
-7.730817,5,3463.555115
59.089522,6,3463.759192
57.952841,5,3463.86509
-7.268792,6,3464.043941
57.956475,5,3464.19598
59.094559,6,3464.365544
57.967614,5,3464.574105
-6.997437,6,3464.857135
57.967614,5,3465.034987
57.465774,5,3465.253963
57.96276,5,3465.363711
57.959913,5,3465.471381
57.967614,5,3465.599739
-5.9202,6,3465.722351
-8.217437,6,3465.897789
57.966764,5,3466.0226
-11.23742,4,3466.142697
59.092842,6,3466.26418
-10.932361,4,3466.54558
57.741115,5,3466.735299
-7.364426,5,3467.126016
58.695717,6,3467.316648
57.531355,5,3467.440568
-11.556198,4,3467.542615
59.090846,6,3467.751102
-11.100935,4,3467.910545
-13.693761,3,3468.016653
57.957273,5,3468.125488
57.780522,7,3468.259487
57.600893,6,3468.650244
57.967614,5,3468.774838
57.77532,7,3468.915342
59.087753,6,3469.058183
-10.866549,4,3469.245286
59.085044,6,3469.361286
-11.343962,4,3469.517589
-11.186844,4,3469.640929
57.966425,5,3469.819096
57.959418,5,3469.96795
58.886392,6,3470.153645
-11.496111,4,3470.310037
57.967614,5,3470.490002
59.09122,6,3470.661301
-11.260678,4,3470.775483
57.966556,5,3470.937503
-7.409076,5,3471.119017
57.38879,5,3471.328441
-11.267736,4,3471.486713
57.76245,7,3471.605449
-8.259395,5,3471.731002
59.087466,6,3471.909371
59.09236,6,3472.022672
-11.4065,4,3472.1253
54.216439,4,3472.329705
-8.337838,5,3472.490419
58.016694,6,3472.737676
-8.510633,5,3472.913107
57.966041,5,3473.035387
59.089007,6,3473.199777
57.965871,5,3473.371996
57.967614,5,3473.49243
54.216439,4,3473.999629
57.781082,7,3474.13143
57.958022,5,3474.394462
59.090644,6,3474.561403
-7.994949,5,3474.714538
59.099294,6,3474.947686
-5.906985,6,3475.165086
57.508009,5,3475.406031
57.962602,5,3475.630747
59.090859,6,3475.937722
57.956792,5,3476.094069
59.078319,6,3476.207939
57.769839,7,3476.38046
57.558646,5,3476.609839
-11.401276,4,3476.71979
-10.995622,4,3476.910913
-10.866572,4,3477.096982
-11.509547,4,3477.228597
59.094796,6,3477.348924
57.965225,5,3477.580984
-7.737497,6,3477.726972
57.967614,5,3477.980489
54.216439,4,3478.197524
57.967614,5,3478.356997
59.096622,6,3478.547224
-7.48012,5,3478.739772
59.090197,6,3478.972356
57.967614,5,3479.148647
59.094699,6,3479.323735
57.967614,5,3479.545973
57.781975,5,3479.690364
-8.462272,5,3479.826008
59.096395,6,3479.993359
-5.900706,6,3480.308043
59.099294,6,3480.44265
-6.863052,6,3480.628371
-11.569179,4,3480.780286
57.95883,5,3480.963126
57.961443,5,3481.080732
-7.032386,5,3481.198764
57.967614,5,3481.355456
-7.934484,5,3481.478612
-11.239656,4,3481.7057
57.967614,5,3481.84419
-8.367316,5,3482.02002
57.313997,5,3482.379386
59.095485,6,3482.550014
59.083424,6,3482.685725
59.091144,6,3482.804838
57.967614,5,3482.916335
59.09862,6,3483.050497
-11.005804,4,3483.324151
-11.38127,4,3483.479235
-13.766172,3,3483.580889
57.966625,5,3483.705678
57.964136,5,3483.845615
59.093999,6,3484.016322
57.967614,5,3484.148655
59.090537,6,3484.275861
57.780079,7,3484.461477
57.787877,7,3484.633198
-11.491177,4,3484.758378
54.216439,4,3484.89924
54.122274,4,3485.142889
59.095199,6,3485.280945
57.967614,5,3486.204704
57.964767,5,3486.36455
-7.560661,5,3486.558267
59.091961,6,3486.730697
59.093746,6,3486.908206
57.783991,7,3487.074629
57.967614,5,3487.326192
57.967614,5,3487.632075
59.088989,6,3487.8002
59.09483,6,3487.9079
57.953016,5,3488.042517
-11.408312,4,3488.168019
-10.958729,4,3488.446414
59.095339,6,3488.588814
57.958293,5,3488.770962
59.099294,6,3488.93379
-8.224389,5,3489.109892
57.967614,5,3489.253394
57.929971,5,3489.388679
59.095945,6,3489.534609
59.077576,6,3489.709948
57.960814,5,3489.830362
-11.315362,4,3489.954585
-11.069452,4,3490.077161
59.092144,6,3490.239122
-5.900706,6,3490.537476
59.099294,6,3490.718939
57.886115,5,3490.933198
59.097814,6,3491.13835
55.878608,7,3491.534966
57.963914,5,3491.679682
57.958484,5,3491.857597
-7.972836,5,3491.983646
-8.455672,5,3492.097164
57.965931,5,3492.207077
57.964888,5,3492.417704
54.216439,4,3492.552372
-7.731409,5,3492.832936
54.157583,4,3493.093158
59.091761,6,3493.261436
57.669491,5,3493.387186
-8.367922,5,3493.51518
57.956947,5,3493.635498
-8.146887,5,3493.833091
59.079254,6,3494.023873
57.956453,5,3494.30266
57.96376,5,3494.423145
59.096903,6,3494.566154
58.746504,6,3494.874447
-8.457859,5,3495.064988
54.215785,4,3495.195917
57.967614,5,3495.378899
-11.377456,4,3495.531855
-11.472243,4,3495.650685
57.959453,5,3495.794721
-8.17978,5,3495.917379
57.785328,7,3496.118647
57.256954,5,3496.260633
59.088139,6,3496.435355
-11.604574,4,3496.543153
57.967614,5,3496.757668
59.081396,6,3496.935437
59.092156,6,3497.051592
-7.032386,5,3497.159738
-11.255952,4,3497.295415
-11.400137,4,3497.40278
57.78318,7,3497.515476
59.084605,6,3497.662026
57.967419,5,3497.785028
57.967614,5,3498.02931
-11.440135,4,3498.1406
57.793563,5,3498.310591
-13.703678,3,3498.421922
57.960716,5,3498.635943
59.095084,6,3498.816193
57.967614,5,3498.966246
57.967614,5,3499.125907
58.333544,6,3499.464482
57.967614,5,3499.602489
59.099294,6,3499.768484
57.967606,5,3499.902129
59.096168,6,3500.228148
57.967614,5,3500.574892
-11.155049,4,3500.875941
-8.057079,5,3501.122143
-8.55452,5,3501.234548
-7.50546,5,3501.520829
-8.31721,5,3501.642361
57.967614,5,3501.838879
-11.174014,4,3502.005136
59.091662,6,3502.178847
-11.112232,4,3502.424947
59.090981,6,3502.537786
59.094294,6,3502.651665
57.967614,5,3502.832799
57.967614,5,3502.984569
-11.43459,4,3503.165672
-11.103662,4,3503.304455
-11.23234,4,3503.490178
57.776302,7,3503.669888
59.099294,6,3503.801534
57.962057,5,3503.916305
59.094764,6,3504.124207
59.083033,6,3504.239099
57.960303,5,3504.373004
54.089201,4,3504.504873
56.022161,7,3504.846629
57.967614,5,3505.019789
59.099294,6,3505.194505
54.216439,4,3505.395494
-8.195073,5,3505.535584
59.097111,6,3505.732231
-8.52293,5,3505.910066
54.171177,4,3506.113919
59.091524,6,3506.579301
-7.068072,5,3506.980054
57.963922,5,3507.117686
57.781072,7,3507.324563
59.092001,6,3507.5034
-8.218503,5,3507.694397
59.090189,6,3507.883355
-8.076568,6,3508.075238
58.828692,6,3508.304606
59.094341,6,3508.464849
57.84057,5,3508.700689
57.967614,5,3508.871857
59.099294,6,3509.042246
57.960182,5,3509.178325
-11.295262,4,3509.467523
57.21371,5,3509.713133
-8.488772,5,3510.097848
-8.480045,5,3510.415748
-7.802586,5,3510.70347
57.95805,5,3510.823673
57.78954,7,3510.999876
59.099294,6,3511.275946
-8.098163,6,3511.431916
-11.270965,4,3511.550129
59.095074,6,3511.727666
54.216439,4,3511.932184
57.956634,5,3512.078008
54.216439,4,3512.300914
-7.861348,5,3512.508505
-11.190384,4,3512.725099
57.965457,5,3512.977859
57.951626,5,3513.082656
59.093018,6,3513.256433
-8.195991,5,3513.383021
54.124735,4,3513.664799
59.081626,6,3513.772817
54.216439,4,3513.906965
54.174773,4,3514.121361
-13.476791,3,3514.227856
57.763053,5,3514.376458
-7.043172,5,3514.501953
57.967614,5,3514.82422
57.967614,5,3514.987005
54.214118,4,3515.210104
59.087352,6,3515.344435
56.817533,7,3515.581211
57.958052,5,3515.767898
54.216439,4,3515.935514
57.966043,5,3516.26112
54.209884,4,3516.626452
59.097864,6,3516.854063
-7.578668,5,3517.146264
-11.22086,4,3517.268655
57.967614,5,3517.871541
59.099294,6,3518.204796
54.206765,4,3518.458134
-8.34159,5,3518.664942
59.092502,6,3518.853116
57.956496,5,3519.012925
59.098584,6,3519.206985
57.967614,5,3519.369441
57.960323,5,3519.524385
59.099294,6,3519.689088
57.962458,5,3519.822326
57.959808,5,3519.931312
59.094006,6,3520.04837
54.216439,4,3520.262765
-13.552651,3,3520.401803
58.555901,6,3520.741127
57.223478,5,3521.057706
-8.086681,5,3521.179063
-7.996614,5,3521.343514
57.966475,5,3521.547074
-8.102081,5,3521.799048
57.967614,5,3521.938708
57.96272,5,3522.067834
-8.291091,5,3522.25189
-7.874941,5,3522.509777
57.850115,5,3522.644406
54.216439,4,3522.781003
54.214984,4,3522.909423
57.960454,5,3523.043693
57.962824,5,3523.229011
-8.294433,5,3523.456151
59.088594,6,3523.583216
57.669558,5,3523.837178
57.825192,6,3524.115089
57.547515,5,3524.2688
57.966336,5,3524.439276
57.532266,5,3524.582945
-11.449857,4,3524.685807
59.090832,6,3524.783055
57.464501,5,3524.998188
-6.866816,6,3525.286558
57.966584,5,3525.421832
-11.264496,4,3525.590047
59.099294,6,3525.801735
59.099294,6,3525.976481
59.099294,6,3526.139811
-5.907359,6,3526.262737
-8.460424,5,3526.416557
54.216439,4,3526.542864
57.781264,7,3526.72073
-7.036616,5,3527.166986
59.081916,6,3527.310722
54.216439,4,3527.444077
-5.909926,6,3527.801229
57.963951,5,3527.921884
57.967614,5,3528.063547
54.216439,4,3528.272605
54.212631,4,3528.503844
59.099294,6,3528.643407
57.967614,5,3528.918272
-13.767466,3,3529.034209
57.959693,5,3529.183268
59.087233,6,3529.296083
59.092375,6,3529.442161
-8.502341,5,3529.553205
-7.946535,5,3529.720822
59.090008,6,3529.864481
57.770808,7,3530.068264
-13.655177,3,3530.181389
-8.552041,5,3530.301633
-7.033597,5,3530.62302
57.782824,7,3530.829265
-11.586215,4,3530.935951
-6.67117,6,3531.226608
59.089806,6,3531.442279
-11.398511,4,3531.567386
54.147137,4,3531.68418
-7.795093,5,3531.941283
59.087832,6,3532.094847
54.216439,4,3532.342407
57.887913,5,3532.591792
59.099294,6,3532.828105
57.967614,5,3533.050859
-5.911353,6,3533.386277
57.967614,5,3533.600621
57.960755,5,3533.714657
59.099294,6,3533.896222
-8.069062,5,3534.055839
57.957997,5,3534.156487
-11.324468,4,3534.261126
57.967614,5,3534.380936
57.961203,5,3534.524369
-11.458825,4,3534.653351
57.781378,7,3534.820875
57.967614,5,3535.088125
-7.036279,5,3535.263804
58.949965,6,3535.442269
57.967614,5,3535.622668
57.779721,7,3535.810345
59.092187,6,3535.952453
57.967614,5,3536.118105
-11.428665,4,3536.27741
-13.476791,3,3536.43639
57.950621,5,3536.545395
59.095888,6,3536.719939
59.086633,6,3536.828866
57.562516,5,3537.05747
-11.608024,4,3537.209913
59.083732,6,3537.434259
57.963139,5,3537.54289
59.099294,6,3537.653323
58.240376,6,3537.863951
57.95615,5,3538.08418
-13.751621,3,3538.187058
57.700408,5,3538.329695
-8.399513,5,3538.446952
-11.038404,4,3538.59749
-7.844535,5,3538.763759
57.773677,7,3538.935273
-11.095765,4,3539.232752
57.967614,5,3539.389986
59.099294,6,3539.607879
-11.310417,4,3539.719813
-11.058674,4,3539.887248
57.967614,5,3540.021537
54.197761,4,3540.356733
59.080045,6,3540.509491
59.08678,6,3540.676423
-11.360686,4,3540.841223
59.099294,6,3540.948283
-11.390616,4,3541.111155
54.160881,4,3541.268187
59.089007,6,3541.456531
57.951708,5,3541.610928
-8.393937,5,3541.823912
57.773894,7,3542.043243
54.216439,4,3542.252219
59.072619,6,3542.465697
57.957723,5,3542.610241
54.216439,4,3542.826751
59.095424,6,3543.001018
-7.912908,5,3543.128458
57.652352,5,3543.273679
-11.31616,4,3543.384769
59.097765,6,3543.556855
-11.017642,4,3543.741761
57.967614,5,3543.950984
54.04554,4,3544.160404
57.966073,5,3544.300678
57.967614,5,3544.458958
-8.285458,5,3544.641679
57.956101,5,3544.814895
-7.481461,6,3544.966022
-7.966536,5,3545.247416
-5.90584,6,3545.41437
-11.092479,4,3545.65484
54.204128,4,3545.779504
-5.919159,6,3545.957702
59.099294,6,3546.175665
59.078855,6,3546.341882
54.208283,4,3546.555317
57.957778,5,3546.708707
59.096226,6,3547.018897
57.964225,5,3547.205498
57.960989,5,3547.378576
-7.789368,6,3547.56541
-8.143251,5,3547.693673
57.508528,5,3547.87533
-11.348199,4,3548.190029
57.967198,5,3548.402407
-11.42994,4,3548.504372
59.096323,6,3548.808906
57.490977,5,3549.166794
57.778545,7,3549.349001
57.781381,7,3549.526923
57.771229,7,3549.766574
-11.347864,4,3549.868391
57.961952,5,3550.170367
57.783672,7,3550.345706
-8.431552,5,3550.461675
57.959551,5,3550.569195
-7.423094,6,3550.760418
-8.158764,5,3550.942472
59.092485,6,3551.10875
-7.142024,6,3551.291998
59.08749,6,3551.441734
59.088642,6,3551.551363
-8.320224,5,3551.675081
59.099294,6,3551.846892
59.099294,6,3551.992965
59.092412,6,3552.111663
57.876974,5,3552.331354
57.766996,7,3552.443475
57.96379,5,3552.66079
59.082383,6,3552.827384
59.095294,6,3553.035194
57.967614,5,3553.211992
57.405065,5,3553.370921
59.079743,6,3553.480744
-11.522791,4,3553.588096
59.083641,6,3553.79508
59.094662,6,3554.000065
57.962221,5,3554.104428
54.215005,4,3554.343258
-7.919836,6,3554.642636
57.959563,5,3554.771967
58.265934,6,3554.957512
57.967614,5,3555.079026
-7.232508,7,3555.567199
59.084076,6,3555.687911
59.091431,6,3555.864009
57.945263,5,3555.977407
-8.083419,5,3556.224584
54.209998,4,3556.352159
-7.920723,5,3556.609864
-7.106762,6,3556.795891
57.47358,5,3557.027364
-7.043509,5,3557.151161
-11.60762,4,3557.25696
57.964483,5,3557.474261
57.778252,7,3557.642241
-11.307553,4,3557.757556
57.911878,5,3557.939995
-13.689985,3,3558.050542
57.959447,5,3558.166213
54.168813,4,3558.379184
59.098083,6,3558.581227
57.6057,5,3558.795661
57.967614,5,3559.059202
-11.467602,4,3559.963067
-11.102097,4,3560.175734
57.967614,5,3560.333368
59.099294,6,3560.510939
59.082379,6,3560.697639
54.216439,4,3560.904608
54.049123,4,3561.043488
-7.650247,6,3561.189402
-11.54564,4,3561.296584
59.084561,6,3561.464354
57.965271,5,3561.572695
57.964816,5,3561.777671
54.216439,4,3562.047224
54.184713,4,3562.266794
59.092473,6,3562.395947
57.906527,5,3562.623516
57.78954,7,3562.734184
59.088335,6,3562.853943
54.216439,4,3562.987031
57.957322,5,3563.101248
57.943682,5,3563.215477
57.967614,5,3563.327516
-7.982843,6,3563.478061
59.091719,6,3563.602907
57.960565,5,3563.74621
54.216439,4,3563.965464
57.96491,5,3564.103093
-13.712774,3,3564.217272
57.77323,7,3564.387259
57.959006,5,3564.527034
57.956769,5,3564.663319
57.959323,5,3564.79546
54.216439,4,3565.009728
57.675206,5,3565.198757
-13.476791,3,3565.434397
-8.275549,5,3565.562716
-5.907997,6,3565.759141
57.961294,5,3565.877479
59.095073,6,3565.991467
57.963088,5,3566.104877
57.966429,5,3566.20353
57.967614,5,3566.348687
54.214254,4,3566.560987
57.951327,5,3566.672713
57.340043,5,3566.900665
-8.018812,5,3567.153919
57.963491,5,3567.283814
-11.458003,4,3567.410184
59.088379,6,3567.600879
57.570672,5,3567.823251
57.511847,5,3568.063145
-8.277565,5,3568.381945
-7.595191,5,3568.664132
54.216439,4,3568.80254
57.774411,7,3568.975639
57.955866,5,3569.087591
54.216439,4,3569.351767
59.092651,6,3569.53917
57.967614,5,3569.697021
57.964585,5,3569.846467
-11.217179,4,3570.024599
-8.829188,7,3570.22541
59.099294,6,3570.427293
57.959014,5,3570.611753
59.087319,6,3570.756157
57.958712,5,3570.984979
-7.768836,5,3571.219363
57.966597,5,3571.437448
57.967614,5,3571.556758
-11.390876,4,3571.662913
57.966271,5,3571.800604
57.965023,5,3572.041637
-8.551697,5,3572.149568
-7.889886,5,3572.388711
58.225649,6,3572.601779
-7.445436,5,3572.787791
-11.295675,4,3572.904016
59.091679,6,3573.030137
-11.545904,4,3573.14128
-11.508153,4,3573.250625
57.967614,5,3573.465612
53.940151,4,3573.74042
58.667599,6,3573.960348
-8.280078,5,3574.077142
57.78095,7,3574.255995
58.68061,6,3574.444196
57.783017,7,3574.619477
59.093946,6,3574.775085
59.094413,6,3574.941833
-8.215403,5,3575.12136
59.092658,6,3575.269237
54.091614,4,3575.496972
-7.574851,6,3575.779824
-11.20259,4,3575.887982
57.956977,5,3576.000135
-8.308929,5,3576.113949
-7.043446,5,3576.230613
54.216439,4,3576.347588
-7.140952,6,3576.528857
57.967614,5,3576.66544
-7.032386,5,3577.164804
57.556579,5,3577.48267
58.928226,6,3577.68979
57.48573,5,3577.815917
53.704326,4,3578.099839
57.967614,5,3578.237085
59.091219,6,3578.375163
57.967614,5,3578.508704
-11.278254,4,3578.688815
54.216439,4,3578.941284
59.099294,6,3579.096006
57.954095,5,3579.228901
-5.900706,6,3579.684129
57.959319,5,3579.819989
57.964803,5,3579.930068
58.767824,6,3580.152066
57.956793,5,3580.269131
59.088781,6,3580.388947
57.786489,7,3580.591666
54.216439,4,3580.726455
57.783479,7,3580.902998
59.088473,6,3581.085146
-13.476791,3,3581.323626
57.959382,5,3581.446395
59.087722,6,3581.587677
59.099294,6,3581.75961
-11.289276,4,3581.874288
54.216439,4,3582.001629
57.967614,5,3582.184744
57.962409,5,3582.321007
57.617141,5,3582.540761
57.964455,5,3582.683821
-7.942125,5,3582.962379
-8.589747,5,3583.089601
57.966319,5,3583.32101
59.096049,6,3583.500785
54.215563,4,3583.676024
-11.612683,4,3583.794615
57.967614,5,3583.917307
54.204814,4,3584.05692
-13.476791,3,3584.166837
57.965666,5,3584.304472
59.088347,6,3584.519768
-7.756515,5,3584.705734
57.777477,7,3584.853093
57.967614,5,3585.059621
-11.312552,4,3585.178647
59.097452,6,3585.310216
59.086086,6,3585.479429
57.961869,5,3585.595665
-13.476791,3,3585.819243
59.087609,6,3585.955614
57.967614,5,3586.093018
-11.55331,4,3586.197251
57.956721,5,3586.304743
57.778098,7,3586.508685
57.961015,5,3586.65351
-8.01281,6,3586.829403
57.967614,5,3587.030553
-8.365207,5,3587.197157
54.216439,4,3587.330018
57.402708,5,3587.599461
-7.953699,5,3587.844799
57.967614,5,3588.033774
54.214546,4,3588.152387
59.09537,6,3588.290474
57.959108,5,3588.49246
59.092842,6,3588.703271
59.090475,6,3588.879863
59.091495,6,3589.054575
57.780693,7,3589.233021
-11.447364,4,3589.352208
59.083389,6,3589.528334
58.291056,6,3589.748495
57.967614,5,3589.973495
59.088462,6,3590.145216
59.099294,6,3590.356767
-7.032386,5,3590.739546
-8.245963,5,3590.872777
-8.224957,5,3591.233459
57.950654,5,3591.369554
57.678136,5,3591.505658
57.967614,5,3591.676532
54.216439,4,3591.823447
57.410906,5,3592.140288
-7.032386,5,3592.578282
-13.476791,3,3592.725033
59.097862,6,3592.872266
57.965504,5,3593.101499
57.957738,5,3593.23744
-11.514479,4,3593.419653
-7.182666,6,3593.620056
59.099294,6,3593.799156
57.967614,5,3594.0205
57.666012,7,3594.245104
-7.321305,5,3594.586737
57.656319,5,3594.774433
59.086185,6,3594.887317
59.0879,6,3595.02594
59.097401,6,3595.191188
-11.54143,4,3595.342795
57.967614,5,3595.493276
57.967614,5,3595.614694
57.956913,5,3595.746021
59.093597,6,3595.856892
59.099294,6,3596.030412
-10.919636,4,3596.323945
57.959254,5,3596.459681
57.557619,5,3596.64524
-11.286292,4,3596.800059
57.964393,5,3597.033949
-7.082934,6,3597.22211
54.2104,4,3597.35165
-7.491606,6,3597.782439
54.066213,4,3597.929201
-8.553978,5,3598.080338
57.959692,5,3598.200348
59.094955,6,3598.34046
-11.253812,4,3598.502497
-11.368346,4,3598.652482
-8.185203,5,3598.912791
59.092404,6,3599.072944
-7.723125,5,3599.267901
57.781814,7,3599.463264
-11.559142,4,3599.617961
57.961727,5,3599.768003
-8.223792,5,3599.89042
57.967614,5,3600.14471
59.086596,6,3600.27086
-11.070587,4,3600.521051
57.776495,7,3600.689278
58.563539,6,3601.019084
59.092823,6,3601.124174
59.099294,6,3601.308015
57.965061,5,3601.489588
59.087201,6,3601.599833
54.216439,4,3601.72795
-11.364755,4,3601.898871
59.094213,6,3602.068827
-8.126915,5,3602.187911
54.210383,4,3602.31526
-11.390409,4,3602.432431
-8.222439,5,3602.556411
59.095245,6,3602.686555
57.95769,5,3602.800211
57.967614,5,3602.981494
54.176552,4,3603.154526
59.099294,6,3603.396343
57.919985,5,3603.538382
59.085388,6,3603.709566
57.967614,5,3603.883341
59.076576,6,3604.006449
59.097189,6,3604.218982
-11.579816,4,3604.37568
-11.284904,4,3604.493232
59.089128,6,3604.715031
-5.917025,6,3604.827778
59.079814,6,3604.932179
57.934755,5,3605.056217
57.951098,5,3605.192316
57.967614,5,3605.442826
59.089815,6,3605.653465
57.78954,7,3605.872477
59.099294,6,3606.009031
59.094905,6,3606.17621
59.091226,6,3606.381811
57.967614,5,3606.565843
57.955734,5,3606.789903
57.775047,7,3607.00044
57.776105,7,3607.182304
57.470763,5,3607.421608
59.093232,6,3607.612905
57.966255,5,3607.727882
54.179418,4,3607.856132
-7.855377,6,3608.196586
-8.365188,5,3608.368629
57.947771,5,3608.603605
59.087299,6,3608.779509
-11.378409,4,3608.937517
59.090451,6,3609.121453
59.078343,6,3609.276375
-8.311059,5,3609.399061
59.092818,6,3609.526439
57.958864,5,3609.644456
-11.416357,4,3609.760531
59.090743,6,3609.91708
54.212069,4,3610.174329
59.097804,6,3610.296053
57.966691,5,3610.423785
-7.21741,6,3610.710905
59.096356,6,3610.828125
-8.11,5,3611.049139
-8.179921,5,3611.175886
57.331109,5,3611.466611
-11.48637,4,3611.571608
54.208493,4,3611.698196
57.967614,5,3611.881596
-7.033349,5,3612.275445
57.662662,5,3612.455928
54.20101,4,3612.696221
57.967614,5,3612.89658
-13.547143,3,3613.015042
-7.889605,5,3613.178782
-7.032386,5,3613.597174
-7.366135,5,3613.74193
58.936512,6,3613.991117
57.572931,5,3614.235731
57.959801,5,3614.413058
59.098339,6,3614.631905
-11.322818,4,3614.817972
-11.280099,4,3615.008599
-11.449042,4,3615.167183
-5.914503,6,3615.371848
54.216439,4,3615.61831
-10.783561,4,3615.818225
54.207795,4,3615.953301
54.216382,4,3616.179533
57.961461,5,3616.327472
59.089897,6,3616.459413
57.82638,5,3616.644897
59.097645,6,3616.795789
53.91591,4,3617.058436
57.967614,5,3617.205682
-7.576667,5,3617.397316
59.099294,6,3617.581422
54.216439,4,3617.787342
-11.112455,4,3617.895684
57.957723,5,3618.02535
-8.150879,5,3618.163393
57.963415,5,3618.31131
59.095691,6,3618.495633
58.242502,6,3618.707145
57.962912,5,3618.852918
54.195787,4,3618.980481
-5.912724,6,3619.176361
54.216439,4,3619.307264
59.088462,6,3619.469519
57.960179,5,3619.59433
57.963072,5,3619.712049
-7.219945,7,3619.880343
-7.872676,5,3620.024966
57.9585,5,3620.161612
57.463583,5,3620.491024
54.216439,4,3620.694364
-13.476791,3,3620.942637
-10.935006,4,3621.051368
59.083557,6,3621.185621
-8.165103,5,3621.435925
57.957173,5,3621.553838
-8.175749,5,3621.673146
57.496824,5,3622.021112
59.091166,6,3622.199549
-10.783561,4,3622.562716
59.089444,6,3622.779776
57.776288,7,3622.984213
59.083481,6,3623.103363
57.967614,5,3623.234156
59.095839,6,3623.351891
57.086398,5,3623.690882
-13.729188,3,3623.805549
57.842845,5,3623.984801
59.088375,6,3624.126459
-10.873102,4,3624.315712
59.099294,6,3624.491431
57.963319,5,3624.608685
-7.780394,5,3624.800603
54.002931,4,3625.079502
-5.906865,6,3625.19895
54.216439,4,3625.330217
-7.847192,5,3625.63065
-10.783561,4,3625.836957
57.91984,5,3626.034427
59.092416,6,3626.194862
59.09721,6,3626.370817
54.216439,4,3626.585488
59.090515,6,3626.769055
59.095043,6,3626.916957
57.785628,5,3627.219386
57.890851,5,3627.531749
57.78954,7,3627.720009
-10.783561,4,3627.957438
58.150564,6,3628.109733
57.966886,5,3628.302835
54.176419,4,3628.541425
57.731634,5,3628.769486
57.967614,5,3628.94862
59.099294,6,3629.113066
57.787429,7,3629.3451
57.967614,5,3629.505066
-13.706893,3,3629.624869
59.081815,6,3629.745323
57.967614,5,3629.882162
-11.513308,4,3630.043817
59.09402,6,3630.184692
-11.610161,4,3630.350331
59.099294,6,3630.535808
57.705292,5,3630.724839
57.967614,5,3630.905841
-6.847179,6,3631.095426
59.09174,6,3631.901238
57.967614,5,3632.146872
57.37373,5,3632.38329
-13.761255,3,3632.492425
-5.916233,6,3632.662404
54.216439,4,3632.874474
57.953618,5,3633.020094
57.967614,5,3633.13854
57.957907,5,3633.268603
-11.576844,4,3633.377844
-6.699439,6,3633.682488
57.967055,5,3633.810727
54.098491,4,3633.966502
-7.421898,6,3634.173698
57.963953,5,3634.354965
-11.598156,4,3634.467712
-7.971564,5,3634.775634
57.964378,5,3634.955662
57.967614,5,3635.094392
59.099294,6,3635.326738
57.782743,7,3635.519808
54.214878,4,3635.741
-13.718648,3,3635.852929
59.097906,6,3635.970404
57.967614,5,3636.083347
57.959432,5,3636.262818
59.099294,6,3636.483662
-11.07433,4,3636.744048
-10.783706,4,3636.980675
57.71965,5,3637.126755
57.966012,5,3637.253011
-11.347893,4,3637.424727
57.967614,5,3637.570206
-13.569078,3,3637.679911
-8.593729,5,3637.829967
-11.419187,4,3637.99165
57.967614,5,3638.109433
59.087962,6,3638.223065
57.959345,5,3638.351121
57.967614,5,3638.534735
59.094253,6,3638.706991
57.967614,5,3638.828683
54.216439,4,3638.961679
-8.351026,5,3639.133259
-8.106267,5,3639.33004
57.96219,5,3639.448114
59.087041,6,3639.595502
59.080514,6,3639.721359
-8.176851,5,3640.019405
-11.24907,4,3640.143825
-7.41807,5,3640.323118
57.963737,5,3640.448642
-8.048544,6,3640.623601
-8.536646,5,3640.779428
-10.783561,4,3641.179585
-11.417795,4,3641.301026
57.959107,5,3641.420241
-13.7621,3,3641.532593
-13.476791,3,3641.707669
57.956049,5,3641.902146
57.639828,5,3642.120459
-10.866045,4,3642.309629
57.959373,5,3642.424521
57.967614,5,3642.605278
-7.669868,6,3642.848639
57.95581,5,3642.969267
57.216568,5,3643.212712
57.967614,5,3643.388372
57.967614,5,3643.51629
-7.516932,6,3643.801131
59.099294,6,3644.011258
59.094134,6,3644.163737
-11.249646,4,3644.289883
-10.846769,4,3644.589981
57.967614,5,3644.783817
57.82696,5,3644.920997
57.967614,5,3645.102022
-11.287354,4,3645.239542
59.088642,6,3645.422181
58.795807,6,3645.577658
-8.432775,5,3645.740527
-7.183188,6,3646.006506
-6.924093,6,3646.193118
57.707172,5,3646.533384
-10.783561,4,3646.732152
59.096743,6,3646.947331
57.962814,5,3647.089594
57.123779,5,3647.429558
59.090959,6,3647.582625
-11.480128,4,3647.790629
59.093158,6,3647.928093
57.780469,7,3648.15584
-7.451345,5,3648.345999
59.089292,6,3648.509352
-11.132889,4,3648.662709
-8.134855,5,3648.961303
59.098259,6,3649.137185
-11.192521,4,3649.259187
57.927046,5,3649.547685
-11.387376,4,3649.747687
57.967614,5,3649.889317
59.099294,6,3650.092947
57.955713,5,3650.210711
-11.262296,4,3650.360448
54.162647,4,3650.499276
57.967614,5,3650.612519
57.206637,5,3651.004279
57.733196,5,3651.340412
57.77161,7,3651.546149
-8.042716,5,3651.773323
57.957166,5,3651.908472
-11.034235,4,3652.15885
57.956933,5,3652.39588
57.960622,5,3652.64666
-13.773243,3,3652.757502
54.216439,4,3652.933201
57.954844,5,3653.145635
-13.773904,3,3653.271926
-11.082963,4,3653.419008
57.967614,5,3653.613955
58.14951,6,3653.899951
-11.272714,4,3654.047936
-11.269313,4,3654.274829
57.776191,7,3654.399557
57.856933,5,3654.664891
-11.579288,4,3654.83765
59.088337,6,3655.06658
59.087511,6,3655.200358
-7.981761,5,3655.517531
54.216439,4,3655.785666
59.099294,6,3656.020635
57.967614,5,3656.236974
57.959168,5,3656.441922
57.780083,7,3656.609633
-13.689358,3,3656.736762
57.967614,5,3656.895476
54.061854,4,3657.0319
57.960193,5,3657.17765
59.095414,6,3657.330035
57.963424,5,3657.580159
57.779853,7,3657.765975
57.956335,5,3657.901766
-10.783561,4,3658.108353
57.957049,5,3658.450842
57.967843,6,3658.792058
-11.14115,4,3659.066579
57.967614,5,3659.308563
57.959506,5,3659.45437
-5.902438,6,3659.678507
-11.377995,4,3659.800079
54.185731,4,3659.999264
59.085882,6,3660.133113
59.081628,6,3660.297462
57.962607,5,3660.461338
57.967614,5,3660.583848
57.826782,5,3660.808516
59.093682,6,3660.989801
57.95638,5,3661.107687
57.958132,5,3661.232929
54.216439,4,3661.521412
57.967614,5,3661.713206
57.967614,5,3661.868461
-7.75907,5,3662.126085
57.959329,5,3662.266742
57.962421,5,3662.385467
57.967614,5,3662.675385
59.099294,6,3662.870865
-8.022801,5,3663.173537
59.085676,6,3663.363377
54.216439,4,3663.610524
57.764817,7,3663.78095
-11.562014,4,3663.90329
-11.225486,4,3664.092674
59.099294,6,3664.275247
59.098207,6,3664.415314
59.095116,6,3664.556653
57.958326,5,3664.679578
-11.496137,4,3664.791995
-7.732302,6,3664.9811
-7.900192,5,3665.257881
54.216439,4,3665.410435
57.963243,5,3665.638314
59.06837,6,3665.843662
-8.080449,6,3665.985111
57.767127,5,3666.180189
57.959405,5,3666.419915
57.946348,5,3666.567461
-5.9086,6,3666.904122
59.099294,6,3667.086179
-7.77345,5,3667.333413
-13.729906,3,3667.441246
-13.55894,3,3667.581123
-8.115895,5,3667.698824
-11.369288,4,3667.816726
57.967614,5,3667.998055
57.95679,5,3668.111607
57.494702,5,3668.333618
59.092548,6,3668.545744
-10.866798,4,3668.751265
-7.041385,5,3668.882418
59.088973,6,3669.062728
-7.772677,5,3669.3459
-11.518074,4,3669.505882
57.542434,6,3669.95766
57.209178,5,3670.27825
59.084158,6,3670.669246
57.950837,5,3670.796517
59.08882,6,3670.989233
59.092133,6,3671.154105
57.960935,5,3671.357884
-11.484116,4,3671.467571
57.967614,5,3671.643589
57.967614,5,3671.785712
57.967614,5,3671.972631
57.967614,5,3672.170508
-11.366129,4,3672.340889
-11.066035,4,3672.460609
-11.491587,4,3672.57667
59.084498,6,3672.687141
54.210175,4,3672.933147
57.952021,5,3673.06958
54.214584,4,3673.218198
-5.90131,6,3673.35531
-7.798449,6,3673.49189
57.449362,5,3673.618164
59.087739,6,3673.799923
59.099294,6,3673.974648
-13.721223,3,3674.092927
59.097787,6,3674.203423
-11.428553,4,3674.322149
57.967614,5,3674.465877
-11.373927,4,3674.63007
-8.191851,6,3674.809645
-7.26155,5,3675.312953
-7.930078,5,3675.570217
-13.476791,3,3675.699997
57.967614,5,3675.842246
57.778166,7,3676.045592
57.967614,5,3676.178898
59.087734,6,3676.353295
-11.294271,4,3676.633631
57.967614,5,3676.756535
57.958293,5,3676.900968
59.091563,6,3677.027588
54.216439,4,3677.276142
-7.899123,5,3677.575295
57.780765,7,3677.749054
-8.121778,5,3678.013418
57.773304,7,3678.188305
-11.477215,4,3678.353276
57.967614,5,3678.510111
-11.584553,4,3678.645476
54.216439,4,3678.789457
59.099294,6,3678.984466
59.0881,6,3679.16463
57.956932,5,3679.283173
57.967614,5,3679.513663
-8.073918,5,3679.661177
57.719023,5,3679.917963
57.963789,5,3680.048923
-8.459342,5,3680.207597
59.099294,6,3680.428425
54.216439,4,3680.637583
57.963303,5,3680.764677
-8.11257,5,3680.962006
59.078871,6,3681.095735
-11.301879,4,3681.206169
-8.201764,5,3681.464566
57.953179,5,3681.577528
54.216439,4,3681.737059
57.78031,7,3681.887687
-11.599001,4,3682.050113
57.967103,5,3682.200191
-13.476791,3,3682.308505
58.535503,6,3682.549975
-8.199983,5,3682.682774
-8.167324,5,3682.817056
59.09029,6,3682.954805
57.967614,5,3683.141291
59.086883,6,3683.472404
57.759195,5,3683.706012
59.099294,6,3683.819219
57.962011,5,3683.931802
59.087849,6,3684.064436
-7.903681,5,3684.359116
57.400859,5,3684.606661
-10.867802,4,3684.845445
-11.457479,4,3684.982181
-13.749107,3,3685.095757
59.088992,6,3685.222024
-11.543653,4,3685.340832
59.083956,6,3685.492795
59.092246,6,3685.653548
54.204882,4,3685.900527
-11.261919,4,3686.021938
54.216439,4,3686.284571
59.08867,6,3686.462417
57.967614,5,3686.691117
57.967614,5,3686.917022
-13.615684,3,3687.03989
57.589415,5,3687.246435
-6.670889,6,3687.534498
57.34512,5,3687.711492
57.958495,5,3687.869726
57.967614,5,3688.104145
59.098202,6,3688.296248
59.055102,6,3688.506196
57.345568,5,3688.650707
57.266989,5,3688.797547
59.096881,6,3688.902613
57.962118,5,3689.044146
57.952291,5,3689.23944
-8.418992,5,3689.350667
57.967614,5,3689.568458
59.089732,6,3689.742505
-7.910647,5,3690.162405
57.932227,5,3690.347063
-8.471287,5,3690.522238
-7.46395,5,3690.720362
57.958493,5,3690.872595
54.216439,4,3691.018643
-8.582591,5,3691.149532
54.209281,4,3691.323145
-11.531687,4,3691.432479
-11.082734,4,3691.542602
-11.004834,4,3691.779993
-13.636411,3,3691.891429
-11.106971,4,3692.137835
57.967614,5,3692.252367
59.099294,6,3692.375392
54.216439,4,3692.590031
59.099294,6,3692.712459
57.804146,5,3692.861087
57.960418,5,3693.005915
-8.020687,6,3693.194165
57.961056,5,3693.309893
59.088937,6,3693.466195
-6.389321,6,3693.888002
-7.095852,5,3694.317019
59.081971,6,3694.436079
57.960769,5,3694.582635
-7.583574,5,3694.900413
57.967614,5,3695.202975
59.093804,6,3695.347336
57.771836,7,3695.533765
-11.304579,4,3695.645221
-7.143943,5,3696.103077
-11.517959,4,3696.212451
57.966119,5,3696.466275
57.967614,5,3696.699102
57.963432,5,3697.014959
-11.586127,4,3697.137861
57.956405,5,3697.292703
-7.994597,5,3697.715051
59.079891,6,3697.846295
-11.196206,4,3697.965565
-7.476451,5,3698.336089
-11.610558,4,3698.442482
57.960038,5,3698.555168
59.099294,6,3698.74877
-11.600549,4,3698.857837
57.961204,5,3698.997552
-13.568051,3,3699.11962
57.528949,5,3699.443863
-11.510073,4,3699.550396
54.215652,4,3699.69366
-7.032386,5,3700.249526
59.086434,6,3700.448674
59.098782,6,3700.599913
57.9624,5,3700.745918
57.760934,7,3700.931924
54.043859,4,3701.184902
-11.527701,4,3701.322984
-7.60123,5,3701.584748
54.024855,4,3701.875067
-7.785986,5,3702.210598
57.953228,5,3702.343706
59.099294,6,3702.579092
57.957266,5,3702.724794
59.0962,6,3702.911634
54.216439,4,3703.153475
54.029654,4,3703.404781
54.085213,4,3703.709766
-11.028242,4,3703.94351
54.212934,4,3704.172387
57.957623,5,3704.412503
57.967614,5,3704.570035
57.778641,7,3704.786178
-7.317952,5,3705.214039
-11.053324,4,3705.460485
-8.386913,5,3705.641315
-11.48614,4,3705.804447
-8.593106,5,3705.940756
57.967614,5,3706.137829
57.952887,5,3706.266276
-7.813411,5,3706.521917
57.643707,5,3706.752212
58.590227,6,3706.951982
59.07747,6,3707.08957
57.966406,5,3707.23989
57.959466,5,3707.368392
-7.78219,5,3707.605106
-11.165912,4,3707.777576
-10.807296,4,3707.973261
54.208639,4,3708.195713
57.967614,5,3708.377501
57.778809,7,3708.70144
57.78332,7,3708.826337
57.957736,5,3709.019057
59.087754,6,3709.178149
57.774437,7,3710.099656
54.21172,4,3710.343519
57.957566,5,3710.466595
59.099294,6,3710.647923
-7.186738,5,3711.054798
54.206594,4,3711.207394
-8.542881,5,3711.367686
59.085051,6,3711.488303
57.093265,5,3711.888342
57.967614,5,3712.003322
54.216439,4,3712.214208
59.09389,6,3712.381423
57.967614,5,3712.604605
57.964128,5,3712.828803
59.089096,6,3713.011422
-7.821787,5,3713.203148
-10.938624,4,3713.517175
-7.138364,6,3713.956419
-11.480645,4,3714.114291
59.099294,6,3714.336283
54.064523,4,3714.680023
57.782454,7,3714.815176
57.956692,5,3714.949713
59.09894,6,3715.110043
-7.908999,5,3715.268679
-13.645185,3,3715.439013
59.092886,6,3715.565202
58.685766,6,3715.877592
-8.477856,5,3716.07731
57.959266,5,3716.231111
57.411919,5,3716.601111
57.59045,5,3716.820437
54.216439,4,3716.967111
-8.487932,5,3717.146931
57.848106,5,3717.407446
57.967614,5,3717.582874
58.057922,6,3717.815253
58.557568,6,3717.984228
-7.858248,6,3718.278561
57.784727,7,3718.403844
-11.118119,4,3718.527963
53.949175,4,3718.688707
57.359462,5,3718.818212
57.965881,5,3718.935149
59.090364,6,3719.073093
59.088859,6,3719.260621
59.08796,6,3719.422179
59.090955,6,3719.540647
57.962974,5,3719.712824
59.090537,6,3719.888174
54.216439,4,3720.109393
57.295455,5,3720.263572
-8.217097,5,3720.583637
-8.338334,5,3720.69756
-7.756393,5,3720.99046
57.960155,5,3721.111339
57.732271,5,3721.342891
-11.394608,4,3721.530052
57.780337,7,3721.70445
57.967614,5,3721.850936
59.085987,6,3722.104625
-7.037867,5,3722.515402
59.091215,6,3722.694906
-8.484136,5,3722.819831
57.95693,5,3722.939765
-8.515045,5,3723.052711
57.963779,5,3723.172663
57.95906,5,3723.32303
-11.475327,4,3723.435941
57.963437,5,3723.584267
-11.205974,4,3723.710096
57.785787,5,3724.010654
57.954669,5,3724.12556
57.967614,5,3724.356388
54.216439,4,3724.492968
-7.526119,5,3724.692959
-11.605646,4,3724.858971
59.099294,6,3724.990054
57.961389,5,3725.201554
54.216439,4,3725.441678
-11.106681,4,3725.709639
-8.468345,5,3725.897789
57.967614,5,3726.131471
57.767948,7,3726.299629
58.898622,6,3726.526752
-11.529497,4,3726.640865
-7.818938,5,3726.920532
-11.173697,4,3727.032799
-8.219144,5,3727.158741
-8.153761,5,3727.438711
59.088709,6,3727.562768
57.967614,5,3727.753214
59.090911,6,3727.89743
54.072486,4,3728.188264
59.099294,6,3728.33645
-7.882434,5,3728.562862
57.962917,5,3728.684028
57.956327,5,3728.796503
-8.05487,6,3728.969922
57.957917,5,3729.085398
-8.246086,5,3729.21373
57.562982,5,3729.361336
-8.339699,5,3729.479577
-7.032386,5,3729.88596
58.824585,6,3730.199096
54.090465,4,3730.387076
58.706112,6,3730.610719
57.967614,5,3730.788792
-8.570591,5,3730.972955
-8.182183,5,3731.092661
54.216439,4,3731.245419
59.094808,6,3731.437914
57.966378,5,3731.669836
57.961487,5,3731.851434
54.216439,4,3731.988013
57.967614,5,3732.20776
59.090566,6,3732.396311
-11.459177,4,3732.514411
-7.893543,5,3732.726247
54.065344,4,3732.984614
54.191382,4,3733.127198
59.096245,6,3733.267743
57.967614,5,3733.465045
59.089271,6,3733.600279
57.764137,7,3733.726359
-7.408202,6,3734.006052
-11.429342,4,3734.178305
57.964142,5,3734.324834
57.967614,5,3734.481554
59.09388,6,3734.603312
-11.219976,4,3734.795002
57.959042,5,3735.06361
54.02313,4,3735.303335
57.961729,5,3735.479225
59.099294,6,3735.609825
57.967614,5,3735.753562
54.211265,4,3735.979986
59.093053,6,3736.106361
57.738994,5,3736.337955
59.099294,6,3736.572538
-8.354851,5,3736.690322
57.787823,7,3736.86861
57.967299,5,3737.089154
54.078519,4,3737.302984
57.298818,5,3737.610409
57.961605,5,3737.766001
59.099294,6,3737.984965
57.959235,5,3738.136567
-11.216474,4,3738.265414
58.14356,6,3738.710055
57.959406,5,3738.930521
-11.517228,4,3739.031058
57.782098,7,3739.208329
59.099294,6,3739.385236
57.954484,5,3739.495452
59.094954,6,3739.642533
59.090244,6,3739.831912
-10.852967,4,3740.133161
57.967614,5,3740.283702
-8.459671,5,3740.458898
57.967614,5,3740.642914
57.967614,5,3740.790187
59.093227,6,3740.912772
-7.863984,5,3741.3167
57.954003,5,3741.449455
54.216439,4,3741.659715
57.957427,5,3741.789978
-8.549206,5,3741.958211
57.782323,7,3742.188705
57.95912,5,3742.39059
59.096862,6,3742.539189
59.080844,6,3742.659088
59.091339,6,3742.83532
57.963289,5,3743.054555
57.963968,5,3743.198295
-8.325106,5,3743.390552
-7.842993,5,3743.675667
-7.952796,5,3743.887083
57.300982,5,3744.042121
57.161159,5,3744.218573
59.087449,6,3744.34109
-5.920725,6,3744.52307
59.094115,6,3744.720727
58.370911,6,3744.888499
-11.503039,4,3745.048185
59.092461,6,3745.260235
-8.400132,5,3745.461805
-7.055856,5,3745.876222
-7.639375,6,3746.146583
-11.130974,4,3746.307638
-7.034563,5,3746.784773
57.960252,5,3747.031037
57.967614,5,3747.254087
57.770545,7,3747.440931
-7.886691,5,3747.641645
59.091521,6,3747.865793
59.090893,6,3747.98275
59.090019,6,3748.1772
-11.250086,4,3748.306016
-13.706706,3,3748.422615
57.3149,5,3748.750807
59.093891,6,3748.881725
59.094799,6,3749.084707
-7.880515,5,3749.385939
58.045935,6,3749.554039
-8.429762,5,3749.746291
-7.631512,5,3749.930415
54.216439,4,3750.067742
-7.032386,5,3750.503461
57.967614,5,3750.66399
-8.137854,5,3750.799785
59.085878,6,3750.983701
-8.07464,6,3751.203052
59.092996,6,3751.383852
54.216439,4,3751.603879
54.216439,4,3751.731725
-7.584688,5,3752.040266
-7.661305,5,3752.245678
57.967614,5,3752.397553
-8.266954,5,3752.57848
59.090959,6,3752.733222
59.087897,6,3752.926849
54.209155,4,3753.095004
57.967614,5,3753.313784
57.960828,5,3753.434716
-5.919861,6,3753.619742
57.948037,5,3753.743405
59.089951,6,3753.86657
59.099294,6,3753.983394
-11.16158,4,3754.139903
-7.906864,6,3754.327641
59.090845,6,3754.476071
54.020082,4,3754.686863
-11.223384,4,3754.816635
-8.0228,5,3755.090463
59.089667,6,3755.24465
54.200609,4,3755.484957
59.099294,6,3755.673798
57.783168,7,3755.861482
59.098177,6,3756.058029
59.089933,6,3756.254004
-7.032386,5,3756.629569
-8.054734,5,3756.898757
-11.612468,4,3757.009256
57.95905,5,3757.161341
-8.106942,5,3757.28778
-8.492442,5,3757.457563
-11.1721,4,3757.578453
57.774742,7,3757.754557
57.967614,5,3757.883658
57.957725,5,3757.996797
57.960687,5,3758.123923
54.216439,4,3758.344206
-11.493623,4,3758.50778
-7.370297,6,3758.938197
54.216439,4,3759.165512
-8.251237,5,3759.323109
57.774452,7,3759.500211
-11.050906,4,3759.732241
54.209484,4,3759.872005
54.216439,4,3760.158584
54.216439,4,3760.302358
57.949371,5,3760.434496
57.96597,5,3760.568342
57.913842,5,3760.722444
54.216439,4,3760.947333
-8.170133,5,3761.259609
59.099294,6,3761.416227
54.112051,4,3761.583315
-11.21397,4,3761.719852
-11.175833,4,3761.848844
57.632405,5,3762.036901
-11.346634,4,3762.150955
54.216091,4,3762.376627
-11.278721,4,3762.506708
57.967614,5,3762.659425
-8.319049,5,3762.787325
59.094897,6,3762.966452
-11.32726,4,3763.096404
-8.366065,5,3763.33552
-11.361784,4,3763.454367
59.086814,6,3763.617382
57.967614,5,3763.756401
-8.12082,5,3763.889521
57.959398,5,3763.997443
59.094345,6,3764.174782
-7.032386,5,3764.308661
-7.994189,5,3764.597885
59.084822,6,3764.718959
57.967614,5,3764.897936
-8.231084,5,3765.082791
58.663808,6,3765.308255
-8.001683,5,3765.613437
-7.789402,6,3765.855352
57.961586,5,3765.986047
59.083731,6,3766.289338
59.093872,6,3766.408777
57.967614,5,3766.632154
59.099294,6,3766.815243
59.098622,6,3767.009326
-7.661476,5,3767.218051
54.216439,4,3767.354096
-8.502751,5,3767.561901
59.092454,6,3767.750746
57.657223,5,3767.894929
57.966112,5,3768.03156
-11.57221,4,3768.137844
57.960058,5,3768.272922
-7.046543,5,3768.403133
57.967614,5,3768.535111
57.967614,5,3768.727788
54.216081,4,3768.946381
-8.490238,5,3769.078452
59.089131,6,3769.236257
-11.575251,4,3769.360754
59.099294,6,3769.545272
57.437408,5,3769.687386
-11.35926,4,3769.813715
-7.923639,5,3770.163795
57.800195,5,3770.331368
-8.065315,5,3770.564051
-7.958614,6,3770.762889
54.216439,4,3771.032981
57.961581,5,3771.167685
57.961274,5,3771.3122
57.955732,5,3771.439393
57.962305,5,3771.568465
57.96001,5,3771.743183
-11.078881,4,3772.002824
57.280805,5,3772.216771
-11.260862,4,3772.349747
54.110081,4,3772.540718
58.464184,6,3772.780211
-11.331362,4,3772.922919
57.964105,5,3773.06384
-11.566817,4,3773.219763
57.967614,5,3773.340905
57.37683,5,3773.597905
59.095217,6,3773.756334
57.955363,5,3773.906952
59.093628,6,3774.091735
57.953761,5,3774.212742
57.747083,5,3774.367965
54.213419,4,3774.510506
57.741396,5,3774.816798
59.099294,6,3775.034565
57.956253,5,3775.340621
53.691442,4,3775.640551
57.967614,5,3775.835663
59.096109,6,3776.027406
57.862402,5,3776.193032
59.084345,6,3776.309039
57.963776,5,3776.452301
-7.46892,5,3776.645606
57.966079,5,3776.877153
57.95914,5,3777.007712
57.967614,5,3777.224544
57.963879,5,3777.34641
-8.076941,5,3777.510502
-6.362921,6,3777.895893
57.967614,5,3778.021598
-11.284025,4,3778.175066
59.08527,6,3778.357607
-11.183004,4,3778.498871
59.088742,6,3778.658648
59.088486,6,3778.806772
-13.772747,3,3778.928325
-7.430462,6,3779.118218
58.669168,6,3779.275334
57.966621,5,3779.461866
57.959288,5,3779.689242
57.960957,5,3779.90928
59.088288,6,3780.152698
59.089738,6,3780.304141
57.406486,5,3780.630937
57.950497,5,3780.857305
57.7813,7,3781.072834
57.916037,5,3781.193492
57.783056,7,3781.409063
-7.289671,6,3781.597451
59.092643,6,3781.716063
-13.563445,3,3781.832729
57.967492,5,3782.023233
57.964037,5,3782.166398
59.095111,6,3782.302828
-7.510157,6,3782.459085
59.090133,6,3782.637531
57.962962,5,3782.784123
57.643316,5,3783.008262
-11.445139,4,3783.161284
59.092569,6,3783.32088
57.96397,5,3783.446513
59.086053,6,3783.573126
57.967614,5,3783.692481
-11.202877,4,3783.915361
57.961984,5,3784.029301
57.967614,5,3784.250074
57.967614,5,3784.474643
59.088453,6,3784.669369
-7.445854,6,3784.834061
57.960489,5,3785.792495
-7.394396,6,3786.013533
59.087477,6,3786.274881
57.967614,5,3786.429386
57.967614,5,3786.622429
59.089591,6,3786.800012
57.967614,5,3787.002633
-8.422001,5,3787.200346
59.099294,6,3787.327542
57.967614,5,3787.545221
59.095164,6,3787.673018
-8.017827,5,3787.845841
-11.33836,4,3787.964095
57.904393,5,3788.116389
-11.177211,4,3788.403542
57.788344,7,3788.625634
57.720959,6,3789.059821
59.094156,6,3789.229268
-7.705689,5,3789.580295
-8.161995,5,3789.891814
-11.180012,4,3790.025813
57.363864,5,3790.17468
-11.103876,4,3790.3048
59.089116,6,3790.420407
59.090512,6,3790.60868
59.098847,6,3790.790082
58.147911,6,3791.020722
-7.425307,5,3791.198492
54.216439,4,3791.334937
-11.44701,4,3791.462409
57.958996,5,3791.652053
-6.785685,6,3792.0844
-8.078449,5,3792.254455
-7.705532,6,3792.451024
-8.069243,5,3792.692888
-11.366116,4,3792.816899
59.087584,6,3793.033072
57.967614,5,3793.21815
59.099294,6,3793.394904
58.27358,6,3793.596498
57.964188,5,3793.739717
57.242778,5,3793.988216
57.70657,5,3794.227357
59.094672,6,3794.351867
-7.831186,5,3794.641032
59.094841,6,3794.781243
58.162975,6,3795.003394
-11.403358,4,3795.182435
-13.67859,3,3795.295342
57.967614,5,3795.528502
-8.315479,5,3795.640681
59.099294,6,3795.822104
58.975739,6,3796.011027
58.263487,6,3796.231921
59.04566,6,3796.353541
59.089868,6,3796.52428
-13.60862,3,3796.635692
-7.902445,5,3796.906955
-8.607867,5,3797.060776
57.966409,5,3797.187248
59.090887,6,3797.326355
59.099294,6,3797.511835
59.099294,6,3797.695023
57.967614,5,3797.869006
57.960195,5,3798.010639
59.08408,6,3798.163889
59.092177,6,3798.341745
-13.492049,3,3798.572739
59.09701,6,3798.691781
-11.560957,4,3798.855356
59.099294,6,3799.041243
-7.633641,6,3799.205927
54.216439,4,3799.338818
57.963534,5,3799.466769
59.085126,6,3799.586831
57.957131,5,3799.709481
57.962298,5,3799.836924
58.71218,6,3800.163474
57.966878,5,3800.293593
54.216439,4,3800.543489
59.088395,6,3800.716428
-8.410157,5,3800.874843
59.094023,6,3801.069404
57.967614,5,3801.228475
57.958049,5,3801.418002
-8.113262,5,3801.625892
-7.876566,5,3801.924951
-8.105623,5,3802.201988
58.21319,6,3802.40214
-7.03752,5,3802.531162
-11.41002,4,3802.724285
-7.925356,5,3802.984778
59.082583,6,3803.129729
57.961936,5,3803.264082
54.215831,4,3803.39801
59.09122,6,3803.511327
59.080585,6,3803.664979
57.967614,5,3803.847404
54.216439,4,3804.091365
57.96468,5,3804.205642
-7.917234,5,3804.333844
-11.343166,4,3804.456067
-5.91316,6,3804.65582
-8.568651,5,3804.769205
54.216439,4,3804.904359
-11.326716,4,3805.020973
-7.950418,5,3805.290153
-8.163153,5,3805.471141
-8.479529,5,3805.65055
59.088989,6,3805.818417
57.967614,5,3806.006653
59.086418,6,3806.24048
57.961725,5,3806.395434
57.967614,5,3806.583529
-11.272434,4,3806.715371
-7.55717,5,3806.908363
59.09851,6,3807.054188
57.537046,5,3807.300827
-11.354477,4,3807.431051
57.967614,5,3807.695612
57.960541,5,3807.896911
59.0803,6,3808.012906
57.96298,5,3808.189322
59.085341,6,3808.387418
59.084576,6,3808.565971
-13.476791,3,3808.71157
57.95864,5,3808.870067
59.099294,6,3809.188295
57.848434,5,3809.455225
57.966861,5,3809.699895
59.099294,6,3809.919477
57.776732,7,3810.1016
54.044079,4,3810.390337
-6.528045,6,3810.830229
-11.106253,4,3810.985776
57.498686,5,3811.145223
57.957351,5,3811.349332
59.098244,6,3811.666271
-5.915069,6,3811.783865
57.688975,5,3812.076718
57.779222,7,3812.260286
57.407482,5,3812.609873
59.089799,6,3812.770514
59.095397,6,3812.97476
57.957747,5,3813.110567
57.962657,5,3813.259462
58.547883,6,3813.577937
57.958888,5,3813.727394
59.092797,6,3813.847771
59.099294,6,3814.035208
-7.935733,6,3814.296635
-11.023214,4,3814.484884
54.216439,4,3814.617409
-8.095208,5,3814.821168
59.097964,6,3815.045802
59.092327,6,3815.242764
59.099294,6,3815.369316
-6.892396,6,3815.566779
59.099294,6,3815.740865
59.092169,6,3815.87213
57.670932,5,3816.14328
59.096045,6,3816.329909
57.965645,5,3816.438151
57.963593,5,3816.581344
59.097189,6,3816.77012
59.095509,6,3816.949444
58.83002,6,3817.17888
58.944715,6,3817.435828
57.966902,5,3817.583366
59.099294,6,3817.80628
58.216199,6,3818.175629
59.095989,6,3818.306749
54.214327,4,3818.438978
-8.204976,5,3818.745522
-9.059754,7,3818.950815
-11.379386,4,3819.128819
59.099294,6,3819.328668
-13.766495,3,3819.44168
59.092756,6,3819.629995
57.956835,5,3819.759204
-8.047631,5,3819.926428
59.09601,6,3820.099704
-7.72647,5,3820.423488
57.82707,5,3820.624636
57.805676,6,3820.949515
-7.969272,5,3821.068707
-11.434919,4,3821.194742
57.967457,5,3821.385859
59.099294,6,3821.531452
59.09265,6,3821.828495
54.216439,4,3821.956058
-13.618573,3,3822.073762
59.099294,6,3822.256451
-7.032386,5,3822.3853
59.077993,6,3822.624035
58.226966,6,3822.876004
59.092147,6,3823.054294
-11.54264,4,3823.18154
-8.438869,5,3823.304459
54.155746,4,3823.449846
59.0933,6,3823.639503
57.964176,5,3823.787385
-11.423214,4,3823.905536
-8.452012,5,3824.026985
57.953854,5,3824.147612
59.089267,6,3824.351448
54.088567,4,3824.522184
-7.541578,6,3824.773095
54.216439,4,3825.015564
57.958522,5,3825.161481
57.358297,5,3825.3088
59.096733,6,3825.438568
-11.218346,4,3825.582813
57.785726,7,3825.766345
59.014174,6,3825.954195
57.775444,7,3826.09279
-5.909318,6,3826.268744
57.514672,5,3826.497164
-8.388882,5,3826.771587
57.961563,5,3826.88609
57.967614,5,3827.004102
54.216439,4,3827.224797
57.967614,5,3827.459705
59.090758,6,3827.588525
57.967614,5,3827.709682
-8.575163,5,3827.828279
-7.098476,6,3828.078922
-10.790582,4,3828.367428
57.963267,5,3828.497286
59.083557,6,3828.656085
57.967614,5,3828.849364
-7.698363,6,3829.141685
57.967496,5,3829.289695
57.967614,5,3829.43924
57.909909,6,3829.852212
57.629479,5,3830.010202
-11.242153,4,3830.152753
-7.056911,5,3830.562687
57.967614,5,3830.791508
54.212443,4,3831.011933
57.96189,5,3831.275315
-7.811337,5,3831.558155
59.099294,6,3831.715932
58.881176,6,3831.900571
57.958636,5,3832.049831
-7.548739,6,3832.213007
-11.114897,4,3832.336398
59.090272,6,3832.542743
59.092853,6,3832.675385
59.089254,6,3832.853798
59.095846,6,3832.983114
59.08677,6,3833.120086
54.216439,4,3833.332847
-11.373617,4,3833.442339
57.957894,5,3833.562934
-7.935975,5,3833.842877
-13.494697,3,3833.975231
-8.315892,5,3834.170904
-11.473474,4,3834.336096
-7.272848,6,3834.580276
57.967614,5,3834.725531
59.080129,6,3834.863108
59.08822,6,3834.995251
59.083924,6,3835.110246
59.094524,6,3835.234577
57.958,5,3835.380922
54.208104,4,3835.50415
-10.783561,4,3835.818231
-11.535512,4,3835.98349
57.965998,5,3836.108117
59.090108,6,3836.256598
-8.45496,5,3836.390754
58.622653,6,3836.574328
-11.487059,4,3836.807043
54.133992,4,3837.027152
54.206888,4,3837.192554
-8.198965,6,3837.325262
54.208903,4,3837.465398
59.093201,6,3837.632784
-10.789615,4,3837.76525
57.965375,5,3837.898045
56.75064,7,3838.143782
59.093085,6,3838.329731
59.093631,6,3838.457985
57.553856,5,3838.678087
59.099294,6,3838.913813
57.967614,5,3839.109605
57.958819,5,3839.229711
57.890835,5,3839.541538
57.614524,5,3839.757867
57.967614,5,3839.998135
56.427639,7,3840.336861
-8.026007,6,3840.5018
57.949512,5,3840.655741
57.773919,7,3840.906241
57.797514,5,3841.060368
59.096729,6,3841.278218
57.773581,7,3841.463574
59.089299,6,3841.585818
57.958113,5,3841.728395
59.093618,6,3841.908852
57.776946,7,3842.08679
59.096875,6,3842.268075
59.088292,6,3842.456661
59.093737,6,3842.604612
57.718525,6,3842.982297
-7.593212,5,3843.191302
59.099294,6,3843.384257
-13.678395,3,3843.510931
-5.912492,6,3843.804673
59.092884,6,3843.983359
57.78954,7,3844.146511
57.961929,5,3844.334725
59.096476,6,3844.548563
-11.511505,4,3844.659174
59.088498,6,3844.793415
-11.420794,4,3844.970918
57.942075,5,3845.130828
54.216439,4,3845.260413
59.097915,6,3845.451934
-7.032386,5,3845.775691
57.95855,5,3845.964679
57.967075,5,3846.110508
59.094281,6,3846.343988
57.963591,5,3846.524826
-7.903211,5,3846.735851
-8.245487,6,3846.909942
57.841803,5,3847.096809
59.093977,6,3847.308459
-8.450937,5,3847.494522
57.764305,7,3847.688815
59.099294,6,3847.870566
-13.74099,3,3847.977451
59.092784,6,3848.109523
59.09156,6,3848.239375
57.522619,5,3848.446083
59.099294,6,3848.774025
-8.521332,5,3848.902321
57.967614,5,3849.150635
-6.9684,6,3849.355209
-8.356755,5,3849.545943
-8.592501,5,3849.736707
-11.40912,4,3849.85482
-11.354574,4,3849.978095
-7.730974,6,3850.157347
59.097271,6,3850.354715
54.17181,4,3850.495081
54.21355,4,3850.63375
59.090354,6,3850.776232
-7.13368,6,3850.98146
-13.554889,3,3851.12517
57.959227,5,3851.308371
59.090783,6,3851.486648
58.794209,6,3851.633306
59.099294,6,3851.816511
57.773718,7,3852.026168
-5.916416,6,3852.212901
59.094787,6,3852.324953
59.091553,6,3852.449131
59.093183,6,3852.628611
54.208002,4,3852.870693
57.772991,7,3853.467811
59.093025,6,3853.647354
59.092629,6,3853.765661
54.216155,4,3853.986103
58.661334,6,3854.185918
-11.149022,4,3854.310746
59.092599,6,3854.457415
57.967614,5,3854.709719
-11.170218,4,3854.955959
59.099294,6,3855.185698
57.777224,7,3855.413591
-11.525694,4,3855.525838
57.960317,5,3855.655962
-8.072728,5,3855.927994
58.004873,6,3856.1935
57.564791,5,3856.41411
-11.480964,4,3856.520066
-10.97292,4,3856.813191
57.967614,5,3856.954502
59.080133,6,3857.110234
57.58459,5,3857.461336
57.967614,5,3857.653369
57.962178,5,3857.782501
57.967614,5,3858.003103
54.185475,4,3858.225545
57.960568,5,3858.372546
57.966352,5,3858.628109
57.962669,5,3858.775824
58.214591,6,3859.800162
-8.295852,5,3859.934797
59.098695,6,3860.15378
57.964294,5,3860.295147
57.839424,5,3860.513123
-8.109279,5,3860.710351
57.738087,5,3860.850642
57.957344,5,3860.992603
57.961806,5,3861.123865
54.216439,4,3861.302906
59.091515,6,3861.498823
57.967614,5,3861.739531
-8.125299,5,3861.926161
-10.934252,4,3862.2217
-11.465901,4,3862.377476
57.768606,7,3862.534158
-13.713463,3,3862.642655
59.006909,6,3862.841954
-7.032386,5,3863.225893
57.957835,5,3863.344305
-13.476791,3,3863.461227
-8.259023,5,3863.661376
57.958884,5,3863.785876
-13.606496,3,3863.941799
-11.246057,4,3864.075476
59.089312,6,3864.192146
58.841779,6,3864.376781
58.324902,6,3864.608953
54.216439,4,3864.742385
-8.418945,5,3864.938117
-11.134511,4,3865.075574
57.967614,5,3865.189512
57.778961,7,3865.328703
57.966273,5,3865.558671
57.28653,5,3865.714868
54.216439,4,3865.857826
-7.979635,5,3866.055288
59.091647,6,3866.271126
-7.491174,6,3866.570624
-10.943011,4,3866.847284
59.098366,6,3867.03074
58.390035,6,3867.258645
57.775112,7,3867.48836
57.958625,5,3867.669753
57.78441,7,3867.84485
-13.480861,3,3868.000167
-13.712296,3,3868.111746
-8.344565,5,3868.232106
57.967614,5,3868.417562
-7.764138,5,3868.615014
59.081867,6,3868.744179
57.953612,5,3868.852371
-7.994928,5,3868.965008
-13.745618,3,3869.070582
57.9599,5,3869.222596
58.514033,6,3869.578641
54.039124,4,3869.730895
54.216439,4,3869.882365
57.95874,5,3870.031974
57.968391,6,3870.195027
-7.032386,5,3870.667098
59.092874,6,3870.850884
-7.917655,5,3871.044257
57.95571,5,3871.184945
57.967614,5,3871.345478
-8.239797,5,3871.472966
59.099294,6,3871.647035
-6.9575,6,3871.951102
59.08128,6,3872.064574
59.09355,6,3872.204721
-7.753863,6,3872.396521
57.962742,5,3872.671586
57.960086,5,3872.866785
57.962112,5,3872.988021
57.784281,5,3873.15402
54.216439,4,3873.374491
57.814957,5,3873.600377
-7.170713,6,3873.897172
57.967614,5,3874.059836
-8.026057,5,3874.275042
-7.005443,6,3874.481019
-8.306315,5,3874.610896
57.776866,7,3874.761755
57.967263,5,3875.0205
54.205521,4,3875.268526
54.216439,4,3875.4726
-11.521473,4,3875.58146
-5.917665,6,3875.765214
57.967614,5,3875.916455
54.21477,4,3876.050676
57.964037,5,3876.24738
-8.357634,5,3876.422013
57.967614,5,3876.540334
59.088495,6,3876.664771
57.535052,5,3876.909606
57.967229,5,3877.046144
57.967614,5,3877.20047
59.099294,6,3877.392179
57.739691,5,3877.55716
-7.021164,6,3877.859826
-7.999338,5,3878.174755
-8.237646,5,3878.308379
-13.704172,3,3878.42682
54.216366,4,3878.663164
58.269159,6,3878.912571
59.08221,6,3879.050054
57.961976,5,3879.286407
-11.027071,4,3879.568175
59.08448,6,3879.696824
57.957041,5,3879.899277
59.077845,6,3880.017434
57.967614,5,3880.291878
-8.031382,6,3880.496503
-8.130612,5,3880.801424
-11.357003,4,3880.971611
-7.880436,6,3881.169691
-11.52279,4,3881.286987
57.967614,5,3881.42967
-11.012198,4,3881.598505
-7.051199,5,3881.726752
57.967614,5,3881.94928
-11.201474,4,3882.091547
59.09857,6,3882.285971
57.967614,5,3882.52432
59.083894,6,3882.770785
59.090285,6,3882.966254
57.967614,5,3883.162891
57.274634,5,3883.304139
57.656321,5,3883.510365
57.961612,5,3883.638448
59.091604,6,3883.866116
59.097745,6,3884.060431
-10.783561,4,3884.32841
59.08173,6,3884.463271
-8.100426,5,3884.650483
-7.033897,6,3884.949882
-11.591989,4,3885.060726
57.965134,5,3885.203754
57.776981,7,3885.392873
57.409948,5,3885.629221
-7.911532,6,3885.790763
59.099294,6,3886.001274
57.956831,5,3886.134457
-11.512827,4,3886.244697
57.467625,5,3886.48025
57.962153,5,3886.624855
59.090373,6,3886.801444
57.967614,5,3886.919898
-7.844517,5,3887.200538
59.09531,6,3887.389307
57.905184,5,3887.626079
-13.721615,3,3887.730895
-10.95384,4,3887.920198
-11.389938,4,3888.12078
57.566421,6,3888.491618
59.091122,6,3888.61913
-11.27574,4,3888.743943
57.497072,5,3888.987704
54.011158,4,3889.141051
-8.549483,5,3889.252151
-11.593022,4,3889.36892
-8.248854,5,3889.496375
-7.804422,5,3889.736948
59.099294,6,3889.930329
59.093809,6,3890.112346
59.094717,6,3890.259752
54.02991,4,3890.424557
57.96529,5,3890.747716
57.476118,5,3890.90792
59.087635,6,3891.053324
-11.390256,4,3891.17918
59.083751,6,3891.338566
58.751241,6,3891.494199
-8.474687,5,3891.687591
-11.464759,4,3891.812418
57.259184,5,3891.984045
59.099294,6,3892.181029
57.962159,5,3892.36373
59.091372,6,3892.485564
59.094359,6,3892.662765
-11.558057,4,3892.830038
-7.911531,5,3893.092303
-5.913395,6,3893.271074
54.104446,4,3893.49774
-7.033245,5,3893.967611
54.216439,4,3894.317242
57.956455,5,3894.465427
-7.81901,5,3894.755842
57.779887,7,3894.977182
57.966035,5,3895.129063
59.090943,6,3895.319717
-8.443071,5,3895.456552
57.967614,5,3895.617033
57.694173,5,3895.758627
58.296798,6,3895.961038
59.099294,6,3896.107701
57.967614,5,3896.256849
58.734187,6,3896.555489
57.967614,5,3896.716853
57.887446,5,3896.924022
59.099294,6,3897.153
-8.48362,5,3897.271102
59.08869,6,3897.448255
57.967614,5,3897.679929
57.964629,5,3897.814045
57.634841,5,3897.957863
59.087722,6,3898.114258
57.957196,5,3898.299
-7.74708,6,3898.463802
58.242177,6,3898.833899
-11.601215,4,3898.94619
-7.042586,5,3899.080049
-7.862218,5,3899.248392
57.963663,5,3899.390265
-8.403286,5,3899.601075
57.958294,5,3899.793196
58.703372,6,3900.136456
-11.197136,4,3900.305589
-11.542654,4,3900.417096
57.967614,5,3900.722666
-13.762394,3,3900.840167
57.954848,5,3900.963746
57.779865,7,3901.175593
59.099294,6,3901.398015
57.967614,5,3901.635592
-11.211935,4,3901.935197
-11.302949,4,3902.056714
54.216439,4,3902.327359
57.964144,5,3902.511022
57.965915,5,3902.675726
57.960958,5,3902.802001
57.607432,5,3902.945547
-8.562721,5,3903.165211
-11.157601,4,3903.310717
57.963287,5,3903.478592
57.967614,5,3903.67533
59.091013,6,3904.003514
-7.476253,6,3904.435798
-6.629331,6,3904.866207
59.091498,6,3905.050006
-11.32866,4,3905.167085
57.272092,5,3905.390863
54.210845,4,3905.543932
-11.462467,4,3905.662542
59.086832,6,3905.850618
57.690552,5,3906.009883
59.093047,6,3906.192094
59.090855,6,3906.374118
57.967614,5,3906.572301
-11.320633,4,3906.708388
-8.525081,5,3906.837042
59.092504,6,3906.975734
-11.528555,4,3907.081409
-10.872197,4,3907.275241
57.967074,5,3907.45364
57.78954,7,3907.609038
-11.461853,4,3907.727576
-11.54635,4,3907.845694
-7.0963,5,3908.298724
57.967614,5,3908.452068
59.089158,6,3908.5965
-7.911933,5,3908.829921
58.731522,6,3909.021167
-7.160205,6,3909.176221
57.7721,7,3909.360129
59.090714,6,3909.53743
59.099294,6,3909.715122
-13.629798,3,3909.861807
58.352327,6,3910.012212
57.53842,5,3910.235564
57.967614,5,3910.387262
57.770541,7,3910.563572
-5.919793,6,3910.777456
-11.455962,4,3910.896079
57.967614,5,3911.037911
-13.776113,3,3911.153522
59.084156,6,3911.344787
-8.340537,5,3911.476625
57.967614,5,3911.630446
57.966296,5,3911.765939
57.782987,7,3911.879905
-11.532466,4,3911.993326
54.216439,4,3912.22287
-5.917265,6,3912.35317
59.092788,6,3912.483096
-6.712233,6,3912.783958
57.951546,5,3912.907056
-13.476791,3,3913.071271
59.07532,6,3913.234077
59.089823,6,3913.421077
57.964367,5,3913.609428
-7.032386,5,3914.028059
57.942012,5,3914.160418
54.216439,4,3914.40636
-11.320085,4,3914.52598
57.967614,5,3914.651873
54.216439,4,3914.798428
59.091271,6,3914.989787
-13.656566,3,3915.102181
59.096597,6,3915.252301
-7.84531,6,3915.431575
57.936405,5,3915.628934
59.091891,6,3915.82178
-7.498831,5,3916.125978
59.061532,6,3916.31643
59.088367,6,3916.466669
-11.090987,4,3916.700488
57.637603,5,3916.911547
-8.018881,5,3917.027263
59.084495,6,3917.151725
59.089379,6,3917.300729
59.099294,6,3917.476632
58.964629,6,3917.659407
59.088485,6,3917.773803
-7.769764,5,3917.95373
57.967614,5,3918.147162
-8.563235,5,3918.339306
-11.503288,4,3918.449721
57.967614,5,3918.676961
57.771785,7,3918.847932
-7.032386,5,3919.268382
59.099294,6,3919.50106
57.517064,5,3919.721917
57.587501,5,3920.086075
-11.203376,4,3920.382785
59.096549,6,3920.557589
-8.320052,5,3920.716781
-7.752188,5,3920.86124
57.967614,5,3921.084666
59.088041,6,3921.287742
-6.307253,6,3921.674437
59.09383,6,3921.864722
-8.431254,5,3921.995579
57.962672,5,3922.228985
-11.204131,4,3922.357602
59.090878,6,3922.474334
57.577811,5,3922.701514
-11.587084,4,3922.813034
59.087948,6,3923.058666
59.099294,6,3923.290256
57.778979,7,3923.487478
57.957201,5,3923.753598
57.951386,5,3923.899817
-7.701801,5,3924.18109
57.780082,7,3924.381651
59.090989,6,3924.585061
-7.412908,5,3924.967405
54.216439,4,3925.22615
57.967614,5,3925.357237
-11.350985,4,3925.476341
59.093862,6,3925.669454
57.814398,5,3925.988406
57.967614,5,3926.176626
53.191498,8,3926.36609
57.779643,7,3926.55538
57.961425,5,3926.715574
57.781721,7,3926.886654
57.967614,5,3927.021972
59.096305,6,3927.135912
57.856961,5,3927.291871
59.099294,6,3927.486494
-11.60159,4,3927.596902
59.099294,6,3927.789101
59.099294,6,3927.977563
-13.771264,3,3928.0983
57.770969,7,3928.224088
54.216439,4,3928.376582
59.089772,6,3928.564414
57.391822,5,3928.801899
-5.912066,6,3928.991216
57.160501,5,3929.220969
59.077636,6,3929.379394
57.965748,5,3929.529253
59.091986,6,3929.733224
-8.319022,5,3929.912527
54.131216,4,3930.202854
-11.531714,4,3930.328118
54.216439,4,3930.563927
59.099294,6,3930.886626
-13.76593,3,3930.996136
57.967614,5,3931.212843
59.099294,6,3931.409193
54.16981,4,3931.557877
57.966758,5,3931.72079
57.964623,5,3931.852736
-11.220419,4,3932.012634
57.967614,5,3932.243965
58.054189,6,3932.418036
57.95542,5,3932.53809
57.960932,5,3932.660302
57.781668,7,3932.844745
59.087951,6,3933.036419
-11.59846,4,3933.153085
57.967614,5,3933.347864
-11.37688,4,3933.548681
57.32576,5,3933.788995
-8.212947,5,3933.922771
-10.783561,4,3934.330838
57.960127,5,3935.27836
57.776447,7,3935.520584
57.967614,5,3935.801462
57.858234,5,3935.952639
57.44051,5,3936.180163
57.583971,5,3936.365243
-11.387413,4,3936.540819
-8.458187,5,3936.746443
57.965184,5,3936.950592
54.216439,4,3937.089967
59.094515,6,3937.321222
-8.565838,5,3937.492438
-11.600766,4,3937.60695
57.958111,5,3937.742755
-7.795604,5,3937.880357
57.964661,5,3938.07685
54.216439,4,3938.301456
-7.596273,5,3938.598625
58.142972,6,3938.938005
57.96549,5,3939.187477
59.099294,6,3939.376996
-7.032386,5,3939.841779
57.963831,5,3939.999712
54.214926,4,3940.217182
59.090539,6,3940.446571
-7.032386,5,3940.892518
59.088276,6,3941.014892
-7.663233,5,3941.217046
59.099294,6,3941.369189
59.099294,6,3941.495129
57.953257,5,3941.627162
-11.383165,4,3941.807535
-13.569527,3,3941.933474
-7.776853,5,3942.141691
54.216439,4,3942.365723
57.962051,5,3942.502322
57.967614,5,3942.677888
57.399588,5,3942.911695
54.210283,4,3943.157846
-7.40566,5,3943.568
59.091835,6,3943.767918
-7.817124,5,3944.021132
57.966756,5,3944.28041
-8.392849,5,3944.448052
59.089633,6,3944.571197
-13.717313,3,3944.692454
57.675577,5,3944.92733
59.091586,6,3945.099221
-8.426096,5,3945.216887
57.967614,5,3945.454886
58.372148,6,3945.695721
59.099294,6,3945.901802
-8.298024,5,3946.1961
-11.423862,4,3946.327887
57.967614,5,3946.474592
-11.075199,4,3946.591693
-11.282194,4,3946.781726
-7.626396,5,3946.984641
54.216439,4,3947.208659
-7.771594,5,3947.477449
59.09766,6,3947.680049
57.957399,5,3947.841789
59.093076,6,3948.042026
-5.915905,6,3948.236903
57.965317,5,3948.377793
57.967031,5,3948.616934
59.093131,6,3948.816266
-6.218051,6,3949.276115
-7.93302,5,3949.555534
54.216439,4,3949.903459
57.485834,5,3950.051683
-11.440632,4,3950.193784
57.504975,7,3950.527991
-8.089922,5,3950.754402
57.782625,5,3950.977059
57.781498,7,3951.156891
-11.437093,4,3951.291088
59.099294,6,3951.438021
54.049002,4,3951.584786
54.063908,4,3951.859243
-7.793488,5,3952.070817
-7.823802,5,3952.281363
57.964669,5,3952.403504
57.866274,5,3952.551799
54.213516,4,3952.805188
53.912033,4,3953.06175
-13.735743,3,3953.182006
-11.132952,4,3953.412998
-11.581701,4,3953.524242
57.247922,5,3953.680196
-5.909095,6,3953.868455
59.092513,6,3954.024689
57.834943,5,3954.175335
57.347147,5,3954.391565
57.777247,7,3954.614302
-13.59036,3,3954.798541
-8.140286,5,3955.29538
57.965303,5,3955.450651
-11.495776,4,3955.594667
-8.006035,6,3955.781728
59.092525,6,3955.912161
59.082232,6,3956.05914
-8.413793,5,3956.253092
57.787684,7,3956.443075
-8.112567,5,3956.659882
-7.354217,5,3957.206244
-8.12169,5,3957.473229
-8.201905,5,3957.89837
59.091046,6,3958.041406
57.967614,5,3958.236855
54.214648,4,3958.463903
54.092855,4,3958.628424
57.959881,5,3958.752999
57.967614,5,3958.988707
59.091415,6,3959.30684
-10.896212,4,3959.510688
-11.001016,4,3959.792833
-7.975384,5,3960.090539
-8.492757,5,3960.272798
-8.117962,6,3960.481229
-7.113802,6,3960.735674
59.079055,6,3960.874916
57.967614,5,3961.067717
54.216439,4,3961.329511
57.967359,5,3961.533806
57.967614,5,3961.734275
57.964443,5,3961.85998
59.090706,6,3962.049526
59.089608,6,3962.240664
59.092778,6,3962.437179
59.093066,6,3962.59548
59.086215,6,3962.763018
59.080673,6,3962.92152
57.783942,7,3963.167489
59.097537,6,3963.409987
58.205419,6,3963.639279
59.082257,6,3963.766111
-11.391135,4,3963.887879
57.962778,5,3964.083168
59.096817,6,3964.276501
59.087602,6,3964.467718
59.099294,6,3964.653872
54.201787,4,3964.907984
57.771643,7,3965.084832
59.082287,6,3965.256261
-7.217535,6,3965.469003
59.087411,6,3965.629608
-11.438063,4,3965.77104
-11.263493,4,3965.944506
59.097857,6,3966.17705
-7.625567,6,3966.568603
59.093266,6,3966.72455
54.216439,4,3966.94998
59.080883,6,3967.107426
-8.572267,5,3967.292902
59.09158,6,3967.418823
59.09037,6,3967.610322
59.099294,6,3967.814473
57.966898,5,3968.020822
59.089169,6,3968.168806
-7.069054,6,3968.468894
59.092137,6,3968.667796
-11.545587,4,3968.835037
57.967614,5,3968.976911
59.096508,6,3969.203001
-11.609406,4,3969.32057
-10.900257,4,3969.542724
-13.749623,3,3969.681282
-10.801584,4,3969.946263
-11.346124,4,3970.163907
59.093542,6,3970.325907
57.964724,5,3970.479514
59.094546,6,3970.627713
57.96136,5,3970.79062
-8.187645,5,3971.000718
-8.091002,6,3971.189379
53.973564,4,3971.437109
-11.33092,4,3971.621107
59.080635,6,3971.794752
59.099294,6,3972.114187
57.961261,5,3972.306942
57.967614,5,3972.500046
57.964032,5,3972.665329
-11.150466,4,3972.834136
-11.507653,4,3972.961093
57.965439,5,3973.153467
59.091917,6,3973.32891
59.099294,6,3973.582723
57.967614,5,3973.740402
59.099188,6,3973.926942
59.092629,6,3974.040333
59.093458,6,3974.25488
57.966224,5,3974.408543
59.093537,6,3974.594982
-7.801335,5,3974.732755
59.096251,6,3974.930856
-7.016301,6,3975.147131
58.338003,6,3975.359804
57.965506,5,3975.592122
59.099294,6,3975.780548
57.580301,5,3975.934103
-7.695329,5,3976.061024
59.085771,6,3976.174726
56.309993,7,3976.516671
57.967614,5,3976.646226
-7.747924,5,3976.849295
-7.032386,5,3977.394041
59.099294,6,3977.658515
57.955986,5,3978.014356
59.099294,6,3978.195394
57.967614,5,3978.400168
59.082599,6,3978.538888
59.090492,6,3978.770588
-13.736841,3,3978.900479
59.099294,6,3979.166964
59.087938,6,3979.370507
57.96462,5,3979.503639
-7.76594,5,3979.71529
-11.191214,4,3979.852615
57.967614,5,3979.982532
-10.783561,4,3980.410409
57.967614,5,3980.570139
57.216416,5,3980.755219
54.216439,4,3980.986996
57.967614,5,3981.1866
-7.799927,5,3981.471949
-7.684362,6,3981.905809
58.121058,6,3982.136934
-11.292868,4,3982.265364
59.095972,6,3982.498176
57.960068,5,3982.630966
59.088303,6,3982.826346
-8.153125,5,3983.004388
59.089333,6,3983.174944
54.216439,4,3983.535632
-11.587334,4,3983.646573
57.959011,5,3983.848251
57.964149,5,3984.002028
-11.093825,4,3984.12022
57.947654,5,3984.438031
57.964397,5,3984.585306
-10.783561,4,3984.798804
59.089448,6,3984.986969
59.094076,6,3985.103047
54.21186,4,3985.37607
-11.091135,4,3985.667161
57.768271,7,3985.853642
-11.46032,4,3985.984953
-6.760705,6,3986.195826
59.09708,6,3986.395251
57.861884,5,3986.550782
54.216439,4,3986.693402
58.851347,6,3986.931636
58.599973,6,3987.159267
59.090873,6,3987.365087
-11.15524,4,3987.633534
-13.476791,3,3987.755496
54.214012,4,3988.009456
59.09596,6,3988.149043
57.963036,5,3988.347424
57.95761,5,3988.540859
59.084197,6,3988.659851
54.216439,4,3988.879832
-11.495096,4,3988.995059
59.095643,6,3989.180204
54.056282,4,3989.473411
59.099294,6,3989.676019
-6.979141,6,3989.882891
-11.569317,4,3990.004725
54.216439,4,3990.170537
-7.144855,6,3990.507907
57.960279,5,3990.690767
57.953483,5,3990.875369
54.215051,4,3991.228316
-7.459782,5,3991.662024
54.216439,4,3991.820116
57.78265,7,3992.063596
-6.881015,6,3992.269925
57.957551,5,3992.419766
57.967614,5,3992.576295
54.187294,4,3992.814168
54.216439,4,3993.038683
57.956153,5,3993.227524
-8.324963,5,3993.351283
57.96693,5,3993.544986
-7.521622,6,3993.742077
57.966687,5,3993.924457
-7.828794,5,3994.066219
-7.9473,6,3994.419509
59.08862,6,3994.622974
59.089521,6,3994.762106
57.967614,5,3994.908795
57.967614,5,3995.038882
54.216439,4,3995.263074
57.957649,5,3995.453577
-8.390711,5,3995.624173
-8.05166,5,3995.828447
-8.123632,5,3995.959028
59.089695,6,3996.196378
54.21289,4,3996.323734
59.099294,6,3996.52417
59.093852,6,3996.717323
-11.610543,4,3996.838415
-8.340622,5,3996.975631
59.097169,6,3997.111739
57.967614,5,3997.255321
-8.42764,5,3997.50002
59.095708,6,3997.664452
59.0856,6,3997.829189
57.55755,5,3998.0769
57.765062,5,3998.309381
59.095228,6,3998.500803
54.070508,4,3998.712375
-7.650337,5,3998.912087
57.967614,5,3999.073416
-8.214795,5,3999.283508
59.080738,6,3999.456187
-8.546171,5,3999.671344
57.965601,5,3999.865276
-8.573608,5,4000.01401
58.875495,6,4000.196726
-11.269252,4,4000.327405
57.84427,5,4000.554142
59.080729,6,4000.669906
59.099294,6,4000.866141
54.216439,4,4001.017672
-7.063924,6,4001.215763
57.70904,5,4001.443264
-7.047859,5,4001.574897
54.216439,4,4001.833988
-7.280374,6,4002.038435
57.779375,7,4002.231223
-7.692344,5,4002.576824
57.90483,5,4002.82823
-13.552253,3,4002.98255
57.356658,5,4003.23596
-7.651755,6,4003.424135
-7.892874,5,4003.63887
-8.051246,5,4004.062113
57.955948,5,4004.189147
54.176398,4,4004.377635
-7.341623,6,4004.582783
59.088645,6,4004.804309
57.770819,7,4004.935266
57.966629,5,4005.072987
59.096516,6,4005.261138
57.967614,5,4005.421807
-7.05115,5,4005.54986
57.777851,7,4005.737873
-6.357185,6,4006.107947
59.099294,6,4006.232487
59.095602,6,4006.416078
57.494311,5,4006.639724
-8.474114,5,4006.815715
59.094145,6,4006.956047
57.966037,5,4007.088443
57.967614,5,4007.326745
-13.733001,3,4007.455656
-8.367861,5,4007.67463
-8.579464,5,4007.840402
-11.308435,4,4008.033781
-7.654651,5,4008.347113
57.967614,5,4008.597017
59.093871,6,4008.801712
-11.217007,4,4008.948153
-7.485395,6,4009.291056
57.965908,5,4009.490628
59.099294,6,4009.837559
59.094949,6,4009.980896
-11.320137,4,4010.184806
59.077798,6,4010.385393
57.933536,5,4010.523798
57.967614,5,4010.727642
-7.677374,5,4011.008623
-8.312117,5,4011.125299
57.486272,5,4011.274212
59.08865,6,4011.5014
54.216439,4,4011.71824
57.962083,5,4011.951536
57.953308,5,4012.095946
-13.566997,3,4012.233529
59.082324,6,4012.353911
57.967614,5,4012.54752
57.959773,5,4012.69803
59.083331,6,4012.813616
54.064927,4,4013.043829
57.967614,5,4013.231002
-7.6275,6,4013.654336
-7.117709,5,4014.074435
59.09497,6,4014.24065
-8.531457,5,4014.426306
57.962609,5,4014.615545
58.339357,6,4014.861072
54.215541,4,4015.087905
57.967614,5,4015.312276
-11.61411,4,4015.438172
-7.416094,5,4015.647606
57.956151,5,4015.800633
54.216439,4,4015.965605
57.967614,5,4016.844849
57.967614,5,4017.136399
59.093387,6,4017.331559
-13.480648,3,4017.525071
59.097109,6,4017.725818
-11.401557,4,4017.924345
57.966287,5,4018.057758
54.208283,4,4018.306499
-13.476791,3,4018.477787
58.673123,6,4018.628395
-11.471625,4,4018.776735
57.967614,5,4019.077465
57.39485,5,4019.22209
-8.449406,5,4019.367543
57.964958,5,4019.640404
-11.038572,4,4019.922564
59.089628,6,4020.057853
-11.540169,4,4020.171557
57.967614,5,4020.297757
57.957006,5,4020.428548
-13.476791,3,4020.585229
57.774092,7,4021.134378
59.09201,6,4021.332388
57.962798,5,4021.574245
57.966043,5,4021.808873
-11.442116,4,4021.933745
57.967614,5,4022.058336
59.090632,6,4022.30024
57.966461,5,4022.564586
57.967614,5,4022.689126
57.962529,5,4022.836125
51.523209,3,4023.073719
59.079769,6,4023.187666
57.957887,5,4023.314326
-11.280114,4,4023.48735
59.089551,6,4023.611614
-7.977949,5,4023.77027
57.967614,5,4023.998291
57.680042,5,4024.213093
57.967614,5,4024.355266
-7.017181,6,4024.647167
57.970409,6,4024.810988
59.094284,6,4024.950094
57.955558,5,4025.070083
-11.142219,4,4025.346892
-8.201663,6,4025.541144
-11.347709,4,4025.658399
57.058528,5,4026.092934
57.965137,5,4026.279335
59.090329,6,4026.529239
59.098418,6,4026.719661
59.089091,6,4026.844215
57.77706,7,4027.034072
59.090386,6,4027.229948
57.962771,6,4027.6044
-8.580986,5,4027.795827
57.959466,5,4027.922177
57.955992,5,4028.129108
-5.908233,6,4028.307314
57.821813,5,4028.574824
-11.283745,4,4028.758496
59.088526,6,4028.968613
-11.594124,4,4029.122025
57.966889,5,4029.275856
-8.240455,5,4029.418751
59.096102,6,4029.650278
59.089412,6,4029.909853
57.95553,5,4030.062051
58.592213,6,4030.401895
-11.486293,4,4030.536348
59.092,6,4030.67983
-8.01312,5,4031.152701
57.958286,5,4031.282292
54.216439,4,4031.513062
-11.288974,4,4031.67097
59.098567,6,4031.846171
59.099025,6,4031.973943
-10.101437,7,4032.159739
57.799579,5,4032.317125
57.967614,5,4032.461901
59.091727,6,4032.671688
59.095697,6,4032.923007
57.967614,5,4033.064367
57.966658,5,4033.221395
57.964079,5,4033.379651
57.309309,5,4033.640629
57.961077,5,4033.79401
-7.032386,5,4034.140909
-8.322453,5,4034.336327
57.967614,5,4034.578048
57.875304,5,4034.738457
59.099294,6,4034.900202
-7.048616,5,4035.030614
57.949659,5,4035.153038
54.214038,4,4035.409954
-8.358464,5,4035.531963
59.079624,6,4035.658596
57.775633,7,4035.862025
54.02859,4,4036.113938
-7.648465,6,4036.586015
59.087504,6,4036.756521
57.967614,5,4036.955649
-11.084906,4,4037.096531
54.213145,4,4037.353479
57.967614,5,4037.487791
58.029261,6,4037.653898
57.967614,5,4037.77635
-7.90256,5,4037.904472
57.959549,5,4038.066218
57.804053,6,4038.451656
-5.92429,6,4038.686099
-7.907797,5,4038.980659
-5.906192,6,4039.129656
57.904844,5,4039.266103
57.956959,5,4039.420441
59.092346,6,4039.650031
-7.875564,5,4039.834972
-8.121674,5,4040.282633
57.967614,5,4040.522465
59.09572,6,4040.677099
57.967614,5,4040.906579
59.087416,6,4041.109627
59.099294,6,4041.276599
58.971924,6,4041.507941
59.094079,6,4041.742843
-13.770395,3,4041.866516
-13.674593,3,4041.991142
59.079593,6,4042.202001
-7.202296,5,4042.622601
-5.910472,6,4042.733862
57.963416,5,4042.914266
57.967614,5,4043.15225
57.95931,5,4043.419546
57.956869,5,4043.612704
57.967614,5,4043.837212
57.880612,5,4044.080984
56.433249,7,4044.318625
54.215617,4,4044.544071
59.096769,6,4044.680745
54.216439,4,4044.835254
57.965217,5,4044.961273
59.089948,6,4045.093752
57.778262,7,4045.281905
-8.511184,5,4045.48071
57.967614,5,4045.620886
57.955963,5,4045.769255
57.544229,5,4045.929638
57.967614,5,4046.149126
-7.900908,5,4046.401366
57.967614,5,4046.530672
59.087833,6,4046.737121
-5.919498,6,4046.948291
57.967006,5,4047.188139
57.967614,5,4047.38018
-8.350477,5,4047.517618
57.777456,7,4047.715908
-7.618648,6,4048.020179
59.09087,6,4048.176553
57.967266,5,4048.294642
57.967573,5,4048.447747
59.089249,6,4048.568397
59.092792,6,4048.698272
57.955715,5,4048.830363
-13.60246,3,4048.955884
58.864638,6,4049.160233
54.020088,4,4049.335314
-11.431741,4,4049.462726
59.095975,6,4049.662359
57.959625,5,4049.784434
54.212215,4,4050.046992
53.916754,4,4050.3393
57.963406,5,4050.538147
59.095701,6,4050.696268
57.956032,5,4050.82632
59.086453,6,4050.96064
58.672493,6,4051.269422
-7.052388,5,4051.406552
57.967614,5,4051.555327
57.518803,5,4051.934493
-8.43406,5,4052.127852
-11.60548,4,4052.312412
57.650465,5,4052.476568
58.81221,6,4052.686783
57.966891,5,4052.851691
-8.29913,5,4053.054498
-7.585849,6,4053.237918
-11.333567,4,4053.443808
57.774441,7,4053.637648
59.091272,6,4053.836931
-11.429918,4,4053.979566
59.087917,6,4054.100207
57.779572,7,4054.324191
54.206168,4,4054.544386
-7.701889,6,4054.717906
57.967614,5,4054.959304
58.431278,6,4055.170223
57.967614,5,4055.413151
54.216439,4,4055.637521
57.962382,5,4055.753305
-5.905189,6,4055.949416
57.967614,5,4056.10136
58.825028,6,4056.437297
59.095599,6,4056.666477
57.782876,7,4056.904822
-13.520477,3,4057.035321
-11.499886,4,4057.277176
57.967614,5,4057.525949
57.967614,5,4057.662207
59.092982,6,4057.790377
-11.236353,4,4057.921911
59.088191,6,4058.042743
57.822381,5,4058.224532
59.097413,6,4058.454181
59.095811,6,4058.644233
-11.602854,4,4058.766609
57.773392,7,4058.90527
57.967614,5,4059.071448
57.283015,5,4059.304495
-8.38527,5,4059.470501
-11.547333,4,4059.630128
57.955797,5,4059.767179
59.098097,6,4059.962859
-6.463645,6,4060.362585
-8.344488,5,4060.542802
-6.802831,6,4060.860537
59.091832,6,4061.048881
57.960231,5,4061.193195
59.086751,6,4061.393402
59.090947,6,4061.521617
-7.032386,5,4061.651492
-8.209889,5,4061.772529
57.458055,5,4061.922927
-10.958251,4,4062.067302
-11.036407,4,4062.234827
59.099294,6,4062.446445
57.967614,5,4062.592625
54.176789,4,4062.81393
-11.437435,4,4063.031994
57.963332,5,4063.166287
57.963181,5,4063.366594
59.099294,6,4063.51267
57.961417,5,4063.658643
57.158983,5,4063.88851
-7.033345,5,4064.301673
57.829024,5,4064.63183
-7.220516,6,4064.931453
57.945844,5,4065.051008
-7.670101,6,4065.257004
57.915296,5,4065.522459
-8.105276,5,4065.699382
57.958051,5,4065.902949
59.097988,6,4066.029636
59.08174,6,4066.225511
59.097043,6,4066.377544
-11.577665,4,4066.495547
-5.906759,6,4066.680058
59.095714,6,4066.905528
57.964026,5,4067.110827
59.082362,6,4067.230383
57.843923,5,4067.39708
57.967614,5,4067.522114
57.967614,5,4067.760823
-11.463634,4,4067.926795
57.956886,5,4068.186867
57.567572,5,4068.422637
-7.699525,6,4068.731398
-8.359308,5,4068.933508
54.216439,4,4069.195432
57.967614,5,4069.399787
57.957178,5,4069.553933
57.340304,5,4069.702895
57.967614,5,4069.862448
-11.335738,4,4070.076739
59.077441,6,4070.2113
58.062767,6,4070.555097
54.216439,4,4070.755176
-9.024693,7,4070.985576
-8.061693,5,4071.284137
59.089752,6,4071.492886
58.373869,6,4071.720821
-8.119301,5,4071.9163
57.787185,7,4072.142813
-7.593105,6,4072.452427
59.077435,6,4072.632234
57.957382,5,4072.775299
57.961193,5,4072.897995
-8.572765,5,4073.038342
57.964891,5,4073.171803
53.985414,4,4073.342682
57.967614,5,4073.582195
57.966876,5,4073.768328
-7.041809,5,4073.920011
59.099294,6,4074.159969
59.091032,6,4074.285812
-8.147303,5,4074.42256
58.639888,6,4074.743029
57.967614,5,4074.951008
-11.522786,4,4075.085476
59.082587,6,4075.239762
57.959877,5,4075.392844
54.209744,4,4075.537973
57.965036,5,4075.660015
-8.356231,5,4075.823464
-6.342154,6,4076.247936
-7.032386,5,4076.666351
57.526002,5,4076.904036
-8.090978,5,4077.072141
54.216439,4,4077.308123
57.774559,7,4077.498188
57.781448,7,4077.747767
57.351234,5,4077.907141
-11.330223,4,4078.025835
-8.201766,5,4078.235838
59.084608,6,4078.442616
57.843557,5,4078.628854
57.967614,5,4078.784978
59.08857,6,4078.994581
-8.49324,5,4079.128542
57.77766,7,4079.329336
-11.127485,4,4079.508918
57.967614,5,4079.70167
-7.965201,5,4079.965402
57.957915,5,4080.162094
57.611978,5,4080.377913
59.091518,6,4080.574775
59.099294,6,4080.780598
57.553707,5,4081.10175
56.972322,5,4081.400421
57.967614,5,4081.559798
59.099217,6,4081.777781
59.089022,6,4081.973067
57.944687,5,4082.092571
57.958289,5,4082.223716
59.088763,6,4082.426453
-11.514741,4,4082.556218
57.958343,5,4082.679452
-8.385134,5,4082.862614
-11.414963,4,4082.986444
57.967614,5,4083.107911
-8.286242,5,4083.293666
-8.306528,5,4083.489535
57.870169,5,4084.044507
57.967614,5,4084.531909
-11.442019,4,4085.171916
59.099294,6,4085.360592
57.966811,5,4085.491092
-7.385729,5,4085.801804
59.090402,6,4086.0194
54.216439,4,4086.261108
59.096418,6,4086.492756
-11.393658,4,4086.640727
59.099294,6,4086.871014
57.966768,5,4087.023396
-11.511822,4,4087.13411
56.930355,7,4087.484339
57.957235,5,4087.610756
59.089761,6,4087.80404
59.093509,6,4088.04256
54.08244,4,4088.225434
-8.078188,5,4088.397321
-7.895781,6,4088.592398
59.093404,6,4088.799948
57.967614,5,4089.008654
57.967614,5,4089.166372
57.532977,6,4089.577415
57.961248,5,4089.711421
59.08817,6,4089.840513
57.964845,5,4089.963801
59.099294,6,4090.163536
57.955987,5,4090.297453
59.097813,6,4090.455428
57.967614,5,4090.681915
54.216439,4,4090.899056
59.097516,6,4091.164818
57.961152,5,4091.292756
59.087376,6,4091.52853
-8.310025,5,4091.868381
54.166369,4,4092.099566
-8.012163,5,4092.367731
57.967614,5,4092.495511
57.958782,5,4092.686392
-7.969154,5,4092.808252
57.964428,5,4093.000412
57.96419,5,4093.192359
59.088809,6,4093.327302
57.967614,5,4093.588716
-10.852298,4,4093.864846
57.962395,5,4094.007787
57.962117,5,4094.205458
-7.934835,6,4094.342818
57.9657,5,4094.476432
59.094152,6,4094.700946
57.745088,5,4094.94029
59.094718,6,4095.901868
-7.734215,6,4096.138716
-11.440419,4,4096.308952
58.832352,6,4096.535487
-8.186049,5,4096.676356
57.967614,5,4096.878285
59.098398,6,4097.064121
-7.985351,5,4097.320145
59.092079,6,4097.506276
53.983411,4,4097.789943
57.967614,5,4097.91746
57.782554,7,4098.105825
57.967614,5,4098.301327
57.967614,5,4098.577436
59.089382,6,4098.701405
-7.661483,5,4099.005257
59.093853,6,4099.208396
59.093337,6,4099.412893
59.083568,6,4099.538276
59.07669,6,4099.764801
57.965812,5,4099.949999
57.967614,5,4100.221333
59.087411,6,4100.441137
57.932804,6,4100.725193
-7.81631,6,4100.953349
57.778411,7,4101.159277
59.093614,6,4101.409104
59.097291,6,4101.550687
-9.077804,7,4101.78354
-7.966754,6,4102.05915
57.952632,5,4102.208094
-11.604467,4,4102.380965
-11.206293,4,4102.518146
58.703591,6,4102.854122
-13.536243,3,4103.022138
57.967614,5,4103.222207
-11.425009,4,4103.34982
57.77688,7,4103.542058
57.314294,5,4103.774642
59.099294,6,4103.963431
-8.222063,5,4104.27783
59.096952,6,4104.47052
57.742599,5,4104.668388
57.964591,5,4104.824353
59.099294,6,4105.003191
59.099294,6,4105.138998
-11.32272,4,4105.265954
59.089392,6,4105.40121
57.963224,5,4105.517316
59.099294,6,4105.703428
57.967614,5,4105.897297
-11.135661,4,4106.160691
57.967614,5,4106.490885
-7.570983,5,4106.798306
57.45137,5,4107.151572
-8.511234,5,4107.351111
57.967614,5,4107.577085
-7.985652,5,4107.729573
57.967499,5,4107.850941
-8.245388,5,4108.034656
57.957442,5,4108.184783
-7.475312,5,4108.485585
57.962741,5,4108.636891
57.96068,5,4108.758607
57.81533,5,4109.013382
54.205206,4,4109.231686
-11.599569,4,4109.353741
57.78033,7,4109.559061
-11.481542,4,4109.687747
57.960509,5,4109.831721
57.95824,5,4109.984679
57.967614,5,4110.135081
57.967614,5,4110.391501
-7.891819,5,4110.64213
57.778328,7,4110.833853
59.099294,6,4111.001844
57.967614,5,4111.194905
57.260498,5,4111.422562
57.77851,7,4111.615361
57.95755,5,4111.7749
57.963059,5,4111.924867
59.093866,6,4112.261254
-13.712284,3,4112.383366
-8.596938,5,4112.521712
-8.062983,5,4112.811443
54.216439,4,4112.976516
59.099294,6,4113.187552
57.967614,5,4113.372024
57.771542,7,4113.562762
57.953944,5,4113.713779
59.091291,6,4113.870158
57.964155,5,4114.022404
57.961171,5,4114.287014
57.782291,7,4114.487003
59.098302,6,4114.659803
57.960872,5,4114.80521
57.743655,5,4115.118219
59.082324,6,4115.320105
57.956767,5,4115.478361
57.782045,7,4115.650539
57.780892,7,4115.836686
57.963533,5,4116.106636
54.213817,4,4116.242428
-11.526042,4,4116.371869
59.093714,6,4116.654239
-8.473461,5,4117.099163
-11.41115,4,4117.247234
59.096316,6,4117.452058
57.967614,5,4117.611506
57.797522,5,4117.85398
-7.042636,5,4117.99283
-7.54258,5,4118.20427
-7.776721,6,4118.37829
57.780581,7,4118.580081
-13.482445,3,4118.700247
57.967614,5,4118.844887
-11.021881,4,4119.102828
57.967614,5,4119.295933
-5.918604,6,4119.421153
58.03593,6,4119.591193
57.78954,7,4119.855413
57.967216,5,4120.069566
59.094513,6,4120.306251
-8.602213,5,4120.499452
59.097021,6,4120.692319
57.967614,5,4121.019166
57.776591,7,4121.349664
57.957917,5,4121.472134
59.089297,6,4121.620075
57.962709,5,4121.789641
57.777821,7,4122.022809
57.720099,5,4122.278148
57.747698,5,4122.536904
-11.239517,4,4122.801175
59.095873,6,4122.998588
54.216439,4,4123.142179
59.095844,6,4123.307637
57.966826,5,4123.429084
59.092752,6,4123.563853
-5.912503,6,4123.757932
57.768666,7,4123.985883
-8.109811,5,4124.298002
-6.642688,6,4125.279323
-11.150848,4,4125.822078
57.967614,5,4125.990297
59.091611,6,4126.200425
57.356795,5,4126.484847
-8.009268,5,4126.727886
57.967614,5,4126.876175
54.216439,4,4127.02309
-7.032386,5,4127.460845
59.090562,6,4127.647434
-7.611655,6,4127.939983
59.09136,6,4128.140679
-8.458474,5,4128.355701
58.725556,6,4128.562123
57.955807,5,4128.741157
54.081234,4,4128.976931
57.961654,5,4129.13063
57.931285,5,4129.310057
57.967614,5,4129.492913
59.095978,6,4129.687815
-11.125102,4,4129.939125
59.088827,6,4130.119818
-11.598389,4,4130.243111
57.515343,5,4130.383332
57.961771,5,4130.574958
59.099294,6,4130.810466
57.956164,5,4130.965776
57.95921,5,4131.110763
-11.290757,4,4131.314225
57.959505,5,4131.446297
57.784247,7,4131.968292
57.967614,5,4132.131264
-8.119903,5,4132.563724
57.779953,7,4132.704501
59.095207,6,4132.836675
-11.537507,4,4132.958921
59.099294,6,4133.177534
-8.246027,5,4133.30706
57.967614,5,4133.615463
57.857506,5,4133.868702
-7.664618,6,4134.300133
57.956294,5,4134.457722
57.915575,5,4134.618776
57.967614,5,4134.82129
-7.230057,5,4135.240361
59.087733,6,4135.406358
-5.911608,6,4135.543205
57.958006,5,4135.679304
-11.501939,4,4135.809725
57.959745,5,4135.936746
-8.33597,5,4136.1928
-8.136735,5,4136.445614
59.099294,6,4136.679641
-11.065509,4,4136.928558
59.091835,6,4137.077309
-7.034369,5,4137.20575
-8.449206,5,4137.326372
57.967614,5,4137.55584
57.967614,5,4137.71749
58.403997,6,4137.949969
57.607407,5,4138.180697
57.784614,7,4138.370402
-7.740796,5,4138.695937
57.962928,5,4138.824093
59.099294,6,4138.979555
57.783881,7,4139.180557
53.984535,4,4139.437029
-7.96576,5,4139.7238
59.083639,6,4139.856455
-8.476873,5,4140.077759
57.709025,5,4140.218891
57.780092,7,4140.408871
-8.070295,5,4140.675746
57.14366,5,4141.001847
59.08588,6,4141.147261
59.099294,6,4141.313563
57.955402,5,4141.465551
58.81436,6,4141.618149
58.882557,6,4141.816341
54.216439,4,4142.075624
58.356241,6,4142.401786
-10.783561,4,4142.818014
59.098067,6,4143.041413
-7.04247,5,4143.177859
54.214444,4,4143.321538
59.097075,6,4143.538895
-13.619712,3,4143.682011
59.0918,6,4143.883348
59.017724,6,4144.078734
59.09366,6,4144.238405
54.216439,4,4144.405179
59.099294,6,4144.556078
-8.149606,5,4144.691301
59.099294,6,4144.854998
57.967614,5,4145.001632
57.957119,5,4145.148797
-7.849063,6,4145.333318
57.967614,5,4145.495586
57.967614,5,4145.628844
-7.046509,5,4145.784273
57.308767,5,4145.94352
59.098698,6,4146.075381
58.675995,6,4146.320013
-11.545946,4,4146.436731
59.097561,6,4146.647228
-8.234824,5,4146.781399
-7.479293,6,4147.084062
54.216439,4,4147.231405
59.095044,6,4147.432462
57.961208,5,4147.645036
59.078556,6,4147.826011
-8.507923,5,4147.974862
59.099294,6,4148.109102
-8.000918,5,4148.368295
57.967614,5,4148.542186
57.966495,5,4148.68215
57.967614,5,4149.036456
54.216439,4,4149.189831
57.208513,5,4149.373049
57.964395,5,4149.569039
59.089038,6,4149.71476
-8.093056,6,4149.914981
59.094441,6,4150.070288
57.966455,5,4150.337801
57.777559,7,4150.56089
57.766715,7,4150.752773
57.777049,7,4150.953308
-8.278784,5,4151.216925
59.099294,6,4151.415693
-11.00941,4,4151.536154
-11.589701,4,4151.646589
57.961822,5,4151.847022
-11.495173,4,4151.972362
57.96656,5,4152.155138
-8.07345,5,4152.447545
57.957178,5,4152.585054
54.215797,4,4152.840468
59.099294,6,4153.042474
59.099294,6,4153.235794
57.957174,5,4153.387485
-7.949524,5,4153.564833
59.084169,6,4153.689929
59.099294,6,4153.828785
57.520534,5,4154.056367
-11.069062,4,4154.250111
59.087859,6,4154.442775
57.399369,5,4154.633868
59.093181,6,4154.878411
59.093113,6,4155.067533
-13.688128,3,4155.184586
59.097893,6,4155.412108
58.628599,6,4155.628134
57.780043,5,4155.791278
-11.114972,4,4156.030428
-7.250797,6,4156.292696
-11.209091,4,4156.427803
54.216439,4,4156.650548
59.097613,6,4156.830917
57.948581,5,4156.966687
57.770296,7,4157.154856
57.967614,5,4157.297966
54.213244,4,4157.520962
59.099294,6,4157.711335
57.833527,5,4157.839005
59.093443,6,4157.957735
59.082409,6,4158.070436
57.77668,7,4158.292895
57.824905,5,4158.490082
57.960906,5,4158.644699
57.800719,5,4158.850477
57.784389,7,4159.032222
57.686544,5,4159.352899
59.099294,6,4159.539883
57.964911,5,4159.667589
-7.99548,5,4159.955392
57.78333,7,4160.19739
59.098264,6,4160.352428
57.956957,5,4160.481122
57.967614,5,4160.615563
59.097941,6,4160.743345
-6.996739,6,4161.051913
-8.543151,5,4161.185728
57.967614,5,4161.36984
-11.50266,4,4161.547496
57.702296,5,4161.870694
-8.054953,5,4162.027803
57.483255,5,4162.272866
58.084092,6,4162.445437
59.092756,6,4162.617871
-7.66538,6,4163.088458
-11.441062,4,4163.25066
-8.356379,5,4163.443029
-8.237397,5,4163.649226
57.787429,7,4163.874676
59.090217,6,4164.037576
59.096818,6,4164.228874
59.091086,6,4164.379412
57.715838,5,4164.53306
57.956988,5,4164.676658
58.243413,6,4164.951795
54.216439,4,4165.168576
-13.476791,3,4165.316264
57.960338,5,4165.505627
59.0829,6,4165.641092
-8.104048,5,4165.890399
59.045918,6,4166.217423
-8.591799,5,4166.413178
-6.697036,6,4166.795376
57.960356,5,4166.916546
59.072597,6,4167.056458
57.959632,5,4167.189943
57.569836,5,4167.336196
54.126505,4,4167.549493
-7.037345,5,4167.682076
-11.514327,4,4167.801512
-11.166319,4,4168.030832
57.967614,5,4168.170035
57.959148,5,4168.32675
57.967614,5,4168.456209
-5.914206,6,4168.592494
-8.57253,5,4168.760948
-7.079738,6,4169.034413
-7.861887,6,4169.170628
-11.587092,4,4169.353022
58.245142,6,4169.570495
59.084871,6,4169.699591
59.036091,6,4169.824871
59.099294,6,4169.971843
59.092683,6,4170.183156
-8.590344,5,4170.332409
57.95866,5,4170.487397
-5.906847,6,4170.67118
57.773981,7,4170.866182
57.967614,5,4171.022774
57.955708,5,4171.209767
57.967614,5,4171.405323
57.967614,5,4171.624254
57.956086,5,4171.780014
54.216439,4,4171.922056
54.190646,4,4172.066354
57.017041,5,4172.404937
58.561589,6,4172.608542
59.061572,6,4172.799113
59.091621,6,4173.759853
57.774411,7,4174.016081
59.088818,6,4174.191037
59.089411,6,4174.397877
59.094539,6,4174.564489
57.960078,5,4174.733131
57.967614,5,4174.902547
59.087754,6,4175.048676
57.957088,5,4175.255104
59.09598,6,4175.502921
57.959799,5,4175.673869
57.769251,7,4175.846163
59.082863,6,4176.012974
-11.376892,4,4176.190439
-7.752657,5,4176.430448
57.963294,5,4176.5714
-11.274468,4,4176.718088
57.790966,5,4176.988838
57.77839,7,4177.207006
59.091014,6,4177.406788
57.408712,5,4177.657836
57.778378,7,4177.869881
59.098182,6,4178.074823
-8.018237,5,4178.288642
-7.04074,5,4178.414033
54.216439,4,4178.646371
-8.176692,5,4178.766773
57.959197,5,4178.915273
57.781957,7,4179.146024
59.098262,6,4179.336485
-7.945749,6,4179.634812
-13.54678,3,4179.793815
57.783996,7,4180.016096
-7.032386,5,4180.431127
57.959712,5,4180.581551
57.96219,5,4180.701893
59.088526,6,4180.913739
57.967247,5,4181.155829
-5.91695,6,4181.483678
54.21183,4,4181.743543
57.96403,5,4181.971625
59.095586,6,4182.159801
59.089571,6,4182.357576
-8.370546,5,4182.534297
-11.017521,4,4182.669534
59.089379,6,4182.868146
-8.541238,5,4183.072451
57.959708,5,4183.228652
57.957233,5,4183.365245
57.669092,5,4183.618375
54.216439,4,4183.869173
59.078432,6,4184.096138
59.088964,6,4184.259792
59.088696,6,4184.378538
59.088664,6,4184.568437
59.091033,6,4184.763672
57.957721,5,4184.913496
57.784488,5,4185.151587
-8.142325,5,4185.34797
54.216439,4,4185.572045
54.207277,4,4185.796597
-8.097699,5,4186.010138
59.097251,6,4186.146628
-7.179867,5,4186.614336
57.96523,5,4186.753358
59.082257,6,4186.916554
57.210158,5,4187.12102
57.967614,5,4187.378048
-8.207212,5,4187.576201
57.646126,5,4187.814775
54.211406,4,4188.064923
-7.727032,5,4188.186421
57.967614,5,4188.422571
59.099294,6,4188.619204
-11.249164,4,4188.771842
-7.765231,5,4188.953735
-7.396896,5,4189.173666
59.099294,6,4189.378804
58.707862,6,4189.641126
-11.119219,4,4189.782172
-8.069021,5,4190.081849
57.735881,5,4190.328757
57.957762,5,4190.4731
58.703552,6,4190.673063
-7.032386,5,4191.075023
59.099294,6,4191.207714
59.095224,6,4191.395698
59.087447,6,4191.598419
-7.893323,5,4191.781041
-11.025149,4,4192.093928
57.95925,5,4192.221516
59.099035,6,4192.45685
57.956492,5,4192.609071
57.960466,5,4192.740621
54.062574,4,4192.900613
59.096735,6,4193.118206
59.092031,6,4193.273056
57.958176,5,4193.459091
54.157733,4,4193.698352
57.967614,5,4193.823731
59.099294,6,4194.0207
-11.551673,4,4194.155851
57.966879,5,4194.340335
-13.769014,3,4194.464979
-8.004092,5,4194.661208
59.099294,6,4194.902056
-7.62789,6,4195.070426
57.964621,5,4195.203184
59.088204,6,4195.365525
-11.369768,4,4195.543409
59.09298,6,4195.74303
-11.248244,4,4195.882267
57.424605,5,4196.023195
57.960001,5,4196.259223
-11.507054,4,4196.384126
-7.869525,6,4196.650533
-11.330921,4,4196.872055
57.956032,5,4197.079966
57.967614,5,4197.274132
57.95954,5,4197.398206
57.967614,5,4197.525505
59.092205,6,4197.718486
57.967614,5,4197.876888
57.964179,5,4198.016628
59.087093,6,4198.180316
57.777815,7,4198.369456
59.099294,6,4198.590819
-7.953131,5,4198.889154
59.093048,6,4199.012904
59.099294,6,4199.210225
59.098707,6,4199.420159
57.963996,5,4199.581357
57.820708,5,4199.749537
57.967614,5,4199.989636
57.967614,5,4200.129434
57.967614,5,4200.281594
59.088407,6,4200.421736
57.966096,5,4200.544943
59.099294,6,4200.721706
59.092283,6,4200.850919
57.964603,5,4200.9949
59.08705,6,4201.121027
57.474415,5,4201.353385
59.09862,6,4201.538691
-7.540166,6,4201.714221
57.961295,5,4201.910413
57.967614,5,4202.115877
-13.650292,3,4202.240664
57.778748,7,4202.451418
58.935449,6,4202.689411
54.216439,4,4202.833056
57.962064,5,4203.000844
-7.038137,5,4203.349522
59.082602,6,4203.539171
57.966193,5,4203.748988
57.967614,5,4203.953531
57.967614,5,4204.124786
59.082026,6,4204.36066
-7.508856,5,4204.649182
57.958256,5,4204.787356
-7.977972,5,4204.922798
59.088443,6,4205.113999
-11.273476,4,4205.247253
57.633212,5,4205.449965
57.959678,5,4205.578472
-7.729933,6,4205.773361
-7.792597,5,4206.071507
-8.155772,5,4206.188017
57.962018,5,4206.334543
54.154547,4,4206.521088
-11.433057,4,4206.638464
57.962131,5,4206.768779
-7.602584,6,4206.941162
57.77709,7,4207.127968
59.099294,6,4207.354007
57.782927,7,4207.536484
59.08367,6,4207.714874
-7.933,5,4208.016828
-8.092668,6,4208.194952
-7.33573,6,4208.452684
57.967614,5,4208.647499
54.206124,4,4208.906905
-7.991193,5,4209.164633
59.08956,6,4209.408996
54.206975,4,4209.540514
59.091878,6,4209.737989
57.171069,5,4210.002926
-11.131535,4,4210.154773
57.964637,5,4210.319849
59.094503,6,4210.46087
59.090271,6,4210.655519
57.891874,5,4210.785693
-8.282413,5,4211.000361
59.081351,6,4211.140782
57.967614,5,4211.297202
59.092926,6,4211.511559
-8.589069,5,4211.695518
-11.33501,4,4211.827862
57.775837,7,4212.066398
-7.377935,5,4212.314726
59.099294,6,4212.563691
-5.923964,6,4212.728998
59.099294,6,4213.049796
59.088071,6,4213.186366
59.095448,6,4213.409686
54.216439,4,4213.635693
59.096983,6,4213.797933
-11.326509,4,4213.951357
-13.51517,3,4214.081391
-11.424683,4,4214.254081
57.963897,5,4214.418351
57.775395,7,4214.658706
57.96546,5,4214.88857
-8.499379,5,4215.084286
59.092811,6,4215.309139
59.093003,6,4215.52413
59.088923,6,4215.740573
59.090107,6,4215.887079
57.964751,5,4216.11626
53.197439,8,4216.375271
-11.490506,4,4216.498816
59.091142,6,4216.632397
57.967614,5,4216.819613
57.967614,5,4216.983446
54.216439,4,4217.225613
57.96585,5,4217.372253
57.967614,5,4217.660371
59.082786,6,4217.820746
57.673615,5,4218.011998
57.961947,5,4218.173629
-11.043849,4,4218.309525
-11.457228,4,4218.429461
-5.923258,6,4218.54841
57.967614,5,4218.709286
59.099294,6,4218.915891
57.789096,7,4219.108111
-11.133694,4,4219.249026
59.093246,6,4219.380374
59.09047,6,4219.548981
59.085821,6,4219.739529
57.961635,5,4219.94764
57.960647,5,4220.072819
-13.688196,3,4220.189003
57.967614,5,4220.307829
57.959762,5,4220.450367
57.965313,5,4220.633136
59.092962,6,4220.807834
-11.027477,4,4220.94792
57.96191,5,4221.10048
59.088858,6,4221.289042
57.967614,5,4221.482156
-8.298637,5,4221.661983
-11.603159,4,4221.783125
59.095348,6,4221.996021
58.87222,6,4222.211746
57.967614,5,4222.419942
-8.285185,5,4222.601869
59.089438,6,4222.795581
59.095479,6,4222.988366
59.082425,6,4223.16817
-13.476791,3,4223.345551
59.095637,6,4223.537836
-8.161398,5,4223.667793
59.098224,6,4223.871923
54.070411,4,4224.02745
57.9601,5,4224.159736
59.089849,6,4224.319524
57.550121,5,4224.487991
-7.872117,5,4224.793282
54.216439,4,4225.028855
-13.764302,3,4225.154042
59.088351,6,4225.276238
59.092681,6,4225.48165
-7.032386,5,4225.893084
57.956393,5,4226.033402
54.216439,4,4226.175998
57.962391,5,4226.300098
57.790214,5,4226.487555
53.968208,4,4226.757018
59.083694,6,4226.958299
57.956973,5,4227.284817
59.091256,6,4227.417853
-8.039421,6,4227.597046
57.675782,5,4227.914253
59.093523,6,4228.058096
59.099294,6,4228.289407
-8.151799,6,4228.417314
57.964716,5,4228.564066
59.099294,6,4228.76534
57.962086,5,4228.922763
57.967614,5,4229.036187
-11.033474,4,4229.276209
-8.531514,5,4229.432303
-7.563624,5,4229.651709
-10.783561,4,4229.911796
-7.923446,5,4230.169988
59.093648,6,4230.377377
57.967614,5,4230.586764
-8.152375,5,4230.727077
59.099294,6,4230.926847
-7.706844,5,4231.179207
59.092501,6,4231.309535
-11.399177,4,4231.45434
-5.913535,6,4231.569629
59.08769,6,4231.756098
-8.256977,5,4231.960536
-8.064431,6,4232.162628
59.099294,6,4232.367574
-8.257601,5,4232.507662
-11.475667,4,4232.682774
57.845904,6,4233.063833
-11.515315,4,4233.180089
54.213873,4,4233.400001
59.082864,6,4233.586987
57.746598,5,4233.715423
-7.032386,5,4234.050002
57.959563,5,4234.201639
-5.914705,6,4234.431385
57.549806,5,4234.655768
57.307496,5,4234.874479
54.216439,4,4235.085901
57.967614,5,4235.295792
59.099294,6,4235.491292
-7.789987,6,4235.670594
53.195808,8,4235.908493
-8.383414,5,4236.094736
57.961647,5,4236.211218
59.089235,6,4236.412557
57.776394,5,4236.558014
59.099294,6,4236.754029
54.15994,4,4236.910364
58.533108,6,4237.118339
57.958692,5,4237.248675
54.216439,4,4237.394503
59.094188,6,4237.588623
59.086554,6,4237.711071
-11.095904,4,4237.949052
57.966475,5,4238.092852
59.092253,6,4238.213918
59.089175,6,4238.396343
-8.317999,5,4238.589564
57.843119,5,4238.719546
59.09364,6,4238.829705
57.967614,5,4239.025495
-7.542904,6,4239.321407
57.967614,5,4239.481879
57.950926,5,4239.605176
57.93984,5,4239.762458
57.958484,5,4239.888642
57.967415,5,4240.077199
57.967614,5,4240.313289
59.099294,6,4240.541615
57.50367,5,4240.850177
-7.52572,5,4241.053941
57.967614,5,4241.208914
-11.225906,4,4241.484828
-7.042356,5,4241.621238
57.967614,5,4241.805641
59.089015,6,4241.926859
57.959604,5,4242.056337
57.779367,7,4242.312551
58.472147,6,4242.473015
-11.011655,4,4242.665392
-11.360866,4,4242.861037
59.099294,6,4243.090012
57.967614,5,4243.257225
59.091428,6,4243.3961
-11.54009,4,4243.511106
59.09132,6,4243.74143
57.956281,5,4243.907927
59.099294,6,4244.050941
59.099294,6,4244.28776
57.389236,5,4244.445513
59.099294,6,4244.641959
57.958359,5,4244.768379
-7.906289,5,4244.941117
57.959578,5,4245.098949
59.094439,6,4245.285826
59.094601,6,4245.499545
59.09602,6,4245.688202
59.095217,6,4245.838453
57.433651,5,4245.990038
57.891655,5,4246.249327
-7.214925,6,4246.459248
57.777443,7,4246.621086
-8.326916,5,4246.742226
-8.158151,5,4247.058599
59.099294,6,4247.291541
-8.175035,5,4247.472002
-8.321736,5,4248.375524
-7.744483,5,4248.674551
59.089531,6,4248.870697
59.090848,6,4249.081077
58.843872,6,4249.24627
-11.407462,4,4249.395515
-8.290969,5,4249.573314
59.096633,6,4249.711025
59.099294,6,4249.849329
-11.533858,4,4249.969518
-11.094869,4,4250.105327
59.099294,6,4250.337759
57.959685,5,4250.485713
54.212891,4,4250.710863
59.099294,6,4250.85954
57.967614,5,4251.049883
-11.366917,4,4251.17519
-8.258743,5,4251.313999
59.099294,6,4251.512939
59.092027,6,4251.706945
-5.900706,6,4251.999093
-8.328971,5,4252.1761
59.099294,6,4252.299813
-7.7626,6,4252.477288
-7.874068,6,4252.683693
-7.639762,5,4252.877512
57.963704,5,4252.999074
-5.923828,6,4253.140711
57.783398,7,4253.363143
57.965995,5,4253.495726
57.554185,5,4253.732776
58.706247,6,4254.055369
-8.277044,5,4254.229167
59.099294,6,4254.421814
57.790648,5,4254.631318
-7.051521,5,4254.78827
-7.800081,5,4255.043883
57.818631,5,4255.166354
-7.851885,6,4255.38623
-11.543303,4,4255.502714
59.091368,6,4255.677003
59.086216,6,4255.837734
57.956851,5,4256.043063
59.089072,6,4256.241901
57.960247,5,4256.369429
59.096713,6,4256.518917
-6.850973,6,4256.726114
57.967614,5,4256.863969
57.958592,5,4257.015033
57.785304,7,4257.477797
-8.043927,6,4257.662915
59.078271,6,4257.808161
-11.473832,4,4257.926551
54.210725,4,4258.127701
57.967614,5,4258.374458
54.008174,4,4258.552293
57.81594,5,4258.708192
59.096377,6,4258.862839
-7.996436,5,4259.131591
57.786185,5,4259.262749
59.089711,6,4259.461701
54.216439,4,4259.70532
54.216439,4,4259.838619
-8.575619,5,4259.950552
57.967614,5,4260.099319
57.956716,5,4260.223862
-5.917615,6,4260.437513
-6.700628,6,4260.850323
57.291226,5,4261.115009
59.099294,6,4261.245476
59.092913,6,4261.454541
57.967614,5,4261.654429
57.519966,5,4261.793898
-7.883545,5,4262.040375
58.980897,6,4262.238574
57.967614,5,4262.399279
57.967614,5,4262.524668
54.216439,4,4262.785931
59.094882,6,4262.932595
57.966012,5,4263.088186
58.569491,6,4263.316169
59.088492,6,4263.447756
57.967614,5,4263.64274
59.099294,6,4263.784171
57.961522,5,4263.927888
59.086308,6,4264.089059
57.967614,5,4264.317338
57.567758,7,4264.546176
57.479101,5,4264.775348
59.099294,6,4264.962333
54.216439,4,4265.209012
59.098385,6,4265.377693
59.094934,6,4265.598832
59.091319,6,4265.803409
57.955726,5,4265.950879
59.099294,6,4266.158033
-7.721076,5,4266.464351
57.956877,5,4266.628987
57.780223,7,4266.831719
57.770568,7,4267.001084
57.961318,5,4267.128656
59.025121,6,4267.463659
-8.015117,5,4267.758457
57.963221,5,4267.918879
-7.813767,5,4268.229839
-11.026934,4,4268.500569
57.602454,5,4268.720737
59.099294,6,4268.917422
-7.951933,6,4269.123019
59.099294,6,4269.335698
59.099294,6,4269.545899
54.177137,4,4269.807971
59.095085,6,4270.030561
57.784468,7,4270.252485
57.967614,5,4270.528713
57.783223,7,4270.745828
-13.584321,3,4270.887087
-8.00751,5,4271.083291
57.967614,5,4271.250343
58.737508,6,4271.410543
57.96761,5,4271.55198
57.958463,5,4271.680267
57.967614,5,4271.922856
59.099294,6,4272.128964
58.075793,6,4272.294126
57.957248,5,4272.459774
-7.40529,5,4272.814972
57.960518,5,4272.963155
57.771219,7,4273.217391
59.087195,6,4273.428759
59.096632,6,4273.598017
57.777348,7,4273.798452
-13.75891,3,4273.979859
-13.756194,3,4274.107691
57.967614,5,4274.266671
57.967614,5,4274.398449
-7.930138,5,4274.683316
-7.923941,5,4274.980017
-5.900706,6,4275.433927
57.943809,5,4275.574352
57.87557,5,4275.790793
59.099294,6,4275.998944
59.099294,6,4276.218862
59.086143,6,4276.417812
59.091971,6,4276.578518
57.967614,5,4276.715462
-7.777696,5,4277.010209
57.95597,5,4277.212267
59.094564,6,4277.421422
57.967614,5,4277.697153
-11.591496,4,4277.830914
57.959761,5,4277.958481
-7.609727,5,4278.162867
-11.222376,4,4278.294116
59.099294,6,4278.443088
57.965412,5,4278.626144
-8.499068,5,4278.743183
59.097965,6,4278.938217
57.967614,5,4279.063812
59.092539,6,4279.261416
-8.19222,5,4279.577011
57.967614,5,4279.79849
59.082819,6,4279.983526
59.090513,6,4280.191172
58.810908,6,4280.428451
59.096996,6,4280.758179
58.417059,6,4280.908742
59.096762,6,4281.335626
-7.762276,5,4281.482538
57.958,5,4281.64762
57.967614,5,4281.978095
-8.518098,5,4282.105085
59.079471,6,4282.225456
-8.369316,5,4282.352599
57.967614,5,4282.514747
-8.39491,5,4282.732815
57.377282,5,4283.113613
57.967614,5,4283.2749
57.965258,5,4283.429375
57.967614,5,4283.683664
58.599526,6,4284.061275
57.967614,5,4284.201895
59.072912,6,4284.342313
57.967614,5,4284.492209
54.216439,4,4284.733158
59.087212,6,4284.857662
59.086101,6,4285.009271
57.967614,5,4285.164361
59.095547,6,4285.302418
58.657938,6,4285.613948
57.776753,7,4285.811132
59.087563,6,4286.004222
-7.856703,6,4286.226579
-8.288365,5,4286.412094
-11.379765,4,4286.62277
54.015993,4,4286.876578
57.251011,5,4287.12052
57.770785,7,4287.326947
-11.269224,4,4287.454092
59.089726,6,4287.661632
-7.860355,5,4287.964117
-7.564652,5,4288.365643
-11.16235,4,4288.627527
-7.758357,6,4288.89247
-7.221168,6,4289.107229
57.960945,5,4289.297137
53.718575,4,4289.595477
-7.679868,5,4289.746203
57.872064,6,4290.015666
57.966106,5,4290.224743
-7.009685,6,4290.539047
-5.909625,6,4290.718223
-11.297951,4,4290.877753
-5.908096,6,4291.203238
59.099294,6,4291.437747
57.773707,7,4291.567771
-7.230304,6,4291.872528
-8.515449,5,4292.012279
57.775576,7,4292.216713
57.967614,5,4292.432365
57.95833,5,4292.587841
59.088981,6,4292.732191
-13.774035,3,4292.8685
59.090407,6,4293.080072
57.916628,5,4293.336196
-7.970281,5,4293.555143
-11.070406,4,4293.985425
59.080146,6,4294.123348
-6.652979,6,4294.344032
-7.837318,5,4294.483766
59.092547,6,4294.667406
-6.880764,6,4294.870563
-7.032386,5,4295.321366
59.095686,6,4295.522302
-7.044351,5,4295.660452
-11.423909,4,4295.780938
57.789489,7,4296.00091
57.77827,7,4296.187699
54.216439,4,4296.444479
59.095395,6,4296.77008
56.945423,5,4297.179795
-7.689516,6,4297.534181
54.216439,4,4297.690148
54.216439,4,4297.919528
57.965154,5,4298.157497
57.881899,5,4298.309699
57.78954,7,4298.509633
-10.783561,4,4299.021843
-11.180049,4,4299.341402
54.210125,4,4299.582783
54.216052,4,4299.727008
59.090176,6,4299.868748
59.097096,6,4300.106483
57.962425,5,4300.358891
54.071784,4,4300.596959
-11.547006,4,4300.723291
59.09596,6,4300.917815
58.731044,6,4301.117407
59.088909,6,4301.249877
57.424929,5,4301.476174
57.967614,5,4301.661364
57.272392,5,4301.999681
57.958454,5,4302.147798
-7.7525,6,4302.575193
57.633144,6,4302.941798
-7.984044,5,4303.262804
57.907212,5,4303.620373
-7.917895,5,4303.827044
59.086353,6,4303.957352
59.094499,6,4304.093737
57.967614,5,4304.250584
57.218741,5,4304.657058
-7.645666,6,4304.832349
-7.924319,5,4305.114207
57.967614,5,4305.30396
-7.905054,5,4305.519485
-7.992894,5,4305.771299
57.819607,5,4305.980423
59.099294,6,4306.184053
59.099294,6,4306.34089
57.523033,5,4306.584701
54.03075,4,4306.815237
-8.116047,5,4307.236879
57.959195,5,4307.385291
-11.266363,4,4307.529646
-11.565576,4,4307.717328
-11.321105,4,4308.026822
-7.689919,6,4308.235024
-11.547816,4,4308.360599
57.961531,5,4308.557384
59.094233,6,4308.689693
-11.025835,4,4308.842345
58.847586,6,4309.000353
59.095984,6,4309.195246
57.967614,5,4309.411881
57.958586,5,4309.565497
57.251725,5,4309.822426
59.088709,6,4310.034587
-8.153107,6,4310.169832
53.196697,8,4310.404309
-7.355483,6,4310.863665
-13.718994,3,4310.992921
59.087078,6,4311.177217
57.597462,5,4311.326755
57.960556,5,4311.466036
57.967609,5,4311.588789
57.526789,5,4311.74424
59.090547,6,4311.908175
57.553131,5,4312.249581
-7.472229,6,4312.685788
59.087225,6,4312.85209
-7.045768,5,4312.991873
-8.551701,5,4313.18834
59.091877,6,4313.364809
-8.099921,5,4313.651874
-11.276578,4,4313.789871
59.089544,6,4313.981138
59.099069,6,4314.228638
57.957466,5,4314.362773
59.084404,6,4314.552266
-5.910963,6,4314.761695
54.210303,4,4314.898848
-7.932848,5,4315.041894
57.675805,5,4315.196599
57.953106,5,4315.31349
59.085647,6,4315.461286
57.967614,5,4315.638249
54.213766,4,4315.877117
57.956028,5,4316.034658
58.025115,6,4316.409598
59.092265,6,4316.556565
-8.430682,5,4316.732332
57.956692,5,4316.879048
54.216439,4,4317.119824
57.963093,5,4317.268773
-7.470203,5,4317.685
-7.851379,5,4317.833406
59.091675,6,4317.962062
-7.032386,5,4318.426661
59.097735,6,4318.6664
57.9569,5,4318.822726
57.967614,5,4319.04559
57.967614,5,4319.256209
-8.161709,6,4319.475307
54.214411,4,4319.712137
57.967614,5,4319.838841
58.942213,6,4320.033306
-8.002629,5,4320.333806
59.09037,6,4320.530213
-8.454771,5,4320.719137
59.088372,6,4320.838672
59.093968,6,4321.018281
54.212217,4,4321.273305
-7.544369,5,4321.536411
59.089349,6,4321.718451
57.962508,5,4321.844418
54.216439,4,4322.089428
-7.162935,5,4322.512017
57.967614,5,4322.676411
57.485773,5,4322.906222
59.090048,6,4323.094739
-13.741934,3,4323.222979
57.956231,5,4323.461602
-7.102744,6,4323.660604
59.099294,6,4323.808707
54.2119,4,4324.058364
57.861506,6,4324.398799
57.964007,5,4324.529063
57.783773,6,4324.862166
57.958123,5,4325.067724
-8.424444,5,4325.208007
59.09599,6,4325.396259
59.090291,6,4325.590576
57.965876,5,4325.858209
59.099294,6,4326.049406
-11.562685,4,4326.226198
57.967614,5,4326.445086
54.216439,4,4326.66891
57.963127,5,4326.82178
57.960772,5,4326.966209
57.96293,5,4327.229431
57.967614,5,4327.360934
59.094338,6,4327.52917
-8.387869,5,4327.725645
-8.434716,5,4327.893587
59.099294,6,4328.098784
57.767228,5,4328.242136
59.045583,6,4329.142035
-8.480176,5,4329.356634
59.087558,6,4329.562927
57.967614,5,4329.719774
-8.436693,5,4329.840127
-7.890149,5,4329.979138
57.732341,5,4330.204358
57.965409,5,4330.334048
-8.546338,5,4330.525832
-11.423161,4,4330.664394
-8.481505,5,4330.845922
58.933357,6,4331.007311
-11.135815,4,4331.145748
59.09698,6,4331.374765
59.099294,6,4331.626077
59.093319,6,4331.781358
59.099294,6,4331.978472
-7.802418,6,4332.3678
59.092076,6,4332.518806
57.783808,7,4332.709862
57.967614,5,4332.908807
59.096697,6,4333.111312
-6.642321,6,4333.390929
59.099294,6,4333.538749
59.084064,6,4333.710796
57.775464,5,4333.941867
57.794844,5,4334.144366
-10.783561,4,4334.276037
59.085083,6,4334.421546
57.963718,5,4334.564594
59.099223,6,4334.729283
57.779013,7,4334.874072
57.967614,5,4335.059512
-13.729008,3,4335.178653
59.09325,6,4335.423969
57.966806,5,4335.59233
59.098048,6,4335.757841
59.092302,6,4335.897045
54.139184,4,4336.040123
-7.330481,5,4336.51573
59.08977,6,4336.762355
57.964084,5,4336.917404
-8.255639,6,4337.086949
57.265771,5,4337.243711
59.091592,6,4337.438511
54.091493,4,4337.660763
57.956683,5,4337.792662
-11.275085,4,4337.931242
-7.947434,6,4338.045744
-11.175556,4,4338.218682
-8.374522,5,4338.413309
57.967614,5,4338.564204
57.961285,5,4338.721151
-7.90549,6,4339.041065
-8.366849,5,4339.245937
-7.867413,5,4339.44994
57.965036,5,4339.575528
54.213317,4,4339.741553
-7.455038,5,4340.067321
-11.008327,4,4340.203766
-8.350598,5,4340.382848
57.77259,7,4340.6422
-11.173635,4,4340.787741
59.092646,6,4340.93929
59.09266,6,4341.15885
-7.542482,5,4341.475416
57.650967,5,4341.704638
59.093531,6,4341.883027
53.19963,8,4342.123406
-7.634095,6,4342.299624
59.098552,6,4342.42728
-8.578761,5,4342.606966
59.099294,6,4342.795423
-7.087383,5,4343.258826
-8.424479,5,4343.469239
-11.372259,4,4343.602348
54.216439,4,4343.779277
59.088451,6,4343.912697
59.089468,6,4344.147196
59.090462,6,4344.328135
59.095358,6,4344.455356
57.967137,5,4344.607319
-8.158684,5,4344.735444
58.080406,6,4345.128402
57.347942,5,4345.439143
54.216096,4,4345.694048
54.216439,4,4345.907786
58.642873,6,4346.145312
57.956956,5,4346.360845
57.954052,5,4346.504357
57.767246,7,4346.686862
57.728563,7,4346.88406
59.079574,6,4347.026913
57.957418,5,4347.179
58.513735,6,4347.407158
-7.537833,6,4347.675457
57.782693,7,4347.899345
59.099294,6,4348.091812
-8.556707,5,4348.291532
-11.258825,4,4348.42417
59.09018,6,4348.57348
-7.032386,5,4349.005543
59.087976,6,4349.194643
59.095902,6,4349.385874
57.78547,7,4349.663782
-7.032386,5,4350.095755
57.965313,5,4350.262157
-5.910704,6,4350.455664
57.959214,5,4350.598977
-8.311524,5,4350.901029
54.205917,4,4351.055432
-7.61944,6,4351.498996
-7.966392,5,4351.678193
-8.35629,5,4351.805474
-11.607215,4,4351.928673
57.967614,5,4352.15702
59.097215,6,4352.316961
59.099294,6,4352.500869
59.099294,6,4352.69917
59.099294,6,4352.902903
57.960563,5,4353.113021
59.092113,6,4353.346735
54.21199,4,4353.502964
57.959848,5,4353.703146
-7.032386,5,4354.093843
59.088288,6,4354.233735
-11.497191,4,4354.352847
59.095545,6,4354.541304
57.967183,5,4354.724712
54.166992,4,4354.948294
54.216439,4,4355.17697
59.099294,6,4355.311423
-7.05434,5,4355.483509
-5.916646,6,4355.619419
59.081165,6,4355.77464
57.956134,5,4355.920467
57.774107,7,4356.049803
57.779535,7,4356.286476
59.08806,6,4356.473914
59.087361,6,4356.637854
-8.003127,5,4356.908063
59.094379,6,4357.113696
59.091391,6,4357.297584
57.783061,7,4357.499404
59.08908,6,4357.70977
-7.035937,5,4357.848852
57.967614,5,4357.977618
59.091928,6,4358.164433
-7.604304,5,4358.478741
57.967614,5,4358.802615
-8.422032,5,4358.952795
59.095512,6,4359.166322
57.920275,6,4359.52124
59.096623,6,4359.741818
-8.066094,5,4360.137397
59.098364,6,4360.286377
59.099294,6,4360.460177
57.96059,5,4360.615561
59.097092,6,4360.828778
57.780051,7,4361.010966
-11.347372,4,4361.188768
59.089065,6,4361.441818
57.967614,5,4361.679853
59.093934,6,4361.869251
57.767353,7,4361.989222
58.453232,6,4362.35325
54.216439,4,4362.572387
57.967614,5,4362.736886
-5.921483,6,4362.875016
59.099294,6,4363.077399
54.055726,4,4363.21986
-8.046975,5,4363.425902
57.960136,5,4363.549269
59.094383,6,4363.703554
59.0887,6,4363.890511
59.093522,6,4364.089502
-8.184445,5,4364.272402
57.967614,5,4364.397364
54.216439,4,4364.621991
59.098782,6,4364.815301
57.967614,5,4365.024849
57.963404,5,4365.226366
57.967614,5,4365.430213
57.967614,5,4365.579377
59.098391,6,4365.733141
-7.426909,6,4365.942389
54.084809,4,4366.077328
59.097885,6,4366.276587
-8.504604,5,4366.464213
-8.197101,5,4366.754231
57.733237,5,4366.966513
57.78217,7,4367.15555
57.780896,7,4367.353561
-5.91363,6,4367.531438
-11.300701,4,4367.694327
57.967614,5,4367.826012
-8.543556,5,4368.018819
59.093256,6,4368.218043
57.967614,5,4368.456035
-11.40295,4,4368.585079
54.216439,4,4368.840169
-7.925084,5,4369.017642
-11.065584,4,4369.177368
57.967614,5,4369.337541
57.964032,5,4369.496279
57.268585,5,4369.73258
57.965657,5,4369.857436
59.08842,6,4370.002316
59.089556,6,4370.188046
59.092046,6,4370.301185
-10.783561,4,4370.702208
59.090955,6,4370.953485
-7.024229,6,4371.169006
-8.201221,5,4371.332331
59.089886,6,4371.527129
59.089713,6,4371.724597
58.515157,6,4371.943608
59.097664,6,4372.084202
54.216439,4,4372.318537
59.091078,6,4372.449416
-8.173472,5,4372.561023
59.078988,6,4372.733351
54.216439,4,4372.991383
57.967614,5,4373.200355
59.092262,6,4373.433795
-11.388995,4,4373.587672
57.963299,5,4373.731645
59.045606,6,4373.971631
57.96164,5,4374.125579
54.216439,4,4374.329529
-7.818132,5,4374.548456
54.007653,4,4374.741702
57.967614,5,4374.879905
-7.883307,5,4375.162709
59.089526,6,4375.353858
57.967614,5,4375.541947
57.96146,5,4375.672766
-8.421763,5,4375.857949
-7.719519,6,4376.298428
57.776345,7,4376.53896
-8.41891,5,4376.771612
57.96531,5,4376.919594
-11.352183,4,4377.07347
57.962625,5,4377.230475
-8.1896,5,4377.431688
59.094164,6,4377.639481
59.090032,6,4377.761075
-11.294187,4,4377.889139
58.865421,6,4378.081496
-7.522179,6,4378.337319
54.216439,4,4378.474022
-7.775472,5,4378.736467
59.094103,6,4378.891449
-7.759652,6,4379.164239
59.086692,6,4379.37022
-8.138284,5,4379.589143
59.090789,6,4379.819122
-5.917997,6,4380.025674
-7.994598,5,4380.175704
-8.344797,5,4380.361403
-8.415988,5,4380.596575
58.910033,6,4380.833583
57.962589,5,4381.035407
-8.229889,5,4381.173693
59.094636,6,4381.343719
-11.192908,4,4381.4804
57.055908,7,4381.730111
57.967614,5,4381.863872
58.878544,6,4382.195546
57.547029,5,4382.432478
-7.626497,5,4382.635042
-11.132173,4,4382.754264
57.966638,5,4382.909716
59.089982,6,4383.058993
57.78157,7,4383.211088
-8.224507,5,4383.340187
59.097519,6,4383.576471
59.094077,6,4383.778689
-10.824687,4,4383.993478
-7.943405,5,4384.218981
58.445699,6,4384.583149
59.098828,6,4384.732028
-11.151632,4,4385.003967
-11.123344,4,4385.157208
59.088976,6,4385.322933
59.087627,6,4385.468981
-7.036631,5,4385.600777
57.960483,5,4385.749003
57.967614,5,4385.912663
57.963632,5,4386.105346
59.08783,6,4386.239182
57.957497,5,4386.404146
-7.745539,6,4386.74949
57.959731,5,4386.936813
57.952336,5,4387.064486
57.781232,7,4387.267836
-11.583483,4,4387.440581
59.091572,6,4387.587802
57.962081,5,4387.74216
58.047359,6,4387.982934
-7.79239,5,4388.193688
59.098946,6,4388.438201
-8.20388,5,4388.598268
57.967614,5,4388.861928
54.214311,4,4389.110794
57.432638,5,4389.491196
59.085945,6,4389.687607
-5.900706,6,4390.027663
57.960666,5,4390.163777
57.967614,5,4390.430447
-6.243075,6,4390.834982
57.917525,6,4391.083236
-11.207716,4,4391.217975
57.768231,7,4391.633011
-5.909242,6,4391.955405
59.087624,6,4392.130118
57.777819,7,4392.320679
59.099294,6,4392.51258
54.018141,4,4392.828559
57.780709,7,4393.025534
-8.07235,5,4393.27655
59.093136,6,4393.410242
57.960305,5,4393.557012
57.965455,5,4393.791866
59.091081,6,4394.062218
59.099294,6,4394.273328
57.777542,7,4394.473413
59.095768,6,4394.668327
59.092115,6,4394.818917
57.967614,5,4395.056674
57.958671,5,4395.206712
57.967614,5,4395.422549
57.964288,5,4395.555107
59.095865,6,4395.757567
59.092315,6,4395.948043
57.967614,5,4396.111674
59.094186,6,4396.352451
-8.381791,5,4396.478838
-8.549707,5,4396.671878
-7.688273,6,4396.946954
58.151381,6,4397.30863
58.552785,6,4397.527004
54.216439,4,4397.724815
57.967614,5,4397.92926
59.095341,6,4398.130348
-7.685471,6,4398.561685
57.967614,5,4398.805611
59.098068,6,4398.963025
57.963855,5,4399.113051
57.967614,5,4399.255255
-8.147675,5,4399.460463
-5.909745,6,4399.671757
57.427827,5,4399.828185
59.087622,6,4400.032445
58.655261,6,4400.242192
-8.350243,5,4400.427972
59.099294,6,4400.664273
-10.807986,4,4400.877829
59.089707,6,4401.071705
-11.484102,4,4401.193686
-8.222079,5,4401.367743
59.095959,6,4401.553576
57.768655,7,4401.742745
57.960049,5,4401.946096
57.777135,7,4402.087501
57.862688,5,4402.259172
54.216439,4,4402.62035
59.043371,6,4402.823228
-7.05427,5,4402.96068
54.208092,4,4403.093114
59.096874,6,4403.300681
-8.099741,5,4403.700012
59.099294,6,4403.940723
-8.235765,5,4404.211708
59.096979,6,4404.340511
54.216439,4,4404.500721
57.96647,5,4404.644685
57.956897,5,4404.844948
59.089392,6,4404.991429
-8.332969,5,4405.190408
-7.994507,5,4406.12492
-10.962911,4,4406.501474
59.087668,6,4406.681934
-11.321315,4,4406.825786
59.090209,6,4406.945112
57.775621,7,4407.152603
54.216439,4,4407.297315
-11.406796,4,4407.424057
57.786584,7,4407.626471
58.502744,6,4407.871162
59.095423,6,4408.078196
54.216439,4,4408.219415
57.937869,6,4408.463391
59.079652,6,4408.604797
57.76372,7,4408.760566
59.052331,6,4408.965991
59.097456,6,4409.152498
59.087781,6,4409.339462
59.093327,6,4409.551917
-11.587112,4,4409.681923
54.216439,4,4409.82656
57.782857,7,4410.014309
57.967614,5,4410.210589
58.532301,6,4410.547098
57.957217,5,4410.694238
57.959384,5,4410.831628
57.779336,7,4411.084855
-7.702796,6,4411.539115
57.403811,5,4411.774019
54.216439,4,4411.9265
-8.015043,5,4412.226876
59.099294,6,4412.467902
54.083843,4,4412.6182
57.967614,5,4412.739559
59.095594,6,4412.934171
59.090506,6,4413.085759
57.777325,7,4413.28027
59.09226,6,4413.427371
59.095025,6,4413.623927
-11.107908,4,4413.802905
57.7675,7,4413.987309
54.209241,4,4414.227059
59.095309,6,4414.387788
57.967614,5,4414.539455
59.087009,6,4414.743093
57.96462,5,4414.905174
54.060507,4,4415.039034
-11.353435,4,4415.239051
-7.981034,5,4415.420257
58.140089,6,4415.794722
-7.555178,6,4415.972621
59.087402,6,4416.112475
57.967614,5,4416.259943
59.083389,6,4416.386613
-7.384142,6,4416.664029
57.965828,5,4416.820889
-7.497823,5,4417.020811
57.956618,5,4417.156755
54.216439,4,4417.408735
59.089798,6,4417.606703
54.216439,4,4417.831374
59.091825,6,4418.009179
-11.32521,4,4418.152444
59.099294,6,4418.340527
-8.476468,5,4418.514194
59.095073,6,4418.701696
57.965433,5,4418.83639
-11.073658,4,4418.998591
59.099294,6,4419.204192
-8.471229,5,4419.353799
-13.571593,3,4419.522124
54.216439,4,4419.752742
54.21252,4,4419.882265
-7.044869,5,4420.018939
-7.702049,5,4420.233886
57.635127,7,4420.452098
-8.582293,5,4420.584849
58.827632,6,4420.794491
57.861375,5,4421.119636
59.099294,6,4421.323739
57.960363,5,4421.526052
57.958851,5,4421.661495
59.08874,6,4421.826054
57.955999,5,4421.959907
-8.493235,5,4422.139424
59.099294,6,4422.27026
57.956238,5,4422.394428
57.709843,5,4422.551172
59.086563,6,4422.721559
-11.433441,4,4422.848434
57.964255,5,4422.967704
57.957743,5,4423.08736
59.099294,6,4423.284327
-7.432623,5,4423.494963
57.781331,7,4423.739407
-8.387522,5,4423.952534
-7.041237,5,4424.098697
-7.311123,5,4424.528867
-11.323252,4,4424.743832
57.967094,5,4424.866695
-11.598949,4,4424.977223
57.614183,5,4425.213585
58.761639,6,4425.451184
57.954602,5,4425.596046
59.090969,6,4425.718749
59.099294,6,4425.913588
-8.228303,5,4426.110191
-7.032386,5,4426.260034
59.088129,6,4426.461015
57.779557,7,4426.663555
57.36515,5,4426.998476
-13.688298,3,4427.123577
54.216439,4,4427.269854
59.088861,6,4427.469911
57.958231,5,4427.611155
57.957178,5,4427.723073
-6.36809,6,4428.280381
57.958231,5,4428.488863
57.95916,5,4428.632251
59.093528,6,4428.897418
57.777132,7,4429.111064
-8.191163,5,4429.450385
57.962983,5,4429.683088
-6.487705,6,4430.033221
-13.476791,3,4430.20348
-8.169897,5,4430.408844
59.086716,6,4430.560839
-8.273483,5,4430.696045
57.966928,5,4430.839846
-7.032386,5,4431.2702
-8.124848,6,4431.475967
-7.039072,5,4431.615146
57.777371,7,4431.813157
-11.160032,4,4432.101976
-6.654576,6,4432.505459
57.967614,5,4432.831394
-8.231176,6,4433.038224
57.967614,5,4433.28792
-7.70781,6,4433.478889
57.433322,5,4433.639383
-7.044376,5,4433.784884
59.080218,6,4433.930077
-7.681746,5,4434.138329
57.300031,5,4434.461864
59.092384,6,4434.728582
57.964985,5,4434.929916
-11.494896,4,4435.050675
-5.91217,6,4435.276656
-7.032386,5,4435.70084
-8.335621,5,4435.83467
57.967614,5,4436.075465
59.099294,6,4436.231602
54.216439,4,4436.468393
57.966308,5,4436.597011
59.089623,6,4436.807815
57.967614,5,4437.132879
-7.040981,5,4437.267588
-11.545122,4,4437.394092
-11.608509,4,4437.569038
59.091581,6,4437.743277
-7.739218,5,4437.96216
57.967614,5,4438.165345
59.093459,6,4438.352956
-8.251304,5,4438.567471
54.216439,4,4438.788509
59.086422,6,4438.938242
-11.1704,4,4439.194991
-8.203441,6,4439.390538
57.496891,7,4439.629775
59.098786,6,4439.858517
-11.598112,4,4439.984161
-8.211927,5,4440.207541
-7.044679,5,4440.347028
59.086559,6,4440.467848
57.95899,5,4440.611087
57.481761,5,4440.779336
59.099294,6,4441.020404
59.090517,6,4441.160784
57.784678,5,4441.364538
59.081648,6,4441.558485
-7.037081,5,4441.959179
57.774111,7,4442.125925
-11.407999,4,4442.264105
57.801891,5,4442.522915
54.212745,4,4442.785003
-7.984437,5,4443.01999
59.099294,6,4443.223094
58.243094,6,4443.47007
59.093394,6,4443.644722
57.678744,7,4443.875433
57.87119,5,4444.027303
57.623854,5,4444.247613
-8.153845,5,4444.649397
57.965404,5,4444.774879
58.606467,6,4445.12623
59.079683,6,4445.277246
-11.581435,4,4445.392666
59.093972,6,4445.620373
-10.783561,4,4445.768552
57.966136,5,4446.003871
57.967614,5,4446.243536
57.960119,5,4446.441048
57.955895,5,4446.634318
-5.900706,6,4446.961707
-11.214477,4,4447.093169
59.088947,6,4447.248805
57.967614,5,4447.387299
-7.424189,5,4447.609503
57.967614,5,4447.810044
-7.032386,5,4448.116559
54.216439,4,4448.343888
57.954398,5,4448.491212
57.95779,5,4448.643941
54.216439,4,4448.856385
57.788911,7,4449.096157
57.967614,5,4449.351045
-11.319401,4,4449.484565
-8.284664,5,4449.61439
57.750073,5,4449.763773
57.589811,5,4449.9891
58.507279,6,4450.231239
57.967614,5,4450.3854
57.778081,7,4450.576735
-7.93164,6,4450.756887
57.837944,5,4450.960715
-8.433268,5,4451.14492
57.967614,5,4451.301227
54.135544,4,4451.607742
57.611207,5,4451.872309
-7.571775,5,4452.094694
-11.336014,4,4452.350349
57.778055,7,4452.580179
59.095956,6,4452.739225
57.783145,7,4452.931016
57.966865,5,4453.059329
59.087643,6,4453.196668
54.216439,4,4453.432663
-11.292578,4,4453.628819
59.095473,6,4453.825571
57.967614,5,4453.975428
54.216439,4,4454.122771
57.732723,5,4454.346403
57.967614,5,4454.580733
59.096374,6,4454.788278
59.099294,6,4455.031224
-8.544431,5,4455.24751
-8.274022,5,4455.509289
57.967614,5,4455.631047
57.959191,5,4455.796288
57.966441,5,4456.0001
57.967614,5,4456.219887
-7.822404,5,4456.396108
-11.124433,4,4456.625254
54.216439,4,4456.856235
53.976398,4,4457.080272
54.216439,4,4457.22508
54.212902,4,4457.485934
-11.494364,4,4457.607495
57.963313,5,4457.814007
54.216439,4,4458.063578
57.967614,5,4458.270987
-7.776554,5,4458.526384
57.965223,5,4458.723098
57.966577,5,4458.878284
57.957224,5,4458.997636
57.680733,5,4459.140185
-11.281833,4,4459.345136
-8.351141,5,4459.538381
57.949022,5,4459.683094
-11.04384,4,4459.980062
59.099294,6,4460.188164
57.776838,7,4460.310765
58.616348,6,4460.557859
59.090623,6,4460.754626
54.214058,4,4460.878303
59.096217,6,4461.076874
57.957769,5,4461.200456
59.096938,6,4461.372225
59.088229,6,4461.576663
57.967614,5,4461.789976
57.963347,5,4461.938261
57.784233,7,4462.07794
59.07956,6,4462.226722
-7.7321,6,4462.56929
59.088872,6,4462.79405
57.961744,5,4462.947667
54.077688,4,4463.106186
-11.507207,4,4463.24212
57.779586,7,4463.444817
-8.491344,5,4463.655444
-6.121055,6,4464.086968
-8.576428,5,4464.290035
54.216439,4,4464.432215
-11.063782,4,4464.696679
57.958101,5,4464.936133
59.088433,6,4465.07352
54.216439,4,4465.304767
59.091705,6,4465.511961
-8.417391,5,4465.702014
-7.67611,6,4466.091923
57.964724,5,4466.300982
54.118331,4,4466.528156
59.099294,6,4466.760245
57.946885,5,4466.885305
59.094008,6,4467.083972
57.962147,5,4467.221889
59.096877,6,4467.464045
58.248571,6,4467.736174
59.094811,6,4467.930378
57.966377,5,4468.084027
-7.943009,5,4468.29863
57.958301,5,4468.429327
59.094793,6,4468.625988
57.748966,5,4468.847657
57.855106,5,4469.011744
-5.908414,6,4469.381047
57.778046,7,4469.606
57.966554,5,4469.808349
-11.164395,4,4469.932956
-8.392238,5,4470.062622
-10.783561,4,4470.497765
59.090549,6,4470.760443
59.08749,6,4470.953849
57.967614,5,4471.156519
59.09455,6,4471.316499
-8.080557,6,4471.533519
54.212525,4,4471.792703
57.537377,5,4472.033957
-8.057256,6,4472.224739
-8.05928,5,4472.396748
59.095072,6,4472.530102
54.216439,4,4472.755428
-8.168032,6,4472.878977
-8.540723,5,4473.006131
59.087236,6,4473.151605
-8.503951,5,4473.287779
59.098105,6,4473.436668
-5.900893,6,4473.622184
54.212419,4,4473.842639
-8.142184,6,4474.01947
57.956819,5,4474.129817
59.082464,6,4474.306631
59.093486,6,4474.50678
59.085535,6,4474.718508
59.099294,6,4474.955592
54.213556,4,4475.22622
-11.113515,4,4475.409792
59.089037,6,4475.603599
57.967614,5,4475.728403
57.967614,5,4475.895692
58.65976,6,4476.114736
-8.197577,5,4476.409556
-13.476791,3,4476.655805
-11.311831,4,4476.833464
-13.735455,3,4476.968516
57.967614,5,4477.21276
-13.67612,3,4477.343718
-8.260957,5,4477.648796
59.08844,6,4477.854372
59.089358,6,4478.06729
-8.20642,5,4478.201215
-8.269658,5,4478.33312
59.097884,6,4478.536396
57.449115,5,4478.691255
58.70693,6,4478.970264
-11.491947,4,4479.114638
-11.002079,4,4479.366126
57.958012,5,4479.499519
57.638745,7,4479.673378
59.09651,6,4479.810351
57.967614,5,4479.939238
58.308374,6,4480.27344
59.091822,6,4480.49122
58.421108,6,4480.750185
57.288431,5,4481.017092
-7.900661,5,4481.23824
57.651017,5,4481.477641
57.967614,5,4481.628795
-7.932014,6,4481.819941
59.085957,6,4482.009483
59.089109,6,4482.171684
-8.393904,5,4482.328991
-11.504854,4,4482.453104
-7.05147,6,4482.660081
57.777687,7,4482.941311
57.967614,5,4483.193277
57.776161,7,4483.431124
-7.37638,6,4483.66457
57.967614,5,4483.88615
57.967614,5,4484.044597
59.088023,6,4485.192916
57.957961,5,4485.340793
-11.1263,4,4485.627064
57.967614,5,4485.822321
-7.829714,5,4486.133225
57.967614,5,4486.287984
57.96034,5,4486.433088
-11.368536,4,4486.624054
-7.716867,7,4487.046112
59.096222,6,4487.244419
59.093086,6,4487.490981
54.14014,4,4487.632963
59.098101,6,4487.830826
57.542244,5,4488.059524
57.967614,5,4488.329773
-8.472416,5,4488.540683
57.967614,5,4488.74539
54.216439,4,4488.98579
57.696473,5,4489.142626
-8.198974,5,4489.260018
57.959987,5,4489.393853
-8.365303,5,4489.524464
-7.849508,6,4489.773525
59.099294,6,4489.932611
57.78725,7,4490.139161
57.694244,6,4490.390347
57.608037,5,4490.655781
54.216238,4,4490.805912
57.89175,6,4491.149284
59.090721,6,4491.354837
58.820866,6,4491.519157
-7.498158,5,4491.730843
59.099294,6,4491.869941
-11.60981,4,4491.991173
57.967614,5,4492.146594
57.966465,5,4492.310693
-11.385448,4,4492.475391
59.09432,6,4492.65688
-7.291026,5,4492.961394
-7.759795,5,4493.230083
59.099294,6,4493.396031
-7.038481,5,4493.533217
57.567111,5,4493.736642
-8.174041,6,4493.900727
-8.184339,5,4494.029065
-7.858244,5,4494.306706
59.08552,6,4494.480584
-7.34551,5,4495.004928
-8.168762,5,4495.23758
54.216439,4,4495.439483
57.961312,5,4495.632771
-7.614071,6,4495.827726
59.080427,6,4495.972563
57.962474,5,4496.116538
57.96391,5,4496.362667
57.777778,7,4496.568474
57.967614,5,4496.783841
-7.036213,5,4496.922168
59.099294,6,4497.142174
54.045571,4,4497.39078
-11.532228,4,4497.573144
-7.432155,6,4497.867771
57.958602,5,4498.123549
59.0951,6,4498.336765
57.967614,5,4498.577952
54.213607,4,4498.718731
-5.911029,6,4498.918872
58.837174,6,4499.170872
57.722615,5,4499.333634
57.967614,5,4499.480225
58.825066,6,4499.743325
57.778945,7,4499.949281
57.967614,5,4500.238133
59.093608,6,4500.454208
-8.35275,5,4500.65331
-11.036488,4,4500.80706
-11.518349,4,4500.937861
57.967614,5,4501.102237
57.967614,5,4501.244038
59.091474,6,4501.368614
57.868916,5,4501.531782
57.967614,5,4501.77718
54.207147,4,4502.006006
59.097711,6,4502.145871
57.967614,5,4502.383157
-7.703616,5,4502.707658
57.967614,5,4502.902347
59.094951,6,4503.053071
59.094238,6,4503.212232
57.967614,5,4503.384069
59.099294,6,4503.628616
57.967614,5,4503.802979
57.967614,5,4504.010112
57.952266,5,4504.163404
59.097058,6,4504.303228
-8.172568,5,4504.465624
-11.498144,4,4504.715708
-11.543584,4,4504.835436
59.099294,6,4504.96157
-8.071056,5,4505.264267
59.096989,6,4505.415477
58.334291,6,4505.663275
-7.852667,5,4505.933262
59.099294,6,4506.160052
-8.257694,5,4506.314051
-11.60434,4,4506.44682
59.089076,6,4506.637424
57.967614,5,4506.830949
59.098619,6,4506.991223
58.755321,6,4507.157076
59.097355,6,4507.37
-11.199418,4,4507.694961
59.096235,6,4507.940708
57.9567,5,4508.064488
57.967614,5,4508.259955
59.090751,6,4508.436243
-11.612293,4,4508.562707
58.89036,6,4508.759791
59.089293,6,4508.960011
59.09112,6,4509.160018
59.099045,6,4509.326152
-7.082144,6,4509.539774
-7.582327,5,4509.861972
59.095406,6,4510.063002
59.081275,6,4510.258747
59.089857,6,4510.500531
-6.991697,6,4510.833836
57.779836,7,4511.038997
57.78954,7,4511.282343
-7.043794,5,4511.428113
-8.030845,6,4511.631579
57.960905,5,4511.763947
54.216439,4,4511.910779
59.083583,6,4512.074031
58.648733,6,4512.284885
58.178066,6,4512.630407
59.099294,6,4512.873248
-7.026959,6,4513.095824
57.931646,5,4513.255267
-7.032386,5,4513.683974
57.65109,5,4513.82869
-8.602004,5,4513.959691
59.091285,6,4514.093636
58.235911,6,4514.319781
-5.919736,6,4514.457877
59.099294,6,4514.678951
59.096864,6,4514.885723
57.938873,5,4515.1418
59.086494,6,4515.283194
-8.472774,5,4515.497501
59.088623,6,4515.707042
54.216439,4,4515.964226
57.964557,5,4516.122692
57.778828,7,4516.328388
54.216439,4,4516.582595
57.455081,5,4516.812901
59.093971,6,4517.034753
-8.114838,5,4517.215058
57.965258,5,4517.430077
-7.895814,5,4517.630262
-11.612504,4,4517.816514
-5.917113,6,4517.957726
-5.923558,6,4518.078292
-8.426841,5,4518.206979
57.960122,5,4518.335891
57.763175,5,4518.484827
-13.774034,3,4518.602937
59.096704,6,4518.766579
59.090908,6,4518.906494
-7.869096,6,4519.116761
57.488191,5,4519.259805
-11.200844,4,4519.396943
-11.521864,4,4519.513604
59.099294,6,4519.720704
57.967614,5,4519.892671
59.08558,6,4520.053663
59.075903,6,4520.220865
57.443765,7,4520.390095
59.091734,6,4520.527499
-8.180256,5,4520.675142
59.091065,6,4520.883571
57.958666,5,4521.020183
-8.55366,5,4521.220711
-8.524618,5,4521.550185
59.088309,6,4521.690898
54.215895,4,4521.955743
57.966593,5,4522.113585
-7.435978,6,4522.330897
57.967152,5,4522.527745
58.101578,6,4522.777886
59.097034,6,4522.954291
57.967614,5,4523.093642
57.966837,5,4523.229972
57.474334,5,4523.465854
57.966039,5,4523.646484
58.226364,6,4523.966129
57.672168,5,4524.206954
54.156083,4,4524.377875
-8.578733,5,4524.504207
-7.925217,5,4524.769932
59.094831,6,4524.895373
-7.121771,5,4525.399683
57.768144,7,4525.604588
59.099294,6,4525.937118
59.096537,6,4526.187844
57.787256,5,4526.497313
-8.144655,5,4526.674072
-5.9058,6,4526.85945
54.201857,4,4527.009519
57.729172,5,4527.251428
59.090214,6,4527.452865
57.122853,5,4527.826725
57.788758,7,4528.064628
57.967614,5,4528.183057
59.091701,6,4528.307334
54.215566,4,4528.533399
59.099294,6,4528.743479
-8.077688,5,4529.189649
-11.595113,4,4529.321574
58.917131,6,4529.585577
57.967614,5,4529.802099
-11.442228,4,4529.947559
-11.226101,4,4530.27426
-11.485953,4,4530.456886
57.761303,5,4530.730624
57.967614,5,4530.868067
-11.050428,4,4531.118788
58.689752,6,4531.383432
57.78954,7,4531.589161
-8.569802,5,4531.724306
59.08861,6,4531.875278
-7.236142,5,4532.371227
-11.161289,4,4532.680925
59.079946,6,4532.819205
57.967614,5,4532.974992
59.099294,6,4533.143731
-10.783561,4,4533.276076
57.958021,5,4533.41998
58.990351,6,4533.576739
57.964505,5,4533.733198
-8.246537,6,4533.939302
57.967614,5,4534.142387
59.099294,6,4534.359515
54.216439,4,4534.508947
-11.080143,4,4534.700065
57.765469,7,4534.855878
-7.951793,5,4535.059194
54.216439,4,4535.197591
59.099294,6,4535.396828
54.109831,4,4535.542201
57.965023,5,4535.68811
57.96039,5,4535.832412
54.216439,4,4535.990446
-6.943085,6,4536.217692
-7.675556,5,4536.536148
-11.609298,4,4536.664055
57.967614,5,4536.827021
-11.291155,4,4536.990807
-8.237705,5,4537.135633
59.099294,6,4537.300601
57.77994,7,4537.464343
-8.17347,5,4537.721591
-8.351383,5,4537.985074
57.967614,5,4538.124211
59.092648,6,4538.413523
57.967614,5,4538.554336
-7.387248,6,4538.859305
-8.5991,5,4539.026771
59.089811,6,4539.283817
-11.07059,4,4539.542714
-8.19691,5,4539.692725
-5.918146,6,4539.896534
-7.032386,5,4540.21729
-7.039704,5,4540.354651
-11.585616,4,4540.474634
57.966865,5,4540.597893
59.085658,6,4540.806848
59.092273,6,4540.977188
-7.521377,5,4541.128516
59.099294,6,4541.338683
57.966764,5,4541.545419
-11.487258,4,4541.73388
-5.90833,6,4541.875489
59.099294,6,4542.103153
-8.508284,5,4542.233543
-7.625023,6,4542.518539
57.780707,7,4542.674577
57.785338,7,4542.838445
57.967294,5,4543.050443
58.032642,6,4543.295213
-7.441421,5,4543.527191
57.96001,5,4543.700381
57.783944,7,4543.943938
57.960705,5,4544.173334
57.767852,7,4544.368199
54.216439,4,4544.636411
59.082974,6,4544.763561
57.960958,5,4544.961296
59.077048,6,4545.15159
59.079956,6,4545.370232
57.591265,5,4545.525951
-11.177478,4,4545.695824
54.216439,4,4545.883897
-11.41937,4,4546.057697
57.958051,5,4546.193341
57.967614,5,4546.406786
57.782711,7,4546.682924
-7.803655,5,4546.837629
57.472939,5,4547.215431
59.099294,6,4547.42183
57.9498,5,4547.652877
57.906649,5,4547.82832
59.089289,6,4548.025606
-5.923483,6,4548.232417
57.654899,5,4548.503472
59.096739,6,4548.648374
57.961142,5,4548.792901
59.099294,6,4549.01843
57.967614,5,4549.162319
54.216439,4,4549.399662
-7.748318,5,4549.656091
57.962893,5,4549.785656
58.571512,6,4550.105894
-5.900706,6,4550.294915
59.089666,6,4550.428119
57.626316,5,4550.668868
57.782361,7,4550.867664
57.961578,5,4551.023164
59.099294,6,4551.177998
57.967614,5,4551.3424
57.960877,5,4551.505158
57.772715,7,4551.755774
-7.034069,5,4551.914016
59.089582,6,4552.123265
-11.34992,4,4552.346692
57.957821,5,4552.492412
-11.320524,4,4552.67797
57.967614,5,4552.836839
57.967329,5,4552.975061
59.097817,6,4553.180327
57.786024,7,4553.389286
57.959361,5,4553.532674
-13.771964,3,4553.664242
-7.055519,5,4553.796234
54.216439,4,4554.069048
54.175362,4,4554.234394
58.977751,6,4554.39997
-8.475495,5,4554.750779
59.086698,6,4554.955603
59.093897,6,4555.155759
57.774213,7,4555.340714
-8.140794,5,4555.663224
58.386225,6,4556.018013
-7.415486,6,4556.318073
57.967614,5,4556.475804
57.967614,5,4556.608138
59.099294,6,4556.814979
53.203222,8,4557.066202
57.967614,5,4557.315569
-7.937772,6,4557.612622
59.099294,6,4557.759412
59.091018,6,4557.968431
59.084058,6,4558.184619
59.088784,6,4558.350387
57.967614,5,4558.55618
57.775414,7,4558.804924
59.092986,6,4558.958642
57.956432,5,4559.165437
-11.533655,4,4559.308913
58.265673,6,4559.578709
59.078859,6,4559.731896
59.099294,6,4559.957679
-8.089349,5,4560.165448
58.235079,6,4560.520068
-8.079169,6,4560.704094
59.084768,6,4560.837681
57.941814,5,4560.993492
-7.04273,5,4561.138614
59.091614,6,4561.346789
59.099294,6,4561.548786
57.967614,5,4561.706252
-8.284403,5,4561.847999
57.967614,5,4562.068065
-5.912236,6,4562.220276
-11.417269,4,4563.103428
-10.783561,4,4563.398126
59.09416,6,4563.537881
59.097418,6,4563.750487
59.095515,6,4563.977457
-8.4764,5,4564.176301
57.769701,7,4564.324651
59.099294,6,4564.540689
57.353636,5,4564.84374
-8.11267,5,4564.994167
59.093004,6,4565.194838
57.967614,5,4565.325016
57.910621,5,4565.556427
57.179815,5,4565.89607
-8.402363,5,4566.072066
59.085254,6,4566.264348
57.964342,5,4566.408531
57.967614,5,4566.6261
-7.911191,5,4566.758165
57.777655,7,4566.958168
-8.148168,6,4567.160142
59.09079,6,4567.373707
59.086263,6,4567.530555
57.55333,5,4567.76387
57.967614,5,4567.964163
57.967614,5,4568.251583
57.962262,5,4568.393479
59.099294,6,4568.552567
59.099294,6,4568.755289
59.089942,6,4568.919125
59.099294,6,4569.051175
59.085104,6,4569.176205
57.959338,5,4569.32344
57.967614,5,4569.496484
57.952755,5,4569.657786
-6.961543,6,4569.987867
-8.065123,6,4570.178371
57.958373,5,4570.375494
57.581724,5,4570.623625
57.632615,6,4571.021468
-7.040286,5,4571.460939
59.0963,6,4571.682747
-8.519705,5,4571.901091
-7.45047,5,4572.310471
59.085515,6,4572.447217
59.087424,6,4572.620629
57.957413,5,4572.835376
59.089214,6,4573.107291
57.95661,5,4573.331373
-11.120733,4,4573.768557
59.08664,6,4573.98737
54.216439,4,4574.128726
59.094619,6,4574.333215
59.084745,6,4574.548271
58.758974,6,4574.717501
57.966567,5,4574.888201
54.216439,4,4575.05014
57.770545,7,4575.243975
57.956444,5,4575.405101
59.096925,6,4575.621711
-11.48439,4,4575.747503
57.954273,5,4575.868519
57.536484,5,4576.091271
57.967614,5,4576.442146
-7.637359,6,4576.766175
59.089846,6,4576.967076
-7.16876,5,4577.394054
57.967614,5,4577.647042
57.960214,5,4577.787362
57.539716,5,4578.153682
57.966232,5,4578.314418
57.967258,5,4578.567011
57.310964,5,4578.847286
57.780009,7,4579.057895
-11.477733,4,4579.21349
57.246751,5,4579.477986
57.916551,5,4579.693014
57.967614,5,4579.894773
59.089761,6,4580.063529
59.097398,6,4580.213622
-8.200979,5,4580.446992
59.09012,6,4580.707228
-7.838162,5,4580.893026
57.967614,5,4581.070572
59.094791,6,4581.226998
57.782121,7,4581.383542
57.967614,5,4581.595347
-7.831812,6,4581.993292
57.964793,5,4582.220924
-7.853821,5,4582.388488
57.940627,5,4582.556934
-8.321854,5,4582.6831
59.09581,6,4582.843821
57.767013,7,4583.033174
57.78954,7,4583.281367
-8.249345,5,4583.525182
-8.56271,5,4583.712348
-7.079957,6,4584.038837
54.216439,4,4584.573233
57.967614,5,4584.812871
-11.162648,4,4585.063027
59.090771,6,4585.211346
-7.778081,5,4585.481085
57.960277,5,4585.636962
54.216439,4,4585.788043
57.764393,5,4586.020598
54.216439,4,4586.176804
-11.029818,4,4586.307988
57.779016,7,4586.512644
57.963923,5,4586.67581
59.095011,6,4586.917662
-7.771867,5,4587.189483
53.939997,4,4587.413329
59.084788,6,4587.576924
59.089682,6,4587.709021
-7.041076,6,4587.991878
59.090383,6,4588.111314
-7.895908,5,4588.298441
-8.378613,5,4588.561873
59.099294,6,4588.713613
58.940566,6,4588.915056
59.096004,6,4589.121776
59.090711,6,4589.321526
57.958157,5,4589.491932
-7.362886,5,4590.065758
57.961055,5,4590.217646
59.093332,6,4590.428022
-7.349883,5,4590.729225
-7.498234,6,4590.915594
57.957312,5,4591.035277
54.216439,4,4591.277638
-7.311877,6,4591.579366
59.087963,6,4591.786357
-11.18907,4,4591.938854
-7.234177,6,4592.260317
59.091363,6,4592.476815
58.772848,6,4592.813116
-11.344437,4,4593.025021
-8.224267,5,4593.167828
58.060505,6,4593.42502
59.086319,6,4593.617431
59.086438,6,4593.750117
57.59271,5,4593.919831
57.96271,5,4594.13979
57.959253,5,4594.261892
56.528269,7,4594.561491
-8.393432,5,4594.765144
-7.817115,5,4594.971672
57.78274,7,4595.19845
-11.10539,4,4595.496446
-7.300848,6,4595.693387
59.096796,6,4595.856248
54.095157,4,4596.090611
59.090245,6,4596.31437
57.966365,5,4596.544492
57.963208,5,4596.694707
-5.900765,6,4597.040812
54.215668,4,4597.306505
-8.334572,5,4597.511625
57.778161,7,4597.719552
58.645764,6,4597.875098
57.955954,5,4598.027928
-7.905535,6,4598.259914
57.776731,7,4598.457065
-5.91648,6,4598.65866
54.211846,4,4598.902625
59.089561,6,4599.100552
54.20832,4,4599.400526
57.966049,5,4599.551007
-8.010674,6,4599.750058
-11.534857,4,4599.931573
53.20337,8,4600.178576
57.955994,5,4600.311349
54.068596,4,4600.563219
59.096225,6,4600.764971
57.96033,5,4600.972144
59.099294,6,4601.126532
-7.676237,5,4601.443342
59.099294,6,4601.636213
57.78954,7,4601.839371
54.216439,4,4601.999157
57.573121,5,4602.242453
57.966453,5,4602.453801
-11.496454,4,4602.715365
-6.827328,6,4602.937299
59.087554,6,4603.088552
54.216439,4,4603.22889
57.911164,6,4603.50741
59.099294,6,4603.729077
-7.62435,6,4603.937755
59.088732,6,4604.157711
57.957823,5,4604.288536
59.099294,6,4604.431813
54.205286,4,4604.697131
57.957412,5,4604.902969
57.716981,5,4605.06206
54.02568,4,4605.301763
57.675941,5,4605.49484
59.091502,6,4605.631837
59.079371,6,4605.838209
57.94759,5,4606.001181
59.099294,6,4606.355907
59.094158,6,4606.571914
59.090482,6,4606.797176
57.963498,5,4606.938695
57.967614,5,4607.092426
57.956742,5,4607.253446
57.960708,5,4607.389779
57.773341,7,4607.593599
57.7787,7,4607.836196
57.967614,5,4608.00243
-7.948561,5,4608.162068
57.967614,5,4608.319253
-7.054298,6,4608.625959
-8.461961,5,4608.829219
-11.23055,4,4608.984854
-7.861518,5,4609.198043
-11.049335,4,4609.395994
59.088776,6,4609.554582
57.210866,5,4609.927612
59.092532,6,4610.136295
-6.068662,6,4610.649247
59.098052,6,4610.812263
57.967614,5,4611.162833
57.967614,5,4611.387233
57.956849,5,4611.599549
-7.427613,6,4611.879261
57.67764,5,4612.034929
59.088808,6,4612.240985
59.080868,6,4612.386165
54.214703,4,4612.527448
-8.026999,5,4612.709521
57.781016,7,4612.859131
57.319055,5,4613.039492
58.211378,6,4613.20327
54.038525,4,4613.438858
-11.06397,4,4613.689751
59.090548,6,4613.826939
-7.979628,6,4614.047426
-11.194929,4,4614.193127
54.216439,4,4614.440138
57.950954,5,4614.692073
59.085425,6,4614.834395
-11.419394,4,4615.011262
57.78215,7,4615.218919
57.967614,5,4615.438014
57.777031,7,4615.657821
-7.886291,6,4615.874279
-8.104343,5,4616.197156
-5.91421,6,4616.391437
59.095447,6,4616.514237
-8.361895,5,4616.651304
59.090587,6,4616.892375
57.796323,5,4617.249878
-8.146606,5,4617.408086
57.681198,5,4617.605824
59.093127,6,4617.85045
-11.459501,4,4617.986007
59.099294,6,4618.182014
57.967614,5,4618.439001
59.091043,6,4618.579654
54.216439,4,4618.731408
57.965183,5,4618.88672
59.088293,6,4619.018991
57.781392,7,4619.223927
57.324256,5,4619.553845
59.096054,6,4619.699479
59.088958,6,4619.9177
57.967614,5,4620.078141
-7.928472,6,4620.304431
-11.196648,4,4620.470301
57.782977,7,4620.728108
57.662663,5,4620.974273
59.097115,6,4621.199328
57.967614,5,4621.356314
-7.734579,5,4621.669142
59.093018,6,4621.884192
-8.22141,5,4622.013113
59.099294,6,4622.179739
59.099294,6,4622.41402
59.092458,6,4622.628673
-7.822905,6,4622.782317
57.956034,5,4622.911816
-7.478255,6,4623.111076
59.090638,6,4623.245982
59.096166,6,4623.396073
57.962845,5,4623.557992
59.099294,6,4623.76981
-8.281185,5,4623.924011
57.967614,5,4624.165693
-6.954806,6,4624.48807
59.09349,6,4624.706904
59.099294,6,4624.862332
59.099294,6,4625.116871
59.087378,6,4625.284721
57.967614,5,4625.579841
57.967614,5,4625.720499
-8.343128,5,4625.920574
-7.351905,6,4626.236811
-11.040536,4,4626.392997
57.956244,5,4626.527171
59.087599,6,4626.741987
-10.783561,4,4627.166648
-7.290023,5,4627.573292
59.08565,6,4627.783581
59.088264,6,4627.998963
57.613499,5,4628.154128
57.50714,5,4628.320504
59.093871,6,4628.524103
57.963029,5,4628.671389
-8.360596,5,4628.812134
54.033938,4,4628.98409
58.787857,6,4629.238451
57.779728,7,4629.446457
-11.204761,4,4629.59294
59.090822,6,4629.786468
57.967614,5,4630.049138
59.099294,6,4630.280443
59.092021,6,4630.432508
59.099294,6,4630.663301
57.780441,7,4630.886782
57.777763,7,4631.091492
-11.563954,4,4631.219618
57.901972,5,4631.401451
57.646964,5,4631.585236
59.098188,6,4631.806415
57.777893,7,4632.091325
58.576381,6,4632.456506
57.60606,5,4632.923479
54.215796,4,4633.206965
57.967614,5,4633.385413
-13.758689,3,4633.575159
57.967003,5,4633.721702
57.967614,5,4633.956465
54.211092,4,4634.094186
-7.734463,5,4634.387577
57.153536,5,4634.843796
57.378303,5,4635.109651
57.771342,7,4635.341067
59.099294,6,4635.60302
-7.368443,5,4636.048001
-8.421244,5,4636.306238
57.967614,5,4636.451547
57.349306,5,4636.822199
-7.940935,5,4637.070477
57.951692,5,4637.223289
57.814093,5,4637.367584
-7.683147,5,4637.586431
59.09607,6,4637.736684
-7.681279,5,4637.983877
59.099294,6,4638.130584
57.957252,5,4638.300622
59.078776,6,4638.482187
59.095522,6,4638.673731
59.093148,6,4638.845867
59.087423,6,4638.995639
59.088396,6,4639.248736
57.967614,5,4639.506116
57.735852,5,4639.713602
59.094513,6,4639.939637
-8.298074,5,4640.118099
57.967614,5,4640.330697
59.099294,6,4640.542592
54.216439,4,4640.782566
59.079831,6,4640.931357
57.926415,5,4641.12809
-11.046842,4,4641.354335
-8.182388,5,4641.523579
-8.515967,5,4641.736736
-5.917071,6,4641.920563
54.213954,4,4642.07122
-7.904198,5,4642.402515
57.957001,5,4642.75704
57.96315,5,4642.916381
-13.745678,3,4643.038632
-11.502082,4,4643.265399
57.967614,5,4643.477245
57.789208,7,4643.725721
57.960098,5,4643.920105
54.208413,4,4644.19553
57.960324,5,4644.48326
59.099294,6,4645.795965
59.096165,6,4646.183104
-7.943027,5,4646.34049
59.099216,6,4646.520221
-10.958716,4,4646.759415
57.37905,5,4646.924987
-10.783561,4,4647.091012
59.096265,6,4647.293351
-6.764079,6,4647.583533
57.966483,5,4648.181514
54.207015,4,4649.029258
-11.489569,4,4649.755224
59.090168,6,4650.450519
-7.854598,5,4651.18022
59.095222,6,4651.883256
57.78587,7,4652.432588
57.966938,5,4653.074114
-8.141214,6,4653.76209
57.964113,5,4654.085807
57.967614,5,4654.351094
57.780938,7,4654.70472
57.2785,5,4655.198566
-8.416427,5,4655.492673
59.085527,6,4655.659736
59.093001,6,4655.904927
59.095679,6,4656.064658
-8.220649,5,4656.361603
-8.172713,5,4656.556315
-8.538181,5,4656.683735
-8.192455,5,4656.910358
-6.17823,6,4657.352398
57.266228,5,4657.707957
57.956512,5,4657.956241
-8.392447,5,4658.161625
-11.436236,4,4658.298275
-8.18135,5,4658.453273
59.097251,6,4658.58316
-7.979336,5,4658.833878
57.275268,5,4658.99464
59.093193,6,4659.34456
57.967614,5,4659.569548
57.964367,5,4659.83342
59.090601,6,4660.009262
-7.991306,6,4660.208843
57.956705,5,4660.378088
57.967614,5,4660.592824
57.967614,5,4660.752476
-7.737651,5,4661.089807
-8.56242,5,4661.26196
-8.038383,6,4661.406892
57.960208,5,4661.616187
-8.010953,5,4661.924629
-8.552147,5,4662.062865
57.422541,5,4662.306481
57.960988,5,4662.520815
57.966259,5,4662.739961
57.198342,5,4662.993132
-7.685746,5,4663.243039
59.09405,6,4663.459406
-8.564297,5,4663.677039
59.090597,6,4663.896058
-13.565258,3,4664.080701
59.090754,6,4664.393056
-11.574254,4,4664.54193
59.088255,6,4664.76438
59.088224,6,4664.997338
-8.024544,5,4665.293247
59.099294,6,4665.422965
-7.788552,5,4665.778487
54.214814,4,4665.916673
57.963826,5,4666.065492
57.953493,5,4666.216468
57.790121,5,4666.459266
54.210655,4,4666.702071
57.966618,5,4666.924559
57.967614,5,4667.095956
57.594428,5,4667.264952
57.95281,5,4667.443342
-8.257091,5,4667.664748
57.961154,5,4667.872344
57.967614,5,4668.006385
57.783654,7,4668.208402
58.421634,6,4668.366575
54.216439,4,4668.52041
-5.900706,6,4668.98809
-5.904057,6,4669.200143
-8.107679,5,4669.458558
57.78954,7,4669.680488
57.956326,5,4669.850776
-11.535204,4,4670.048288
-6.623543,6,4670.299383
54.216006,4,4670.513495
58.425001,6,4670.795878
-7.778172,6,4671.026048
54.216439,4,4671.291815
59.09699,6,4671.457182
-11.2346,4,4671.601929
57.967614,5,4671.818075
57.775164,7,4672.013319
57.788856,7,4672.258418
-11.094081,4,4672.406414
57.78954,7,4672.609309
59.095865,6,4672.836939
59.083887,6,4673.04195
57.964834,5,4673.179667
57.518422,5,4673.428989
59.099294,6,4673.644784
59.095817,6,4673.811964
57.967614,5,4674.087433
57.278571,5,4674.329782
-8.460997,5,4674.462167
57.967614,5,4674.612884
57.88637,5,4674.757801
-11.24325,4,4675.01136
57.960923,5,4675.222996
57.600332,5,4675.461098
-8.028745,6,4675.661445
57.966879,5,4675.829021
57.967614,5,4676.065114
-8.145557,5,4676.307134
57.963857,5,4676.441963
-8.163214,6,4676.619374
-8.479738,5,4676.846034
-11.589401,4,4676.96732
-11.439669,4,4677.096926
57.956062,5,4677.422539
57.961655,5,4677.651426
57.958742,5,4677.79702
57.777722,7,4677.977793
57.958331,5,4678.112155
-8.511566,5,4678.30225
-6.529724,6,4678.630853
57.962657,5,4678.866393
57.57841,5,4679.064698
59.091159,6,4679.218114
59.091326,6,4679.537918
59.099294,6,4679.73792
59.099294,6,4679.925977
59.099294,6,4680.165287
-13.690903,3,4680.313984
-11.15208,4,4680.455706
-6.816991,6,4680.694275
57.958999,5,4681.022234
57.960177,5,4681.241653
58.949085,6,4681.540182
-11.587518,4,4681.741753
59.099294,6,4681.893111
-11.589101,4,4682.027355
57.778497,7,4682.234205
59.098455,6,4682.453508
54.216439,4,4682.627388
-8.500989,5,4682.77007
-13.729613,3,4682.901264
-11.090612,4,4683.173095
54.213154,4,4683.406424
57.966948,5,4683.580643
57.157801,5,4683.954907
-11.336579,4,4684.121889
57.967425,5,4684.339833
57.960983,5,4684.46903
57.957608,5,4684.617686
57.965648,5,4684.782095
59.087916,6,4684.963196
57.881539,5,4685.108518
-11.600388,4,4685.247207
59.096116,6,4685.481629
59.093998,6,4685.705052
57.96357,5,4685.867581
-8.499424,5,4686.026534
59.086768,6,4686.228503
57.96735,5,4686.421264
-11.364552,4,4686.639431
-7.845147,5,4686.867166
54.119853,4,4687.035808
59.088506,6,4687.171315
59.099294,6,4687.35181
-7.463313,5,4687.72485
-8.462761,5,4687.859297
57.955847,5,4688.006045
59.099294,6,4688.352156
59.099294,6,4688.525326
59.088951,6,4688.743774
59.088279,6,4688.959213
57.967374,5,4689.19961
57.967614,5,4689.462355
59.099294,6,4689.635244
57.309208,5,4689.948934
57.962136,5,4690.105243
57.958892,5,4690.23942
-13.501336,3,4690.382573
59.090742,6,4690.525147
57.77646,7,4690.660683
-11.427535,4,4690.808167
59.099294,6,4691.026189
54.13312,4,4691.213771
-8.256884,5,4691.369915
57.957353,5,4691.603868
54.215437,4,4691.7608
59.093203,6,4691.985192
59.096522,6,4692.143085
57.967614,5,4692.436787
59.099294,6,4692.782779
57.965422,5,4692.995704
59.093158,6,4693.159533
54.211011,4,4693.445817
59.093868,6,4693.585519
-7.032386,5,4694.046377
-7.85736,5,4694.352189
54.186332,4,4694.632134
59.099294,6,4694.765093
57.967614,5,4694.989656
57.967614,5,4695.256354
-8.535338,5,4695.446613
54.216439,4,4695.710693
59.099294,6,4695.841395
59.08784,6,4696.05031
-6.313765,6,4696.502351
-10.783561,4,4696.923662
-8.06405,5,4697.128495
-8.110403,6,4697.342849
57.770017,7,4697.544228
59.099294,6,4697.762999
-8.05635,5,4697.925736
59.04257,6,4698.200367
59.090809,6,4698.423652
-8.380236,5,4698.647775
57.186735,5,4698.972666
58.47517,6,4699.226385
-8.02567,5,4699.524562
-11.062634,4,4699.657348
-11.424997,4,4699.836641
59.099294,6,4700.007496
57.959625,5,4700.184675
57.781982,7,4700.901334
-6.38709,6,4702.039733
57.967614,5,4702.814358
57.965835,5,4703.388113
-7.661492,6,4704.248193
59.085689,6,4704.658798
59.098294,6,4705.427986
59.087027,6,4706.013699
59.08827,6,4706.765485
59.098779,6,4707.252206
57.967614,5,4707.777825
-8.357406,5,4708.1959
57.495857,5,4708.9324
59.097773,6,4709.973999
59.077103,6,4710.889594
57.967614,5,4711.778587
57.788186,7,4712.528194
-7.666918,6,4712.930696
57.967614,5,4713.421512
-11.273042,4,4713.85076
54.216439,4,4714.368088
59.089659,6,4714.788199
57.956758,5,4715.22782
-7.390318,5,4716.318712
-7.571156,5,4716.994644
59.08771,6,4717.357631
59.099294,6,4717.835648
59.087486,6,4718.150745
59.088315,6,4718.505826
-11.39038,4,4718.815624
57.472712,5,4719.581567
59.099294,6,4720.162143
-8.343577,5,4721.099537
57.753237,6,4722.332028
57.961367,5,4722.77184
57.619348,5,4723.952032
-5.903171,6,4724.657722
57.96594,5,4725.018364
59.097042,6,4725.737255
57.961935,5,4726.228276
59.097708,6,4727.034158
54.216439,4,4727.514618
-6.937383,6,4728.06845
-7.926905,5,4728.397827
59.099294,6,4728.906061
-11.286376,4,4729.311154
-8.123997,5,4730.611
57.786261,7,4731.237151
-11.223312,4,4732.09719
-8.302917,5,4732.411351
59.098361,6,4732.929523
57.864109,5,4733.526827
-7.387615,5,4734.345611
57.777418,7,4735.29265
59.089011,6,4735.868254
57.967614,5,4736.495062
-7.759982,5,4737.108638
57.960652,5,4737.50279
54.207552,4,4737.958587
59.085249,6,4738.302894
-7.353178,6,4738.789412
59.091221,6,4739.039444
59.098126,6,4739.413943
57.954505,5,4739.620557
54.204935,4,4739.78344
-7.981739,5,4740.123202
54.20683,4,4740.28504
-8.026803,5,4740.627177
59.099294,6,4740.992968
57.19022,5,4741.23579
57.967614,5,4741.494609
59.099294,6,4741.875513
57.964893,5,4742.059739
57.781214,7,4742.26893
59.097303,6,4742.516206
-8.253087,6,4742.721712
59.091314,6,4742.852873
59.099294,6,4743.005026
-8.262829,5,4743.210527
54.188745,4,4743.377301
-8.027435,5,4743.690639
57.962979,5,4743.827883
57.78115,7,4744.0293
-7.591764,6,4744.301771
-10.889375,4,4744.633826
57.96597,5,4744.787809
59.092153,6,4744.999653
-11.456264,4,4745.144818
-11.053587,4,4745.276177
53.193722,8,4745.475409
59.087594,6,4745.634793
-7.671734,6,4745.987947
54.215212,4,4746.142704
59.099294,6,4746.36252
59.092076,6,4746.531495
57.967614,5,4746.77699
-11.371611,4,4746.984059
57.257411,5,4747.249166
59.089632,6,4747.453886
57.777152,7,4747.666749
57.746619,5,4747.898467
59.099294,6,4748.068765
-9.39818,7,4748.276545
-7.032386,5,4748.79932
57.78954,7,4749.038182
-5.911166,6,4749.186656
-7.415507,6,4749.710412
58.328693,6,4749.99641
-6.19263,6,4750.486392
-13.646142,3,4750.665097
57.967614,5,4750.942703
57.95925,5,4751.119307
57.955656,5,4751.36595
54.216439,4,4751.539828
57.768668,7,4751.765637
-7.807361,6,4751.954415
59.091112,6,4752.170473
59.08732,6,4752.384347
54.210832,4,4752.599747
59.088091,6,4752.757696
59.088281,6,4752.902321
57.786485,7,4753.042514
54.207672,4,4753.309949
59.091619,6,4753.574183
57.957368,5,4753.73254
-6.731688,6,4753.956357
59.083964,6,4754.153322
59.091881,6,4754.342671
59.01967,6,4754.506014
57.967614,5,4754.650805
57.780045,7,4754.859632
-11.068466,4,4755.142472
-7.56492,5,4755.57449
-7.043705,5,4755.729595
57.884923,5,4755.928591
59.09534,6,4756.072226
58.884234,6,4756.281092
57.787111,7,4756.428334
-7.680994,6,4756.679451
59.099294,6,4756.903082
57.967614,5,4757.250183
54.214267,4,4757.44849
-8.524535,5,4757.600725
57.967614,5,4757.887184
57.764556,5,4758.236397
57.967614,5,4758.488965
59.088956,6,4758.642641
59.099294,6,4758.818413
-11.35898,4,4758.963645
57.967614,5,4759.140249
57.967614,5,4759.306675
57.723006,5,4759.560827
57.78012,7,4760.598548
-10.783926,4,4760.765161
59.099294,6,4761.035451
57.96636,5,4761.276903
57.963426,5,4761.535238
-11.44875,4,4761.684742
59.088497,6,4761.849643
59.088821,6,4762.097349
-11.481495,4,4762.30347
-8.582168,5,4762.458751
54.216439,4,4762.63747
59.099294,6,4762.841207
59.099294,6,4763.095381
59.095216,6,4763.248641
57.966818,5,4763.491115
-11.312122,4,4763.650974
-11.594249,4,4763.841407
-10.783561,4,4764.17737
57.954206,5,4764.339565
-11.479222,4,4764.483788
57.957113,5,4764.624772
-7.225922,5,4765.068929
59.099286,6,4765.284978
57.783146,7,4765.445282
57.95104,5,4765.589571
54.216439,4,4765.827637
54.216439,4,4766.000767
57.788453,7,4766.25859
57.967614,5,4766.529197
59.097632,6,4766.693097
57.967614,5,4766.900466
54.216339,4,4767.196842
59.099294,6,4767.473682
59.090499,6,4767.620216
-7.066126,6,4767.886292
59.099294,6,4768.077473
57.961014,5,4768.254637
58.431287,6,4768.440509
57.779477,7,4768.685383
57.778419,7,4768.945521
57.770901,7,4769.16077
-7.918505,5,4769.389014
-7.694086,5,4769.638822
57.961227,5,4769.804048
57.967614,5,4769.958081
54.194604,4,4770.191418
54.087419,4,4770.355196
59.093786,6,4770.575794
54.065335,4,4770.921197
-11.593475,4,4771.125523
-13.768118,3,4771.267261
-8.459153,5,4771.46471
57.768495,7,4771.602881
59.096619,6,4771.862211
-7.74298,5,4772.160868
57.967614,5,4772.406691
57.977475,6,4772.767661
-7.290574,6,4773.015695
59.088867,6,4773.180608
-7.05022,5,4773.337855
-5.913315,6,4773.560233
59.093244,6,4773.739291
-8.027878,5,4774.047923
-11.284926,4,4774.195117
-8.552902,5,4774.388057
58.652036,6,4774.571913
-7.404836,6,4774.87995
-11.381127,4,4775.011751
57.965257,5,4775.23311
-8.24842,6,4775.432581
57.967614,5,4775.603354
54.216439,4,4775.75076
53.974498,4,4776.012712
57.629759,5,4776.174659
57.957946,5,4776.380424
-7.969707,7,4776.835766
57.778482,7,4776.991706
57.794845,5,4777.160745
59.08945,6,4777.335329
57.959239,5,4777.48191
-5.900706,6,4777.834458
-11.30591,4,4778.159851
57.965148,5,4778.32036
56.435538,7,4778.709558
57.140775,5,4778.936643
54.216439,4,4779.079128
-7.284727,6,4779.356684
59.089119,6,4779.508737
57.786364,7,4779.714137
57.967614,5,4779.851794
-9.239199,7,4780.060761
-7.584197,6,4780.282218
54.21623,4,4780.456332
59.091657,6,4780.607116
57.950207,5,4780.76094
57.783903,7,4781.004062
-11.087373,4,4781.186329
59.099294,6,4781.496127
59.099294,6,4781.751781
57.772576,7,4781.912301
57.945286,5,4782.116059
-8.031918,5,4782.448684
57.963041,5,4782.604441
59.095226,6,4782.816725
57.956494,5,4782.998893
57.967614,5,4783.214119
57.781861,7,4783.433709
57.944248,5,4783.719967
-11.133165,4,4784.203359
-7.965822,5,4784.371456
57.78954,7,4784.602122
59.088831,6,4784.811499
57.986979,6,4785.008413
57.310103,5,4785.272379
57.312248,5,4785.635701
-7.321945,6,4785.99029
-8.233205,5,4786.224861
57.956314,5,4786.405184
59.089807,6,4786.610871
59.098348,6,4786.836375
59.09622,6,4787.268421
59.09139,6,4787.49157
59.094117,6,4787.72838
57.959619,5,4788.016062
-8.203678,5,4788.182837
-11.595599,4,4788.320173
57.967614,5,4788.498497
59.099294,6,4788.715878
54.216439,4,4788.964919
-8.04579,5,4789.25388
57.767337,7,4789.454827
-5.91867,6,4789.609243
59.098685,6,4789.778374
-11.078455,4,4789.913768
57.958471,5,4790.131538
57.452541,5,4790.319191
-7.128576,6,4790.635595
54.211118,4,4790.847118
57.967614,5,4791.056222
57.96127,5,4791.196905
57.962063,5,4791.351624
-6.708478,6,4791.675802
59.091042,6,4791.8378
57.963054,5,4791.983772
57.78954,7,4792.201725
54.216439,4,4792.359942
59.090094,6,4792.537453
57.446497,5,4792.767573
-5.92332,6,4792.90927
-7.289896,5,4793.482707
57.870614,5,4793.767283
58.803566,6,4793.936412
57.400113,5,4794.183571
57.78954,7,4794.440472
57.967614,5,4794.604127
57.899468,5,4794.816511
57.777251,7,4795.024525
54.200549,4,4795.297281
53.199012,8,4795.49333
-7.485154,5,4795.719269
-13.768886,3,4795.840423
-7.791765,5,4796.057712
-8.389898,5,4796.284479
57.475295,5,4796.539275
59.090444,6,4796.747891
57.966155,5,4796.917258
57.458842,5,4797.154904
54.212092,4,4797.30932
57.967614,5,4797.487819
54.216439,4,4797.675518
-11.495011,4,4797.807009
59.084156,6,4797.941748
57.960092,5,4798.106168
59.099294,6,4798.351835
54.216439,4,4798.579729
59.099294,6,4798.803355
54.207486,4,4799.094826
-8.078938,5,4799.284111
54.216439,4,4799.528116
54.206746,4,4799.684218
57.967172,5,4799.855693
-11.243998,4,4799.98934
-7.936467,5,4800.246682
-8.068511,5,4800.517342
59.089269,6,4800.688987
59.088334,6,4800.842674
-7.844032,5,4801.126497
57.962553,5,4801.28337
57.967614,5,4801.521428
57.78954,7,4801.746033
-8.5086,5,4801.950398
59.089418,6,4802.109518
-11.508915,4,4802.237239
54.14822,4,4802.504439
-8.228289,5,4802.724285
57.783763,7,4802.978373
57.316873,5,4803.333548
57.959685,5,4803.469797
57.967614,5,4803.634003
-7.500187,5,4803.958382
57.78954,7,4804.18166
57.967614,5,4804.407134
-8.370635,5,4804.589566
57.171337,5,4804.865382
57.82419,6,4805.162275
57.967614,5,4805.367018
57.905978,5,4805.566816
57.374393,5,4805.914228
-7.494461,6,4806.248814
57.963418,5,4806.458357
57.672392,5,4806.706558
57.967614,5,4806.927835
57.958193,5,4807.075565
54.063945,4,4807.246459
-11.487211,4,4807.511188
58.923392,6,4807.73713
58.982671,6,4808.089948
57.967614,5,4808.366949
59.092306,6,4808.588878
59.092594,6,4808.761133
59.091933,6,4808.908745
59.099294,6,4809.083204
57.386478,5,4809.255845
-10.973836,4,4809.587562
57.957326,5,4809.745501
-7.998165,6,4809.889828
57.952196,5,4810.038539
-7.702023,5,4810.263641
58.478125,6,4810.441179
57.958942,5,4810.589597
-8.406408,5,4810.742011
-7.790725,6,4811.315189
57.61275,7,4812.355435
57.777391,7,4813.354752
57.967614,5,4814.006121
59.089649,6,4815.060658
-11.078681,4,4815.723417
57.967614,5,4816.590816
57.789163,7,4817.445882
57.961548,5,4818.024491
57.781443,7,4818.713417
54.197888,4,4819.28103
-8.248589,5,4819.758816
57.190971,5,4820.622685
59.094751,6,4820.967602
57.967614,5,4821.389883
57.967272,5,4821.97977
54.172416,4,4822.664719
-8.401094,5,4823.476174
53.191088,8,4823.833339
-7.09123,6,4824.499084
59.089766,6,4824.911436
57.967614,5,4825.762522
58.471285,6,4826.363465
-13.70833,3,4826.843612
-11.238886,4,4827.454047
59.094556,6,4827.939747
54.216439,4,4828.437775
57.775091,7,4828.845884
57.967614,5,4829.259194
57.604509,5,4829.833956
57.957794,5,4830.493032
57.96278,5,4831.0231
54.215565,4,4831.62266
58.022624,6,4832.571327
59.091166,6,4833.085712
-8.233595,5,4833.667703
-8.148454,5,4834.319066
58.932762,6,4835.126013
-8.229948,5,4836.369054
59.087758,6,4837.027243
-8.259054,5,4838.147769
-11.399954,4,4838.926524
-7.037362,5,4840.024117
57.965674,5,4840.272804
59.099294,6,4840.547754
57.967614,5,4840.765058
-8.403025,5,4841.138895
-7.220128,6,4841.462166
57.848638,5,4841.630033
-7.451842,5,4841.848251
54.208869,4,4842.124835
59.093353,6,4842.290197
59.09611,6,4842.501406
54.01653,4,4842.690522
-8.08651,5,4842.901422
57.967614,5,4843.13074
57.775545,7,4843.384577
54.208244,4,4843.65294
57.964657,5,4843.790016
57.963501,5,4844.015978
59.087449,6,4844.225837
57.949388,5,4844.368289
57.967614,5,4844.531749
57.345191,5,4844.826274
57.966327,5,4845.028737
58.692241,6,4845.359581
57.967614,5,4845.520826
-8.201905,5,4845.782629
57.967614,5,4846.055619
-8.567703,5,4846.204773
57.964913,5,4846.350079
-8.265544,5,4846.498365
59.099294,6,4846.716516
59.096756,6,4846.859018
59.087421,6,4847.076319
-7.665126,5,4847.416285
57.961596,5,4847.580141
57.778909,7,4847.805735
-7.806582,6,4848.030541
57.955217,5,4848.163018
59.099294,6,4848.38338
-11.023186,4,4848.665591
57.993706,6,4848.834997
-7.3007,5,4849.267988
59.099294,6,4849.444344
57.966743,5,4849.591188
-11.048352,4,4849.734331
-8.077096,5,4850.069908
57.959118,5,4850.208286
57.966175,5,4850.346992
54.210599,4,4850.865977
57.961106,5,4851.018299
-7.828837,6,4851.319077
57.966284,5,4851.599033
54.216439,4,4851.755954
59.093469,6,4851.925776
59.095503,6,4852.205551
59.095328,6,4852.39813
59.088718,6,4852.618192
59.095326,6,4852.854649
57.960443,5,4853.063393
-13.476791,3,4853.20296
57.295849,5,4853.376419
-11.329365,4,4853.517856
-9.750008,7,4853.73406
57.967614,5,4853.924775
59.099294,6,4854.082258
59.093269,6,4854.23047
57.966201,5,4854.393278
59.095852,6,4854.656565
57.967614,5,4854.926122
-11.33074,4,4855.078353
-8.577882,5,4855.296818
54.216439,4,4855.57093
59.077709,6,4855.750274
57.967614,5,4855.92384
57.965335,5,4856.100323
59.080644,6,4856.318114
59.087304,6,4856.510042
57.954149,5,4856.669705
57.967614,5,4856.913038
-11.595213,4,4857.130962
-8.198612,5,4857.325048
-10.783561,4,4857.652312
59.089275,6,4857.804644
57.960415,5,4858.030057
57.781681,7,4858.306192
-7.677378,5,4858.537131
-11.517831,4,4858.678282
58.880549,6,4858.950028
59.088344,6,4859.164713
57.967614,5,4859.301936
-11.547552,4,4859.428832
59.090889,6,4859.681099
-6.186297,6,4860.139988
59.090759,6,4860.284398
57.797838,5,4860.451127
59.091072,6,4860.646137
-7.757141,6,4860.908087
57.966538,5,4861.091007
59.086636,6,4861.233334
54.179054,4,4861.478068
54.195958,4,4861.750982
57.772869,7,4861.90522
-7.459336,5,4862.145264
54.214125,4,4862.391196
54.171815,4,4862.542911
54.211845,4,4862.813841
57.967614,5,4862.961575
57.785664,7,4863.223508
54.206107,4,4863.382398
57.966752,5,4863.645345
57.96002,5,4863.786103
59.099294,6,4863.998191
57.967614,5,4864.271596
54.216439,4,4864.518008
59.094076,6,4864.729853
-11.220382,4,4864.88313
57.967614,5,4865.931495
-11.613324,4,4866.112581
57.96278,5,4866.383242
-8.389521,5,4866.523381
57.959234,5,4866.783796
59.099294,6,4867.023175
-11.465618,4,4867.223351
59.09567,6,4867.397605
59.099294,6,4867.561396
54.216439,4,4867.812345
59.099294,6,4868.135871
-8.046592,5,4868.444278
57.590504,5,4868.599613
59.096478,6,4868.836447
59.088904,6,4868.985705
54.216439,4,4869.207251
57.354052,5,4869.37954
59.088232,6,4869.608089
-8.425436,5,4869.819694
-13.627325,3,4870.089748
59.099294,6,4870.410865
57.586434,5,4870.582321
57.967614,5,4870.77419
59.087607,6,4870.914615
-11.602043,4,4871.043856
59.078786,6,4871.183434
59.091708,6,4871.485293
-8.395596,5,4871.720818
59.099294,6,4871.958264
57.963741,5,4872.120577
-11.459376,4,4872.268161
57.964841,5,4872.427339
-7.037271,5,4872.586484
59.086814,6,4872.804771
57.967614,5,4872.991829
-11.113818,4,4873.350232
59.096284,6,4873.542267
-11.411141,4,4873.720849
59.086735,6,4873.907448
59.093242,6,4874.074147
-7.050528,5,4874.251591
53.190346,8,4874.478353
59.081399,6,4874.635145
57.959877,5,4874.790806
59.083675,6,4874.959298
-11.389358,4,4875.123537
57.965243,5,4875.361958
57.95747,5,4875.572289
-6.887102,6,4875.947284
57.965638,5,4876.153204
-8.560708,5,4876.325752
57.782274,7,4876.587229
-8.491305,5,4876.807843
-7.168758,5,4877.335031
59.099294,6,4877.554529
-7.936842,5,4877.787833
57.961922,5,4878.043196
-7.885569,5,4878.31989
57.490929,5,4878.494407
57.894951,5,4878.741798
57.958224,5,4878.93944
57.773349,7,4879.114981
57.958549,5,4879.292607
-8.479986,5,4879.481421
57.780054,7,4879.716721
-6.268061,6,4880.293105
57.967614,5,4880.549366
57.967614,5,4880.745481
59.081252,6,4880.947486
59.08982,6,4881.130821
59.099294,6,4881.289058
-8.109912,6,4881.499241
54.132185,4,4881.766851
59.096384,6,4881.93042
59.098383,6,4882.15849
54.216439,4,4882.329353
59.096336,6,4882.56445
-8.147236,5,4882.72302
57.967614,5,4882.931799
59.09903,6,4883.059098
59.08873,6,4883.233421
54.15406,4,4883.429677
-8.232844,5,4883.742739
59.087701,6,4883.985692
59.099294,6,4884.143028
58.741799,6,4884.452568
-7.139823,6,4884.786763
57.965848,5,4884.993381
-11.574617,4,4885.11245
59.094435,6,4885.273103
57.774409,7,4885.496339
59.099294,6,4885.730024
59.094474,6,4885.890223
57.954834,5,4886.054139
57.96116,5,4886.2809
57.967614,5,4886.450723
59.099294,6,4886.704915
-7.615703,5,4886.945484
-11.25811,4,4887.097499
57.952193,5,4887.240231
57.840696,5,4887.41359
57.957886,5,4887.643512
-8.019043,5,4887.810603
59.093526,6,4888.030223
59.094336,6,4888.197917
59.099294,6,4888.413085
-11.127685,4,4888.674781
59.09775,6,4888.825343
57.787483,7,4889.055729
58.811885,6,4889.267219
57.962131,5,4889.501552
-11.611819,4,4889.717299
-7.577,6,4890.051328
57.967614,5,4890.339432
54.214539,4,4890.513616
59.088271,6,4890.672529
-7.962724,5,4890.950936
59.088459,6,4891.166984
57.9648,5,4891.343361
59.089489,6,4891.495151
56.73381,7,4891.784424
57.78954,7,4892.009076
59.09059,6,4892.190841
59.088088,6,4892.405989
58.013896,6,4892.765074
57.967614,5,4892.977144
59.089263,6,4893.135894
54.017425,4,4893.386741
57.960242,5,4893.509818
57.95837,5,4893.64299
57.956405,5,4893.786849
59.084084,6,4894.004518
53.940162,4,4894.285389
57.959549,5,4894.439919
59.093676,6,4894.611325
-8.125708,5,4894.904903
57.967614,5,4895.167322
57.956664,5,4895.504731
-11.346859,4,4895.64389
-10.783561,4,4895.867894
59.098852,6,4896.080992
-11.538541,4,4896.199833
59.085767,6,4896.341891
-5.900706,6,4896.693356
-5.910304,6,4896.891176
59.099241,6,4897.020018
-7.04389,5,4897.15953
59.099294,6,4897.381954
57.957944,5,4897.597828
59.080299,6,4897.812366
-6.367038,6,4898.25629
57.770646,7,4898.403178
59.09639,6,4898.557933
59.099294,6,4898.730324
59.09767,6,4898.893885
-8.551315,5,4899.021572
59.090334,6,4899.161294
57.967614,5,4899.387625
59.087826,6,4899.605618
-11.374094,4,4899.748746
59.08767,6,4899.903687
59.094554,6,4900.066015
58.743446,6,4900.285396
57.781281,7,4900.456581
57.779969,7,4900.685942
59.099294,6,4900.870219
57.965244,5,4901.087124
-7.032386,5,4901.533872
57.967614,5,4901.709169
-7.951907,5,4902.014952
-11.409674,4,4902.221627
57.374279,5,4902.482756
59.090737,6,4902.656692
59.090226,6,4902.848512
-11.416276,4,4903.059838
54.208437,4,4903.293656
57.779499,7,4903.477928
57.781181,7,4903.691652
54.216439,4,4903.845151
57.958851,5,4903.98583
54.015258,4,4904.236681
-7.893603,5,4904.457224
58.98934,6,4904.822071
57.365204,5,4905.073659
57.944516,5,4905.226467
-11.195566,4,4905.3702
57.78954,7,4905.575918
59.088079,6,4905.699425
-7.844925,5,4905.941298
57.383259,5,4906.104995
57.93049,5,4906.342631
-8.009166,5,4906.477835
-8.086639,5,4906.796873
-7.937707,5,4906.989817
59.089964,6,4907.159519
59.085389,6,4907.389064
-5.912183,6,4907.545165
-8.3524,5,4907.855106
57.964586,5,4908.000822
-11.261196,4,4908.161576
57.955655,5,4908.295177
54.216439,4,4908.55231
57.967614,5,4908.727679
-7.375898,6,4908.868752
57.522824,5,4909.051929
-7.032386,5,4909.583259
-10.783561,4,4909.767173
59.098875,6,4909.96403
57.956643,5,4910.114436
59.099294,6,4910.687215
59.098221,6,4911.907358
-7.822225,5,4913.203369
-8.196802,5,4914.148511
57.964484,5,4914.554795
59.050016,6,4915.233269
59.099294,6,4915.642725
57.958733,5,4916.187401
57.967614,5,4916.654033
59.09236,6,4917.584863
57.785701,7,4917.862213
59.093789,6,4918.138488
59.092088,6,4918.403958
59.087873,6,4918.864948
57.736054,5,4919.280551
57.967121,5,4919.547273
57.967614,5,4920.205242
57.096108,5,4921.240791
-7.162044,6,4921.773623
-8.319712,5,4922.238135
57.962042,5,4922.711139
59.099294,6,4923.383585
-7.682274,5,4924.251414
-13.632559,3,4925.090826
-11.2741,4,4925.73026
59.093397,6,4926.310695
59.091769,6,4927.025593
57.967614,5,4928.080239
-7.719977,5,4928.595444
57.771069,7,4929.037934
59.055713,6,4929.832491
-11.520949,4,4930.447046
58.486365,6,4931.319091
57.960386,5,4931.711332
58.731337,6,4932.57542
57.963637,5,4933.260359
57.967614,5,4933.780441
-10.965693,4,4934.365513
57.392712,5,4934.7785
59.093704,6,4935.283455
-11.333577,4,4935.961444
57.955728,5,4936.229039
-8.411338,5,4936.615857
57.967614,5,4937.113401
57.96372,5,4937.391096
-11.378027,4,4937.815498
58.335018,6,4938.527832
59.097423,6,4938.996974
57.967614,5,4939.581715
-7.550013,5,4940.138603
59.099294,6,4941.494961
59.099294,6,4941.984065
-13.739431,3,4942.54082
59.090904,6,4943.125551
-8.558593,5,4943.622276
57.780027,7,4944.512707
57.967614,5,4944.877881
57.964484,5,4945.503608
-8.319234,5,4946.256013
-6.670434,6,4946.746607
54.20939,4,4947.188333
-8.172641,6,4947.600925
59.097358,6,4948.265861
59.095844,6,4948.690557
-8.022234,5,4949.210817
57.785533,7,4949.718762
-11.116017,4,4950.116858
59.081653,6,4950.953177
59.091384,6,4951.550718
57.967614,5,4951.994576
57.957276,5,4952.554746
57.963884,5,4952.890383
-8.264197,5,4953.173056
54.205269,4,4953.83309
57.967614,5,4954.117483
59.093603,6,4954.775163
-7.162664,6,4955.424483
57.781885,7,4955.817988
57.960748,5,4956.341078
-11.583764,4,4956.686609
57.784223,7,4957.174588
-11.46455,4,4957.418914
59.090493,6,4958.038027
59.099294,6,4958.53949
57.325488,5,4958.855266
-11.37633,4,4959.743217
57.965648,5,4960.260147
59.089493,6,4960.711554
59.099294,6,4961.10594
57.963047,5,4961.507234
57.957037,5,4961.772412
59.092522,6,4962.171024
-7.940708,5,4962.585623
57.967614,5,4962.872374
-6.908999,6,4963.285839
59.092285,6,4963.682707
-7.68303,5,4964.21984
57.952739,5,4964.440534
57.967614,5,4964.747353
-7.032426,5,4965.352608
57.78331,7,4965.647361
59.093353,6,4965.902182
-7.247442,5,4966.518327
59.090228,6,4966.974935
-7.824642,5,4967.642063
57.960077,5,4968.119745
57.934144,6,4968.859737
57.961205,5,4969.213554
-7.042219,5,4969.513012
54.030859,4,4969.985306
59.089249,6,4970.269818
57.959127,5,4970.795069
57.49633,5,4971.535511
59.085432,6,4971.999177
57.76854,7,4972.474476
59.099294,6,4973.367797
-5.914971,6,4973.619486
59.088414,6,4974.104831
57.961958,5,4974.364608
57.775302,7,4974.690535
-11.605803,4,4975.131302
59.099294,6,4975.767369
-8.460722,5,4976.341097
-5.903238,6,4976.920738
-8.290749,5,4977.332062
57.967545,5,4977.561172
54.216439,4,4978.050747
-8.020946,6,4978.397764
57.964183,5,4978.660198
-11.320754,4,4978.968076
59.096279,6,4979.370623
58.093386,6,4980.025477
58.560643,6,4980.48571
57.774057,7,4980.853716
-8.165748,6,4981.259845
-7.800797,5,4981.753844
57.967614,5,4982.374125
59.090784,6,4982.778287
59.086847,6,4983.117159
-11.312363,4,4983.642145
-13.662655,3,4983.926697
59.088956,6,4984.439213
57.841849,5,4984.72688
57.967614,5,4985.205516
-5.900706,6,4985.872628
54.202834,4,4986.291671
-11.50045,4,4986.601668
57.960434,5,4986.844801
57.778211,7,4987.222834
57.96608,5,4987.526594
-7.361678,6,4988.131599
-6.89673,6,4988.740087
57.95776,5,4989.277979
57.964682,5,4989.819873
59.094016,6,4990.390496
57.801092,6,4990.877627
57.786867,7,4991.259303
59.089955,6,4991.610786
57.967614,5,4991.930295
-8.534794,5,4992.402116
59.082177,6,4992.764114
57.967614,5,4993.26783
57.318915,5,4993.780125
57.957799,5,4994.052923
54.038758,4,4994.576904
59.099294,6,4995.189769
54.07609,4,4995.659746
-8.287848,5,4995.992464
-8.153819,5,4996.387325
57.915084,5,4996.904158
59.089219,6,4997.545225
59.095878,6,4998.004457
57.967614,5,4998.339909
-8.010219,5,5000.119083
-13.627586,3,5000.370889
-7.804202,6,5001.226365
-13.480057,3,5001.49319
59.097028,6,5001.849387
58.702406,6,5002.561148
59.089075,6,5002.923955
-7.034468,5,5003.590985
54.216337,4,5003.859932
-7.677828,5,5004.717094
57.957856,5,5004.962311
59.098798,6,5005.376206
59.089585,6,5005.669633
59.094021,6,5006.121199
59.088366,6,5006.594586
58.79364,6,5007.082666
57.783504,7,5007.557231
57.967614,5,5008.010448
57.967614,5,5008.473426
57.645844,5,5008.894231
-8.534463,5,5009.388178
-11.060677,4,5009.927094
58.92467,6,5010.720147
57.959821,5,5011.197558
-7.313458,6,5011.675865
-8.458094,5,5011.908921
58.171508,6,5012.344743
57.961189,5,5012.598279
57.478194,5,5013.023836
-7.829409,5,5013.518948
54.216439,4,5013.758086
59.093557,6,5014.147872
57.967614,5,5014.648136
-8.450435,5,5015.030739
54.139462,4,5015.480389
-11.044276,4,5015.902931
59.099294,6,5016.364036
-11.188065,4,5016.782935
-7.80346,5,5017.30867
-8.068306,5,5017.754221
-11.572609,4,5018.107183
59.077372,6,5018.437918
57.955278,5,5018.906464
54.207246,4,5019.546541
-7.416532,5,5020.048803
-7.589614,6,5020.410875
57.967614,5,5020.690127
-13.60828,3,5020.970564
-13.561797,3,5021.513669
57.778504,7,5021.794185
59.097927,6,5022.26679
57.774021,7,5022.588207
59.097761,6,5022.921962
-8.572162,5,5023.30227
59.09627,6,5023.597166
54.216439,4,5024.062674
-11.428219,4,5024.431349
57.959289,5,5024.801378
59.09572,6,5025.372309
59.099294,6,5025.810146
59.088848,6,5026.21588
59.089671,6,5026.539423
-8.54245,5,5026.881521
57.952559,5,5027.220681
54.124557,4,5027.724014
59.099294,6,5028.154076
-5.900706,6,5028.552506
59.099294,6,5028.822761
57.956564,5,5029.099341
-11.035047,4,5029.443103
54.216198,4,5029.909997
-8.303368,5,5030.192962
54.213941,4,5030.446316
57.962206,5,5030.874165
57.966036,5,5031.289633
-11.232344,4,5031.74774
-8.077257,5,5032.027227
-11.473179,4,5032.335871
54.216439,4,5032.597879
-11.511633,4,5032.868279
-7.033358,5,5033.85084
-7.46273,6,5034.387724
57.967614,5,5034.689953
-7.640018,5,5035.177491
54.216439,4,5035.631263
57.967614,5,5036.226091
57.513948,5,5036.863286
57.960827,5,5037.109682
57.914705,5,5037.456273
57.964476,5,5037.855657
54.216439,4,5038.118013
-13.72978,3,5038.361706
57.967614,5,5038.703739
57.959285,5,5038.957354
57.96547,5,5039.325581
-11.359175,4,5039.582073
-5.909564,6,5039.908523
57.958136,5,5040.146005
59.093007,6,5040.531372
57.967614,5,5040.830692
59.090179,6,5041.189571
57.957897,5,5041.465556
59.094547,6,5041.721663
59.096346,6,5042.012982
-7.918236,5,5042.294597
-10.977919,4,5042.830102
57.960912,5,5043.317132
57.967614,5,5043.571801
54.095101,4,5043.843002
-8.060491,5,5044.405678
59.088536,6,5044.807099
57.962501,5,5045.12889
57.951696,5,5045.346956
-11.423036,4,5045.701113
57.643654,5,5046.120213
-7.248909,5,5046.963636
57.967614,5,5047.458775
57.551898,5,5048.061373
57.960306,5,5048.497476
57.967614,5,5048.831788
-11.292242,4,5049.103734
-7.698128,5,5049.930595
57.958138,5,5050.244896
-7.894642,6,5050.524042
59.095414,6,5051.001064
57.728562,5,5051.379444
-11.483401,4,5051.706417
-7.101915,6,5052.266807
-11.556161,4,5052.515095
57.966961,5,5052.757551
59.090478,6,5053.077175
59.097556,6,5053.325264
57.96162,5,5053.746003
57.78746,7,5054.194044
57.830072,5,5054.675085
57.873626,5,5054.97932
59.097348,6,5055.333778
59.089744,6,5055.668703
59.087352,6,5055.945758
58.792421,6,5056.325791
57.967614,5,5056.894076
-7.032386,5,5057.517633
-7.537212,5,5057.976724
54.213862,4,5058.275069
59.099294,6,5058.588227
59.091918,6,5059.013142
-11.392855,4,5059.568346
-7.032386,5,5060.318565
54.216439,4,5060.8462
59.092424,6,5061.099369
-8.119612,6,5061.465669
59.099294,6,5061.751056
-8.440743,5,5061.985087
-8.406996,5,5062.334746
-7.410506,5,5062.767314
59.090263,6,5063.022381
-7.038986,5,5063.751697
54.216439,4,5064.199859
57.967614,5,5064.605509
-13.476791,3,5064.938754
59.098636,6,5065.177551
57.965072,5,5065.407802
-11.022649,4,5065.808674
57.959264,5,5066.123965
-11.177179,4,5066.622287
-7.458402,5,5067.173271
-11.181567,4,5067.485782
59.095628,6,5067.754959
57.967614,5,5068.062502
59.089825,6,5068.35577
57.966035,5,5068.649899
-11.432728,4,5068.887485
59.091705,6,5069.39666
54.216439,4,5069.859389
57.636822,5,5070.278422
59.099294,6,5070.736818
59.099294,6,5071.159129
57.967614,5,5071.709871
59.088444,6,5072.009516
-10.995668,4,5072.44731
-11.392667,4,5072.857486
59.091279,6,5073.30791
-11.252534,4,5073.718016
-13.476791,3,5073.98347
54.216439,4,5074.384463
57.960068,5,5074.686725
59.08978,6,5075.317606
59.082223,6,5075.624934
57.967614,5,5076.147234
59.099294,6,5076.533186
59.092393,6,5076.929849
57.967614,5,5077.266768
-11.482032,4,5077.745151
-8.590433,5,5078.102886
57.967614,5,5078.555688
57.238658,5,5079.095764
57.959795,5,5079.457582
54.209219,4,5080.050516
57.964464,5,5080.303076
57.967088,5,5080.687957
57.957373,5,5080.934449
59.087558,6,5081.362751
57.967614,5,5081.862814
57.963003,5,5082.163459
57.959039,5,5082.463185
57.967614,5,5082.769015
-8.446156,5,5083.041426
57.962378,5,5083.572257
57.964667,5,5083.900756
59.090168,6,5084.277327
-7.871015,5,5084.837897
54.216439,4,5085.086577
57.967614,5,5085.490992
57.967614,5,5085.771499
57.955653,5,5086.208529
59.0988,6,5086.620884
57.957874,5,5086.902903
57.967614,5,5087.29435
-11.382087,4,5087.656957
58.731802,6,5088.283409
57.961272,5,5088.580915
57.326258,5,5089.159527
57.963133,5,5089.452567
-7.701688,5,5089.875915
59.099294,6,5090.269321
54.216439,4,5090.715618
54.216439,4,5091.184553
59.099294,6,5091.548529
-8.264174,5,5091.944958
-7.043428,5,5092.192466
59.099294,6,5092.501357
57.96578,5,5092.797369
57.295654,5,5093.361642
57.952652,5,5093.800524
57.774493,7,5094.400815
57.794012,5,5094.865968
59.098577,6,5095.290412
59.080527,6,5095.565366
-8.118409,5,5095.978733
59.096439,6,5096.350299
54.216439,4,5096.770481
57.78954,7,5097.079664
-8.242871,6,5097.48937
-7.833336,6,5097.827288
54.216439,4,5098.244995
57.960255,5,5098.733846
59.095572,6,5099.034061
-7.388008,5,5099.757683
-13.476791,3,5100.051863
57.967614,5,5100.559701
-8.456917,5,5100.849041
-11.124475,4,5101.478562
57.685345,5,5101.904869
59.096241,6,5102.28736
-11.420819,4,5102.662424
-8.463793,5,5102.972147
57.965012,5,5103.201721
59.090327,6,5103.599377
57.778751,7,5104.00209
59.090698,6,5104.333988
-8.332426,5,5105.119524
54.07931,4,5105.401967
59.09164,6,5105.78218
59.089826,6,5106.164374
57.772444,7,5106.54023
57.967614,5,5107.001966
-7.43957,6,5107.419046
-11.248748,4,5107.699162
57.967614,5,5108.015736
57.967155,5,5108.292297
59.09575,6,5108.564428
-11.4068,4,5108.823658
57.673047,5,5109.480469
57.777369,7,5110.005448
57.946349,5,5110.416394
57.778749,7,5110.833509
-11.538866,4,5111.311275
57.956941,5,5111.575981
59.084448,6,5111.942177
-7.032386,5,5112.745969
57.965739,5,5113.237583
57.779928,7,5113.521039
57.777649,7,5113.929754
59.094584,6,5114.411741
59.091212,6,5114.918228
-8.468556,5,5115.345914
59.097551,6,5115.737072
58.472979,6,5116.25948
54.202173,4,5116.661561
-8.262651,5,5117.062154
-7.864287,6,5117.374657
-8.097134,5,5117.97071
57.966892,5,5118.334703
54.215189,4,5118.785259
-11.255701,4,5119.106444
-10.926514,4,5119.520088
57.962368,5,5119.788693
-11.141191,4,5120.110175
57.953914,5,5120.354165
-11.49605,4,5120.608882
57.963678,5,5120.902484
59.092216,6,5121.393714
57.958598,5,5121.687978
-7.711888,6,5122.171036
-11.612231,4,5122.449953
-8.227357,5,5122.737916
-7.534842,6,5123.221081
-13.60142,3,5123.53953
-11.116799,4,5124.098133
58.005006,6,5124.633801
57.403826,5,5124.927353
54.210104,4,5125.366118
57.967614,5,5125.815923
-7.84783,5,5126.176158
57.967614,5,5126.437697
-11.16288,4,5126.970743
-6.664398,6,5127.547125
59.099294,6,5127.847731
57.967614,5,5128.089367
57.964084,5,5128.374816
57.960401,5,5128.675156
-11.517345,4,5128.972607
-8.39668,5,5129.382456
-7.909188,5,5129.975263
57.955872,6,5130.41734
59.099294,6,5130.715755
54.001768,4,5131.141998
59.080772,6,5131.437991
54.212139,4,5131.740514
56.598814,7,5132.049304
57.959988,5,5132.372102
57.959419,5,5132.665218
-5.914592,6,5133.038611
54.09667,4,5133.467519
-11.589464,4,5133.818295
-7.647447,5,5134.401252
57.963928,5,5134.793537
59.099294,6,5135.161663
59.089431,6,5135.608958
-13.689362,3,5135.861781
59.091667,6,5136.118965
-7.393612,5,5136.695977
59.099129,6,5137.044715
-7.04784,6,5137.381464
-7.992792,5,5138.085198
-11.04161,4,5138.662212
-8.519855,5,5139.236403
54.216439,4,5139.933168
54.207327,4,5140.445813
57.962455,5,5140.835961
58.174757,6,5141.287772
-7.709678,5,5141.698144
57.967614,5,5142.048113
-13.589034,3,5142.365622
57.960078,5,5142.608406
59.099294,6,5142.857725
59.09286,6,5143.277152
54.216439,4,5143.671982
-11.220199,4,5143.978092
-7.586736,5,5144.386982
59.099294,6,5144.788485
57.965333,5,5145.095673
57.966315,5,5145.548162
58.910825,6,5145.99596
59.099039,6,5146.36675
59.097478,6,5146.838307
-7.908848,6,5147.397281
57.967614,5,5147.814536
-11.213931,4,5148.082721
-7.231932,6,5148.484483
57.786574,7,5148.906187
-11.553592,4,5149.147527
57.13941,5,5149.816827
-7.980256,5,5150.096162
-7.051324,6,5150.344623
-10.974278,4,5150.860116
-11.225077,4,5151.137154
57.967614,5,5151.384995
57.967552,5,5151.688627
57.967614,5,5151.965115
57.965265,5,5152.360451
59.089566,6,5152.954901
59.083743,6,5153.276534
57.958625,5,5153.554801
-11.448674,4,5153.838251
-13.522361,3,5154.135145
-8.065081,5,5154.695989
57.611955,5,5154.964868
-11.213682,4,5155.392597
57.967614,5,5155.700506
54.208693,4,5156.105507
57.967614,5,5156.57317
57.96724,5,5156.848808
57.957271,5,5157.141525
-11.391842,4,5157.391157
-7.481828,6,5158.199507
54.032222,4,5158.653622
59.050568,6,5159.017206
59.099294,6,5159.29562
57.775812,7,5159.759292
57.965689,5,5160.036111
57.967614,5,5160.494437
57.774639,7,5161.968856
-11.378876,4,5162.383542
58.164673,6,5162.883847
-13.728311,3,5163.195635
59.085921,6,5163.660522
-8.317214,5,5163.937401
59.099294,6,5164.569425
57.967614,5,5165.233579
59.099082,6,5165.563972
57.967614,5,5166.044215
58.390392,6,5166.598026
59.087708,6,5167.040314
-11.366736,4,5167.363346
57.965866,5,5167.716838
53.212956,8,5168.177684
54.214732,4,5168.653664
59.095842,6,5169.046957
59.09217,6,5169.793497
57.967505,5,5170.052189
57.784972,7,5170.483737
57.78954,7,5170.820391
59.085965,6,5171.100338
57.967614,5,5171.689739
59.08756,6,5172.102649
-11.076095,4,5172.559212
-8.279996,5,5172.905031
-8.448863,5,5173.164621
59.091503,6,5173.606156
-7.037005,5,5173.885234
59.093313,6,5174.211133
-11.530308,4,5174.448627
59.099111,6,5174.883363
-11.322192,4,5175.204007
58.579837,6,5175.678158
57.777916,7,5176.092693
57.964188,5,5176.367713
-11.53788,4,5176.613359
57.963988,5,5176.901012
-8.138294,5,5177.362311
59.099294,6,5177.613329
57.960897,5,5177.870868
57.967614,5,5178.13403
57.967614,5,5178.67713
59.09505,6,5179.160194
57.782333,7,5179.627356
54.208703,4,5179.9479
54.213044,4,5180.356063
54.216439,4,5180.770953
-13.476791,3,5181.042948
59.099294,6,5181.285678
-7.032386,5,5182.038844
57.540433,5,5182.475993
57.96601,5,5182.753143
54.216439,4,5183.187495
-11.275029,4,5183.5555
-13.476791,3,5183.865509
58.006728,6,5184.340193
59.091002,6,5184.582594
-11.602248,4,5184.934471
57.774335,7,5185.391894
57.967614,5,5185.78981
54.202219,4,5186.3403
57.967614,5,5186.672255
59.096211,6,5187.15564
57.539187,6,5187.886483
57.960667,5,5188.190686
57.967614,5,5188.503881
-11.250663,4,5189.146606
57.780121,7,5189.638817
57.720054,7,5190.030105
59.086539,6,5190.503823
-7.781465,5,5190.977839
59.098673,6,5191.373143
59.083815,6,5191.805306
57.78954,7,5192.209013
-8.477732,5,5192.595466
54.216439,4,5193.467989
58.186108,6,5194.75189
59.098828,6,5195.22765
54.216439,4,5195.637877
-8.031387,5,5196.27061
54.129326,4,5197.093642
59.091561,6,5197.623518
-8.055202,5,5198.141842
57.967614,5,5198.458968
-11.502285,4,5198.898063
59.093178,6,5199.316199
59.088578,6,5199.954675
57.957522,5,5200.202771
-11.385746,4,5200.454623
-7.89837,5,5200.87179
59.099294,6,5201.278558
57.964865,5,5201.562558
-7.032386,5,5202.339812
-7.933979,5,5202.740217
59.089918,6,5203.004417
59.089549,6,5203.261779
57.964787,5,5203.616312
57.362785,5,5203.961623
59.086329,6,5204.385497
-7.165674,5,5205.316938
59.099294,6,5205.842439
-7.050058,5,5206.142219
59.099294,6,5206.636463
57.96392,5,5207.039713
54.123224,4,5207.45018
57.769134,7,5207.698782
-11.110164,4,5208.023473
57.967614,5,5208.34976
59.084306,6,5208.733431
59.089308,6,5209.128609
57.808543,5,5209.437878
57.165364,5,5210.11507
57.65787,5,5210.415854
54.213341,4,5210.915168
54.216439,4,5211.247308
-7.05045,5,5211.522127
57.71309,6,5212.268368
59.092117,6,5212.527686
-13.488286,3,5212.8404
59.088243,6,5213.110941
54.115051,4,5213.524618
-8.532344,5,5213.76307
57.967614,5,5214.089037
-8.343906,5,5214.461675
59.090184,6,5214.823543
-10.0545,7,5215.263113
57.967614,5,5215.740396
57.967614,5,5216.245502
-8.295133,5,5216.613891
-8.226407,5,5216.932534
59.095516,6,5217.192989
57.936459,5,5217.568171
59.096161,6,5217.964298
-8.239793,5,5218.238002
57.967614,5,5218.589094
57.963016,5,5218.87356
-7.942102,5,5219.599346
57.967614,5,5219.905131
-7.254772,5,5220.655097
59.098314,6,5220.960793
-7.627044,6,5221.331557
57.775146,7,5221.79936
57.864951,5,5222.131656
59.093461,6,5222.526241
57.784975,7,5222.966076
59.09633,6,5223.214777
53.948084,4,5223.579878
59.093319,6,5223.861021
57.967614,5,5224.132314
-7.886733,5,5224.420879
59.099294,6,5224.694525
57.967614,5,5225.173215
57.777846,7,5225.581281
57.587267,5,5226.080745
57.959648,5,5226.671176
57.404903,7,5227.369268
57.961475,5,5227.846699
59.091239,6,5228.251785
57.961864,5,5228.510096
57.967614,5,5228.846501
-8.480235,5,5229.084702
54.21331,4,5229.661124
58.315964,6,5230.141431
59.089706,6,5230.65927
57.78954,7,5231.06255
59.093251,6,5231.331308
57.78954,7,5231.849831
-11.347872,4,5232.118519
58.477218,6,5232.536134
57.778712,7,5233.014865
-7.255531,6,5233.619905
58.253943,6,5234.333357
-7.888216,5,5234.602387
54.216439,4,5234.901161
59.09167,6,5235.337515
57.741376,5,5235.696657
57.785222,7,5236.225917
59.099294,6,5236.843549
-7.932119,5,5237.324503
-11.007181,4,5237.727919
54.214747,4,5238.143013
57.754109,5,5238.673181
-7.998092,6,5239.0833
59.083601,6,5239.427507
57.739404,5,5240.038529
-11.031474,4,5240.498819
54.216439,4,5240.90856
59.089887,6,5241.524604
59.099294,6,5242.151544
-11.586841,4,5242.502975
57.961835,5,5243.025679
-8.373641,5,5243.419496
-6.787289,6,5243.894472
59.094759,6,5244.190637
57.512242,5,5244.608711
-11.211871,4,5244.875829
57.962683,5,5245.328641
57.967126,5,5245.778985
-11.08106,4,5246.125561
57.82311,5,5246.453879
-7.918904,5,5246.963956
57.961897,5,5247.366712
-7.764418,6,5248.052188
59.086254,6,5248.397049
-7.939816,5,5248.914494
59.096499,6,5249.505533
57.771845,7,5250.088392
54.015133,4,5250.460453
59.099294,6,5250.857011
59.087653,6,5251.128264
54.216439,4,5251.395239
59.090185,6,5251.844617
59.08498,6,5252.234223
59.093262,6,5252.548408
59.094082,6,5252.886885
58.168977,6,5253.338747
-7.728867,6,5253.756786
54.216439,4,5254.139388
57.78954,7,5254.51026
59.087356,6,5254.775596
-7.547118,5,5255.393558
57.961946,6,5255.691714
57.961095,5,5256.017414
-8.000436,5,5256.551211
-7.911382,5,5257.081254
58.333766,6,5257.520267
57.41728,5,5257.980709
57.960641,5,5258.304427
54.206113,4,5258.767167
54.216439,4,5259.134619
57.967614,5,5259.506517
-6.954865,6,5260.035491
59.086656,6,5260.277687
59.09306,6,5260.552456
57.957702,5,5261.013073
57.562495,5,5261.48752
-8.244983,5,5261.760298
-11.014099,4,5262.022291
57.967614,5,5262.423359
59.092463,6,5262.879888
-7.047003,5,5263.171087
-11.162978,4,5263.602782
-8.076447,5,5264.034285
58.226036,6,5264.500445
59.088058,6,5264.791546
-8.038746,6,5265.180291
59.092136,6,5265.485392
59.093687,6,5265.833107
-8.384562,5,5266.218165
57.960888,5,5266.481631
58.827645,6,5267.029696
-8.103811,5,5267.492631
59.093539,6,5267.788167
57.778182,7,5268.388918
57.859073,5,5268.763974
-7.804481,5,5269.204458
54.216439,4,5269.777653
57.967614,5,5270.189862
59.095069,6,5270.480637
-11.142171,4,5270.986592
57.96674,5,5271.243934
57.78448,7,5271.542621
-7.683632,5,5272.106397
57.958327,5,5272.450732
57.967614,5,5272.951996
57.967252,5,5273.323422
57.949038,5,5273.772373
59.099294,6,5274.064929
59.099294,6,5274.507974
57.961389,5,5275.013622
54.215546,4,5275.519763
57.955761,5,5275.992752
-5.920515,6,5276.383795
57.957927,5,5276.673828
58.56788,6,5277.215527
57.786604,7,5277.598297
59.099294,6,5278.054457
-8.532238,5,5278.392085
-13.48537,3,5278.811967
57.967614,5,5279.200788
56.779141,7,5279.652679
57.961286,5,5279.956356
57.955778,5,5280.273781
59.089482,6,5280.536967
57.967614,5,5281.040751
57.967614,5,5281.371806
-11.365025,4,5281.987919
58.93645,6,5282.498085
54.216439,4,5282.812767
57.960002,5,5283.151474
57.967614,5,5283.400293
57.538142,5,5283.952179
57.953839,5,5284.367869
59.087822,6,5284.667794
-11.520669,4,5284.897954
57.957099,5,5285.16281
57.648559,5,5285.440608
59.099294,6,5285.966195
54.216439,4,5286.385764
59.088317,6,5287.009125
59.096389,6,5287.434281
57.967614,5,5287.850192
-8.198436,5,5288.323465
57.381089,5,5288.749402
59.091584,6,5288.990857
56.328855,7,5289.737938
57.958578,5,5290.049977
57.958886,5,5290.55788
57.483375,5,5290.866131
-11.576725,4,5291.109406
-10.920742,4,5291.514021
-7.423995,6,5291.909908
59.097883,6,5292.163173
-11.484272,4,5292.651493
57.965118,5,5292.945547
59.099294,6,5293.193662
57.957097,5,5293.500961
57.558602,5,5294.112118
57.962876,5,5294.495741
-7.775485,5,5294.839856
-7.316786,6,5295.285741
57.967614,5,5295.77758
57.967614,5,5296.199435
59.081439,6,5296.473146
-6.712678,6,5297.272205
57.330057,5,5297.781869
-13.733949,3,5298.072945
57.549042,5,5298.377022
54.216439,4,5298.85608
59.090147,6,5299.31682
59.099294,6,5299.812496
-7.88307,5,5300.306541
-11.599579,4,5300.600124
57.963796,5,5300.925191
59.087539,6,5301.417377
59.099294,6,5301.83555
57.96517,5,5302.159996
59.08674,6,5302.602349
-8.355431,5,5302.999812
57.959606,5,5303.327418
57.785262,7,5303.878796
57.960211,5,5304.171308
59.090191,6,5304.70713
57.962008,5,5305.024967
57.75097,5,5305.469015
57.967614,5,5306.107871
57.955873,5,5306.40409
54.216439,4,5306.897578
57.964852,5,5307.339921
57.948721,5,5307.641997
57.778952,7,5308.093977
-11.296278,4,5308.386487
54.151683,4,5308.70148
57.76784,7,5309.190706
57.967614,5,5309.650127
57.967614,5,5310.004132
59.093043,6,5310.460907
-11.224407,4,5311.004455
59.099294,6,5311.357226
57.938391,5,5311.716043
57.956782,5,5312.033839
59.089251,6,5312.622355
-8.021907,5,5313.087785
57.967614,5,5313.383734
59.099294,6,5313.857422
59.091564,6,5314.151933
57.958848,5,5314.405869
57.784389,7,5314.893684
57.778772,7,5315.133935
59.081975,6,5315.368881
57.742157,5,5315.841439
59.088473,6,5316.135666
-8.114517,6,5316.486757
-8.231306,5,5316.955961
57.960408,5,5317.261006
57.962188,5,5317.527877
57.709341,5,5317.975358
57.462185,5,5318.465702
57.901648,5,5318.890114
59.090554,6,5319.380048
57.967614,5,5319.976948
57.963689,5,5320.312916
-11.611084,4,5320.586254
-8.235888,6,5320.865555
57.96023,5,5321.284574
57.959168,5,5322.502406
54.103071,4,5323.182644
59.087072,6,5323.691236
58.582383,6,5324.543116
57.963223,5,5324.814443
57.964634,5,5325.20731
57.962882,5,5325.460367
-11.465928,4,5325.780459
59.087599,6,5326.122966
59.077573,6,5326.345873
-13.759448,3,5326.779902
-8.414474,5,5327.10707
-8.204793,5,5327.396944
57.958439,5,5327.822902
-11.077939,4,5328.297839
-11.526525,4,5328.556731
57.967614,5,5328.973693
-7.779365,6,5329.662883
-8.98183,7,5330.111815
57.955754,5,5330.516826
57.451769,5,5331.007193
-8.519617,5,5331.975175
54.173193,4,5332.409162
59.098688,6,5332.722201
57.960263,5,5332.983544
-7.443985,6,5333.432096
54.215786,4,5333.84934
59.095995,6,5334.258525
57.946849,5,5334.544126
57.967614,5,5334.821285
-10.904046,4,5335.419086
59.087471,6,5335.865994
-8.385178,5,5336.266089
59.097376,6,5336.742343
57.967614,5,5337.17585
59.089681,6,5337.463655
59.098819,6,5337.727243
-8.563897,5,5338.051974
54.140159,4,5338.346201
-8.267714,5,5338.750805
57.96495,5,5339.218093
57.964141,5,5339.83239
57.787734,7,5340.173454
54.096363,4,5340.471222
-7.704342,5,5340.794104
59.083691,6,5340.958099
57.775095,7,5341.29055
54.20673,4,5341.500767
58.938717,6,5341.785006
54.170009,4,5341.95246
57.967614,5,5342.129579
57.961296,5,5342.356242
-6.803259,6,5342.593042
-10.99351,4,5342.900325
57.950104,5,5343.223812
59.099294,6,5343.456298
58.101398,6,5343.620518
57.837353,5,5343.877886
57.967614,5,5344.055949
-7.36931,5,5344.459939
57.967614,5,5344.678492
57.779732,7,5344.832616
-11.604787,4,5344.969016
54.216439,4,5345.209492
57.771908,7,5345.424116
57.400905,5,5345.701553
59.090945,6,5345.915503
58.52639,6,5346.280531
57.965839,5,5346.43618
57.964992,5,5346.58518
-7.637193,5,5346.92327
57.967614,5,5347.146374
-8.235973,5,5347.399433
-11.448983,4,5347.570292
57.959449,5,5347.809336
-7.038974,5,5347.988356
59.091783,6,5348.135947
58.366997,6,5348.532709
57.963683,5,5348.684227
59.090303,6,5348.881932
57.967614,5,5349.115314
-11.120871,4,5349.341397
57.780541,5,5349.599822
54.209765,4,5349.881695
-8.124869,5,5350.169231
59.088398,6,5350.427956
59.087307,6,5350.707531
54.072818,4,5350.970073
57.915646,6,5351.383231
59.091338,6,5351.533605
59.088321,6,5351.750821
59.095628,6,5351.898939
-8.264136,5,5352.040749
54.216439,4,5352.287437
-13.594073,3,5352.424015
-8.39962,5,5352.624156
57.780581,7,5352.835667
-11.212304,4,5352.990795
53.191495,8,5353.202066
57.958127,5,5353.352553
-7.846087,5,5353.64491
59.096556,6,5353.833622
59.093071,6,5354.104823
54.216439,4,5354.408256
56.185474,7,5354.776665
57.848131,5,5354.99136
-11.585965,4,5355.192162
-11.517371,4,5355.324349
59.091545,6,5355.539618
-8.159848,6,5355.767626
-7.039093,5,5356.253242
-7.490858,5,5356.598268
59.087469,6,5356.77952
54.216439,4,5357.022286
-8.216963,5,5357.16892
57.959938,5,5357.322285
57.957837,5,5357.490131
-7.214169,5,5357.939767
59.099294,6,5358.152676
-7.032386,5,5358.574377
57.960494,5,5358.831347
-8.212336,5,5359.038983
-7.190217,6,5359.375252
57.963944,5,5359.556053
-13.719855,3,5359.698191
-7.066352,5,5360.151449
59.099097,6,5360.36867
59.092167,6,5360.511831
-11.529136,4,5360.631514
57.784848,7,5360.834096
57.957684,5,5360.990272
59.090566,6,5361.203076
57.779718,7,5361.401358
-7.948812,5,5361.73153
-8.293706,5,5361.880746
58.413135,6,5362.278304
57.659441,5,5362.45525
-7.268796,5,5362.880317
57.779392,7,5363.100949
-7.794966,5,5363.298119
58.377491,6,5363.546246
-11.487093,4,5363.819323
57.962137,5,5363.99843
57.967614,5,5364.151235
-8.086538,5,5364.354329
57.953807,5,5364.484979
-11.514922,4,5364.613106
-7.914453,6,5364.765137
54.197756,4,5364.918961
-8.053452,5,5365.234686
57.785612,7,5365.479363
-9.92775,7,5365.701004
-7.57723,5,5366.02959
-7.407068,5,5366.591989
-7.582708,5,5366.817088
57.777912,7,5367.043111
57.957839,5,5367.186336
57.787484,7,5367.354516
59.094855,6,5367.528945
57.959862,5,5367.727169
57.684688,5,5368.084813
59.087731,6,5368.303221
59.089451,6,5368.51019
59.089838,6,5368.647501
57.959308,5,5368.78001
54.216439,4,5368.93035
57.963169,5,5369.140283
57.963474,5,5369.288297
-9.057499,7,5369.538694
57.96743,5,5369.719482
-7.875605,5,5370.01823
-9.049159,7,5370.26369
57.967614,5,5370.411171
59.093775,6,5370.623922
59.094446,6,5370.820889
57.498224,5,5371.067784
-8.089864,5,5371.524625
-13.552543,3,5371.678956
-7.332837,6,5371.915325
59.085456,6,5372.098446
-11.493193,4,5372.309865
57.96714,5,5372.480518
54.216439,4,5372.645149
59.082405,6,5372.853279
59.092651,6,5373.01881
-13.476791,3,5373.187581
-5.900706,6,5373.567913
54.101784,4,5373.76433
57.769289,7,5373.960011
-8.508367,5,5374.130605
-11.611341,4,5374.336095
-11.135284,4,5374.660219
57.962905,5,5374.833291
57.771821,7,5375.001872
58.680813,6,5375.180073
-8.250211,6,5375.394673
59.094986,6,5375.751026
59.098635,6,5375.924034
54.144362,4,5376.20267
-8.11058,5,5376.421467
59.089793,6,5376.701056
59.095657,6,5376.902957
57.702467,5,5377.059497
57.967614,5,5377.210321
-10.783561,4,5377.462991
-11.410215,4,5377.677679
-11.484112,4,5377.822067
57.967614,5,5378.072717
59.090174,6,5378.28337
54.216439,4,5378.538254
59.094967,6,5378.750935
-7.52983,6,5379.093533
-8.044924,5,5379.389703
-8.510185,5,5379.552605
-7.214913,6,5379.784828
59.089356,6,5379.93033
59.087866,6,5380.097734
59.093261,6,5380.277158
54.216439,4,5380.433516
59.093311,6,5380.590132
59.088192,6,5380.761818
-7.326942,6,5380.997236
57.778154,7,5381.193388
54.208851,4,5381.367017
-7.474702,6,5381.714299
54.216439,4,5381.968648
57.769446,7,5382.137203
58.403305,6,5382.520659
-11.295569,4,5382.860413
-7.457639,6,5383.183666
58.724645,6,5383.442504
57.965622,5,5383.715577
59.097895,6,5383.939141
-7.804959,5,5384.235239
57.887938,5,5384.492818
57.570551,5,5384.710217
57.963556,5,5384.869199
57.514629,5,5385.132623
-7.594071,6,5385.573858
59.099294,6,5385.705958
57.967614,5,5385.975489
-8.12059,5,5386.19528
59.099294,6,5386.363194
54.216439,4,5386.601682
57.967614,5,5386.869197
57.967614,5,5387.024065
57.775517,7,5387.17184
59.083429,6,5387.35683
59.089238,6,5387.513139
57.963269,5,5387.666711
-11.133784,4,5387.944658
59.083938,6,5388.101597
57.775779,7,5388.315437
-7.908791,5,5388.650632
59.082382,6,5388.899683
57.789355,7,5389.131551
59.089006,6,5389.3313
57.955922,5,5389.497187
54.216439,4,5389.65523
57.963804,5,5389.876756
-7.73746,5,5390.249254
-11.05929,4,5390.593595
57.958068,5,5390.745858
58.999001,6,5391.089018
57.787939,7,5391.326784
57.782407,7,5391.550129
-11.202787,4,5391.703569
59.09928,6,5391.934709
54.038267,4,5392.14706
57.256532,5,5392.397285
54.204488,4,5392.664255
59.085391,6,5392.890805
59.099294,6,5393.132446
54.216439,4,5393.314598
-8.313478,5,5393.455051
-11.035291,4,5393.72808
59.089236,6,5393.86659
-8.259461,5,5394.159777
57.955882,5,5394.30659
57.791251,5,5394.552321
57.966186,5,5394.784936
59.099294,6,5395.013529
59.099294,6,5395.247669
59.090262,6,5395.424966
57.967614,5,5395.60355
-11.405952,4,5395.743089
-11.29845,4,5395.927485
-7.963292,5,5396.193837
58.916911,6,5396.438264
57.776246,7,5396.574811
59.097585,6,5396.725829
59.099294,6,5396.962315
54.216439,4,5397.25353
57.967614,5,5397.686367
-13.67469,3,5398.108617
57.967614,5,5398.953553
-8.157047,5,5399.236367
57.789096,5,5399.717592
54.205805,4,5400.057644
57.960495,5,5400.476608
59.084206,6,5400.767525
58.61588,6,5401.26923
-7.760607,5,5401.789529
57.950089,5,5402.305469
59.099294,6,5402.716692
59.091489,6,5403.256924
57.967614,5,5403.829786
57.231317,5,5404.720758
57.967018,5,5405.253063
57.967614,5,5405.969244
59.091297,6,5406.615091
59.098157,6,5407.65494
-7.032386,5,5408.702742
59.080233,6,5409.518492
-8.053303,5,5409.861981
57.957741,5,5410.050449
59.092594,6,5410.353086
59.090067,6,5410.686108
57.956772,5,5410.927865
57.966639,5,5411.085186
59.08868,6,5411.320314
56.692053,7,5411.572015
59.089898,6,5411.943578
57.967614,5,5412.253427
57.967614,5,5412.61343
-7.033424,5,5413.21738
54.206692,4,5413.494039
-7.592312,5,5413.836548
57.780391,7,5414.077605
-7.948084,6,5414.313666
59.089853,6,5414.477457
59.088082,6,5414.695169
57.967614,5,5414.889894
59.084179,6,5415.11085
-11.611999,4,5415.254807
59.087386,6,5415.470767
-11.510634,4,5415.606168
57.363598,5,5415.853919
-8.125274,6,5416.103896
57.967614,5,5416.38498
-8.321618,5,5416.723986
-11.544105,4,5416.855856
-8.110587,5,5417.061337
57.967614,5,5417.347359
57.472901,5,5417.608781
57.957055,5,5417.758617
57.956364,5,5417.925129
57.967614,5,5418.158477
58.448851,6,5418.504945
59.096353,6,5418.677446
57.96451,5,5418.820845
-11.267613,4,5418.978532
-11.582525,4,5419.17844
-11.528809,4,5419.397976
-5.923308,6,5419.563298
-11.435755,4,5419.712699
57.954841,5,5419.861232
59.096923,6,5420.084672
57.967614,5,5420.261389
54.209066,4,5420.530939
-8.277463,5,5420.841211
59.089779,6,5421.034987
57.854361,5,5421.271191
57.957357,5,5421.40574
-8.260364,5,5421.613333
58.396231,6,5422.01044
57.963912,5,5422.227958
59.092623,6,5422.50859
57.783134,5,5422.72429
57.771251,7,5422.959395
59.08898,6,5423.114354
57.967556,5,5423.343254
-11.529162,4,5423.475988
57.967614,5,5423.641759
57.961265,5,5423.803959
57.782525,7,5424.020557
-13.671107,3,5424.157197
-9.756316,7,5424.454149
59.099294,6,5424.678263
59.082033,6,5424.890288
54.214066,4,5425.167484
57.966321,5,5425.334259
-8.369348,5,5425.470075
57.853427,5,5425.843459
59.092071,6,5426.007298
57.967614,5,5426.219658
57.962925,5,5426.443712
-7.397379,5,5426.87747
57.966197,5,5427.043883
57.957433,5,5427.876626
59.089474,6,5428.166795
-8.560107,5,5428.316906
57.782571,7,5428.52293
-7.19045,5,5429.01025
54.216439,4,5429.252646
59.099294,6,5429.434031
57.950024,5,5429.612159
58.767072,6,5429.907147
57.967614,5,5430.1279
57.967614,5,5430.280838
54.20734,4,5430.449226
54.216439,4,5430.618702
59.098586,6,5430.856101
57.949587,5,5431.017838
54.216439,4,5431.306984
57.626875,5,5431.555883
-8.149819,6,5431.770692
-11.530058,4,5431.961694
-7.973414,6,5432.184199
57.967614,5,5432.525803
57.967614,5,5432.665923
57.958348,5,5432.833231
-13.69854,3,5432.967926
54.216439,4,5433.126215
59.087798,6,5433.35027
54.212847,4,5433.59959
54.215681,4,5433.843558
-8.421628,5,5434.075962
-8.076026,5,5434.276806
59.099294,6,5434.485087
57.963825,5,5434.641351
59.094844,6,5434.854125
57.96159,5,5435.119575
57.78954,7,5435.378965
57.861691,5,5435.634858
59.077205,6,5435.871368
57.963727,5,5436.10817
57.967614,5,5436.35266
58.04575,6,5436.658196
-7.90345,6,5436.876988
57.959323,5,5437.028037
57.781829,7,5437.242684
-8.229817,5,5437.547408
-11.388362,4,5437.678604
57.964808,5,5437.820861
59.099294,6,5438.038812
58.62448,6,5438.216318
-7.060035,6,5438.540774
-8.6001,5,5438.692636
-11.470281,4,5438.844321
-7.98052,5,5439.192842
-11.310027,4,5439.357824
-5.922472,6,5439.508137
59.088123,6,5439.747514
59.099158,6,5440.003523
59.099294,6,5440.233968
59.087315,6,5440.470988
-11.386944,4,5440.629385
-8.128724,5,5440.889604
59.096418,6,5441.162433
57.957703,5,5441.316724
59.099294,6,5441.49077
57.886887,5,5441.725681
-11.15749,4,5442.18196
59.094719,6,5442.353563
59.089775,6,5442.521383
57.967614,5,5442.728474
57.961868,5,5442.877243
57.966311,5,5443.054356
54.078988,4,5443.299793
-7.650809,5,5443.462018
57.967614,5,5443.669708
-7.688241,5,5443.918514
54.216439,4,5444.165406
57.203859,5,5444.609508
59.094885,6,5444.837965
59.098202,6,5445.06099
57.821045,5,5445.330228
54.20743,4,5445.582192
-11.445712,4,5445.748948
-7.052761,5,5445.88575
-7.482124,6,5446.086383
54.216439,4,5446.345304
-11.614417,4,5446.484599
-13.579381,3,5446.614224
59.087515,6,5446.824548
-11.064812,4,5447.04238
58.729943,6,5447.278685
57.773516,7,5447.464016
57.967614,5,5447.607251
59.087612,6,5447.789212
57.967614,5,5447.960956
57.963827,5,5448.098533
59.099294,6,5448.34436
57.967614,5,5448.57586
-11.606505,4,5448.708768
59.096279,6,5448.957951
59.099294,6,5449.111828
57.967065,5,5449.378914
-8.154571,5,5449.629503
-11.171106,4,5449.769411
-7.325179,5,5449.999251
59.099294,6,5450.257725
57.960067,5,5450.410213
-7.775349,5,5450.742234
57.771811,7,5450.965487
57.964575,5,5451.129146
59.093211,6,5451.343099
-7.345526,6,5451.615242
59.090659,6,5451.853149
-8.26118,5,5452.016141
57.681442,5,5452.162812
59.097922,6,5452.361073
57.290798,7,5452.625152
54.216439,4,5452.7759
-7.956316,6,5452.920864
-5.900706,6,5453.506967
59.089841,6,5453.660767
59.0885,6,5453.845546
-11.517964,4,5453.9727
57.962134,5,5454.127418
57.967614,5,5454.298125
57.964646,5,5454.536227
-8.466487,5,5454.705183
-8.256453,5,5454.865721
54.214309,4,5455.166551
54.216439,4,5455.321242
-13.476791,3,5455.462414
57.967614,5,5455.630399
-7.974693,5,5455.84307
-11.53396,4,5455.974226
59.089338,6,5456.182222
59.092468,6,5456.395986
-11.162844,4,5456.666341
-7.94658,6,5456.902127
57.967614,5,5457.123164
57.967614,5,5457.274855
57.785333,7,5457.501655
57.963591,5,5457.736974
59.080644,6,5457.962422
57.963915,5,5458.135622
-11.476814,4,5458.2718
58.599033,6,5458.514107
57.967614,5,5458.733981
-7.479153,6,5458.91322
-11.46869,4,5459.051908
53.723236,4,5459.345264
57.967614,5,5459.559754
59.089557,6,5459.712251
-11.249012,4,5459.930399
-7.427113,5,5460.227288
59.099294,6,5460.455243
-8.092233,5,5460.906274
54.215423,4,5461.067169
59.085561,6,5461.23809
57.7816,7,5461.456419
-11.056755,4,5461.638454
59.089593,6,5461.904799
57.585472,5,5462.079042
-8.270427,5,5462.228726
57.486688,5,5462.479852
57.778736,7,5462.686232
57.788824,7,5462.901209
-13.720747,3,5463.107261
57.967614,5,5463.374807
59.087293,6,5463.522753
-7.723685,5,5463.779055
-11.210104,4,5463.939337
-8.421363,5,5464.093376
57.2763,5,5464.330731
57.789525,7,5464.590682
57.964215,5,5464.750745
-7.586755,6,5465.031728
59.097281,6,5465.247831
-7.495969,6,5465.463027
54.212449,4,5465.719925
57.654264,5,5465.912325
54.117787,4,5466.155353
59.067419,6,5466.380645
57.966775,5,5466.543872
-7.88185,5,5466.73289
57.959636,5,5466.876363
58.531977,6,5467.036112
57.963729,5,5467.255804
-8.528682,5,5467.475541
57.777005,7,5467.699193
-11.091971,4,5467.859819
-7.046636,5,5468.013623
59.095536,6,5468.241282
57.96211,5,5468.390648
-8.250006,5,5468.548394
59.087467,6,5468.69879
-11.078754,4,5468.860957
-11.035399,4,5469.026457
59.099294,6,5469.293285
-7.829577,5,5469.517319
57.777233,7,5469.738883
-8.059438,6,5469.944619
54.21357,4,5470.22307
57.959061,5,5470.37025
-8.136815,5,5470.512659
57.963737,5,5470.659843
54.198445,4,5470.82106
57.478124,5,5471.06933
57.967614,5,5471.30763
57.954899,5,5471.466009
-7.032386,5,5471.980729
59.0856,6,5472.193554
57.958002,5,5472.340082
59.099294,6,5472.582867
59.088205,6,5472.80874
57.965082,5,5473.074608
57.957035,5,5473.233146
57.961249,5,5473.375598
59.099294,6,5473.600083
57.967201,5,5473.862993
59.092094,6,5474.068939
59.081156,6,5474.318958
59.095785,6,5474.556125
57.963568,5,5474.779676
-8.004635,5,5475.093624
57.965989,5,5475.315048
-7.968178,5,5475.63571
-7.150986,6,5475.927503
-8.279979,5,5476.143679
-7.806802,5,5476.409284
-7.715699,5,5476.696059
-13.640358,3,5476.826046
59.097523,6,5477.040713
59.089911,6,5477.184734
59.099294,6,5477.40885
-8.509617,5,5477.582268
57.865178,5,5477.838272
-11.443593,4,5478.000685
-7.754445,5,5478.316087
-8.083238,6,5478.537559
57.963073,5,5478.782563
57.967614,5,5479.023773
58.252808,6,5479.271292
-8.037386,5,5479.488298
57.767228,7,5479.640166
-11.601324,4,5479.777453
-8.498396,5,5479.92465
54.212499,4,5480.091526
-7.800245,5,5480.244879
57.95732,5,5480.405073
57.967614,5,5480.57948
59.098762,6,5480.822917
-7.898831,5,5481.094568
57.610285,7,5481.465699
-13.723375,3,5481.612503
59.089351,6,5481.842824
-11.426429,4,5482.027543
-8.401195,5,5482.265333
57.959796,5,5482.449027
57.781548,7,5482.737743
57.967614,5,5482.958778
-11.569087,4,5483.102317
-5.918453,6,5483.445095
-7.40636,6,5483.668825
57.783812,7,5483.923198
59.093889,6,5484.10322
58.526006,6,5484.383577
57.957089,5,5484.540848
57.105396,5,5484.995958
59.087137,6,5485.224218
57.784897,7,5485.452829
57.779631,7,5485.644438
58.952127,6,5485.8615
58.523569,6,5486.196616
57.953461,5,5486.389956
57.967614,5,5486.572185
57.508116,5,5486.787913
59.089648,6,5487.000244
57.960045,5,5487.143026
57.967441,5,5487.34578
-7.717166,5,5487.619066
57.967614,5,5487.809548
-11.543185,4,5487.954263
-7.466724,6,5488.242807
54.216439,4,5488.48787
59.088141,6,5488.724572
-7.722185,5,5489.060349
57.967614,5,5489.357142
59.099294,6,5489.575875
59.099294,6,5489.835756
-8.560668,5,5490.06135
-8.539815,5,5490.282854
57.967614,5,5490.585521
-11.592148,4,5490.790542
57.485733,5,5491.07581
-11.299074,4,5491.290764
-8.58917,5,5491.506151
-10.783561,4,5491.908402
-13.518107,3,5492.078602
57.961776,5,5492.229285
57.767325,7,5492.458318
59.090845,6,5492.610437
-8.243438,5,5492.851564
-8.005935,5,5493.149679
57.963611,5,5493.308819
59.099294,6,5493.531712
59.099294,6,5493.691341
59.09487,6,5493.966478
57.959765,5,5494.149976
57.446729,5,5494.335972
57.602603,5,5494.505087
-7.049108,5,5494.6756
57.950756,5,5494.905374
57.752322,5,5495.138603
59.098572,6,5495.399729
57.967614,5,5495.531912
59.087472,6,5495.689632
57.967614,5,5495.859453
-8.14875,5,5496.084272
59.088637,6,5496.282261
57.967614,5,5496.525099
57.839228,5,5496.774838
57.581154,5,5497.018849
-7.481725,6,5497.340995
-11.572561,4,5497.473263
57.960078,5,5497.632461
-8.244537,5,5497.792229
-8.245932,5,5498.03705
57.78954,7,5498.257181
57.858906,5,5498.435572
57.967614,5,5498.658805
-8.495224,5,5498.897438
-7.66641,6,5499.099823
57.521973,5,5499.514548
-7.746821,5,5499.869544
57.957965,5,5500.021871
59.086314,6,5500.178055
57.967614,5,5500.355032
-7.911957,6,5500.586172
59.094425,6,5500.750714
59.09101,6,5500.919131
59.099294,6,5501.103255
57.934733,5,5501.261724
57.775684,7,5501.45685
58.477831,6,5501.728403
58.225402,6,5501.914434
-8.549254,5,5502.066138
-8.045106,6,5502.211135
54.117341,4,5502.57152
-11.347647,4,5502.808149
57.967614,5,5503.101552
57.777962,7,5503.318506
54.207609,4,5503.568626
59.087883,6,5503.769809
-7.572008,6,5504.045731
-7.796235,5,5504.387958
-13.709324,3,5504.524879
57.781361,7,5504.663779
-7.032386,5,5505.119205
57.946996,5,5505.343973
-11.492098,4,5505.512392
59.089447,6,5505.722149
59.090144,6,5505.947663
-11.541331,4,5506.087821
-7.526693,5,5506.43614
57.777188,7,5506.670328
-7.626869,6,5506.889626
57.958279,5,5507.030804
57.967614,5,5507.312921
-8.03961,5,5507.649405
57.956985,5,5507.786255
57.954326,5,5508.138657
54.216439,4,5508.683587
57.967614,5,5509.141535
-7.687193,5,5509.747484
-11.579389,4,5510.144546
54.214546,4,5510.434036
57.957724,5,5510.737706
-7.895182,5,5511.417917
59.087875,6,5512.229215
-10.907893,4,5512.660202
-8.464721,5,5513.029523
-5.919949,6,5513.440199
54.008658,4,5513.904786
-7.940235,5,5514.561124
57.527127,5,5515.079721
-7.294699,6,5515.698607
57.967614,5,5516.345633
57.732543,5,5516.754741
-7.805157,5,5517.464522
54.216439,4,5517.964106
-8.137621,6,5518.360286
59.099294,6,5518.748528
57.967614,5,5519.048826
-13.762051,3,5519.268477
59.093891,6,5519.509674
57.967614,5,5520.894704
57.964048,5,5521.281492
57.774188,7,5522.515437
57.963103,5,5523.028838
-7.299561,5,5523.724866
59.089538,6,5524.237655
59.095505,6,5524.658626
59.093132,6,5525.063489
59.094671,6,5525.355485
58.877055,6,5525.832572
56.952603,5,5526.591485
57.893385,5,5527.06688
57.888631,5,5527.379684
-8.476011,5,5527.741679
57.776974,7,5528.216065
57.967614,5,5528.778152
59.099294,6,5529.178245
59.085027,6,5529.578771
57.778163,7,5530.385413
57.359985,5,5530.958559
-11.242057,4,5531.436556
59.099294,6,5531.99236
-7.992362,5,5532.707579
59.091468,6,5533.267287
57.967614,5,5533.630732
57.777487,7,5534.209388
57.966113,5,5534.528433
54.216439,4,5534.748201
57.958653,5,5534.950756
57.962477,5,5535.160446
-8.450596,5,5535.427038
59.087683,6,5535.63454
57.967614,5,5535.992923
59.088439,6,5536.187525
59.091424,6,5536.454875
-7.015294,6,5536.699941
-8.483799,5,5536.84575
59.088357,6,5537.066011
57.950843,5,5537.213022
-11.522759,4,5537.349786
57.781435,7,5537.575844
-8.726014,7,5537.835394
57.967614,5,5538.025977
57.967614,5,5538.209977
54.213821,4,5538.453664
-7.779828,5,5538.724534
-11.490273,4,5538.871046
-8.519194,5,5539.091379
59.090546,6,5539.338378
-8.293631,5,5539.590207
-10.783561,4,5539.81284
59.08923,6,5540.024406
-13.679926,3,5540.174944
58.462898,6,5540.516782
-8.211806,6,5540.667078
-8.100426,5,5540.913203
57.967614,5,5541.167129
57.967614,5,5541.337961
-8.256802,5,5541.485605
-11.330478,4,5541.632851
-11.530243,4,5541.77731
58.385822,6,5542.053079
54.216439,4,5542.21996
57.960552,5,5542.38922
-7.869141,6,5542.615566
59.088315,6,5542.787902
57.967614,5,5542.934822
59.013075,6,5543.175452
57.967614,5,5543.41183
-11.407687,4,5543.576072
59.089318,6,5543.79989
57.964316,5,5544.05372
54.216439,4,5544.333629
57.964217,5,5544.496837
59.095115,6,5544.666261
-5.903724,6,5545.027259
59.099294,6,5545.301353
-7.661437,5,5545.548893
59.083979,6,5545.76861
57.773355,7,5545.946382
57.952088,5,5546.110615
57.964628,5,5546.388291
-11.365687,4,5546.550115
-11.45797,4,5546.692981
59.088741,6,5546.85878
-7.848517,5,5547.195379
-8.431859,7,5547.64803
57.967614,5,5547.937001
59.099294,6,5548.172868
59.093888,6,5548.339163
59.094245,6,5548.490717
57.967614,5,5548.714507
-13.62521,3,5548.884297
57.95658,5,5549.273325
59.088052,6,5549.504185
59.094812,6,5549.761736
-8.456592,5,5550.019308
57.777868,7,5550.221607
-7.248798,6,5550.613286
59.09669,6,5550.883397
57.963869,5,5551.033676
-7.683776,6,5551.326487
58.45625,6,5551.589634
59.099294,6,5551.744763
59.082777,6,5551.961055
59.099294,6,5552.201848
57.967614,5,5552.502795
59.0945,6,5552.748057
59.098007,6,5553.01065
59.093296,6,5553.217797
59.081993,6,5553.452842
54.112428,4,5553.685621
-10.871145,4,5553.926951
-8.477293,5,5554.087464
57.682526,5,5554.342453
-7.945859,5,5554.610306
-11.126694,4,5554.947823
57.967614,5,5555.111599
-11.554137,4,5555.246529
59.088177,6,5555.474271
-8.173425,6,5555.685659
59.099294,6,5555.924553
58.551648,6,5556.17872
59.090078,6,5556.4002
57.774036,7,5556.660649
54.216439,4,5556.823447
54.216439,4,5556.981616
-11.026405,4,5557.282461
57.967614,5,5557.509987
59.099294,6,5557.64619
59.094572,6,5557.798827
57.95669,5,5557.936514
57.967614,5,5558.200289
54.040129,4,5558.383571
57.953235,5,5558.535316
57.966684,5,5558.806788
59.087723,6,5559.043254
58.554653,6,5559.306536
59.092997,6,5559.653435
57.967614,5,5560.405407
57.967614,5,5560.983601
-8.060029,5,5561.58865
59.091975,6,5562.04549
57.960347,5,5562.213127
57.965663,5,5562.388632
57.967614,5,5562.625174
57.967614,5,5562.924484
59.091017,6,5563.161236
54.170437,4,5563.430055
-10.784075,4,5563.65741
57.967614,5,5563.81226
57.966052,5,5564.455492
-8.156767,5,5565.317403
-8.558992,5,5565.832744
-11.312314,4,5566.647646
57.717384,5,5567.139633
59.090807,6,5567.869332
-11.075054,4,5568.287615
-8.465285,5,5569.163554
-7.703047,6,5569.475049
-7.934384,5,5569.663866
58.679376,6,5569.966208
59.090396,6,5570.229016
59.093092,6,5570.450247
54.216439,4,5570.702217
59.095545,6,5570.934868
57.965766,5,5571.114184
54.216439,4,5571.257618
57.273058,5,5571.492376
59.089748,6,5571.694062
59.099294,6,5571.910996
59.092562,6,5572.118078
57.95923,5,5572.260206
-11.380255,4,5572.470369
57.967614,5,5572.634205
-11.360267,4,5572.898673
-8.069388,5,5573.230095
59.087699,6,5573.476785
59.098064,6,5573.683874
-11.430583,4,5573.86932
-11.351437,4,5574.03038
-8.201372,5,5574.204072
57.784736,5,5574.47779
57.773411,7,5574.703071
57.967614,5,5574.862262
-7.926425,6,5575.090256
-8.372725,5,5575.24852
57.785354,7,5575.475102
57.961995,5,5575.620672
-8.379489,5,5575.825627
54.197028,4,5576.090591
-7.600905,5,5576.342406
-8.080166,5,5576.553267
54.0397,4,5576.730534
57.836913,5,5577.020013
57.967614,5,5577.283103
57.967209,5,5577.445016
-7.878209,5,5577.612533
57.951412,6,5578.268615
-13.542875,3,5578.44757
-11.320335,4,5578.623123
57.964575,5,5578.82018
54.216439,4,5579.095217
57.959951,5,5579.265347
-11.544959,4,5579.410393
59.096019,6,5579.633999
57.859085,5,5579.892081
57.967614,5,5580.154867
57.967614,5,5580.381845
58.939212,6,5580.580478
57.780548,7,5580.826389
59.049297,6,5581.027291
59.099294,6,5581.393328
59.098428,6,5581.544644
59.090641,6,5581.790646
-10.783561,4,5582.099357
54.216406,4,5582.397659
57.958447,5,5582.570432
-7.382521,6,5582.826453
59.092639,6,5583.00732
59.037037,6,5583.169769
59.099294,6,5583.324897
57.952706,5,5583.483651
59.088168,6,5583.661032
59.087498,6,5583.948862
57.967614,5,5584.223203
-7.658772,5,5584.465186
57.96033,5,5584.636945
57.781771,7,5584.870083
57.7691,7,5585.122005
-8.190923,5,5585.290301
57.772014,6,5585.769346
58.465061,6,5586.079082
57.778727,7,5586.332592
57.967614,5,5586.511949
-11.279199,4,5586.69723
-10.995008,4,5587.055788
57.78954,7,5587.333856
-7.760245,5,5587.694105
59.088381,6,5587.947759
-5.903831,6,5588.291996
54.216297,4,5588.47876
-7.718765,5,5588.839635
57.717159,5,5589.009997
59.087789,6,5589.260316
57.950193,5,5589.503131
59.089557,6,5589.698656
-11.592415,4,5589.836576
-6.905965,6,5590.105655
-11.040029,4,5590.447931
57.967614,5,5590.66484
59.089902,6,5590.829986
57.967614,5,5591.084761
59.088775,6,5591.285709
54.216439,4,5591.560459
57.967614,5,5591.819871
-11.476905,4,5592.077954
-7.325168,5,5592.433865
-7.032386,5,5592.937745
57.783181,7,5593.115331
59.09063,6,5593.285121
57.447339,7,5593.67927
-13.547482,3,5593.852892
57.963645,5,5594.099298
57.967614,5,5594.42737
-8.202634,5,5594.596398
54.216439,4,5594.846893
59.099294,6,5594.998287
54.038947,4,5595.22965
57.967614,5,5595.52167
57.956299,5,5595.699948
57.877942,6,5595.97388
-7.120691,6,5596.225319
59.049041,6,5596.429756
-7.877993,5,5596.734903
-11.421168,4,5596.941774
59.099294,6,5597.19023
59.079592,6,5597.435866
-7.915738,5,5597.661382
59.090515,6,5597.893378
-8.219892,5,5598.139052
-11.589693,4,5598.294915
57.967614,5,5598.522733
-5.983961,6,5599.074201
57.967614,5,5599.253369
59.09022,6,5599.546759
-8.234788,5,5599.714081
57.961726,5,5599.852837
57.967614,5,5600.223678
-7.827614,5,5600.472541
57.621177,5,5600.719515
59.096084,6,5600.869572
57.959681,5,5601.045903
59.090469,6,5601.199479
54.216439,4,5601.455435
59.093138,6,5601.605768
59.092885,6,5601.774861
59.092602,6,5602.009697
57.778353,7,5602.180317
-8.158126,5,5602.489696
57.96214,5,5602.699496
57.958042,5,5602.875402
57.961839,5,5603.02485
57.668882,5,5603.379695
57.967614,5,5603.61631
59.090025,6,5603.854695
59.088445,6,5603.994065
-11.054306,4,5604.255714
-11.223794,4,5604.406864
59.09695,6,5604.565248
59.088278,6,5604.805464
-11.399485,4,5604.956684
-8.318004,5,5605.118538
57.967614,5,5605.27281
-11.606028,4,5605.410398
59.096749,6,5605.633263
-7.722971,6,5605.808514
-8.438573,5,5606.059191
57.959015,5,5606.229708
-13.476791,3,5606.37656
57.959341,5,5606.612334
59.094142,6,5606.751196
-8.368336,5,5606.964508
57.967614,5,5607.138759
54.216439,4,5607.386105
-7.864482,5,5607.642139
-13.488453,3,5607.796176
59.096081,6,5607.946666
59.087793,6,5608.17647
59.084944,6,5608.334514
-8.094808,5,5608.628088
59.095948,6,5608.785568
-7.873605,5,5609.101114
59.087525,6,5609.33447
59.097922,6,5609.567636
57.777683,7,5609.81684
57.08042,5,5610.227722
59.099294,6,5610.527786
59.094063,6,5610.72021
-13.682819,3,5610.855394
59.099294,6,5611.012281
-7.441792,5,5611.37695
57.956173,5,5611.535393
-8.414405,5,5611.701277
57.967614,5,5611.98019
-11.299923,4,5612.139703
58.619867,6,5612.377427
58.186837,6,5612.753276
59.091437,6,5612.903688
57.96508,5,5613.124058
-13.565507,3,5613.28574
59.096447,6,5613.511136
-11.222399,4,5613.677195
57.532382,5,5613.839539
57.963575,5,5614.136414
54.21362,4,5614.395366
57.789317,7,5614.636809
59.091157,6,5614.798124
59.094798,6,5614.972418
57.967614,5,5615.377226
57.957549,5,5615.535552
-11.07462,4,5615.851122
54.05183,4,5616.119912
57.648088,5,5616.292847
54.216439,4,5616.467242
59.094123,6,5616.623451
57.967614,5,5616.914281
59.091534,6,5617.168027
-11.201655,4,5617.348385
54.216439,4,5617.531942
59.090557,6,5617.689305
-6.634103,6,5618.051273
59.080006,6,5618.229128
57.416673,5,5618.411767
59.084155,6,5618.573082
59.095396,6,5618.823954
-7.962003,5,5619.245073
54.213282,4,5619.45527
57.591949,5,5619.745541
57.958599,5,5619.990928
54.216439,4,5620.16015
-8.31867,5,5620.398044
57.788355,7,5620.663345
59.097123,6,5620.837072
59.087501,6,5621.01725
-11.46646,4,5621.167746
-10.790936,4,5621.360995
-10.963044,4,5621.539316
-13.476791,3,5621.687648
-11.38937,4,5621.849529
57.777068,7,5622.790834
57.967614,5,5623.062492
57.96713,5,5623.254357
54.216439,4,5623.416005
59.091631,6,5623.633491
-7.741677,5,5623.954014
54.204863,4,5624.237639
-7.757627,5,5624.395573
59.093069,6,5624.621265
57.967614,5,5624.792289
58.147835,6,5625.159101
-8.251871,5,5625.329016
59.088844,6,5625.567365
54.216439,4,5625.751199
59.091182,6,5626.038137
57.479545,5,5626.279488
54.215516,4,5626.457847
57.967614,5,5626.636092
59.088736,6,5626.868624
57.967614,5,5627.060949
-13.546118,3,5627.219501
-7.806018,5,5627.379686
-7.046323,5,5627.536442
57.960071,5,5627.80747
-7.051776,5,5627.965819
-7.37899,6,5628.215723
57.967614,5,5628.374008
59.087924,6,5628.591719
-8.417765,5,5628.830945
-11.324428,4,5629.06628
57.783459,7,5629.386675
-8.520715,5,5629.634547
54.206631,4,5629.811097
59.091194,6,5630.078117
57.780039,7,5630.287474
59.089377,6,5630.537074
57.965998,5,5630.822811
-10.915444,4,5631.095145
-8.33357,5,5631.263703
57.785645,7,5631.516743
58.957803,6,5631.776304
54.157179,4,5632.044065
-7.665654,5,5632.366122
57.967614,5,5632.558158
58.349654,6,5632.812303
-11.583523,4,5633.034936
57.958899,5,5633.224726
57.543494,5,5633.47919
57.576008,5,5633.733895
57.852872,5,5633.981616
57.958011,5,5634.159341
-8.5317,5,5634.380721
-11.361048,4,5634.530721
-7.641173,5,5634.836393
-11.465719,4,5635.022684
57.966523,5,5635.208127
57.507953,5,5635.468257
59.092658,6,5635.629483
-8.181572,6,5635.847076
59.096389,6,5636.044858
-7.88812,5,5636.275887
57.967614,5,5636.457971
57.967614,5,5636.72902
57.778122,7,5637.002579
-5.904027,6,5637.35728
-11.159329,4,5637.648321
-7.935036,6,5637.806727
-7.389588,6,5638.169426
-8.275436,5,5638.325685
53.993911,4,5638.611902
57.967614,5,5638.781482
57.967215,5,5639.014051
-8.432994,5,5639.248072
59.098514,6,5639.494671
-7.951766,5,5639.809161
57.967614,5,5640.00792
57.962607,5,5640.189322
58.512057,6,5640.455123
-11.361779,4,5640.655519
54.216439,4,5640.911574
57.964018,5,5641.148317
-7.868648,5,5641.37729
57.962504,5,5641.563121
-7.827496,5,5641.715019
54.21082,4,5641.880827
57.938467,5,5642.032527
-8.491941,5,5642.387754
-8.303285,5,5642.621573
-8.448908,5,5642.844086
54.216439,4,5643.017018
-8.279416,5,5643.195116
54.168113,4,5643.497461
59.099294,6,5643.693161
59.091319,6,5643.931733
59.089866,6,5644.179985
57.962669,5,5644.351273
54.212202,4,5644.549047
59.084857,6,5644.773979
54.213139,4,5645.023687
57.963072,5,5645.263773
57.967614,5,5645.498033
59.097822,6,5645.767829
58.558661,6,5646.015215
-7.213225,5,5646.512589
57.696846,5,5646.708141
57.960616,5,5646.865353
57.776377,7,5647.123123
-6.653712,6,5647.576699
57.95833,5,5647.742536
59.092961,6,5647.879313
-8.15447,5,5648.087136
59.098082,6,5648.30756
57.927396,5,5648.575843
59.058702,6,5648.85464
57.967614,5,5649.095879
58.202107,6,5649.390608
57.967614,5,5649.619666
59.099294,6,5649.799195
59.092748,6,5649.962093
-11.41665,4,5650.127588
-7.804488,5,5650.401131
57.962462,5,5650.569804
-11.07275,4,5650.858819
-11.307215,4,5651.0505
-13.728597,3,5651.243509
51.515131,3,5651.463125
59.089044,6,5651.73296
57.95941,5,5651.906095
57.956841,5,5652.170772
-8.133385,5,5652.332483
-11.606042,4,5652.495137
59.085334,6,5652.672648
57.771484,7,5652.954263
-13.712601,3,5653.117269
-11.249954,4,5653.27898
59.099294,6,5653.552179
57.779709,7,5653.789441
57.778437,5,5654.041714
59.089872,6,5654.196952
-10.992027,4,5654.38274
-8.454549,5,5654.598968
57.967614,5,5654.85621
57.967614,5,5655.100497
59.099294,6,5655.405399
-10.783561,4,5655.612764
57.964727,5,5655.8212
59.085452,6,5656.067484
57.777391,7,5656.344882
57.188108,5,5656.511876
57.960442,5,5656.690802
-7.966763,6,5656.912459
58.304452,6,5657.212717
-11.238206,4,5657.484415
57.967289,5,5657.717342
-8.24671,5,5657.982954
57.923848,5,5658.237561
59.085252,6,5658.479012
57.967484,5,5658.717946
59.088006,6,5658.906531
59.090031,6,5659.175985
-8.282763,5,5659.418321
57.964488,5,5659.70683
59.0961,6,5659.87362
57.965285,5,5660.059489
57.967614,5,5660.414659
-7.892861,5,5660.580568
59.099294,6,5660.801171
59.090779,6,5661.038582
59.099294,6,5661.276629
57.967614,5,5661.505828
59.092797,6,5661.739566
-8.057169,5,5662.036543
-11.338552,4,5662.243595
-8.197676,5,5662.414535
54.120424,4,5662.70511
59.099294,6,5662.989298
-11.407334,4,5663.150938
57.958768,5,5663.385774
-11.165881,4,5663.627675
54.216439,4,5663.784732
57.961618,5,5663.926761
57.136164,5,5664.280581
57.967736,6,5664.468706
59.080718,6,5664.667876
-7.822267,5,5664.850565
57.967614,5,5665.11989
-11.109947,4,5665.276899
57.967614,5,5665.429018
57.961129,5,5665.590837
-11.607542,4,5665.739063
-13.678611,3,5665.88745
59.099294,6,5666.108519
-7.705991,5,5666.360558
57.772089,7,5666.589216
-11.140964,4,5666.862962
59.091311,6,5667.096884
-7.913503,6,5667.328605
57.778325,7,5667.56173
57.962924,5,5667.859514
57.967614,5,5668.090585
-7.968043,5,5668.429718
57.961596,5,5668.588868
58.834726,6,5668.937693
-6.607263,6,5669.290897
59.099294,6,5669.525369
57.960873,5,5669.67585
59.087314,6,5669.92622
57.962473,5,5670.098232
57.540409,5,5670.341512
-13.68607,3,5670.501583
57.967614,5,5670.680342
54.216439,4,5670.854637
-8.139317,5,5671.02109
54.215897,4,5671.324361
57.760082,6,5671.780493
57.786703,7,5672.013268
58.997549,6,5672.246729
59.093189,6,5672.485342
57.967614,5,5672.650194
54.216439,4,5672.891545
-8.187792,5,5673.055277
59.099294,6,5673.241472
-7.942472,6,5673.449013
54.216439,4,5673.702621
59.081694,6,5673.916777
59.089769,6,5674.190669
59.088425,6,5674.353616
59.085629,6,5674.585447
-11.59367,4,5674.738014
59.095123,6,5674.995749
59.097657,6,5675.239156
57.967614,5,5675.481834
-7.003325,6,5675.82648
57.771818,7,5676.066258
-11.592477,4,5676.220113
59.099294,6,5676.44906
-11.471391,4,5676.600128
-8.23399,5,5676.85231
57.768408,5,5677.040647
57.962955,5,5677.338458
59.090213,6,5677.56091
-8.258239,6,5677.734946
57.967614,5,5677.92687
57.963001,5,5678.093129
-7.839144,5,5678.273965
59.090359,6,5678.496946
59.099007,6,5678.790478
59.09604,6,5679.023204
57.786618,7,5679.296243
59.090695,6,5679.458355
59.099294,6,5679.650637
59.099294,6,5679.926574
57.957226,5,5680.090271
57.966068,5,5680.392102
59.089886,6,5680.61927
57.967614,5,5680.852116
59.097356,6,5681.090166
59.099246,6,5681.326257
-13.568168,3,5681.475877
59.099294,6,5681.632431
59.097347,6,5681.870713
54.063971,4,5682.037721
58.373321,6,5682.239003
54.21049,4,5682.419761
57.816979,5,5682.681649
57.959238,5,5682.843047
-11.522548,4,5682.988914
-11.532687,4,5683.196228
54.204621,4,5683.448311
-5.900706,6,5683.826219
59.099294,6,5684.073048
-7.690873,5,5684.411403
59.099294,6,5684.615231
59.099294,6,5684.798803
57.966202,5,5685.020414
54.21619,4,5685.183734
-11.288739,4,5685.358315
-11.326466,4,5685.522331
57.456212,5,5685.802166
57.960345,5,5685.966905
59.088882,6,5686.187226
59.090306,6,5686.371319
-8.256752,5,5686.75309
59.087525,6,5686.921212
58.233038,6,5687.173315
59.099294,6,5687.437565
57.960268,5,5687.684676
58.911462,6,5687.872484
58.89668,6,5688.073408
57.965173,5,5688.26418
59.093405,6,5688.42237
-7.95099,5,5688.694711
57.963072,5,5688.857061
57.963841,5,5689.02032
-7.972591,5,5689.308157
-11.347354,4,5689.46406
-11.364058,4,5689.611261
57.77379,7,5689.858825
59.099294,6,5690.098836
59.084902,6,5690.243579
59.097114,6,5690.562578
57.783377,7,5690.811175
-8.107187,6,5691.037327
59.093235,6,5691.256931
57.781161,7,5691.499952
59.090347,6,5691.658506
-11.079326,4,5691.861996
57.959596,5,5692.050637
-7.895082,5,5692.209107
-11.182619,4,5692.377276
57.967404,5,5692.526873
54.209727,4,5692.826133
57.967614,5,5693.020186
57.78714,7,5693.266623
57.967614,5,5693.561318
-11.357291,4,5693.807085
57.77867,7,5694.092109
57.967614,5,5694.24651
-8.507775,5,5694.395837
59.094858,6,5694.532146
54.216439,4,5694.6967
57.675371,5,5694.951066
-11.049149,4,5695.257366
58.390662,6,5695.516198
57.627623,5,5695.691077
-7.109201,6,5696.0031
58.746438,6,5696.271193
57.778831,7,5696.52626
57.772594,7,5696.709332
-10.783561,4,5697.144358
54.216439,4,5697.342429
59.088225,6,5697.489007
-6.765198,6,5697.858343
58.353853,6,5698.122227
59.096497,6,5698.383572
54.216439,4,5698.651016
59.095719,6,5698.82513
57.962484,5,5699.005565
59.094637,6,5699.207731
59.093079,6,5699.477634
-11.392981,4,5699.676679
57.40913,5,5699.868634
59.099294,6,5700.161212
57.967614,5,5700.411475
58.326937,6,5700.728184
-10.783561,4,5700.964503
59.094878,6,5701.229273
59.099294,6,5701.413215
54.05341,4,5701.67311
59.099294,6,5702.046916
57.780412,7,5702.284049
-8.28317,5,5702.559242
58.201816,6,5702.888266
57.967614,5,5703.175365
57.967614,5,5703.443748
-11.546436,4,5703.578888
-7.043389,5,5703.748741
59.091885,6,5703.91926
57.967614,5,5704.0876
57.958356,5,5704.252636
57.961673,5,5704.438594
57.811429,5,5704.792256
59.092017,6,5704.948472
-7.260927,5,5705.411036
54.078631,4,5705.726401
-7.821483,5,5705.99375
-13.476791,3,5706.185242
54.214319,4,5706.472636
-7.658044,6,5706.694247
57.967614,5,5706.947311
-5.909354,6,5707.094229
59.099294,6,5707.323887
-11.201006,4,5707.585594
59.091628,6,5707.743895
57.751278,5,5707.925518
-8.38977,5,5708.189915
57.961578,5,5708.344015
-13.710665,3,5708.489752
-11.37585,4,5708.725885
57.967614,5,5708.918097
57.967614,5,5709.075391
-11.324445,4,5709.224509
-7.559616,5,5709.474943
57.748509,6,5709.888544
59.091614,6,5710.143504
57.962732,5,5710.333019
59.089247,6,5710.487417
57.90805,5,5710.692327
54.210497,4,5710.949698
57.957007,5,5711.100428
57.959904,5,5711.266846
-7.87318,5,5711.606964
57.957225,5,5711.75902
-11.258268,4,5712.703645
54.214188,4,5712.930221
59.088999,6,5713.18218
59.099294,6,5713.33732
58.438077,6,5713.718876
57.967614,5,5713.969008
-7.039897,5,5714.134225
57.967614,5,5714.382045
57.967614,5,5714.652691
-11.050131,4,5715.029933
-11.445126,4,5715.300853
57.957647,5,5715.453121
59.090399,6,5715.697504
57.957889,5,5715.959101
-8.22649,5,5716.105114
54.205747,4,5716.343427
-8.601165,5,5716.518942
57.967614,5,5716.780107
54.207965,4,5716.944529
54.102237,4,5717.22618
57.957048,5,5717.38795
59.097065,6,5717.68146
59.099294,6,5717.909065
-7.733317,5,5718.24347
59.099294,6,5718.514906
59.084572,6,5718.679963
-7.529392,5,5719.025904
54.216439,4,5719.196506
57.967614,5,5719.4884
57.821849,5,5719.680186
-11.250292,4,5719.875142
54.216439,4,5720.043751
57.390008,7,5720.312546
57.967614,5,5720.541811
59.09736,6,5720.838125
59.090735,6,5721.063355
57.772622,7,5721.311783
54.216439,4,5721.56786
-8.354835,5,5721.797107
57.967614,5,5722.144207
57.967614,5,5722.389551
59.097178,6,5722.641872
57.961144,5,5722.898455
57.967614,5,5723.088454
59.090204,6,5723.312486
59.098761,6,5723.55471
57.787665,7,5723.836218
57.590566,5,5724.023978
57.967614,5,5724.207833
57.967614,5,5724.503244
59.095453,6,5724.741459
59.08735,6,5724.891412
57.787245,7,5725.16696
57.957466,5,5725.410141
-11.078905,4,5725.569836
57.967614,5,5725.741543
-13.712197,3,5725.89486
57.960169,5,5726.050097
59.097686,6,5726.225898
57.962825,5,5726.386345
57.434768,5,5726.671071
54.215952,4,5726.8639
59.099294,6,5727.02664
59.099294,6,5727.302184
57.961893,5,5727.569747
-8.528331,5,5727.720784
57.7753,7,5727.885029
54.216439,4,5728.132414
-7.786569,5,5728.38811
57.96008,5,5728.565214
59.094346,6,5728.800189
57.958888,5,5729.028251
-8.13312,5,5729.285516
59.099294,6,5729.517871
57.792605,5,5729.702168
57.967614,5,5729.861349
59.092695,6,5730.054484
57.964203,5,5730.248109
54.20803,4,5730.527073
59.08865,6,5730.708568
58.622269,6,5731.033399
59.089195,6,5731.268447
-11.43868,4,5731.443404
-8.214545,6,5731.599619
59.092884,6,5731.760534
59.099294,6,5732.041487
57.458885,5,5732.216676
57.967614,5,5732.48653
-7.404353,6,5732.747032
-13.728747,3,5732.910497
-8.498869,5,5733.054019
54.216439,4,5733.239637
57.78954,7,5733.487013
59.099294,6,5733.728259
57.963998,5,5733.906009
-11.512218,4,5734.057541
-11.1604,4,5734.246439
-7.942971,5,5734.554541
57.967614,5,5734.733472
59.089885,6,5734.970281
59.099294,6,5735.150049
-11.515415,4,5735.298599
59.090375,6,5735.531837
57.571231,7,5735.910826
57.401811,5,5736.175673
59.096728,6,5736.408848
57.966373,5,5736.595985
57.956149,5,5736.872438
59.099294,6,5737.241497
57.960883,5,5737.433241
57.960099,5,5737.621923
59.088646,6,5737.833187
59.095613,6,5738.019546
57.853255,5,5738.317827
-8.516255,5,5738.495452
57.277439,5,5738.779573
57.774594,7,5738.933336
59.098204,6,5739.085309
59.098745,6,5739.318683
57.967614,5,5739.487934
-7.051969,5,5739.65624
57.967614,5,5739.916547
54.216439,4,5740.174761
57.780843,7,5740.386345
57.965228,5,5740.565111
54.216439,4,5740.815515
57.960554,5,5740.955946
54.071149,4,5741.173383
57.955984,5,5741.348084
57.958341,5,5741.534555
57.862039,5,5741.821649
-13.591093,3,5741.983882
57.781203,7,5742.220013
54.1283,4,5742.46374
59.093461,6,5742.716891
57.967614,5,5742.980347
57.956517,5,5743.187703
59.099294,6,5743.563427
58.881361,6,5743.806859
54.216439,4,5744.069605
-11.552631,4,5744.219394
-11.547981,4,5744.372359
59.091181,6,5744.607976
59.090475,6,5744.836002
59.011107,6,5745.078682
59.088206,6,5745.32115
57.967614,5,5745.466762
57.811966,5,5745.754936
57.965375,5,5745.93918
57.967614,5,5746.123179
54.096311,4,5746.280006
-11.429027,4,5746.431435
54.216439,4,5746.594073
57.967424,5,5746.763967
57.967614,5,5747.00934
-6.028527,6,5747.479573
59.097065,6,5747.726542
57.953818,5,5747.987965
59.094139,6,5748.193585
57.967614,5,5748.377313
-8.232432,5,5748.591337
53.20165,8,5748.814451
-11.402467,4,5748.972758
58.796246,6,5749.259434
57.959302,5,5749.424269
59.088937,6,5749.620532
57.39813,5,5749.785761
57.967418,5,5749.947215
57.955109,5,5750.144311
59.088645,6,5750.294039
54.216439,4,5750.456172
57.955934,5,5750.691905
-11.301603,4,5750.847988
57.478966,5,5751.099224
57.967614,5,5751.292335
59.098458,6,5751.539799
57.967614,5,5751.770574
57.78954,7,5752.001501
59.088529,6,5752.169276
-13.744323,3,5752.316931
-11.576893,4,5752.474692
59.088471,6,5752.703705
54.207477,4,5752.965798
-8.259962,5,5753.114373
57.964896,5,5753.248036
-7.775829,5,5753.50031
59.082933,6,5753.660412
57.967614,5,5753.819845
-7.593621,6,5754.164033
-8.062157,5,5754.396225
58.493674,6,5754.687786
57.966768,5,5754.834489
57.613661,5,5755.110261
58.730239,6,5755.404879
57.832969,5,5755.587483
-8.322568,5,5755.812276
57.955117,5,5756.078283
59.096471,6,5756.28179
57.956141,5,5756.496252
57.967614,5,5756.711939
57.959756,5,5756.956501
-8.218096,5,5757.143661
59.087896,6,5757.336916
59.087716,6,5757.595195
-8.495809,5,5757.840583
59.091326,6,5758.07737
59.092542,6,5758.294118
-8.492649,5,5758.451275
57.967614,5,5758.70561
-11.143757,4,5758.875406
59.097383,6,5759.050686
54.200558,4,5759.303483
57.967614,5,5759.539826
59.085371,6,5759.696167
57.826496,5,5759.939591
-7.987929,5,5760.213673
-13.715938,3,5760.360997
-11.46356,4,5760.530183
58.668258,6,5760.786646
57.967614,5,5760.965394
57.467722,5,5761.25349
53.910619,4,5761.534386
57.967614,5,5761.702193
59.09611,6,5762.045724
57.787158,7,5762.320112
57.778929,7,5762.596318
59.09007,6,5762.745795
59.099294,6,5762.977568
-7.032386,5,5763.405931
59.091117,6,5763.634058
57.957344,5,5763.818281
-8.015061,5,5764.022663
-7.049744,5,5764.177886
57.967614,5,5764.354849
57.967614,5,5764.536349
-11.479967,4,5764.672677
59.09809,6,5764.833437
59.087492,6,5765.086785
57.96406,5,5765.276534
57.95576,5,5765.426385
-7.982975,5,5765.67695
-7.203947,6,5765.920816
-7.849607,5,5766.226841
57.967614,5,5766.444829
57.966231,5,5766.679451
58.696489,6,5767.031016
59.085491,6,5767.275863
-8.000334,6,5767.510063
57.967614,5,5767.732095
-11.131915,4,5768.01749
57.967614,5,5768.173577
57.874896,5,5768.352302
57.964083,5,5768.584314
-7.037618,5,5768.738636
57.962027,5,5768.965317
54.041832,4,5769.202121
57.962531,5,5769.389371
57.788112,7,5769.656054
-5.922323,6,5769.847512
57.957209,5,5770.006213
57.967614,5,5770.155447
59.081328,6,5770.383461
59.093057,6,5770.565225
57.966434,5,5770.73705
-7.799458,6,5771.07107
57.78954,7,5771.336479
57.966311,5,5771.513379
57.963536,5,5771.657749
54.205424,4,5771.84046
57.959147,5,5772.018205
-13.513105,3,5772.205332
57.592339,5,5772.470165
57.967614,5,5772.666464
-7.790873,5,5773.020621
59.099294,6,5773.304022
59.088319,6,5773.518088
-11.425412,4,5773.661103
-7.571093,5,5773.904457
-8.293737,5,5774.132969
-11.34715,4,5774.286632
59.088205,6,5774.443665
-8.177544,5,5774.687646
57.967614,5,5774.867678
57.967614,5,5775.093797
-13.637385,3,5775.258981
59.09402,6,5775.478118
59.090191,6,5775.722331
-11.569846,4,5775.877483
-6.118038,6,5776.29929
57.961615,5,5776.491333
54.216439,4,5776.730745
57.961744,5,5776.903646
57.958225,5,5777.164196
-11.338872,4,5777.431895
59.093571,6,5777.589603
54.216439,4,5777.747832
-8.200992,5,5778.060325
59.093001,6,5778.302175
57.663926,5,5778.597489
54.092163,4,5778.842618
-11.226668,4,5778.985072
-11.001405,4,5779.224817
59.098305,6,5779.379604
59.099294,6,5779.614105
57.967614,5,5779.803467
59.092852,6,5780.009095
-11.170077,4,5780.320833
54.216439,4,5780.563019
57.611215,5,5780.814131
59.096486,6,5781.059297
-13.518639,3,5781.218301
57.967614,5,5781.364335
57.965872,5,5781.649221
57.958076,5,5781.82701
59.081196,6,5782.016013
-11.470967,4,5782.189496
57.967614,5,5782.498819
57.962224,5,5782.766398
57.788806,7,5783.040642
54.216439,4,5783.328184
57.966123,5,5783.509893
57.967614,5,5783.699161
-11.326152,4,5783.864439
59.0885,6,5784.038171
-8.478676,5,5784.233295
59.099294,6,5784.521663
58.552615,6,5784.770733
-11.593394,4,5784.931958
57.959036,5,5785.167803
-7.932963,5,5785.422815
57.958493,5,5785.650971
59.083148,6,5785.79599
57.784569,7,5786.064385
57.961777,5,5786.325209
59.099294,6,5786.594664
57.960708,5,5786.740922
-8.019726,5,5787.023108
-7.974659,5,5787.176438
-7.848433,6,5787.560475
59.093574,6,5787.717173
-11.397807,4,5787.94768
57.825684,5,5788.205213
54.216439,4,5788.480849
57.967614,5,5788.724718
-11.549319,4,5788.888865
57.967614,5,5789.089634
-11.534415,4,5789.239372
57.780375,7,5789.463185
57.967614,5,5789.617496
-7.988862,5,5789.941669
57.959588,5,5790.08617
-11.430902,4,5790.25295
59.088643,6,5790.487838
57.956125,5,5790.661913
54.207752,4,5790.957535
-7.820991,5,5791.250817
57.960061,5,5791.494595
57.415846,7,5791.751118
-7.045814,5,5791.941413
57.967614,5,5792.119028
57.949508,5,5792.313014
59.090252,6,5792.546493
59.093155,6,5792.784688
59.098316,6,5793.035526
57.967614,5,5793.311248
57.778795,7,5793.551035
59.097486,6,5793.699188
57.967614,5,5793.867387
59.097897,6,5794.045285
57.7665,7,5794.201847
-8.083429,5,5794.43092
59.090868,6,5794.676295
57.967614,5,5794.842469
-8.452714,5,5795.091794
54.089503,4,5795.262808
-5.912216,6,5795.477034
57.967614,5,5795.664198
54.204014,4,5795.840562
-8.176086,6,5796.076304
59.080777,6,5796.266774
-8.471653,5,5796.429223
59.089577,6,5796.57049
-7.875138,5,5796.840339
57.956034,5,5796.981117
57.778695,7,5797.225357
59.095223,6,5797.475846
-11.456765,4,5797.642205
59.090619,6,5797.868822
58.965525,6,5798.141098
59.084536,6,5798.367953
59.099294,6,5798.598891
59.087353,6,5798.839219
-10.885621,4,5799.065887
57.967614,5,5799.263005
57.957728,5,5800.289333
-13.476791,3,5800.547228
57.967614,5,5800.821295
57.947457,5,5800.981254
-13.609543,3,5801.159417
59.09128,6,5801.450692
-7.564618,5,5801.783012
59.088732,6,5802.017874
-7.705009,5,5802.387354
58.663772,6,5802.791218
57.967513,5,5803.02892
59.099294,6,5803.205945
57.967614,5,5803.452047
59.088244,6,5803.69534
57.959783,5,5803.848597
57.964704,5,5804.093833
58.785887,6,5804.420849
59.091191,6,5804.633789
-11.183198,4,5804.797352
59.099154,6,5805.075623
59.095088,6,5805.327338
57.779693,7,5805.572159
-10.789467,4,5805.73096
54.216439,4,5806.016109
57.777036,7,5806.248692
-8.60446,5,5806.475827
57.967614,5,5806.660708
59.091994,6,5806.888292
-8.343816,5,5807.032633
-11.276259,4,5807.273567
57.962375,5,5807.439776
57.961865,5,5807.624538
-13.739678,3,5807.76662
54.216439,4,5807.922744
54.213422,4,5808.199027
57.95985,5,5808.395295
-7.986745,5,5808.745852
-6.798541,6,5809.111288
53.923172,4,5809.38073
57.841251,5,5809.643143
-11.292104,4,5809.792559
-7.032386,5,5810.149863
-8.01907,5,5810.43447
59.09062,6,5810.675562
57.781425,7,5810.866121
57.779859,7,5811.110859
59.094646,6,5811.477562
59.097176,6,5811.750291
57.961965,5,5811.905865
-13.720884,3,5812.06172
54.213879,4,5812.206927
-11.268372,4,5812.365356
-11.355308,4,5812.666111
57.967614,5,5812.905105
57.779661,7,5813.186624
58.492507,6,5813.446906
57.967614,5,5813.73721
-8.031644,6,5813.975112
57.95718,5,5814.235462
53.202609,8,5814.473584
59.096274,6,5814.722518
57.957526,5,5814.882235
57.967614,5,5815.134099
57.96201,5,5815.381635
54.216439,4,5815.58954
59.085341,6,5815.758577
-8.344894,5,5815.980137
57.967614,5,5816.168954
-8.046614,5,5816.519747
-8.275519,5,5816.680904
57.967614,5,5816.866786
-7.276942,6,5817.14261
59.093674,6,5817.303638
57.535571,5,5817.71205
-11.092557,4,5817.980421
-8.563011,5,5818.15975
57.967614,5,5818.347349
59.089182,6,5818.523967
59.097496,6,5818.723223
-11.103783,4,5819.005503
54.216439,4,5819.28616
57.957927,5,5819.478548
57.962563,5,5819.639867
54.214683,4,5819.901642
-8.552125,5,5820.149147
57.960811,5,5820.299414
-8.215846,5,5820.468785
-7.839565,5,5820.74438
59.091826,6,5820.972869
57.964044,5,5821.164335
59.098853,6,5821.411922
57.967614,5,5821.600521
-8.26616,5,5821.758932
-7.032386,5,5822.221825
57.967614,5,5822.491383
-11.122696,4,5822.761715
57.961232,5,5823.01353
57.518032,5,5823.204532
59.099294,6,5823.478313
59.088688,6,5823.646428
57.95761,5,5823.804398
59.099294,6,5824.055437
57.958871,5,5824.218493
-8.189672,5,5824.380485
59.088564,6,5824.630961
-7.120138,6,5824.873617
57.960274,5,5825.025608
-11.527909,4,5825.172539
-10.974252,4,5825.496331
57.959244,5,5825.720104
57.779356,7,5825.904303
-11.43746,4,5826.052856
59.09298,6,5826.271593
54.216439,4,5826.537433
-7.90085,5,5826.783922
57.967614,5,5827.032209
57.967614,5,5827.278273
59.099294,6,5827.56096
-7.270258,6,5827.810093
59.092347,6,5828.048504
54.211087,4,5828.209034
59.08656,6,5828.379736
57.967341,5,5828.559293
59.090379,6,5828.82641
58.711486,6,5829.168247
-8.35169,5,5829.389283
-7.960965,6,5829.636038
57.964864,5,5829.874225
-8.154238,5,5830.085616
59.092652,6,5830.326376
54.071992,4,5830.630481
54.216439,4,5830.911031
54.214813,4,5831.202488
59.099294,6,5831.49108
57.776405,7,5831.736283
57.321431,5,5831.926969
57.959328,5,5832.065605
59.091792,6,5832.269126
57.782087,7,5832.505655
57.95805,5,5832.657159
57.967614,5,5832.882842
-8.022084,5,5833.201555
-13.760112,3,5833.358572
57.967614,5,5833.58379
54.205987,4,5833.736802
-13.653043,3,5833.877276
57.960201,5,5834.030183
57.788392,7,5834.303879
-8.093815,5,5834.503279
-8.047815,5,5834.738937
-11.601429,4,5834.962205
57.96369,5,5835.124021
59.099294,6,5835.371552
57.624624,5,5835.554353
-11.069554,4,5835.836189
-8.220545,5,5836.295055
57.772046,5,5836.604451
-8.130879,5,5836.767214
54.208412,4,5837.06482
57.967614,5,5837.287144
59.094887,6,5837.531955
-11.485128,4,5837.817597
54.216439,4,5838.085361
57.967614,5,5838.332465
57.960116,5,5838.501583
-7.176087,6,5838.761509
57.957323,5,5838.943762
57.962159,5,5839.125912
57.56196,5,5839.374072
57.967614,5,5839.51967
57.967053,5,5839.738501
59.099294,6,5839.954189
54.216439,4,5840.228503
57.959365,5,5840.398497
-11.4298,4,5840.631899
-8.26509,5,5840.887179
59.098277,6,5841.127553
57.602073,5,5841.392642
-10.862713,4,5841.663674
-8.174666,5,5841.864295
-8.272549,5,5842.026623
57.953823,5,5842.192992
-7.626997,5,5842.492659
57.782788,7,5842.722413
57.85157,5,5842.911768
59.09317,6,5843.141552
-7.79366,5,5843.455884
59.097324,6,5843.686884
57.834886,5,5843.936903
54.210764,4,5844.118465
-8.460668,5,5844.354248
-7.042857,5,5844.531868
57.007217,7,5844.811644
-8.079176,5,5845.051822
57.464814,5,5845.372683
57.110751,5,5845.652445
54.216439,4,5845.896303
59.089357,6,5846.130928
58.929962,6,5846.376352
54.211485,4,5846.644382
57.958627,5,5846.832983
57.96295,5,5846.996165
57.693615,5,5847.291507
59.088099,6,5847.53466
54.216439,4,5847.718691
-11.184622,4,5847.880136
59.093911,6,5848.06399
57.964487,5,5848.220712
-10.787792,4,5848.388576
57.787924,7,5848.62511
59.092022,6,5848.784634
57.967614,5,5848.953757
59.092741,6,5849.192763
57.967614,5,5849.371567
54.212401,4,5849.541886
-8.579867,5,5849.805584
57.779578,7,5850.094459
57.958423,5,5850.28813
-10.787341,4,5850.470693
57.960487,5,5850.652984
-8.559211,5,5850.876503
57.778975,7,5851.123659
59.091862,6,5851.378022
59.097955,6,5851.630427
59.087603,6,5851.87461
-8.324469,5,5852.09899
-8.39042,5,5852.321285
58.091507,6,5852.693951
57.967614,5,5852.953828
57.962923,5,5853.125552
53.993007,4,5853.448758
54.216439,4,5853.627401
54.216439,4,5853.884194
54.21372,4,5854.17149
57.785847,7,5854.397981
57.777302,7,5854.639104
54.216351,4,5854.897097
58.120828,6,5855.219517
-6.693685,6,5855.712656
-7.643946,5,5855.9579
-11.507399,4,5856.118292
59.091866,6,5856.275379
-11.400962,4,5856.452562
-13.520608,3,5856.611625
58.871487,6,5856.981064
59.097608,6,5857.225399
54.212759,4,5857.522581
57.105202,5,5857.793566
59.094794,6,5858.025805
59.090818,6,5858.283594
57.967614,5,5858.443333
54.216439,4,5858.603017
57.965158,5,5858.783206
58.662462,6,5859.037905
57.959841,5,5859.266605
59.099268,6,5859.521139
-8.057688,5,5859.829271
57.774988,7,5860.114706
-7.875383,5,5860.418739
-7.844598,5,5860.572943
59.092794,6,5860.74222
57.425,5,5860.91687
59.087802,6,5861.083661
57.967614,5,5861.360051
57.958088,5,5861.523929
-11.588219,4,5861.668486
57.741049,5,5862.068202
57.958642,5,5862.233402
54.216063,4,5862.489222
59.091083,6,5862.724226
59.083908,6,5862.974447
57.958123,5,5863.136624
59.097608,6,5863.372853
-7.634695,5,5863.630757
57.964987,5,5863.869066
57.78954,7,5864.110116
59.095785,6,5864.352302
59.089651,6,5864.59015
-11.046345,4,5864.756265
-8.446399,5,5864.942081
57.967614,5,5865.210045
54.216439,4,5865.466882
57.967614,5,5865.708152
57.951548,5,5865.8679
-7.740281,5,5866.137498
54.216439,4,5866.333763
-8.393186,5,5866.490104
57.961837,5,5866.776791
57.961419,5,5866.929848
57.771953,7,5867.165772
-11.191028,4,5867.412027
54.206829,4,5867.698852
57.580349,5,5867.960645
-11.598053,4,5868.105103
57.967614,5,5868.339762
-8.503761,5,5868.559765
59.086586,6,5868.702934
59.090857,6,5869.075267
57.967119,5,5869.272452
57.955972,5,5869.431669
-11.528351,4,5869.590912
57.961765,5,5869.838823
-7.559701,5,5870.089133
57.778858,7,5870.3331
57.967087,5,5870.626791
-11.142215,4,5870.789881
57.482568,5,5871.038103
59.095987,6,5871.263228
57.967614,5,5871.522965
57.748452,5,5871.786085
59.098445,6,5872.017691
57.720017,5,5872.291079
59.088986,6,5872.573308
58.752693,6,5872.784727
57.777588,7,5873.019662
57.967614,5,5873.193683
59.098504,6,5873.355827
59.090612,6,5873.57993
56.815964,7,5873.861001
57.967614,5,5874.134338
59.095031,6,5874.359214
-11.078476,4,5874.645981
59.099294,6,5874.884256
57.960065,5,5875.062388
57.729149,5,5875.246535
-8.458915,5,5875.488145
-5.916467,6,5875.719795
59.087966,6,5875.93411
57.777271,7,5876.163645
57.787167,7,5876.396961
57.967614,5,5876.643186
57.726807,7,5876.875638
54.216439,4,5877.128419
57.959338,5,5877.291092
-7.577289,5,5877.654377
-7.795453,5,5877.935504
-11.506347,4,5878.081037
59.084347,6,5878.242908
-11.015989,4,5878.411179
57.967614,5,5878.566148
59.0857,6,5878.727726
57.964276,5,5878.904539
-8.049404,5,5879.173284
54.214415,4,5879.458137
57.96173,5,5879.613204
57.948585,5,5879.781604
57.783426,7,5880.057655
59.092593,6,5880.219136
-7.803303,6,5880.550281
57.679943,6,5881.015702
-8.02396,5,5881.25806
57.967614,5,5881.499388
-7.876638,5,5881.768666
54.155769,4,5882.014857
-7.378966,5,5882.327709
-11.523699,4,5882.550277
-13.484551,3,5882.774674
59.099294,6,5882.958759
-11.249594,4,5883.14638
57.962193,5,5883.411374
59.093464,6,5883.583891
57.956399,5,5883.734911
57.784297,7,5883.998277
59.093304,6,5884.165583
59.099294,6,5884.359745
53.194174,8,5884.597766
57.785998,7,5884.833891
54.113137,4,5885.099429
57.967614,5,5885.279035
57.967614,5,5885.456099
57.967614,5,5885.603648
-7.978228,5,5885.927698
59.09248,6,5886.16959
59.095638,6,5886.392864
-8.577413,5,5886.616324
57.967614,5,5886.7733
57.954475,5,5886.933799
57.958686,5,5887.082075
59.09589,6,5887.355532
59.08833,6,5887.522378
57.961681,5,5887.802913
57.966313,5,5888.00566
57.955398,5,5888.155555
59.099294,6,5888.409154
59.096057,6,5888.635721
59.099294,6,5888.867868
59.094971,6,5889.110524
53.195423,8,5889.35581
-7.845417,5,5889.64675
54.2112,4,5889.873134
57.966814,5,5890.044945
59.091556,6,5890.277572
57.967614,5,5890.453052
57.967614,5,5891.44594
54.208622,4,5891.78154
-7.934866,5,5891.955829
59.088663,6,5892.194256
-11.580844,4,5892.366169
58.083897,6,5892.623188
-8.418731,5,5892.788957
-11.358622,4,5893.022597
54.216439,4,5893.278647
59.09392,6,5893.437057
57.344562,5,5893.79932
57.78954,7,5894.078401
57.967614,5,5894.246464
-7.204584,5,5894.731522
57.962486,5,5894.915848
58.915287,6,5895.19828
59.089336,6,5895.437424
57.784189,7,5895.679574
57.965604,5,5895.978861
57.957273,5,5896.148263
54.215727,4,5896.33257
-11.290546,4,5896.501673
-8.393742,5,5896.652473
57.964406,5,5896.904018
58.928247,6,5897.187943
59.089216,6,5897.374434
-7.032386,5,5897.869313
59.099294,6,5898.108349
-7.032386,5,5898.574511
57.967614,5,5898.720506
-13.746536,3,5898.857714
-8.41863,5,5899.085159
58.72469,6,5899.328804
57.963889,5,5899.562715
-7.187383,6,5899.826226
59.088525,6,5899.984591
59.099294,6,5900.182737
59.095316,6,5900.399172
58.23797,6,5900.686392
54.216439,4,5900.951329
59.094359,6,5901.111806
-7.032386,5,5901.653192
-8.234156,6,5901.885154
57.965039,5,5902.030424
57.964132,5,5902.243829
57.955944,5,5902.427503
59.088605,6,5902.620836
59.095654,6,5902.855889
57.779015,7,5903.141605
-7.901687,5,5903.429747
57.963792,5,5903.593573
-8.12085,5,5903.844545
-8.537171,5,5904.016037
57.95699,5,5904.180377
57.967614,5,5904.429562
54.213145,4,5904.628346
57.546083,5,5904.90361
-11.042158,4,5905.277698
59.097802,6,5905.431596
57.956007,5,5905.579893
59.09114,6,5905.804781
57.963441,5,5905.962488
-11.018603,4,5906.28171
-5.910974,6,5906.505469
-11.196469,4,5906.68311
57.967614,5,5906.852886
57.967614,5,5907.090354
57.806627,5,5907.28972
-8.199515,6,5907.462489
59.092051,6,5907.646543
59.088243,6,5907.863815
57.95768,5,5908.11927
-11.580255,4,5908.284087
-11.212203,4,5908.449904
57.96086,5,5908.618962
-11.522858,4,5908.829399
-7.734191,6,5909.08237
59.084991,6,5909.365955
54.216439,4,5909.679487
57.956391,5,5909.856644
-11.083189,4,5910.040602
57.967614,5,5910.331625
-8.095706,6,5910.517704
57.105576,5,5910.933614
59.09537,6,5911.2139
-8.590351,5,5911.357422
-13.668482,3,5911.494612
57.768415,7,5911.719435
59.087134,6,5911.890526
-11.393927,4,5912.115742
57.836571,5,5912.405997
57.967614,5,5912.680227
-7.919287,5,5912.960389
57.96516,5,5913.206466
59.084077,6,5913.387378
57.967614,5,5913.55738
54.216439,4,5913.724386
59.090721,6,5913.941911
57.425283,5,5914.155921
59.099294,6,5914.41651
54.145617,4,5914.606129
57.967614,5,5914.88088
59.099294,6,5915.141347
-8.168947,5,5915.471701
-8.50941,5,5915.687292
59.091771,6,5915.926707
59.097878,6,5916.091549
-11.365681,4,5916.32856
59.099294,6,5916.618728
54.2102,4,5916.8821
57.957805,5,5917.062632
57.959482,5,5917.233148
57.608418,5,5917.424167
59.097289,6,5917.709195
57.962569,5,5917.882211
59.093798,6,5918.098652
59.089058,6,5918.27967
-11.506968,4,5918.504361
-11.156102,4,5918.698735
57.1467,5,5919.092309
57.967372,5,5919.253217
57.611062,5,5919.526203
57.967614,5,5919.905053
59.090694,6,5920.14297
57.786581,7,5920.396454
57.95843,5,5920.581289
54.216439,4,5920.876225
-5.914912,6,5921.045157
57.967614,5,5921.279704
58.470752,6,5921.580401
57.769719,7,5921.843225
59.0924,6,5922.035386
59.090495,6,5922.259993
59.099294,6,5922.505436
-8.398045,5,5922.737231
59.096007,6,5922.978185
59.085681,6,5923.143267
57.958661,5,5923.317617
-11.568176,4,5923.464596
57.96017,5,5923.644906
-7.921075,5,5924.074284
-13.626409,3,5924.295727
54.216439,4,5924.472575
59.099294,6,5924.930655
57.963903,5,5925.24914
57.889376,5,5925.577928
57.962903,5,5925.778173
-11.077318,4,5925.950173
59.092541,6,5926.204201
57.753048,5,5926.536111
57.778191,7,5926.789603
57.957361,5,5926.944479
57.785696,7,5927.193512
57.967614,5,5927.509101
57.965651,5,5927.682771
57.967614,5,5927.880193
59.099294,6,5928.125292
59.089095,6,5928.377546
-11.46202,4,5928.536443
59.092412,6,5928.69729
-11.215933,4,5928.845884
57.269803,5,5929.169251
59.099294,6,5929.41715
57.967614,5,5929.6145
-11.594957,4,5929.771323
-8.127149,5,5930.032025
-7.988229,6,5930.189322
57.747367,5,5930.375646
57.224469,5,5930.655632
58.094444,6,5930.840909
59.081952,6,5931.100877
57.964848,5,5931.291109
-11.21824,4,5931.478731
59.091432,6,5931.797018
-7.805317,5,5932.138866
57.45457,5,5932.559531
57.944882,5,5932.757059
-5.908715,6,5932.965452
-8.213889,5,5933.205639
-8.202237,5,5933.453802
57.710863,6,5933.949941
58.315424,6,5934.13825
-11.572367,4,5934.363311
57.967614,5,5934.608565
59.09243,6,5934.838561
59.087806,6,5935.048205
59.099294,6,5935.255757
57.967295,5,5935.523707
57.960804,5,5935.693551
-8.011599,6,5935.956957
57.967404,5,5936.126183
59.099294,6,5936.40858
59.087837,6,5936.57568
-8.120827,5,5936.795389
59.082318,6,5936.946201
-11.097888,4,5937.295187
54.216439,4,5937.595412
59.097393,6,5937.850267
59.08633,6,5938.024412
-8.142185,5,5938.281845
-11.562013,4,5938.477205
59.099294,6,5938.662172
57.966452,5,5938.945482
57.778309,7,5939.145426
57.967614,5,5939.359681
-8.253987,5,5939.625303
-10.851324,4,5939.957109
59.099294,6,5940.224799
-11.542357,4,5940.403073
57.783979,7,5940.591796
-8.183329,5,5940.867086
57.924538,5,5941.135496
57.867522,5,5941.3677
59.08647,6,5941.543196
-11.323928,4,5941.875745
57.967614,5,5942.068162
-7.875761,5,5942.32093
59.085352,6,5942.554694
59.099294,6,5942.812345
-7.899965,5,5943.174438
-8.330422,5,5943.384604
57.788607,7,5943.653511
57.783104,7,5943.807822
-7.952412,5,5944.033122
57.967614,5,5944.281167
-8.056141,5,5944.510398
-7.710553,5,5944.861807
59.088031,6,5945.018091
59.090876,6,5945.186859
57.960635,5,5945.355708
57.967614,5,5945.661103
57.775042,7,5945.916938
-8.353182,5,5946.184857
-7.979938,5,5946.548211
-7.726879,5,5946.879624
57.966116,5,5947.044491
54.20249,4,5947.333022
54.211089,4,5947.614915
-7.76311,6,5947.845439
-11.494156,4,5948.048087
57.946164,5,5948.232449
57.966749,5,5948.499982
57.778083,7,5948.856117
-11.570315,4,5949.023964
59.099294,6,5949.336962
-8.456727,5,5949.632089
59.088,6,5949.848463
59.090702,6,5950.022669
59.096998,6,5950.233369
57.784501,7,5950.511136
57.958426,5,5950.696897
-7.635015,5,5950.953376
57.746704,5,5951.253399
54.216439,4,5951.513337
57.964677,5,5951.837134
59.094379,6,5951.997461
59.091955,6,5952.159983
57.961358,5,5952.316965
-7.993912,5,5952.706931
57.965221,5,5952.90063
57.967614,5,5953.197528
59.089501,6,5953.458712
54.216439,4,5953.6573
57.957885,5,5953.980047
57.967614,5,5954.220951
59.095497,6,5954.390181
54.21105,4,5954.591162
57.967614,5,5954.895507
57.960114,5,5955.135458
57.961614,5,5955.31066
57.961831,5,5955.477224
-8.301737,5,5955.808106
-8.118717,5,5955.9727
59.09791,6,5956.181977
-11.186308,4,5956.460991
59.090477,6,5956.647835
59.091513,6,5956.912861
-11.150914,4,5957.157828
57.773287,7,5957.44842
-8.525306,5,5957.671556
57.782654,7,5957.960708
-8.03892,5,5958.118676
54.216439,4,5958.286633
57.779003,7,5958.562861
-8.558413,5,5958.728837
-11.45905,4,5958.886074
57.669727,5,5959.172421
-8.202674,6,5959.446885
-8.354809,5,5959.708774
57.964254,5,5959.889689
57.827021,5,5960.079868
57.960321,5,5960.329768
59.088179,6,5960.509941
58.993713,6,5960.847244
54.209562,4,5961.073976
59.090493,6,5961.338667
57.783972,7,5961.585137
57.716098,5,5961.81543
59.090387,6,5962.081058
59.099294,6,5962.34151
57.964046,5,5962.603538
59.081826,6,5962.768712
57.778076,7,5963.041951
59.099294,6,5963.381862
57.963294,5,5963.56683
54.216439,4,5963.7558
57.958884,5,5963.939498
59.099294,6,5964.216646
57.967614,5,5964.4966
57.609309,5,5964.76437
-5.902336,6,5965.163666
57.959656,5,5965.343319
57.779329,7,5965.601102
-7.494059,5,5965.881679
-11.32987,4,5966.055262
57.961042,5,5966.221967
57.774542,7,5966.396857
59.092163,6,5966.78822
-7.509354,5,5967.182865
57.959582,5,5967.357131
-5.922803,6,5967.595782
57.781535,7,5967.835823
58.656478,6,5968.121142
59.099294,6,5968.339198
57.967614,5,5968.793577
57.724301,5,5969.018054
-8.439683,5,5969.24947
59.087687,6,5969.438978
59.096336,6,5969.687038
-11.26409,4,5969.962056
57.966622,5,5970.153249
57.700596,5,5970.433758
57.775387,7,5970.696018
-11.438499,4,5970.870915
59.089734,6,5971.165698
-11.17424,4,5971.518926
-11.024163,4,5971.818543
57.955302,5,5972.103784
59.094244,6,5972.320585
57.778305,7,5972.567597
59.084317,6,5972.799701
-11.344928,4,5972.980715
59.099294,6,5973.244555
57.95683,5,5973.459774
-8.613623,7,5973.875535
57.967614,5,5974.0378
57.967614,5,5974.230769
57.78954,7,5974.514625
59.092821,6,5974.752016
-8.559039,5,5974.990811
54.209325,4,5975.297122
57.78954,7,5975.573472
-8.362774,5,5975.746503
57.948627,5,5975.936394
57.967614,5,5976.213082
59.099294,6,5976.53211
-13.476791,3,5976.749937
54.213648,4,5976.937037
-8.569927,5,5977.182229
59.09563,6,5977.429626
57.777953,7,5977.714898
54.128842,4,5977.908459
54.212292,4,5978.217928
-11.506822,4,5978.361928
-7.749493,5,5978.755019
57.961912,5,5978.941685
59.097781,6,5979.212762
59.095219,6,5979.387733
57.965364,5,5979.5772
-8.201718,6,5979.857531
-13.513448,3,5980.026351
-11.176159,4,5980.211105
-11.443412,4,5980.378718
57.948984,5,5980.53702
57.442301,5,5980.935585
57.646167,5,5981.126448
59.099294,6,5981.29978
57.967614,5,5981.501764
57.960795,5,5981.657148
59.084609,6,5981.91144
57.479393,5,5982.110215
57.559625,5,5982.410168
59.092763,6,5982.699168
57.959819,5,5982.845166
59.090672,6,5983.028247
59.091162,6,5983.224072
59.084607,6,5983.500817
-7.963185,5,5983.793196
57.962813,5,5983.99974
57.960826,5,5985.033523
59.096781,6,5985.350053
-8.52426,5,5985.616278
59.096067,6,5985.819461
-11.56342,4,5985.97963
-8.001094,5,5986.34049
57.961666,5,5986.504312
59.088645,6,5986.808847
57.787552,7,5987.086001
57.170424,7,5987.397088
59.089086,6,5987.694399
-10.783561,4,5988.013169
-11.469893,4,5988.193776
59.099294,6,5988.497833
57.967614,5,5988.766719
57.963309,5,5988.951159
57.967614,5,5989.24041
-11.605873,4,5989.468096
57.966573,5,5989.641336
57.78792,7,5989.896342
59.096492,6,5990.141718
59.09187,6,5990.407173
59.097512,6,5990.654842
59.090805,6,5990.90445
57.967614,5,5991.139528
59.091447,6,5991.382584
59.088725,6,5991.642756
57.952076,5,5991.826452
59.090522,6,5991.996907
-8.057237,5,5992.366536
-6.069672,6,5992.817916
57.961866,5,5992.99765
-11.289834,4,5993.164764
57.957141,5,5993.333114
-7.040008,5,5993.49798
57.967614,5,5993.776851
-13.62889,3,5993.944885
53.183113,8,5994.219205
57.967614,5,5994.398593
57.963525,5,5994.632558
-8.530457,5,5994.895612
59.087572,6,5995.092233
57.548026,5,5995.272459
59.088267,6,5995.460659
-7.931871,5,5995.761433
59.088926,6,5995.926522
57.967614,5,5996.11894
59.090727,6,5996.317695
57.158385,5,5996.715555
59.099294,6,5996.967122
-7.891022,5,5997.226621
57.958809,5,5997.407177
57.962673,5,5997.670038
-11.407951,4,5997.881469
57.852216,5,5998.083869
57.961631,5,5998.26172
-7.466581,6,5998.766884
-8.033263,6,5999.02402
59.091646,6,5999.192076
59.095133,6,5999.364193
59.085333,6,5999.55366
57.967614,5,5999.713282
-11.105865,4,5999.886751
-7.046799,6,6000.257543
57.967614,5,6000.457225
57.961382,5,6000.7601
57.961894,5,6000.930153
57.589312,5,6001.204994
59.09535,6,6001.396462
59.092244,6,6001.559391
-7.804557,5,6001.827461
57.78954,7,6002.108837
-8.48334,5,6002.328233
59.099294,6,6002.589997
58.642704,6,6002.863249
59.089762,6,6003.118608
57.965549,5,6003.284834
57.967614,5,6003.684538
57.783464,7,6003.941688
59.091368,6,6004.103141
59.092171,6,6004.354067
59.098941,6,6004.630603
54.216439,4,6004.924037
57.966817,5,6005.177226
59.099294,6,6005.470512
-8.459623,5,6005.724574
57.776027,7,6005.976045
-7.689886,5,6006.334839
57.9197,5,6006.48196
57.967614,5,6006.753748
-11.375442,4,6006.979767
-7.648462,6,6007.18932
-11.341442,4,6007.426102
59.099294,6,6007.664893
54.216439,4,6007.819161
-11.432908,4,6007.980631
57.303039,5,6008.315368
-5.904024,6,6008.680301
58.969668,6,6009.032609
59.094569,6,6009.225444
-11.256688,4,6009.40367
59.099294,6,6009.591774
59.099294,6,6009.855031
-11.255139,4,6010.017439
57.779435,7,6010.32298
59.099294,6,6010.583962
-7.673795,5,6010.857351
-8.517002,5,6011.096529
57.961564,5,6011.264509
59.088428,6,6011.480758
57.958874,5,6011.680469
59.091564,6,6011.860556
54.150655,4,6012.118679
58.471072,6,6012.306513
59.090332,6,6012.471582
57.967614,5,6012.658591
-13.515098,3,6012.844257
59.099294,6,6013.095017
57.967266,5,6013.393576
-7.908805,5,6013.637251
59.098856,6,6013.801548
57.484323,5,6013.993844
59.09417,6,6014.15908
54.050043,4,6014.324057
57.235005,5,6014.588591
-11.558602,4,6014.73436
-7.958343,5,6015.11237
57.958495,5,6015.297506
59.099071,6,6015.549801
-11.542645,4,6015.699958
54.040981,4,6015.990492
59.093193,6,6016.18035
59.098736,6,6016.439342
59.089534,6,6016.581868
-7.510536,6,6016.808939
57.967614,5,6016.978559
54.215046,4,6017.206238
57.822001,5,6017.483374
57.788976,7,6017.758218
57.287723,5,6018.047937
-11.605308,4,6018.20742
57.966798,5,6018.404318
57.962086,5,6018.591577
-8.203734,6,6018.827839
-7.157379,6,6019.104753
57.575034,5,6019.383514
57.773906,7,6019.572126
-11.241568,4,6019.736552
57.965491,5,6019.906722
57.958692,5,6020.053853
59.091463,6,6020.276734
57.620497,7,6020.523037
57.967614,5,6020.753898
57.962075,5,6020.918172
-7.848782,5,6021.214487
57.45515,5,6021.5259
-7.032386,5,6022.010015
58.470237,6,6022.271022
59.095113,6,6022.512691
54.216439,4,6022.827304
-7.981692,6,6022.989083
59.090157,6,6023.183423
-8.199105,5,6023.521868
57.224229,5,6023.893979
57.952945,5,6024.075979
54.216439,4,6024.271479
57.955652,5,6024.434502
59.099294,6,6024.598879
54.086865,4,6024.922222
-11.360881,4,6025.167769
-8.010805,5,6025.339021
-11.534353,4,6025.491385
-11.48385,4,6025.785158
57.957999,5,6026.021902
-7.248048,6,6026.304404
-7.053196,5,6026.485869
58.983968,6,6026.777421
59.088349,6,6027.028638
-7.534723,6,6027.317901
-7.876943,5,6027.640111
-11.532847,4,6027.867693
59.099294,6,6028.11593
57.788325,7,6028.385799
-11.339072,4,6028.552236
54.216439,4,6028.725918
57.959033,5,6028.982622
57.712522,5,6029.177154
-8.179002,6,6029.433796
57.441322,5,6029.763675
57.967614,5,6029.944127
59.085908,6,6030.200324
57.962423,5,6030.37702
-8.402117,5,6030.678222
-7.80887,5,6030.86337
59.089733,6,6031.125781
57.961918,5,6031.287171
57.967093,5,6031.468228
-7.211272,5,6032.001402
57.808973,5,6032.279037
-7.760885,5,6032.542337
57.780052,7,6032.797142
-8.038621,5,6033.102156
57.967614,5,6033.38569
59.099294,6,6033.589229
-13.729151,3,6033.751236
-11.024984,4,6033.913957
59.097637,6,6034.200867
-11.356818,4,6034.377725
-8.083144,5,6034.622174
-7.674845,5,6034.799678
-5.908229,6,6034.972987
57.961712,5,6035.152261
-7.842921,5,6035.38862
57.967614,5,6035.576683
59.092193,6,6035.744021
-7.042723,5,6035.943432
59.082465,6,6036.172703
54.216439,4,6036.338757
57.958829,5,6036.49
59.094968,6,6036.720008
59.080327,6,6036.951627
59.090301,6,6037.229749
57.967614,5,6037.62099
54.216439,4,6037.929041
56.685304,7,6038.35218
-11.587962,4,6038.517873
57.956525,5,6038.71173
57.694724,5,6038.970725
59.088418,6,6039.121592
57.967614,5,6039.38371
57.96719,5,6039.64994
57.967614,5,6039.878043
57.967614,5,6040.519536
59.097382,6,6040.804336
57.962729,5,6040.99668
59.095132,6,6041.281738
57.779495,7,6041.57197
57.923191,6,6042.007049
59.088677,6,6042.187525
-8.194271,5,6042.357674
59.093257,6,6042.509703
59.099294,6,6042.797642
57.963711,5,6043.111799
-10.985674,4,6043.459841
-7.768522,5,6043.797907
-11.431235,4,6043.948729
-7.926653,5,6044.276527
53.954291,4,6044.490203
54.209758,4,6044.802915
59.094767,6,6045.011482
57.345777,5,6045.514103
59.099294,6,6045.826082
58.107609,6,6046.153865
59.097922,6,6046.396772
-8.315619,5,6046.646691
59.097069,6,6046.790949
57.914312,5,6046.987816
57.962967,5,6047.197925
59.09683,6,6047.369505
57.785683,7,6047.62209
-8.536615,5,6047.870948
-13.59025,3,6048.038733
57.963952,5,6048.20732
54.213457,4,6048.396312
59.095848,6,6048.557691
57.956676,5,6048.720479
-8.360624,5,6048.96391
59.099294,6,6049.216278
-8.502765,5,6049.460279
57.967614,5,6049.62491
59.09748,6,6049.810138
57.825457,6,6050.23553
57.522866,5,6050.582262
-8.137306,5,6050.839938
59.095896,6,6051.002661
57.955948,5,6051.166223
-7.034546,5,6051.681433
59.089934,6,6051.857966
57.962146,5,6052.049591
57.78029,7,6052.340788
-7.858796,5,6052.611078
57.967614,5,6052.912407
57.773837,7,6053.085954
-10.783561,4,6053.430566
59.094985,6,6053.694075
-11.558838,4,6053.8458
57.967614,5,6054.170853
-7.032386,5,6054.719313
57.614391,5,6054.988868
59.090088,6,6055.149545
54.216439,4,6055.326379
54.216439,4,6055.519192
-8.334231,5,6055.692754
-11.255126,4,6055.955439
59.096306,6,6056.176828
57.964556,5,6056.352468
59.08723,6,6056.521358
-13.706341,3,6056.676096
58.419755,6,6056.981143
57.967614,5,6057.237424
59.099294,6,6057.483722
59.087972,6,6057.664241
59.094652,6,6057.921783
57.9619,5,6058.178071
57.775378,7,6058.3824
57.967084,5,6058.544314
59.094912,6,6058.70393
-8.028071,6,6058.956553
57.781214,7,6059.210571
57.953601,5,6059.380842
59.099294,6,6059.627188
57.777938,7,6059.93137
59.092858,6,6060.189728
-7.691441,5,6060.363384
-8.401109,5,6060.623829
59.087987,6,6060.859413
57.967614,5,6061.163603
57.967614,5,6061.386324
59.079457,6,6061.567747
57.967614,5,6061.806547
57.55625,5,6062.010649
54.216439,4,6062.295654
59.093748,6,6062.570191
59.097786,6,6062.819383
59.09092,6,6063.017524
-13.751149,3,6063.177165
57.77888,7,6063.371463
59.096194,6,6063.615324
59.076755,6,6063.812447
59.099294,6,6064.110722
59.079976,6,6064.28664
-7.693236,6,6064.499499
54.216439,4,6064.77367
54.206445,4,6065.061828
-11.556948,4,6065.205892
54.216439,4,6065.388718
-8.448272,5,6065.541466
54.216439,4,6065.838716
57.967614,5,6066.023922
54.174802,4,6066.270903
54.216439,4,6066.455377
57.958958,5,6066.619631
-8.044496,5,6066.992296
-7.7489,5,6067.275365
58.023733,6,6067.708725
54.016041,4,6068.022774
54.205907,4,6068.218292
54.205376,4,6068.391501
-8.09947,5,6068.564049
-8.447867,5,6068.755832
-11.402873,4,6069.013548
57.964097,5,6069.203761
59.085841,6,6069.458754
59.095856,6,6069.76567
-11.548402,4,6069.933632
59.099294,6,6070.183972
59.099294,6,6070.48447
59.099045,6,6070.740538
-7.221929,6,6071.098727
-8.588197,5,6071.329404
57.957718,5,6071.510308
57.967614,5,6071.81465
-7.990639,5,6072.066868
-5.912677,6,6072.262183
58.897755,6,6072.488364
59.092166,6,6072.743844
58.773559,6,6073.023544
57.964804,5,6073.195765
57.959113,5,6073.358051
59.092608,6,6073.603512
57.964122,5,6073.898809
-8.380463,5,6074.202418
57.960309,5,6074.519624
-11.570522,4,6074.679701
-7.755395,5,6074.942369
-7.184083,6,6075.223242
57.352139,5,6075.495265
-11.226517,4,6075.805635
59.088369,6,6076.042208
-11.485782,4,6076.241254
59.092312,6,6076.491995
58.644322,6,6076.721025
-11.593697,4,6076.88454
57.689937,5,6077.182405
-11.356882,4,6077.558973
59.099294,6,6077.782325
57.961275,5,6077.964523
57.778188,7,6078.278175
59.089666,6,6079.371749
-11.537165,4,6079.570859
59.099294,6,6079.831001
-8.028796,5,6080.311517
59.096958,6,6080.552207
59.0964,6,6080.8197
-7.342631,6,6081.075685
59.094686,6,6081.337677
57.967614,5,6081.545321
-8.446737,5,6081.705271
-11.503567,4,6081.860149
56.548114,7,6082.202496
59.088845,6,6082.594272
-8.115242,5,6082.751716
59.099294,6,6083.039289
59.084668,6,6083.248775
59.091717,6,6083.551044
-8.158837,5,6083.798514
59.092233,6,6084.067544
-8.258711,5,6084.233197
57.966996,5,6084.403451
54.216439,4,6084.698696
59.087475,6,6084.896348
57.956417,5,6085.06071
57.967614,5,6085.255428
57.967614,5,6085.441544
59.087954,6,6085.610236
56.962312,5,6086.063433
54.207444,4,6086.370286
59.087355,6,6086.532491
-8.596689,5,6086.680806
-7.781263,5,6086.949448
59.092846,6,6087.203036
59.09717,6,6087.485105
59.099294,6,6087.763865
59.087786,6,6087.937699
57.78871,7,6088.186357
54.084521,4,6088.484104
57.967614,5,6088.652767
57.967614,5,6088.825357
-8.436756,5,6088.977317
57.501117,5,6089.202867
-8.230863,5,6089.583691
-8.410469,5,6089.761344
59.098485,6,6090.012891
54.216439,4,6090.179349
-11.473505,4,6090.330243
59.099294,6,6090.567419
57.966358,5,6090.818363
57.967614,5,6090.998555
57.967614,5,6091.222218
-8.080824,6,6091.450398
58.717052,6,6091.715348
57.957218,5,6091.975596
59.099294,6,6092.255283
59.048439,6,6092.506682
-7.609434,6,6092.96905
-10.970698,4,6093.302425
59.098583,6,6093.556545
57.962515,5,6093.728583
58.920656,6,6093.981826
57.967614,5,6094.2132
59.09242,6,6094.469579
57.888795,5,6094.658074
59.093199,6,6095.092472
-8.336417,5,6095.272609
57.769772,7,6095.538165
57.967614,5,6095.780893
57.95973,5,6095.943344
59.087798,6,6096.119335
57.78954,7,6096.410564
-8.453219,5,6096.706135
57.777608,7,6097.00315
57.453089,5,6097.218969
57.778999,7,6097.458658
59.090143,6,6097.654993
59.099294,6,6097.985162
57.967524,5,6098.286993
57.958517,5,6098.502627
-7.574182,6,6099.025244
57.965118,5,6099.222231
-5.9144,6,6099.402006
57.967614,5,6099.658856
57.967614,5,6099.974088
59.09294,6,6100.133157
57.966486,5,6100.301534
54.216439,4,6100.468208
54.211567,4,6100.648336
-7.919315,5,6101.010225
57.960224,5,6101.192734
59.099294,6,6101.569046
54.216439,4,6101.835198
-7.616965,5,6102.113849
-11.392042,4,6102.298326
57.958119,5,6102.473779
57.957115,5,6102.633617
-8.030041,5,6102.912421
54.207096,4,6103.205198
59.097392,6,6103.406996
59.090148,6,6103.571256
59.097858,6,6103.739224
59.099294,6,6104.030468
57.810896,6,6104.359251
59.093651,6,6104.643901
-8.521045,5,6104.897925
58.761481,6,6105.160223
57.954711,5,6105.352397
-8.295595,5,6105.531891
-8.305672,5,6105.770084
57.325769,5,6105.950654
54.216439,4,6106.231463
57.962427,5,6106.468932
-11.155425,4,6106.653278
57.964677,5,6106.847481
57.964235,5,6107.003494
57.958566,5,6107.158505
57.784663,7,6107.426807
-7.418523,6,6107.667285
57.764434,7,6107.921875
57.794813,5,6108.232387
-8.022715,5,6108.396211
-7.035264,5,6108.592111
59.094541,6,6108.833107
57.965216,5,6109.118246
-7.625967,5,6109.472966
54.211176,4,6109.771973
59.099294,6,6110.072917
-11.133422,4,6110.439856
-7.418123,6,6110.816869
-7.950019,5,6111.04085
57.773681,7,6111.249383
-8.375833,5,6111.479354
59.099294,6,6111.699461
57.958167,5,6111.893122
57.967614,5,6112.093768
59.099294,6,6112.319145
59.096113,6,6112.592043
57.768087,7,6112.863153
57.728239,5,6113.273548
57.967614,5,6113.430057
57.967614,5,6113.598009
57.967614,5,6113.785209
54.216439,4,6114.036258
54.215608,4,6114.213871
59.099294,6,6114.397315
-10.802113,4,6114.61821
59.099294,6,6114.809729
57.78954,7,6115.058857
-8.10234,6,6115.217917
59.095423,6,6115.410287
-7.631137,6,6115.636903
-7.32322,6,6115.950823
57.678729,5,6116.381703
59.090072,6,6116.64405
-11.457441,4,6116.812093
-7.032386,5,6117.243641
57.962592,5,6117.472471
59.095953,6,6117.722175
57.777718,7,6117.986094
-11.401562,4,6118.153454
-10.783561,4,6118.316434
54.002682,4,6118.637996
-13.61684,3,6118.815435
57.964218,5,6118.969154
59.095526,6,6119.209232
57.964453,5,6119.376372
59.09551,6,6119.634014
57.776792,7,6119.823828
-11.42614,4,6120.007895
59.096549,6,6120.231652
57.2678,5,6120.484207
54.216439,4,6120.760802
54.205369,4,6121.066027
-11.189889,4,6121.225704
57.967614,5,6121.529064
59.095513,6,6121.782533
57.957795,5,6121.967605
-11.060168,4,6122.120401
-8.460204,5,6122.347241
58.678973,6,6122.719772
57.58807,5,6122.887708
59.08449,6,6123.135134
-8.278759,5,6123.380869
54.216439,4,6123.554855
57.860418,5,6123.832304
57.967614,5,6124.09311
57.785127,7,6124.390222
-8.456898,5,6124.655653
59.097387,6,6124.908592
58.642468,6,6125.309273
-7.29388,6,6125.791165
57.955215,5,6126.016752
59.097595,6,6126.205758
57.573357,5,6126.413099
57.959312,5,6126.593985
-7.610076,6,6126.975796
59.099294,6,6127.188153
59.099294,6,6127.458434
59.097083,6,6127.650798
-7.826004,5,6127.99613
-8.447421,5,6128.223812
59.088149,6,6128.406055
-7.899267,5,6128.720174
57.967614,5,6128.895473
59.094949,6,6129.149455
57.967614,5,6129.475801
59.096181,6,6129.681254
57.732823,5,6129.954803
59.099294,6,6130.161098
54.216439,4,6130.505435
57.966562,5,6130.674761
-8.493739,5,6130.926021
57.760856,5,6131.176487
59.096679,6,6131.510107
59.088146,6,6131.750437
-8.454617,5,6131.99623
59.089268,6,6132.233381
57.78122,7,6132.617736
-13.476791,3,6132.818353
-11.008291,4,6133.031733
57.962861,5,6133.297623
-8.128187,5,6133.594839
57.959304,5,6133.755024
-8.367287,5,6133.903611
57.960928,5,6134.118862
-8.279851,5,6134.281204
57.963171,5,6134.466184
54.195757,4,6134.723662
59.055272,6,6134.913687
59.099294,6,6135.155142
-11.605625,4,6135.312331
-7.971269,5,6135.483053
-7.27833,6,6135.831538
59.058514,6,6136.13124
57.967614,5,6136.409047
57.685927,5,6136.634923
59.096996,6,6136.925702
-7.841114,6,6137.088039
59.099294,6,6137.376001
57.782139,7,6137.635693
59.085988,6,6137.876996
-6.231973,6,6138.464845
57.967614,5,6138.713557
-7.853451,5,6138.900927
57.634115,5,6139.214362
57.96691,5,6139.387062
57.958317,5,6139.552304
59.088876,6,6139.746076
59.097319,6,6140.061281
57.967614,5,6140.277732
57.956169,5,6140.477827
-7.25111,5,6141.016838
57.967614,5,6141.198824
-8.215118,5,6141.36582
57.386768,6,6141.853314
57.785301,7,6142.114768
57.779747,7,6142.365904
57.095727,5,6142.623517
-11.36574,4,6142.831407
57.967614,5,6143.008854
57.959008,5,6143.173105
-11.501712,4,6143.331762
59.094454,6,6143.522328
57.629612,5,6143.691256
57.840376,5,6143.895791
57.967614,5,6144.12809
59.096227,6,6144.373531
-7.600077,6,6144.885216
54.152509,4,6145.211374
59.099294,6,6145.498077
57.780156,7,6145.786561
57.960661,5,6145.949349
57.907815,5,6146.134613
58.276582,6,6146.452672
59.089226,6,6146.73642
57.88055,5,6146.89764
59.099294,6,6147.148847
57.960455,5,6147.325265
58.478073,6,6147.777718
-13.648947,3,6147.947979
-10.936031,4,6148.24996
57.966854,5,6148.933531
57.967614,5,6149.906348
54.208208,4,6150.142658
57.967614,5,6150.39782
59.095769,6,6150.587481
-13.604083,3,6150.770796
58.421558,6,6151.18251
-8.209957,5,6151.405827
57.783474,7,6151.652369
57.967614,5,6151.848414
-11.228239,4,6152.018189
-7.746084,5,6152.303109
-8.139203,5,6152.479399
59.088222,6,6152.748724
59.099294,6,6153.011308
57.96671,5,6153.190403
57.962588,5,6153.362517
-7.637595,5,6153.629804
-11.246062,4,6153.794203
-7.781954,5,6154.13463
57.967614,5,6154.326584
54.204839,4,6154.638272
57.957073,5,6154.875079
59.094443,6,6155.036621
57.952593,5,6155.202876
-8.152837,6,6155.438262
-11.575456,4,6155.611158
57.779567,7,6155.865211
59.089124,6,6156.048532
-8.420797,5,6156.240538
-7.631228,5,6156.495689
54.075505,4,6156.762678
59.088854,6,6156.935183
-7.929565,6,6157.106138
59.099294,6,6157.506927
59.099294,6,6157.769748
59.091888,6,6157.962816
-5.912041,6,6158.208431
54.18201,4,6158.519942
53.199881,8,6158.772961
59.091789,6,6159.020771
57.967614,5,6159.261632
57.960066,5,6159.532221
-6.952577,6,6159.791552
-8.148167,5,6159.97918
57.625523,5,6160.249578
57.956441,5,6160.419282
57.967614,5,6160.713571
57.788625,7,6160.972491
58.753994,6,6161.168309
-7.23383,5,6161.69885
57.299063,5,6161.971294
57.964906,5,6162.134248
54.206685,4,6162.339534
57.632208,6,6162.788358
59.093471,6,6162.966192
53.944749,4,6163.23415
-7.741517,5,6163.612641
-8.155665,5,6164.043241
59.092596,6,6164.304621
57.961851,5,6164.577452
57.967614,5,6164.849569
59.094668,6,6165.059883
59.094432,6,6165.253188
-7.665811,6,6165.590861
57.956684,5,6165.782116
59.087362,6,6165.949363
-7.438288,5,6166.314322
54.216439,4,6166.572219
57.967614,5,6166.746594
54.129188,4,6167.007118
54.006362,4,6167.244591
59.090097,6,6167.527964
59.099294,6,6167.772808
57.769208,7,6167.978678
-11.346448,4,6168.143297
-11.4768,4,6168.304463
57.963636,5,6168.462643
59.099294,6,6168.724284
57.95662,5,6168.909777
58.549874,6,6169.221206
59.096738,6,6169.480723
59.093387,6,6169.658387
57.967614,5,6169.93903
59.097714,6,6170.208889
54.210009,4,6170.395455
-8.150144,6,6170.649065
57.624006,5,6170.913075
57.919509,5,6171.087307
57.967614,5,6171.280097
59.094519,6,6171.504437
-7.256064,5,6171.744744
59.099294,6,6172.022514
59.093451,6,6172.286904
-11.52836,4,6172.451153
59.092182,6,6172.71606
59.09298,6,6172.958691
57.942906,5,6173.206098
56.949716,5,6173.681623
-13.632064,3,6173.955689
59.090953,6,6174.157622
59.092345,6,6174.338105
59.094779,6,6174.520101
-8.270045,5,6174.788129
59.094488,6,6175.749291
57.967614,5,6176.012408
57.774828,7,6176.321656
57.967614,5,6176.488076
58.630084,6,6176.827924
54.216439,4,6177.015317
-7.774353,5,6177.249952
57.956199,5,6177.408227
59.084568,6,6177.573344
59.092182,6,6177.731918
58.984054,6,6177.975159
57.967614,5,6178.226603
57.967614,5,6178.399786
57.782074,7,6178.646439
54.212989,4,6178.93173
-7.041324,5,6179.097639
59.093366,6,6179.28436
57.967614,5,6179.450947
57.966212,5,6179.6063
-11.142285,4,6179.908949
-11.243391,4,6180.088965
54.216439,4,6180.679625
54.216439,4,6180.886305
-8.255917,5,6181.058707
57.915732,5,6181.347557
59.099294,6,6181.544548
-7.166342,6,6181.844137
57.776798,7,6182.013198
57.962348,5,6182.19136
-11.413352,4,6182.373113
57.961991,5,6182.544514
-7.803016,6,6182.711703
57.96575,5,6182.950771
58.202488,6,6183.231691
54.216439,4,6183.399381
-6.82734,6,6183.65548
58.977434,6,6183.943157
57.966219,5,6184.12252
57.957179,5,6184.283853
57.522316,5,6184.492731
59.092185,6,6184.651003
59.099294,6,6184.836348
57.912045,5,6185.109496
54.216439,4,6185.385685
57.95615,5,6185.540894
57.967614,5,6185.910906
57.967614,5,6186.169917
57.967614,5,6186.368737
59.099294,6,6186.563001
-8.188935,5,6186.760069
-7.642645,5,6187.0186
-8.236243,5,6187.322619
59.097171,6,6187.569564
59.09618,6,6187.799711
57.78954,7,6188.041697
58.375286,6,6188.302783
59.093094,6,6188.522601
59.097062,6,6188.895021
-8.407459,5,6189.140989
59.099294,6,6189.455368
57.285098,5,6189.760773
54.20623,4,6190.022987
59.099294,6,6190.30605
57.967614,5,6190.506947
57.486079,5,6190.804324
54.216439,4,6191.070261
-11.462783,4,6191.276133
-8.22424,6,6191.531081
57.36622,5,6191.70489
-8.057842,5,6191.935113
-8.203681,6,6192.169208
59.086418,6,6192.351772
-8.127654,5,6192.513738
59.092331,6,6192.773703
57.781785,7,6193.071347
59.093631,6,6193.342443
57.786374,7,6193.584324
57.770838,7,6193.826905
58.515677,6,6194.002059
-11.488384,4,6194.285527
54.211391,4,6194.457013
57.957413,5,6194.707364
57.674287,5,6194.868709
54.211236,4,6195.057016
-7.861427,5,6195.332572
57.965537,5,6195.53183
-8.325593,5,6195.78062
57.959398,5,6195.940686
57.561238,5,6196.119707
59.092372,6,6196.307848
57.833703,5,6196.571794
57.781204,7,6196.859945
57.962119,5,6197.134526
59.093674,6,6197.399341
59.09099,6,6197.63579
59.098764,6,6197.87864
59.091177,6,6198.078149
57.967614,5,6198.227362
59.098691,6,6198.478456
59.089132,6,6198.673677
57.509197,5,6198.882713
-8.590678,5,6199.14602
57.965189,5,6199.314973
57.962218,5,6199.479955
-8.123072,5,6199.697773
-11.53325,4,6199.857225
57.961542,5,6200.040457
57.954283,5,6200.227269
59.095616,6,6200.446074
-6.701028,6,6200.821069
57.965873,5,6201.030462
-6.795416,6,6201.402416
59.099294,6,6201.655698
-11.463801,4,6201.884022
-7.48905,5,6202.357301
58.415469,6,6202.628331
59.095048,6,6202.926297
-11.01533,4,6203.221282
58.705666,6,6203.515924
57.967614,5,6203.769985
-7.971763,6,6204.006928
57.962238,5,6204.16241
-7.331121,5,6204.625931
57.788567,7,6204.909344
59.09281,6,6205.166002
-8.324576,5,6205.427561
57.960941,5,6205.669713
57.967614,5,6205.964675
59.088853,6,6206.291932
57.172897,5,6206.522908
-6.982912,6,6206.846747
59.088031,6,6207.154743
57.958971,5,6207.409746
59.092215,6,6207.695661
57.479833,5,6208.017923
-8.523313,5,6208.285808
59.08781,6,6208.480234
-11.32813,4,6208.835781
59.096929,6,6209.090801
57.961849,5,6209.270098
59.097001,6,6209.456249
59.093962,6,6209.741682
58.079252,6,6210.159276
59.089821,6,6210.432707
58.413307,6,6210.740164
58.49061,6,6211.078337
-5.912356,6,6211.298224
59.095837,6,6211.716508
-7.770573,5,6211.97542
58.966682,6,6212.228205
57.964226,5,6212.468132
59.09614,6,6212.694941
-7.751934,5,6212.900388
56.617248,5,6213.253965
59.098444,6,6213.565131
59.080669,6,6213.875172
57.961844,5,6214.071081
-8.277746,5,6214.448987
57.963299,5,6214.639856
59.092005,6,6214.958782
57.585619,5,6215.248072
57.959853,5,6215.423731
-13.752373,3,6215.594806
54.213269,4,6215.902074
57.95781,5,6216.077787
57.648532,5,6216.267659
-11.595281,4,6216.442186
57.226454,5,6216.849926
57.963719,5,6217.068862
-11.036061,4,6217.241488
-7.824082,6,6217.544988
58.984569,6,6217.851664
-8.363298,5,6218.115107
58.876513,6,6218.410254
54.216439,4,6218.711782
59.095729,6,6218.971432
-11.059782,4,6219.146465
-11.390138,4,6219.341265
59.088401,6,6219.617653
57.959529,5,6219.896097
57.515062,5,6220.264785
-8.260752,5,6220.434494
-8.201452,5,6220.615256
-7.847634,5,6220.904867
57.962362,5,6221.08268
57.95943,5,6221.238384
59.095154,6,6221.404044
59.089455,6,6221.658602
57.967614,5,6221.863659
-11.547317,4,6222.030658
57.481693,5,6222.224885
59.095137,6,6222.471998
-11.320949,4,6222.65626
57.773466,7,6222.926713
57.962192,5,6223.119109
57.967614,5,6223.504326
57.967614,5,6223.685327
59.099294,6,6223.884847
57.967614,5,6224.04576
59.091031,6,6224.283583
59.095786,6,6224.514414
59.093395,6,6224.698338
-8.184107,5,6224.858262
54.216439,4,6225.121122
-5.911979,6,6225.338494
-11.57355,4,6225.498621
-8.45661,5,6225.713743
57.498012,5,6226.031884
57.531949,5,6226.300707
59.099294,6,6226.498688
-7.73814,6,6226.801055
57.778315,7,6227.051927
-11.041269,4,6227.329688
-7.86637,5,6227.629473
57.769995,7,6227.798919
57.960197,5,6227.978498
57.778217,7,6228.20135
58.357754,6,6228.491741
-7.810818,5,6228.729656
-11.252339,4,6228.945771
57.960064,5,6229.171349
57.967614,5,6229.365075
59.089423,6,6229.531386
-6.566852,6,6229.973519
59.089621,6,6230.219688
57.679272,5,6230.491228
-7.995085,5,6230.799517
-7.857343,5,6230.976635
54.211646,4,6231.231347
-7.839382,6,6231.411743
-7.032892,5,6231.580171
58.681998,6,6231.855276
57.783885,7,6232.089737
54.216439,4,6232.279999
58.898654,6,6232.643232
59.087844,6,6232.914657
-8.159257,5,6233.100711
59.099294,6,6233.355803
59.090379,6,6233.556584
-5.907854,6,6233.786126
57.772673,7,6234.038155
-11.568607,4,6234.182385
-8.086576,5,6234.537682
-8.093199,5,6234.714265
-7.963003,5,6235.014963
-11.511669,4,6235.186985
59.083471,6,6235.359836
57.964954,5,6235.562488
59.090452,6,6235.74334
-11.213917,4,6235.923178
57.959917,5,6236.085323
-8.135534,5,6236.288592
-11.324852,4,6236.470861
-7.966422,5,6236.734581
59.09391,6,6236.997993
-11.25821,4,6237.167585
59.088328,6,6237.473235
-7.041424,5,6237.65193
57.967614,5,6237.89145
-7.417167,5,6238.491988
57.967614,5,6238.713878
57.95846,5,6238.867076
57.264456,5,6239.13476
-7.909135,5,6239.453338
57.194263,5,6239.850225
57.955373,5,6240.067579
59.099294,6,6240.357532
57.964548,5,6240.555177
57.957462,5,6240.800082
59.096679,6,6241.244268
59.081865,6,6241.499192
58.005451,6,6241.937253
-7.761803,6,6242.179529
57.9645,5,6242.427302
57.956611,5,6242.586196
-8.246706,5,6242.757638
57.958099,5,6242.939831
-8.264512,5,6243.110718
59.099294,6,6243.366746
57.959385,5,6243.561641
-7.932506,5,6243.826218
57.964052,5,6244.009728
59.0877,6,6244.291524
59.090384,6,6244.49476
-7.567321,5,6244.758703
59.091793,6,6244.955053
57.588795,5,6245.134692
-7.975318,5,6245.36849
57.960295,5,6245.578574
58.792184,6,6245.800386
-5.901447,6,6246.223123
57.958186,5,6246.423156
57.961525,5,6246.585853
57.967614,5,6246.903157
59.094993,6,6247.170945
57.779694,7,6247.437667
59.080692,6,6247.673082
57.779011,7,6247.935806
57.789128,7,6248.229517
-8.216903,6,6248.486093
57.967149,5,6248.654086
-7.083017,5,6249.154524
-8.19818,5,6249.468103
57.544227,5,6249.746861
54.216439,4,6249.939362
57.967614,5,6250.182142
-7.850144,5,6250.533505
57.967614,5,6250.698845
57.967614,5,6250.965579
56.734056,7,6251.360513
57.954314,5,6251.514646
54.216439,4,6251.808105
-7.032386,5,6252.287334
57.864656,5,6252.59219
57.779853,7,6252.887254
-8.322918,5,6253.051042
57.967361,5,6253.246608
-8.025259,5,6253.48499
57.956493,5,6253.661289
57.961916,5,6253.875973
59.093598,6,6254.191465
59.095807,6,6254.445968
57.694801,5,6254.710995
59.099294,6,6254.951766
-11.325392,4,6255.129271
59.093646,6,6255.324935
-11.125673,4,6255.502925
54.216439,4,6255.678147
54.216439,4,6255.953959
57.960307,5,6256.14189
59.091199,6,6256.433229
59.079806,6,6256.677058
-6.971408,6,6257.057726
53.970547,4,6257.345054
-7.55469,5,6257.824931
-8.342991,5,6258.117523
57.84246,5,6258.359818
59.084972,6,6258.532098
54.216439,4,6258.846201
-7.032386,5,6259.317638
57.956828,5,6259.50122
59.090521,6,6259.742571
-7.982491,5,6260.062989
59.093324,6,6260.280233
57.782432,7,6260.500327
-7.39861,6,6260.862104
59.099294,6,6261.173925
-8.207877,5,6261.392891
58.553206,6,6261.660708
59.085652,6,6261.897751
57.967614,5,6262.077245
59.09385,6,6262.321336
57.957541,5,6262.511055
57.778071,7,6262.767033
57.416816,5,6262.974561
59.089824,6,6263.152058
57.967614,5,6263.451098
57.967614,5,6263.684753
59.083855,6,6263.942119
-11.324141,4,6264.275565
57.96358,5,6264.431293
54.216439,4,6264.6949
59.099294,6,6264.949542
-8.237474,5,6265.126873
-8.189013,5,6265.393812
-7.051116,5,6265.575771
57.967614,5,6265.771329
59.092999,6,6265.958136
57.967614,5,6266.23651
57.956116,5,6266.404392
57.967614,5,6266.643986
59.09247,6,6266.901973
57.964535,5,6267.071751
-6.981903,6,6267.346523
54.216439,4,6267.653079
57.785423,7,6267.945337
59.089691,6,6268.137258
54.216439,4,6268.434917
57.652048,5,6268.69755
-11.561133,4,6268.855071
59.045094,6,6269.154093
57.963375,5,6269.413679
59.089987,6,6269.917871
-8.50427,5,6270.198432
-7.869599,5,6270.524036
-5.925605,6,6271.83745
59.012054,6,6272.131207
-7.653157,6,6272.415189
57.956908,5,6272.576993
57.502555,7,6272.874109
-8.592116,5,6273.148348
57.967614,5,6273.44019
-7.782422,5,6273.769981
59.097377,6,6274.043532
-8.056781,5,6274.377869
58.445595,6,6274.7177
59.099294,6,6275.025809
-11.378483,4,6275.225232
59.099294,6,6275.493631
59.087896,6,6275.708016
59.089211,6,6275.907859
-11.592265,4,6276.076466
59.095459,6,6276.335131
-7.032386,5,6276.696747
-8.082717,5,6277.014109
-11.533131,4,6277.181251
-8.422858,5,6277.447864
-7.914042,5,6277.797179
57.962509,5,6278.011129
57.966917,5,6278.185146
57.967332,5,6278.351575
57.635254,5,6278.563726
59.095712,6,6278.82002
57.956479,5,6278.999648
-11.056894,4,6279.337097
57.962274,5,6279.536611
57.780313,7,6279.799764
59.093628,6,6280.055247
58.562563,6,6280.357683
57.967614,5,6280.689316
-7.64782,6,6281.192898
59.097092,6,6281.409075
59.099294,6,6281.704677
59.095143,6,6281.906069
-11.444541,4,6282.10302
58.159986,6,6282.397857
-7.044837,5,6282.577665
57.963275,5,6282.792696
59.094212,6,6282.978783
57.967614,5,6283.242809
57.724474,5,6283.564229
57.956414,5,6283.771856
57.959011,5,6283.939326
58.699883,6,6284.19572
59.094931,6,6284.396461
57.914378,5,6284.635582
59.092534,6,6284.812972
57.492918,5,6285.066655
59.090811,6,6285.259422
59.087308,6,6285.436445
54.204684,4,6285.813873
-7.961566,5,6285.991535
-5.930126,6,6286.566765
57.957851,5,6286.868711
-10.951976,4,6287.035708
57.967497,5,6287.291734
-7.735299,5,6287.659534
57.967614,5,6287.873899
59.099294,6,6288.187822
57.813904,5,6288.466089
58.363526,6,6288.748069
59.089603,6,6288.997522
54.216439,4,6289.25481
-8.428437,5,6289.448646
57.418572,5,6289.635049
57.961218,5,6289.880932
58.528583,6,6290.152624
59.099294,6,6290.403882
57.963056,5,6290.704324
59.099294,6,6290.967329
57.305845,5,6291.291168
-8.379865,5,6291.565651
-5.918481,6,6291.792772
-7.936626,5,6291.954147
57.78954,7,6292.203115
57.967614,5,6292.398685
54.024224,4,6292.729797
59.099294,6,6292.983601
59.099294,6,6293.277919
57.497689,5,6293.474678
57.966878,5,6293.691806
53.186729,8,6294.019518
-11.431053,4,6294.179732
57.696619,5,6294.46041
57.967614,5,6294.66176
54.137649,4,6294.868282
57.96177,5,6295.053691
-8.232981,5,6295.210603
-7.195007,6,6295.589273
59.099294,6,6295.758649
-7.048215,5,6295.978449
57.965706,5,6296.141762
57.95635,5,6296.406527
-11.25291,4,6296.611534
57.414349,5,6296.839957
-8.010139,5,6297.196646
-7.663502,6,6297.46842
57.967614,5,6297.70729
57.96278,5,6298.06181
-8.114694,5,6298.49281
57.958512,5,6298.686087
-7.736791,5,6299.05806
-7.05832,6,6299.388461
57.223819,5,6299.658679
-8.097562,5,6300.032537
57.546941,5,6300.393929
57.963382,5,6300.57583
-11.576278,4,6300.851449
59.099294,6,6301.283712
59.099294,6,6301.574386
-7.914627,6,6301.788938
-7.844712,5,6302.105047
57.952677,5,6302.294846
57.967614,5,6302.492326
57.956009,5,6302.677291
59.092908,6,6302.860141
59.094642,6,6303.053528
57.967614,5,6303.337728
57.967614,5,6303.590788
59.094511,6,6303.771529
57.967614,5,6304.015594
-8.577298,5,6304.265234
57.398454,5,6304.537558
54.2163,4,6304.72033
57.967052,5,6304.906157
57.967614,5,6305.1156
57.967614,5,6305.329334
57.967614,5,6305.595345
-7.902892,6,6306.055956
59.098321,6,6306.370393
57.967614,5,6306.550009
59.083588,6,6306.70787
-7.799951,5,6306.986274
59.086301,6,6307.147796
-7.121849,5,6307.715873
57.897205,5,6307.88165
-11.60974,4,6308.046656
57.959228,5,6308.236374
57.958515,5,6308.394846
59.098207,6,6308.656994
57.967614,5,6308.852368
57.967614,5,6309.059447
-13.707724,3,6309.233903
58.949475,6,6309.521627
54.216439,4,6309.741216
-6.812671,6,6310.054944
59.096087,6,6310.322658
59.099294,6,6310.608084
57.967614,5,6310.921182
57.967511,5,6311.129929
-11.150589,4,6311.294532
57.87963,6,6311.679098
57.967043,5,6311.916688
-7.86404,5,6312.209059
54.201799,4,6312.389005
-8.387437,5,6312.706234
57.772784,7,6313.007186
57.777921,7,6313.303751
59.091316,6,6313.546148
-6.621264,6,6313.814562
54.216439,4,6314.012331
59.096104,6,6314.201081
59.099294,6,6314.46617
58.77697,6,6314.867814
57.724097,5,6315.064644
57.509189,7,6315.474953
59.098968,6,6315.743447
57.966366,5,6315.925826
-10.977283,4,6316.260745
-7.855137,5,6316.566855
59.086595,6,6316.795863
59.098145,6,6316.964486
57.959174,5,6317.231443
-11.499752,4,6317.383994
57.967614,5,6317.563908
59.099294,6,6317.751202
57.967614,5,6318.032814
57.967614,5,6318.21137
-7.892549,6,6318.479193
57.967614,5,6318.694999
-8.179653,5,6319.016026
-8.22543,5,6319.397069
-11.419839,4,6319.592572
-11.530279,4,6319.814535
-11.427698,4,6319.992453
-8.308298,5,6320.310515
54.211422,4,6320.642215
-8.559845,5,6320.978577
57.964546,5,6321.21876
57.967614,5,6321.496085
-7.847955,5,6321.855731
-7.612721,5,6322.023947
59.091737,6,6322.21483
-7.879054,5,6322.449166
-7.049125,5,6322.627647
59.098248,6,6322.914654
57.956722,5,6323.11444
59.094491,6,6323.271082
57.967614,5,6323.526671
-7.69925,6,6324.042207
58.694789,6,6324.441334
-11.512543,4,6324.618661
57.959218,5,6324.797694
54.216439,4,6325.035545
57.967614,5,6325.299475
59.099294,6,6325.54931
59.094673,6,6325.849024
57.967614,5,6326.060077
57.967614,5,6326.327436
-7.638644,5,6326.62233
-7.314975,5,6327.203949
-7.845944,6,6327.593392
57.775654,7,6327.881099
57.961732,5,6328.057676
57.967118,5,6328.243815
57.96419,5,6328.426963
-11.368349,4,6328.609519
-11.59948,4,6328.775154
-11.572192,4,6328.939965
-7.052085,5,6329.11373
57.967614,5,6329.318124
59.090163,6,6329.563713
57.967614,5,6329.833288
59.091231,6,6330.046123
57.955654,5,6330.22125
57.964328,5,6330.408834
57.958161,5,6330.61983
54.216439,4,6330.832025
-7.048215,5,6331.07241
57.777336,7,6331.290349
59.090451,6,6331.534013
59.084006,6,6331.800458
54.216439,4,6332.015439
54.216439,4,6332.198204
-8.401926,5,6332.379637
-11.267438,4,6332.547011
59.099294,6,6332.789512
59.093153,6,6333.090423
57.956293,5,6333.404355
57.967614,5,6333.58965
54.216439,4,6333.860742
-7.032386,5,6334.464386
-7.288095,6,6334.739225
-8.17265,5,6335.123758
54.049275,4,6335.350387
-11.248577,4,6335.526904
57.966989,5,6335.700454
59.085358,6,6335.882339
-7.780794,6,6336.152169
-8.18219,5,6336.435493
58.526542,6,6336.764367
57.961176,5,6337.021252
-8.136422,5,6337.248723
57.960989,5,6337.423276
-8.061151,5,6337.696948
59.082214,6,6337.898999
59.099294,6,6338.175946
59.091239,6,6338.392274
59.095944,6,6338.638229
59.099294,6,6338.909321
57.949835,5,6339.091955
57.962882,5,6339.300281
57.759906,5,6339.527491
-11.535907,4,6339.69101
59.099294,6,6339.877992
57.963752,5,6340.12708
-13.654849,3,6340.322793
59.087761,6,6340.500643
57.966238,5,6340.80391
57.967614,5,6340.999622
57.967614,5,6341.220662
57.779418,7,6341.518976
59.083813,6,6341.709287
57.967614,5,6341.975554
57.771165,7,6342.268196
-7.959201,5,6342.608359
57.964632,5,6342.762224
57.965415,5,6343.011895
57.960828,5,6343.180174
-5.912377,6,6343.442906
59.09198,6,6343.69403
-11.612974,4,6343.859843
59.095238,6,6344.051102
57.957343,5,6344.223971
59.091902,6,6344.470826
-7.9764,5,6344.700968
57.962282,5,6344.900565
-10.793393,4,6345.100018
57.78954,7,6345.359282
57.961103,5,6345.552082
-8.378091,5,6345.706837
58.724815,6,6346.092045
57.651536,5,6346.319044
59.098072,6,6346.519355
59.089891,6,6346.782771
-7.1248,5,6347.283897
-7.935416,5,6347.662857
-7.836992,5,6347.944245
59.093403,6,6348.234017
59.089889,6,6348.410498
59.099294,6,6348.680734
-11.231509,4,6348.884356
-8.104847,5,6349.106572
-11.298222,4,6349.275779
-8.177464,5,6349.443686
59.090628,6,6349.722529
-7.203438,6,6350.000679
54.216439,4,6350.274176
-7.565675,5,6350.570924
-8.114476,5,6350.914782
57.958389,5,6351.22802
-7.04388,5,6351.396727
58.454566,6,6351.661036
59.099294,6,6351.965415
59.09177,6,6352.237627
-5.909644,6,6352.755291
-7.797663,6,6353.102018
59.099294,6,6353.366542
58.536229,6,6353.806033
59.081641,6,6354.061715
-7.778577,5,6354.413307
-7.755709,5,6354.773407
54.209429,4,6354.966303
57.959138,5,6355.143942
57.966458,5,6355.395096
59.088874,6,6355.579991
57.967614,5,6355.878987
57.779144,7,6356.148545
-7.939784,5,6356.422983
59.090678,6,6356.658349
59.086717,6,6356.936856
59.096229,6,6357.123666
59.098164,6,6357.373688
59.097981,6,6357.642103
59.099294,6,6357.941661
-8.042086,6,6358.220538
59.09585,6,6358.484321
57.96059,5,6358.746212
-7.983901,5,6359.046658
-11.24981,4,6359.420021
57.782145,7,6359.656989
-7.729932,5,6359.938843
57.954895,5,6360.10315
-8.177721,5,6360.377397
-8.383452,5,6360.707132
59.099294,6,6360.901745
-8.051838,5,6361.242281
-7.864775,5,6361.582133
-7.032386,5,6362.086102
59.091298,6,6362.341015
54.216439,4,6362.659443
-8.406351,5,6362.859607
-7.746255,5,6363.189289
57.967614,5,6363.469096
57.967614,5,6363.741669
59.099294,6,6364.049164
57.962287,5,6364.377897
57.949726,5,6364.668223
57.075095,5,6365.172567
57.961864,5,6365.380387
-11.554447,4,6365.65769
59.09927,6,6365.967164
54.029924,4,6366.403188
-13.753274,3,6366.587238
57.78954,7,6367.042658
59.089269,6,6367.431619
59.099294,6,6367.73398
59.092291,6,6368.057661
-8.098215,5,6368.497481
-5.914402,6,6368.73579
-7.642325,5,6368.906455
57.967614,5,6369.146797
57.956573,5,6369.321719
57.566288,5,6369.551992
-11.443922,4,6369.719447
59.099294,6,6369.979391
59.092232,6,6370.15329
57.769267,7,6370.399801
57.956969,5,6370.602703
59.093676,6,6370.867788
-11.409156,4,6371.041677
56.731697,7,6371.526599
57.777907,7,6371.809735
57.967614,5,6373.243273
57.966263,5,6373.430016
57.959213,5,6373.621847
57.967614,5,6373.919374
-11.527549,4,6374.086156
57.780872,7,6374.361582
-8.145848,6,6374.602396
-11.53687,4,6374.749558
-7.576906,6,6374.973082
59.093899,6,6375.3729
59.088154,6,6375.663687
59.09052,6,6375.952876
57.95853,5,6376.118792
59.082439,6,6376.288247
57.965915,5,6376.558253
-7.950858,5,6376.726089
59.090398,6,6377.025602
57.961783,5,6377.227347
59.090207,6,6377.473147
59.089724,6,6377.632791
57.956781,5,6377.81994
57.777687,7,6378.091476
59.099294,6,6378.343004
-11.241569,4,6378.634624
54.216439,4,6378.890079
59.090558,6,6379.148599
57.96595,5,6379.321706
57.964375,5,6379.487945
54.216439,4,6379.697512
-8.201809,6,6379.927801
57.703719,6,6380.473742
58.715118,6,6380.640321
57.967614,5,6380.882233
57.967614,5,6381.128122
57.785126,7,6381.408443
-11.5665,4,6381.552209
59.042932,6,6381.789206
-11.058115,4,6381.981798
57.967614,5,6382.214607
59.091893,6,6382.491628
-11.08656,4,6382.762951
-8.5124,5,6382.919995
57.473889,5,6383.229883
54.042484,4,6383.594177
59.099294,6,6383.934294
57.776667,7,6384.211416
57.061517,5,6384.525413
59.008514,6,6384.767635
57.967614,5,6384.93736
-11.373621,4,6385.18991
59.099294,6,6385.443518
58.004554,6,6385.829869
57.95878,5,6385.998972
59.088248,6,6386.315333
59.090753,6,6386.571686
58.544818,6,6386.995679
-11.436582,4,6387.169047
57.964609,5,6387.409221
-7.827726,5,6387.586017
57.957957,5,6387.772063
57.963307,5,6387.932643
58.913002,6,6388.192853
57.967614,5,6388.386536
-7.747813,5,6388.648454
57.727956,6,6389.129521
58.787085,6,6389.423434
59.098304,6,6389.669487
57.960531,5,6389.984293
57.967614,5,6390.180253
-8.203749,6,6390.450351
-11.55883,4,6390.617803
57.960306,5,6390.806687
57.967614,5,6390.995851
57.772892,7,6391.293978
-8.143451,6,6391.531569
58.331216,6,6391.899076
57.964287,5,6392.092425
-11.433492,4,6392.345929
-11.016746,4,6392.528461
57.965387,5,6392.751288
57.781636,7,6393.039911
-7.032386,5,6393.513581
57.960514,5,6393.706753
-11.49135,4,6393.893987
57.790471,6,6394.356477
57.962512,5,6394.643845
58.741801,6,6394.901707
59.090855,6,6395.073438
-6.626517,6,6395.454168
57.965018,5,6395.61684
-7.656393,6,6395.940022
57.961572,5,6396.120317
59.099294,6,6396.367139
58.390674,6,6396.654105
59.085127,6,6396.809914
57.966776,5,6396.980313
57.967614,5,6397.16207
-8.30623,5,6397.322686
-8.173776,5,6397.595098
57.962709,5,6397.769937
-5.907284,6,6398.011873
59.099294,6,6398.260545
-8.018965,5,6398.607206
-8.040534,5,6398.83728
59.089224,6,6399.138078
57.963117,5,6399.335583
57.769049,7,6399.582566
-13.642984,3,6399.749478
57.967614,5,6400.067119
54.174499,4,6400.346341
59.094683,6,6400.648921
59.085395,6,6400.883955
59.099294,6,6401.104349
57.20418,5,6401.381359
57.963397,5,6401.629705
57.956799,5,6401.796207
57.576322,5,6402.071424
-8.054039,5,6402.305539
-8.235286,5,6402.488091
54.216439,4,6402.674339
56.600076,5,6403.004212
59.093784,6,6403.177597
54.044345,4,6403.469231
57.963007,5,6403.74348
-8.197288,5,6404.006804
59.090434,6,6404.264591
57.964526,5,6404.457843
57.696827,5,6404.625555
57.640552,6,6405.059294
57.782917,7,6405.293958
57.967614,5,6405.565571
57.477298,5,6405.751845
57.962363,5,6405.941293
59.099294,6,6406.227905
-11.578366,4,6406.447554
57.963864,5,6406.696446
-7.679893,6,6406.889684
-7.689786,5,6407.162803
57.960835,5,6407.349367
59.099294,6,6407.602262
-8.050066,5,6407.953609
57.967614,5,6408.261521
57.787882,7,6408.509304
57.967336,5,6408.708958
57.780503,7,6408.957074
57.963878,5,6409.127859
57.965889,5,6409.300215
57.962766,5,6409.484148
-7.05089,5,6409.657223
-8.070934,5,6409.922261
54.216439,4,6410.184826
57.967614,5,6410.44556
-6.251946,6,6410.902169
57.967614,5,6411.096725
-7.082784,5,6411.553921
59.019495,6,6411.728432
57.780778,7,6411.976653
57.784635,7,6412.227545
59.08186,6,6412.408664
57.794978,5,6412.66464
57.965139,5,6412.858284
57.761426,5,6413.127437
-7.447848,6,6413.365565
57.928775,5,6413.746616
-11.485244,4,6413.905471
59.099294,6,6414.063703
57.967614,5,6414.321307
57.965174,5,6414.619397
57.964166,5,6414.792647
53.997026,4,6414.986354
57.965225,5,6415.179445
-11.479754,4,6415.474448
59.090122,6,6415.71412
59.099294,6,6415.9025
59.084887,6,6416.141052
-7.556839,5,6416.471076
59.000091,6,6416.725985
-6.381914,6,6417.179959
57.967614,5,6417.487646
-8.321964,5,6417.667488
57.965887,5,6417.8817
59.099294,6,6418.121311
-11.375296,4,6418.278641
57.963444,5,6418.459895
-11.557358,4,6418.616165
59.093229,6,6418.789896
57.842984,5,6418.957671
57.966821,5,6419.217905
59.090166,6,6419.381347
59.093004,6,6419.551163
57.967614,5,6419.760012
54.131125,4,6419.969523
59.094569,6,6420.217335
59.092687,6,6420.428288
-10.783561,4,6420.61159
57.952416,5,6420.779963
54.212158,4,6420.969675
-13.539776,3,6421.228897
54.216439,4,6421.471325
57.967592,5,6421.652321
-8.427197,5,6421.845615
57.967048,5,6422.138585
57.967614,5,6422.343675
57.465826,5,6422.547773
57.958031,5,6422.705694
-8.321618,5,6422.961902
57.967614,5,6423.215141
59.087522,6,6423.505932
-11.144512,4,6423.676806
57.826848,5,6423.853546
-8.038496,5,6424.18879
-11.147192,4,6424.485632
57.957827,5,6424.668178
54.216439,4,6424.957789
59.092801,6,6425.19353
59.089898,6,6425.387775
57.957912,5,6425.561059
-8.591562,5,6425.811869
58.635804,6,6426.096951
59.091275,6,6426.335099
59.094813,6,6426.494332
57.893274,5,6426.800977
57.350849,5,6427.052245
57.960524,5,6427.219126
-11.532425,4,6427.383761
57.961883,5,6427.651813
-8.179706,5,6428.111533
57.967614,5,6428.295766
-8.214206,5,6428.464552
-8.452208,5,6428.644703
57.642198,5,6428.908149
59.092585,6,6429.154132
57.773648,7,6429.418823
59.092073,6,6429.604351
-7.032386,5,6430.074747
-11.344174,4,6430.281244
59.090915,6,6430.526929
-8.45771,5,6430.75428
57.963276,5,6430.903108
57.96201,5,6431.073132
57.391995,5,6431.335123
-8.240271,6,6431.500267
58.783033,6,6431.79191
-11.389266,4,6431.98161
59.099294,6,6432.182165
57.956811,5,6432.354126
59.08839,6,6432.600037
-7.041998,5,6432.784645
-7.696665,5,6433.157136
59.095987,6,6433.402612
57.779556,7,6433.642436
57.967614,5,6433.913988
57.967614,5,6434.103701
57.369793,5,6434.381551
-8.447719,5,6434.612577
57.965774,5,6434.937872
57.963507,5,6435.227297
57.909866,6,6435.613325
-6.630015,6,6435.879565
57.787122,7,6436.148004
59.091395,6,6436.392034
57.967614,5,6436.584605
59.097153,6,6436.885683
59.094156,6,6437.067071
57.967614,5,6437.214098
-8.373381,5,6437.369493
57.967614,5,6437.548613
59.090356,6,6437.732199
59.091344,6,6437.92083
57.967614,5,6438.069542
59.09917,6,6438.318514
57.311233,5,6438.510812
59.078148,6,6438.699207
59.090924,6,6438.969193
-7.032386,5,6439.446174
59.098593,6,6439.636574
59.090328,6,6439.87377
-13.476791,3,6440.086
59.097365,6,6440.335709
-8.289532,5,6440.505311
57.961641,5,6440.694936
54.032367,4,6440.95613
59.098354,6,6441.138624
59.092898,6,6441.39904
57.967614,5,6441.559389
57.96056,5,6441.712621
59.086048,6,6441.977681
59.081701,6,6442.14889
-7.886276,5,6442.476905
57.967614,5,6442.674148
57.616517,5,6442.874219
59.085006,6,6443.035998
-7.042408,5,6443.204458
57.869547,5,6443.399254
57.961162,5,6443.589828
59.096824,6,6443.861603
-11.359047,4,6444.070717
57.962195,5,6444.241611
59.087317,6,6444.536311
57.967614,5,6444.837035
57.967614,5,6445.063622
57.961727,5,6445.277849
57.959665,5,6445.454417
57.760052,6,6445.886594
54.210009,4,6446.16357
-7.038674,5,6446.343493
-7.553698,5,6446.671697
59.082824,6,6446.855452
59.090312,6,6447.097855
59.090268,6,6447.328174
59.090411,6,6447.547101
57.965612,5,6447.710646
-8.46423,5,6447.962191
57.967614,5,6448.11633
59.098196,6,6448.30831
59.087808,6,6448.571532
-11.347702,4,6448.804779
57.78954,7,6449.046105
59.099294,6,6449.29282
57.952887,5,6449.447524
57.960049,5,6449.61821
-5.9097,6,6449.85804
57.967614,5,6450.020625
-8.575143,5,6450.26376
59.092024,6,6450.44433
57.967614,5,6450.617811
-7.731182,5,6450.950827
59.010203,6,6451.203914
57.967614,5,6451.455825
57.967614,5,6451.62048
57.961993,5,6451.792831
59.090857,6,6452.046098
54.216439,4,6452.233276
-7.51927,6,6452.686452
57.967614,5,6452.8593
-11.184856,4,6453.031693
57.169467,7,6453.404487
57.304936,5,6453.783568
59.099294,6,6454.035622
57.780801,7,6454.302566
54.216439,4,6454.593487
-11.412729,4,6454.769757
-7.940225,5,6455.129555
-8.236757,5,6455.306908
59.098819,6,6455.502088
57.967614,5,6455.803194
-8.140513,5,6455.986392
57.967614,5,6456.238437
-6.785383,6,6456.492977
59.09015,6,6456.778462
59.099294,6,6457.03722
57.955745,5,6457.301873
57.786211,7,6457.585678
57.955774,5,6457.736061
59.093174,6,6457.956692
-5.907577,6,6458.208751
-7.970979,5,6458.42868
57.967614,5,6458.597899
-7.918443,5,6458.798338
54.216439,4,6459.092364
57.779146,7,6459.370734
57.967614,5,6459.717279
57.747625,5,6459.974896
57.320976,5,6460.243496
59.087591,6,6460.526379
-7.665727,6,6460.779703
57.307862,5,6461.026289
59.088673,6,6461.27657
-10.787374,4,6461.452735
54.216439,4,6461.759608
-7.032386,5,6462.231773
54.216439,4,6462.477613
57.961568,5,6462.650727
59.078644,6,6462.914996
57.961069,5,6463.080758
59.082893,6,6463.257803
57.967614,5,6463.522583
57.967614,5,6463.694817
-5.900706,6,6464.195199
54.216439,4,6464.367917
-7.100533,6,6464.627896
57.961423,5,6464.817701
57.967614,5,6465.025519
57.960366,5,6465.306487
59.095572,6,6465.572523
57.955183,5,6465.768468
58.390846,6,6466.786659
-6.256349,6,6467.306262
57.967614,5,6467.503297
59.091235,6,6467.662193
-8.029686,5,6467.975909
57.966593,5,6468.229257
-7.221182,7,6468.678558
57.96755,5,6468.854448
59.088525,6,6468.999061
59.099294,6,6469.160843
59.096244,6,6469.415688
57.967614,5,6469.606873
-11.281061,4,6469.836144
59.089593,6,6470.020319
-8.066225,5,6470.340554
-7.22352,7,6470.795462
59.095556,6,6471.059142
57.375942,5,6471.330809
57.961212,5,6471.530419
59.099294,6,6471.781233
58.292188,6,6472.082594
-7.763038,6,6472.382283
-8.441463,5,6472.542682
59.093341,6,6472.829189
57.962416,5,6473.099193
57.495106,5,6473.338307
54.216439,4,6473.636332
59.089149,6,6473.880626
-7.74464,5,6474.178883
57.967614,5,6474.368515
-8.055374,5,6474.527675
54.207795,4,6474.779743
59.091217,6,6475.037456
57.957025,5,6475.230773
57.962495,5,6475.389205
57.962666,5,6475.574242
57.955622,5,6475.756873
59.097037,6,6475.993352
-7.841321,5,6476.246795
-8.003378,5,6476.586278
-7.162962,6,6476.861716
57.751052,5,6477.134609
-5.909971,6,6477.310746
-8.320649,5,6477.561364
59.096501,6,6477.818712
59.099294,6,6478.205281
-10.783561,4,6478.49348
-8.072077,6,6478.760659
-6.257227,6,6479.239466
57.967614,5,6479.431546
57.959826,5,6479.617293
54.212238,4,6479.904618
57.966787,5,6480.167562
57.967163,5,6480.343816
-11.18934,4,6480.512591
57.857747,5,6480.800222
59.090652,6,6480.986454
59.091231,6,6481.149347
54.079936,4,6481.37862
57.953791,5,6481.532821
-11.304079,4,6481.707903
57.957154,5,6481.866938
57.782589,7,6482.103791
57.96381,5,6482.273367
59.099294,6,6482.555834
-11.448473,4,6482.737451
57.960968,5,6482.928033
-7.81022,5,6483.194178
59.099294,6,6483.447568
59.090303,6,6483.610072
-7.728928,5,6483.963433
57.27133,5,6484.147288
57.957148,5,6484.310534
57.965175,5,6484.484795
-11.155826,4,6484.802272
57.779718,7,6485.015434
-11.591406,4,6485.161121
59.099294,6,6485.413382
59.094977,6,6485.651416
57.547805,5,6485.820325
59.087556,6,6486.008079
57.965029,5,6486.187321
-7.847238,5,6486.46026
59.099294,6,6486.644375
-5.902801,6,6486.845575
57.965889,5,6487.013501
57.959206,5,6487.184719
57.961225,5,6487.416913
57.7768,7,6487.658808
57.967614,5,6487.897346
57.967614,5,6488.057128
57.967614,5,6488.283588
54.211389,4,6488.451046
-8.058689,5,6488.718001
57.967614,5,6488.868993
59.097742,6,6489.048776
-7.983327,5,6489.323826
57.951334,5,6489.477268
-7.154582,6,6489.83796
59.089881,6,6490.094741
59.097725,6,6490.353812
57.967614,5,6490.671122
59.091897,6,6490.846474
57.937808,6,6491.127444
59.099294,6,6491.374826
59.096969,6,6491.619312
-11.299517,4,6491.78656
57.967614,5,6492.044232
57.959091,5,6492.282347
-7.875467,5,6492.45587
59.089886,6,6492.661592
59.09531,6,6492.922145
57.962018,5,6493.105268
-11.172273,4,6493.267835
59.099294,6,6493.52724
59.095686,6,6493.745099
-11.272304,4,6494.005737
-11.534361,4,6494.156413
57.735558,5,6494.417887
59.080337,6,6494.585382
59.095928,6,6494.846625
-8.001342,5,6495.065396
57.967614,5,6495.318551
57.959357,5,6495.536049
57.873653,5,6495.789385
57.140197,5,6496.168905
59.094199,6,6496.332515
59.027564,6,6496.578012
57.967614,5,6496.806363
57.780322,7,6497.053333
57.780586,7,6497.296284
-5.914432,6,6497.726624
-11.303043,4,6497.90511
57.659708,5,6498.177353
57.967614,5,6498.399991
-7.514747,6,6498.762659
57.959402,5,6498.938718
58.2876,6,6499.231817
57.960048,5,6499.381013
57.967614,5,6499.598822
59.083293,6,6499.763002
-7.966933,5,6499.986344
59.089864,6,6500.271563
57.959473,5,6500.535843
57.785883,7,6500.814563
57.78954,7,6501.093759
57.960732,5,6501.25637
-7.637843,5,6501.607504
59.099294,6,6501.899138
57.611373,5,6502.123687
-7.331069,6,6502.384769
59.08755,6,6502.576086
-11.114935,4,6502.738145
-7.923573,5,6502.970386
-7.931193,5,6503.271637
59.098137,6,6503.521894
57.967614,5,6503.826401
-5.912305,6,6504.002803
57.584804,5,6504.268564
-7.904469,5,6504.578584
-11.331519,4,6504.738237
59.092838,6,6504.996483
57.958425,5,6505.161227
-11.204246,4,6505.325099
57.643987,5,6505.502825
-5.912567,6,6506.017938
59.096499,6,6506.264751
57.776938,7,6506.508659
-11.165842,4,6506.775455
54.216439,4,6506.940359
59.081289,6,6507.098549
59.094844,6,6507.331362
54.216439,4,6507.501442
57.967614,5,6507.685504
57.770469,7,6507.920209
-11.441979,4,6508.075656
59.094785,6,6508.246511
59.099294,6,6508.463742
57.967614,5,6508.704663
58.634639,6,6509.02857
57.787953,7,6509.315059
-8.456472,5,6509.548104
59.090707,6,6509.700409
54.216439,4,6509.960005
59.091126,6,6510.240093
57.956705,5,6510.387791
-6.854691,6,6510.749946
59.090898,6,6510.982216
57.967614,5,6511.17046
-8.317195,5,6511.331786
59.087701,6,6511.524278
57.959616,5,6511.696349
59.097381,6,6511.942175
57.371969,5,6512.120378
57.967614,5,6512.307658
-8.516528,5,6512.536469
57.964642,5,6512.785748
-8.246407,5,6513.025644
57.78954,7,6513.271225
-7.544696,6,6513.54176
-6.502116,6,6514.011439
59.099294,6,6514.260824
-8.134363,5,6514.418893
58.777816,6,6514.613796
57.964526,5,6514.75522
59.088838,6,6514.982047
59.099294,6,6515.222733
57.967614,5,6515.462772
-11.190279,4,6515.819189
57.967614,5,6516.084909
57.966895,5,6516.268501
57.967614,5,6516.493176
57.954488,5,6516.687404
57.967614,5,6516.941067
59.088906,6,6517.207465
54.216439,4,6517.506964
57.777389,7,6517.754207
59.099294,6,6518.137923
59.099294,6,6518.388478
57.780654,7,6518.636292
58.713371,6,6519.02568
59.099294,6,6519.267676
-11.480034,4,6519.424436
59.096011,6,6519.686166
57.967614,5,6519.938689
57.967614,5,6520.139061
-8.53085,5,6520.363587
59.090692,6,6520.534906
59.096488,6,6520.683155
57.967614,5,6520.938505
-8.38909,5,6521.094954
57.967219,5,6521.351245
57.957243,5,6521.520875
-7.979499,5,6521.777844
59.084822,6,6522.022798
59.098556,6,6522.245638
57.959986,5,6522.429039
57.967614,5,6522.592302
57.488164,5,6522.797596
57.967614,5,6522.995137
57.967614,5,6523.195361
59.087883,6,6523.427263
59.092046,6,6523.723285
-11.004236,4,6523.892145
57.967614,5,6524.074618
59.095871,6,6524.295612
-11.406617,4,6524.473846
59.099109,6,6524.723589
57.967614,5,6524.909037
54.216439,4,6525.084644
-11.57496,4,6525.240155
54.216439,4,6525.49916
59.087779,6,6525.670402
57.967614,5,6525.915189
59.099294,6,6526.189954
-5.909876,6,6526.3978
59.098615,6,6526.680098
57.961067,5,6526.828237
57.81218,5,6527.21886
57.967614,5,6527.384313
57.967614,5,6527.572028
59.099294,6,6527.841945
57.967614,5,6528.089847
59.09304,6,6528.24753
59.093296,6,6528.488485
59.091485,6,6528.740983
-8.028111,5,6529.028248
59.097561,6,6529.276081
-11.571604,4,6529.441858
57.967614,5,6529.608748
57.771555,7,6529.928442
59.094464,6,6530.17603
-11.15279,4,6530.35705
-7.701766,5,6530.610034
54.216439,4,6530.868244
57.962639,5,6531.03011
-7.147427,6,6531.335567
59.08828,6,6531.548785
57.967614,5,6531.71454
57.967614,5,6532.013316
-7.917207,5,6532.297914
57.960973,5,6532.462638
57.960625,5,6532.642379
59.096175,6,6533.013552
57.965937,5,6533.182389
59.092502,6,6533.47649
57.967614,5,6533.638153
57.967614,5,6533.878694
59.097803,6,6534.073205
57.966196,5,6534.31238
54.216439,4,6534.600149
-11.15708,4,6534.932637
57.967614,5,6535.205854
-11.309571,4,6535.36806
57.96645,5,6535.542932
59.090597,6,6535.697235
57.962637,5,6535.888082
-7.645703,5,6536.258047
57.967614,5,6536.472248
-8.244946,5,6536.726156
57.960108,5,6536.96155
59.090401,6,6537.222091
59.097886,6,6537.508831
57.96183,5,6537.814435
59.092273,6,6538.054305
57.955958,5,6538.209023
59.082008,6,6538.457399
-8.049987,6,6538.716764
57.963522,5,6538.98315
59.092073,6,6539.144339
59.095135,6,6539.300782
57.958887,5,6539.459621
57.967614,5,6539.665378
59.099294,6,6539.973187
57.967614,5,6540.180383
57.96244,5,6540.404752
57.957961,5,6540.582168
-11.185011,4,6540.922656
59.085647,6,6541.162865
57.964249,5,6541.346749
59.089785,6,6541.567921
-8.144804,5,6541.820927
59.0886,6,6542.039878
-8.420129,5,6542.272834
59.099294,6,6542.572654
57.777736,7,6542.869665
57.967116,5,6543.038035
59.099294,6,6543.282393
57.977004,6,6543.474442
58.580557,6,6543.758826
54.216439,4,6543.943091
-7.884428,5,6544.443279
59.093471,6,6544.617544
-8.034437,5,6544.856194
57.954586,5,6545.013393
57.835107,5,6545.202804
59.093624,6,6545.458331
-11.597198,4,6545.689717
-11.441812,4,6545.879686
-11.268847,4,6546.063759
59.098414,6,6546.295219
-7.973199,5,6546.599545
59.096324,6,6546.877181
54.211048,4,6547.170847
-8.524332,5,6547.411122
59.093764,6,6547.693779
57.209317,5,6547.994602
57.967614,5,6548.281035
54.055672,4,6548.552257
59.093913,6,6548.728479
-11.376847,4,6548.885806
-8.55897,5,6549.118415
-8.189897,5,6549.28235
57.905036,5,6549.553592
-8.158156,6,6549.723044
59.088029,6,6549.906209
-7.860092,5,6550.165226
57.962338,5,6550.359775
59.095755,6,6550.618196
57.736928,5,6550.809728
59.066821,6,6551.086009
-5.910575,6,6551.305257
57.964204,5,6551.488608
59.07918,6,6551.660981
57.957301,5,6551.810935
57.967614,5,6552.050583
59.090775,6,6552.292393
59.099294,6,6552.540165
-11.054129,4,6552.842105
57.958145,5,6553.090527
-8.354081,5,6553.259715
-11.614097,4,6553.489498
-8.478775,5,6553.782
57.930824,5,6554.035534
59.096501,6,6554.266334
59.087395,6,6554.509938
-7.032386,5,6555.001623
-8.094969,5,6555.379555
-8.367107,5,6555.640144
59.092746,6,6555.796346
57.967614,5,6556.179541
57.967614,5,6556.368825
57.967614,5,6556.674488
59.098152,6,6556.921387
59.091015,6,6557.101655
-7.588697,6,6558.299167
-7.622859,5,6558.600094
54.216439,4,6558.76627
-7.88441,5,6559.079896
59.090455,6,6559.262888
-11.127395,4,6559.450245
57.95985,5,6559.726383
-11.554349,4,6559.879997
57.967614,5,6560.1605
57.967614,5,6560.365977
59.099294,6,6560.667973
-8.269278,5,6560.843696
57.967614,5,6561.038438
59.092351,6,6561.290015
59.090169,6,6561.537658
57.960413,5,6561.692895
57.962412,5,6561.85827
57.286776,5,6562.180907
-5.911117,6,6562.410809
59.09627,6,6562.693269
-6.852085,6,6562.965919
57.582351,5,6563.247295
59.097842,6,6563.444606
59.092179,6,6563.611831
59.099294,6,6563.857848
54.21232,4,6564.080458
59.087854,6,6564.305944
57.967614,5,6564.543662
-7.853581,5,6564.717964
57.779049,7,6564.967596
57.961543,5,6565.16039
57.957231,5,6565.345403
59.087543,6,6565.501618
59.092186,6,6565.738491
-8.385358,5,6565.976018
57.967614,5,6566.132221
57.967537,5,6566.313676
-7.926722,5,6566.571546
57.967614,5,6566.729498
54.216439,4,6566.898397
-8.474051,5,6567.05841
57.967614,5,6567.249491
57.967614,5,6567.497563
57.547288,5,6567.697626
-7.778912,5,6567.881331
59.070816,6,6568.139627
57.82476,5,6568.39961
54.216439,4,6568.558334
57.967614,5,6568.757913
-7.585578,5,6569.12835
57.967116,5,6569.293647
59.087781,6,6569.461329
57.967614,5,6569.687325
-7.93985,5,6570.003554
-11.31461,4,6570.168598
-11.240606,4,6570.330301
59.090264,6,6570.516675
-8.107968,5,6570.730967
-8.420699,5,6571.032458
54.216439,4,6571.29372
57.955817,5,6571.475797
57.395423,5,6571.735062
-11.378627,4,6571.907237
59.098237,6,6572.073545
57.964456,5,6572.26939
57.950151,5,6572.438067
-8.32811,5,6572.606511
59.092611,6,6572.765242
-8.251495,5,6572.92549
57.961238,5,6573.086763
59.088372,6,6573.321493
59.086922,6,6573.514259
-11.08914,4,6573.79768
57.949214,5,6573.964697
57.954008,5,6574.15009
-11.602112,4,6574.295846
57.956474,5,6574.470585
59.087738,6,6574.632267
57.967614,5,6574.789608
57.777392,7,6575.045094
57.95857,5,6575.201045
59.093933,6,6575.389112
57.967614,5,6575.639487
57.967614,5,6575.917802
59.092817,6,6576.117101
57.967614,5,6576.302056
59.096621,6,6576.543779
59.095469,6,6576.797162
59.099294,6,6577.036061
-5.916859,6,6577.205249
54.216411,4,6577.407733
59.087578,6,6577.6415
59.098888,6,6577.931153
-11.092661,4,6578.147088
57.781573,7,6578.393907
-7.481121,5,6578.664154
-11.508869,4,6578.90175
-7.881427,6,6579.176538
58.778071,6,6579.457458
59.099294,6,6579.723074
57.955734,5,6579.897367
58.626859,6,6580.305748
57.962851,5,6580.46851
-7.716842,6,6580.727423
-7.718657,5,6580.999276
57.704535,5,6581.263771
57.96465,5,6581.435826
57.961247,5,6581.594238
59.098382,6,6581.861792
-11.553275,4,6582.016069
54.216439,4,6582.313605
59.099294,6,6582.535219
59.091949,6,6582.810892
-5.912302,6,6583.287244
57.461593,5,6583.57684
57.967614,5,6583.738251
54.1519,4,6583.979305
-8.50945,5,6584.159034
57.431814,5,6584.544894
59.087439,6,6584.792562
-8.026824,5,6585.032022
59.090753,6,6585.266968
-8.362795,5,6585.559916
59.094984,6,6585.83335
-7.038257,5,6586.000885
-11.470588,4,6586.256333
57.965054,5,6586.437386
57.967614,5,6586.703244
57.956462,5,6586.916868
59.099294,6,6587.183949
-11.464366,4,6587.346402
59.094361,6,6587.559686
57.963922,5,6587.73357
57.967614,5,6587.928915
-7.830108,6,6588.324194
-7.145315,5,6588.79292
59.08744,6,6589.022072
57.967614,5,6589.289426
57.958959,5,6589.485993
-8.519279,5,6589.645468
59.096385,6,6589.901818
-8.032168,5,6590.213241
59.097399,6,6590.415828
-7.37691,5,6590.907111
-11.138488,4,6591.122117
57.779018,7,6591.437847
57.866521,5,6591.666564
-8.385416,5,6591.826769
57.967614,5,6592.008276
57.965718,5,6592.188173
-7.893137,6,6592.463808
59.090181,6,6592.663595
57.964228,5,6592.839031
59.081706,6,6593.084409
-8.298357,5,6593.353835
-11.48686,4,6593.609402
59.091846,6,6593.853935
57.967614,5,6594.103762
59.09159,6,6594.380613
-7.829896,6,6594.677629
-8.216037,5,6594.885034
-7.687505,5,6595.187038
54.216439,4,6595.359237
57.346879,5,6595.618817
-7.473781,6,6595.865489
59.087029,6,6596.234022
57.962219,5,6596.41081
57.961408,5,6596.581553
54.08162,4,6596.747276
57.461509,5,6597.006011
57.780961,7,6597.287828
-7.492564,6,6597.555177
59.098359,6,6597.828986
59.088681,6,6598.056598
57.967614,5,6598.218281
59.088648,6,6598.469256
-6.277573,6,6599.031799
57.958146,5,6599.209335
-11.479648,4,6599.509234
57.409448,5,6599.79035
57.967614,5,6599.995176
59.092222,6,6600.206098
57.967614,5,6600.473999
57.963298,5,6600.787393
57.953392,5,6600.961212
57.882808,5,6601.158866
-8.291229,5,6601.327349
57.955713,5,6601.509084
57.788794,7,6601.760429
-11.460128,4,6601.921653
57.46312,5,6602.186353
54.207264,4,6602.447874
-10.783561,4,6602.994523
59.096644,6,6603.257868
59.096873,6,6603.554412
59.089458,6,6603.833147
59.090668,6,6604.077193
57.967614,5,6604.236141
59.088987,6,6604.475471
57.967614,5,6604.773021
59.090243,6,6605.035677
59.099052,6,6605.283916
57.967614,5,6605.445382
-7.08586,6,6605.80497
59.09865,6,6606.046471
-8.086877,6,6606.201356
57.966347,5,6606.371672
-11.481614,4,6606.525801
57.965171,5,6606.718102
59.09212,6,6606.89821
57.963951,5,6607.072746
57.95593,5,6607.244567
-11.069974,4,6607.425785
57.784765,7,6607.659385
59.08951,6,6607.902907
57.964765,5,6608.077569
57.932028,5,6608.356841
57.967614,5,6608.514893
59.099294,6,6608.776242
57.967614,5,6608.958597
-11.562005,4,6609.112207
-8.553546,5,6609.291917
-7.571212,5,6609.464932
57.967614,5,6609.727468
57.827772,5,6609.914141
59.087384,6,6610.147644
57.959984,5,6610.304537
59.095385,6,6610.543849
57.967614,5,6610.714076
54.008338,4,6610.934781
-7.345699,5,6611.411905
57.960325,5,6611.574426
59.098276,6,6611.831312
-7.791082,5,6612.210657
-8.446258,5,6612.376038
57.778715,7,6612.673893
-7.737006,5,6612.93375
57.967614,5,6613.183331
59.089979,6,6613.437967
54.051262,4,6613.705843
59.093287,6,6613.937494
-8.453894,5,6614.109613
-8.548277,5,6614.269221
57.967614,5,6614.512773
57.784907,7,6614.765578
58.864577,6,6615.041961
54.216439,4,6615.30543
-8.040415,5,6615.558719
-11.537087,4,6615.715514
57.714483,5,6615.987473
57.787004,7,6616.244424
57.325305,5,6616.569602
-8.540918,5,6616.800346
56.030597,7,6617.213051
-7.032567,5,6617.385458
59.099294,6,6617.634985
-7.306362,5,6618.095754
57.967614,5,6618.299059
57.957441,5,6618.463465
-8.411311,5,6618.747851
57.957628,5,6618.967165
-8.601879,5,6619.216074
58.068552,6,6619.526375
57.967614,5,6619.792325
57.95731,5,6619.965828
57.967614,5,6620.141764
57.967614,5,6620.328011
59.089359,6,6620.577449
59.091893,6,6620.838867
59.091485,6,6621.086946
57.965725,5,6621.266751
57.959446,5,6621.498758
59.085566,6,6621.659482
59.094456,6,6621.902566
57.961235,5,6622.059837
58.712474,6,6622.44817
-8.013045,5,6622.709833
57.436831,5,6622.896382
53.990828,4,6623.108685
59.093622,6,6623.360557
57.787347,7,6623.621005
57.776053,7,6623.868989
59.099294,6,6624.127315
57.967614,5,6624.312554
-8.355314,5,6624.489821
-11.395566,4,6624.66489
59.091935,6,6624.903953
59.097184,6,6625.15675
-8.311435,5,6625.400052
59.096345,6,6625.642401
57.655091,6,6626.055146
57.967614,5,6626.31391
54.216439,4,6626.475634
-8.52,5,6626.706414
58.945928,6,6627.011896
54.215356,4,6627.194082
57.967614,5,6627.489976
57.959932,5,6627.657819
54.216439,4,6627.829792
-8.560587,5,6628.060649
-7.042129,5,6628.235585
57.967614,5,6628.623603
-7.978634,5,6628.842628
58.910796,6,6629.206351
59.092436,6,6629.457991
59.094506,6,6629.640127
59.099294,6,6629.906511
59.087618,6,6630.205231
57.966409,5,6630.392759
58.121593,6,6630.674633
-11.552505,4,6630.837002
54.208345,4,6631.034758
57.965155,5,6631.231205
-7.918536,5,6631.527515
57.967614,5,6631.751297
-11.013227,4,6631.977221
-11.118679,4,6632.277555
-11.159723,4,6632.445233
59.092444,6,6632.608041
-7.094328,6,6632.876817
-11.11598,4,6633.040301
54.216439,4,6633.21486
-7.653733,6,6633.466409
59.09252,6,6633.714839
57.956788,5,6633.879261
59.092743,6,6634.047505
57.959529,5,6634.21125
-7.646939,5,6634.547129
57.965466,5,6634.742
59.089015,6,6634.916492
-8.311477,5,6635.099888
54.216439,4,6635.378204
57.967479,5,6635.543865
-10.820748,4,6635.714354
57.960709,5,6635.907584
59.099294,6,6636.153499
57.727968,5,6636.371781
-11.43902,4,6636.5422
57.967614,5,6636.77015
59.099294,6,6637.017522
59.09308,6,6637.257993
-11.352249,4,6637.498599
57.967614,5,6637.802141
-8.092238,5,6638.13927
59.090061,6,6638.328255
-11.099637,4,6638.620321
57.955914,5,6638.813292
59.011367,6,6638.99078
-8.422626,5,6639.218745
57.967614,5,6639.473553
57.967614,5,6639.726905
59.083784,6,6639.916786
59.092644,6,6640.088398
59.088686,6,6640.335663
-7.573434,5,6640.608423
59.084757,6,6640.857886
57.961184,5,6641.164425
-8.070312,5,6641.438452
-10.996157,4,6641.78133
59.088632,6,6641.955768
-11.072679,4,6642.111535
-11.251091,4,6642.2788
54.216439,4,6642.537006
57.966443,5,6642.696938
-8.237824,5,6643.012368
59.09794,6,6643.311527
56.98741,5,6643.586196
57.967614,5,6643.807517
57.965046,5,6644.053519
54.216439,4,6644.325114
57.777688,7,6644.613113
59.093423,6,6644.813768
57.780665,7,6645.072894
58.849444,6,6645.305179
58.834374,6,6645.607553
59.092825,6,6645.808233
59.094952,6,6646.058642
-7.687126,5,6646.320597
-8.312346,5,6646.498343
57.778276,7,6646.748631
-11.405032,4,6646.91632
-11.133679,4,6647.123462
57.906033,6,6647.596254
57.967614,5,6647.848538
57.956294,5,6648.007226
59.099294,6,6648.269489
54.216439,4,6648.496862
57.967614,5,6648.751763
59.093924,6,6649.031707
57.962445,5,6649.221884
57.769854,7,6650.402264
-7.565217,5,6650.795405
57.441441,5,6651.106264
57.96527,5,6651.354407
57.966078,5,6651.604707
57.956686,5,6651.804574
57.474905,5,6651.986795
-7.753083,5,6652.248782
-8.126367,5,6652.428365
59.097623,6,6652.683359
58.038885,6,6652.992472
57.779322,7,6653.288715
-8.520732,5,6653.465806
57.78954,7,6653.753946
59.090717,6,6653.93684
54.216439,4,6654.198577
59.099054,6,6654.445223
-5.903387,6,6655.034059
59.091844,6,6655.288987
-7.800954,5,6655.528799
57.779054,7,6655.782864
-8.248541,6,6656.034904
57.95733,5,6656.211483
-8.255941,5,6656.376706
-11.53802,4,6656.537647
59.08969,6,6656.759643
54.216439,4,6656.933008
-8.526868,5,6657.163411
59.091589,6,6657.416766
59.088975,6,6657.813875
59.089068,6,6657.980791
59.096937,6,6658.231189
58.78851,6,6658.432153
57.96264,5,6658.621127
59.09181,6,6658.871007
59.096456,6,6659.03902
-11.544173,4,6659.184714
59.099294,6,6659.567237
-11.086565,4,6659.749763
-5.906782,6,6660.299126
-7.933997,5,6660.668339
54.171446,4,6660.995658
-8.595169,5,6661.222744
57.679648,5,6661.420737
54.201283,4,6661.6826
-8.05485,5,6661.976606
57.955051,5,6662.180904
57.967614,5,6662.381134
-8.368831,5,6662.549457
57.965783,5,6662.738562
57.967614,5,6662.96542
59.099294,6,6663.209387
57.690304,5,6663.382776
57.967614,5,6663.559666
59.099294,6,6663.811301
57.960207,5,6663.998578
57.956152,5,6664.194632
57.840364,6,6664.399395
59.023982,6,6664.650846
-11.294085,4,6664.829479
-8.586615,5,6665.055548
59.099294,6,6665.341164
57.964308,5,6665.505028
59.095561,6,6665.703848
59.099294,6,6665.962525
59.097487,6,6666.216062
59.099294,6,6666.474746
59.090852,6,6666.736775
57.508931,5,6667.013191
-11.260507,4,6667.179417
57.967614,5,6667.400839
59.092368,6,6667.666284
59.088009,6,6667.910165
-7.965269,6,6668.176667
59.092645,6,6668.436263
-7.425003,6,6668.760238
-7.555708,6,6668.999774
-7.585089,5,6669.26853
-7.961032,6,6669.533458
59.099294,6,6669.8424
57.75984,5,6670.026592
-13.701833,3,6670.181412
59.097875,6,6670.426017
59.099294,6,6670.80507
-7.668152,5,6671.06661
-8.044706,5,6671.514325
-8.116651,5,6671.891672
57.964198,5,6672.085656
57.961685,5,6672.241798
59.088426,6,6672.459391
57.773225,7,6672.705535
59.081539,6,6672.982999
59.091144,6,6673.147229
57.891106,5,6673.313769
59.094625,6,6673.572851
58.244085,6,6673.883228
59.09041,6,6674.178249
59.093452,6,6674.418339
54.210237,4,6674.715613
57.967614,5,6674.900613
59.088074,6,6675.166548
57.961205,5,6675.328393
59.092602,6,6675.560086
57.781234,7,6675.814465
58.521173,6,6676.111486
-7.994396,5,6676.502431
57.960612,5,6676.705285
59.099294,6,6676.994045
59.094679,6,6677.279164
57.967614,5,6677.458438
-7.591072,5,6677.779666
-8.181013,5,6678.156757
58.799008,6,6678.429701
57.907485,5,6678.738838
57.730067,5,6679.010364
57.958133,5,6679.168561
58.048241,6,6679.599446
57.967614,5,6679.866324
57.800245,5,6680.057154
57.35695,5,6680.318492
59.099294,6,6680.561911
57.967614,5,6680.770263
59.09389,6,6680.972624
58.72943,6,6681.225883
57.609833,5,6681.500974
-8.17831,5,6681.753412
59.088841,6,6681.90498
-11.477019,4,6682.191401
57.967077,5,6682.381642
57.964004,5,6682.579485
54.119711,4,6682.765779
-7.893185,5,6683.055139
57.967614,5,6683.30531
57.696623,5,6683.569342
59.097922,6,6683.754639
59.089346,6,6683.992915
-11.489507,4,6684.283778
58.214186,6,6684.634411
57.967614,5,6684.796746
59.097839,6,6685.077452
59.099294,6,6685.458319
59.093781,6,6685.711823
-10.783561,4,6685.885118
-8.575641,5,6686.116642
59.099294,6,6686.513695
-7.035102,5,6686.690943
58.110236,6,6686.991611
57.960062,5,6687.23091
-7.552621,5,6687.516733
57.967614,5,6687.688701
-7.746424,5,6687.962984
57.967614,5,6688.133587
-6.864142,6,6688.515748
54.216439,4,6688.784657
59.099294,6,6689.078266
58.612163,6,6689.274833
59.089863,6,6689.589677
57.966324,5,6689.792163
-7.852815,5,6690.133031
57.956556,5,6690.440137
59.097596,6,6690.706603
57.964925,5,6691.021521
54.216439,4,6691.285845
59.088816,6,6691.465387
-7.557188,6,6691.948769
-7.788824,5,6692.2126
59.099294,6,6692.38679
57.964436,5,6692.578647
59.099294,6,6692.961452
58.007638,6,6693.275929
-7.767218,5,6693.578253
54.206727,4,6693.905752
59.088303,6,6694.163773
57.810469,5,6694.431568
-8.520375,5,6694.690192
57.956841,5,6694.885808
59.095779,6,6695.063488
57.967614,5,6695.253115
57.790027,5,6695.4424
-8.309852,5,6695.693
57.411962,5,6695.886951
-7.677529,5,6696.19108
57.967614,5,6696.448949
59.087221,6,6696.633775
-8.416277,5,6696.879174
59.088479,6,6697.416127
58.62949,6,6697.733514
59.098796,6,6697.955888
59.099294,6,6698.209384
57.346384,5,6698.388616
57.967614,5,6698.682157
-7.032386,5,6699.158812
-8.484772,5,6699.43838
57.958565,5,6699.617083
57.967614,5,6699.850718
59.092228,6,6700.133903
57.961986,5,6700.309144
59.093073,6,6700.543951
57.967614,5,6700.814833
57.963084,5,6701.016286
58.691684,6,6701.320402
59.030106,6,6701.703587
-8.219168,5,6701.877028
57.541131,5,6702.158423
57.967614,5,6702.318886
57.788023,7,6702.564697
57.952365,5,6702.750029
57.774452,7,6703.02632
59.089318,6,6703.289542
57.964769,5,6703.471486
-10.852705,4,6703.781634
57.967614,5,6704.048718
59.087832,6,6704.303485
57.967614,5,6704.461157
-11.48549,4,6704.623226
-7.28921,6,6704.88615
59.09686,6,6705.151724
-8.341291,5,6705.378262
-8.387492,5,6705.638874
59.099294,6,6705.899552
57.747706,5,6706.17536
-11.143511,4,6706.480217
57.956542,5,6706.663127
54.006285,4,6706.948245
57.404392,5,6707.365246
-13.634102,3,6707.521976
54.003575,4,6707.844536
57.960589,5,6708.020023
-5.900706,6,6708.270828
59.095748,6,6708.438994
57.769775,7,6708.686074
57.779399,7,6708.959163
-7.254834,6,6709.333784
59.099294,6,6709.576705
-7.662188,5,6709.844916
59.099294,6,6710.129785
57.967614,5,6710.460627
57.967614,5,6710.636124
57.957255,5,6710.806835
-11.106156,4,6710.968978
-7.798812,6,6711.386898
58.857266,6,6711.585553
-7.729293,5,6711.751718
59.091359,6,6712.043757
57.780505,7,6712.303922
59.092175,6,6712.488888
54.144902,4,6712.724635
-11.198172,4,6713.042715
-8.46248,5,6713.247024
-7.161469,5,6713.728387
59.095357,6,6714.023736
-7.690155,6,6714.285087
54.12997,4,6714.54219
57.691366,5,6714.736505
-7.6408,5,6715.059176
59.095628,6,6715.358929
57.422532,5,6715.619978
57.956941,5,6715.771756
57.967614,5,6715.968214
-8.426584,5,6716.125833
-8.026991,5,6716.353569
59.095658,6,6716.603193
57.967614,5,6716.826123
57.888285,5,6717.028253
59.092729,6,6717.285498
57.966005,5,6717.553916
57.960574,5,6717.754987
-7.941779,5,6717.92433
-8.575972,5,6718.155673
-7.791287,6,6718.400205
57.962383,5,6718.567995
59.090621,6,6718.771231
57.488967,5,6718.970986
57.63684,5,6719.222385
57.958614,5,6719.374521
-8.242269,5,6719.689489
57.136903,5,6719.972012
59.098901,6,6720.246695
59.099294,6,6720.630931
-8.005338,5,6720.839756
-11.284622,4,6721.003693
59.099294,6,6721.232461
57.796022,5,6721.508351
59.099294,6,6721.694793
57.185633,5,6721.894205
57.967614,5,6722.053741
-5.915036,6,6722.268238
59.088615,6,6722.443711
57.967614,5,6722.688621
-8.26765,5,6722.860251
57.960061,5,6723.099656
57.962327,5,6723.266521
59.087394,6,6723.503086
59.088796,6,6723.671326
59.096041,6,6723.981537
59.099294,6,6724.188754
57.958595,5,6724.355241
-8.533563,5,6724.518983
59.099294,6,6724.697924
59.098539,6,6724.973142
57.957495,5,6725.180378
-11.451111,4,6725.352538
59.091277,6,6725.621758
54.216439,4,6725.812635
57.967614,5,6726.072186
57.966311,5,6726.354965
57.964936,5,6726.591197
59.092276,6,6726.813484
54.102274,4,6727.724278
57.967614,5,6728.477738
57.967614,5,6728.942156
59.088462,6,6729.431267
54.216439,4,6730.446548
57.967614,5,6731.361938
57.967614,5,6731.735643
-11.146349,4,6732.099083
57.954276,5,6732.480649
59.096686,6,6732.84326
57.71911,5,6733.570264
59.09006,6,6734.057068
-7.025281,6,6735.256712
57.967614,5,6736.046443
-7.23475,7,6736.786047
59.089608,6,6737.462101
57.451309,5,6738.075278
57.732145,5,6738.924663
57.967614,5,6739.534398
59.089745,6,6740.275825
54.21166,4,6740.896554
59.099294,6,6741.648821
57.962758,5,6742.123439
57.298109,5,6742.654367
59.099294,6,6743.279475
57.77844,7,6743.843431
57.600736,5,6744.680778
-8.370109,5,6745.776234
59.092226,6,6746.14105
-11.080173,4,6746.525557
-7.30131,6,6746.827795
57.959865,5,6747.13363
57.967614,5,6747.465035
59.099294,6,6747.646185
58.510226,6,6748.081411
57.960727,5,6748.246438
57.96635,5,6748.419551
-7.881774,5,6748.605158
57.960399,5,6748.821178
59.0915,6,6749.02706
57.96373,5,6749.197853
57.967614,5,6749.453912
-7.046444,5,6749.644988
57.957737,5,6749.804786
59.097158,6,6749.996533
-11.433564,4,6750.264774
59.094228,6,6750.555851
-11.043757,4,6750.896222
59.095852,6,6751.092347
59.089073,6,6751.345901
-11.15897,4,6751.51774
57.967614,5,6751.771971
59.092833,6,6752.030952
59.091041,6,6752.293886
-8.150856,5,6752.480058
59.089505,6,6752.752932
57.960606,5,6752.939826
59.092328,6,6753.223743
-8.43833,5,6753.43498
59.098497,6,6753.704966
57.967614,5,6753.915524
57.783301,7,6754.193783
57.967614,5,6754.400692
59.061083,6,6754.699287
57.719215,5,6754.997115
57.956254,5,6755.177752
57.965235,5,6755.480755
57.857876,5,6755.671415
59.090057,6,6755.852786
57.668664,5,6756.043518
59.093706,6,6756.239639
57.95953,5,6756.432781
57.651305,5,6756.624539
57.967614,5,6756.813344
59.087141,6,6757.080899
-5.912648,6,6758.225646
-7.032386,5,6758.863708
57.967614,5,6759.046602
57.963956,5,6759.222649
-8.415395,5,6759.489501
-8.360463,5,6759.748203
59.099294,6,6760.016487
-8.602751,5,6760.169014
57.967614,5,6760.366834
59.095278,6,6760.547865
-8.11659,5,6760.770717
59.099294,6,6761.05627
-8.535046,5,6761.243796
57.967614,5,6761.440501
59.08251,6,6761.659513
-8.062369,5,6761.941896
59.08863,6,6762.217818
-8.170881,5,6762.735873
-7.265373,6,6763.01624
57.963767,5,6763.17648
-8.014672,5,6763.537973
57.967614,5,6763.796083
57.905462,5,6764.033002
59.099294,6,6764.306501
59.093505,6,6764.516228
57.778063,7,6764.775336
-7.697827,6,6765.093386
57.967614,5,6765.366134
57.526849,5,6765.664149
57.489904,7,6765.962687
57.967614,5,6766.156188
-8.211709,6,6766.398806
59.099294,6,6766.663091
57.777037,7,6766.952072
58.765002,6,6767.242853
59.079607,6,6767.488801
57.824927,5,6767.685418
59.098961,6,6767.943848
58.996605,6,6768.233665
-8.212061,5,6768.405494
-7.155057,6,6768.774316
57.770551,5,6768.962551
59.087436,6,6769.116675
59.099294,6,6769.392558
57.957807,5,6769.670421
57.965804,5,6769.873241
57.967614,5,6770.158852
58.677326,6,6770.438824
59.089423,6,6770.688801
57.944898,5,6771.074132
-11.507158,4,6771.372828
57.773179,7,6771.564685
59.089759,6,6771.835994
57.967614,5,6771.994587
57.7374,5,6772.373497
59.087712,6,6772.542801
54.216439,4,6772.709162
59.092538,6,6772.937081
53.953352,4,6773.275326
57.957601,5,6773.460333
59.088701,6,6773.730219
57.965391,5,6773.904958
-7.829799,5,6774.218068
-8.047269,5,6774.711819
59.099294,6,6774.982126
57.967614,5,6775.185885
57.808715,5,6775.453313
57.959151,5,6775.646433
-7.804284,5,6775.926074
57.963474,5,6776.092769
54.21489,4,6776.25472
57.967614,5,6776.554733
59.090522,6,6776.758933
57.13061,5,6777.058818
59.099294,6,6777.339231
-7.746598,5,6777.726755
57.781804,7,6777.998552
57.967614,5,6778.155278
59.092929,6,6778.343442
57.958019,5,6778.52766
59.099294,6,6778.771539
57.967614,5,6778.963455
59.099294,6,6779.365998
57.967614,5,6779.556908
59.099294,6,6779.795899
57.794125,5,6779.9978
-7.049334,5,6780.168129
-7.925138,5,6780.412052
57.778025,7,6780.692062
59.091138,6,6780.960802
-7.520566,6,6781.20592
59.093584,6,6781.465022
57.963988,5,6781.666684
58.587632,6,6782.050282
59.099294,6,6782.261228
57.967614,5,6782.51545
59.089308,6,6782.679417
57.967614,5,6782.876082
57.967614,5,6783.066308
57.951679,5,6783.240021
59.091171,6,6783.488384
57.658215,5,6783.804578
54.21567,4,6784.11306
57.96299,5,6784.286871
59.094891,6,6784.539621
54.096764,4,6784.727857
57.966562,5,6784.920805
59.099294,6,6785.191186
54.216439,4,6785.481984
57.726013,5,6785.6704
58.349028,6,6785.870911
57.967614,5,6786.057581
-8.081804,5,6786.540257
-8.273675,5,6788.040999
59.099294,6,6789.653128
-7.743816,5,6791.301354
59.0924,6,6792.585833
59.099266,6,6793.73879
57.967614,5,6794.64664
58.823187,6,6796.081112
57.782662,7,6797.47869
57.738091,5,6798.66039
-8.201869,5,6799.656984
-7.412684,5,6801.136966
59.099294,6,6802.833963
57.962807,5,6804.3362
59.088783,6,6805.490444
54.216439,4,6806.3059
59.099294,6,6807.269266
57.967614,5,6807.837775
59.092527,6,6808.634687
57.788471,7,6809.526348
59.079241,6,6810.08465
59.099294,6,6810.794302
57.404148,5,6811.199869
57.449615,5,6811.658334
54.21281,4,6812.254573
57.963828,5,6812.95087
57.967614,5,6813.542682
-7.93606,5,6814.077837
57.966148,5,6814.657909
57.967614,5,6815.834317
-8.274148,5,6816.532158
59.094679,6,6817.203463
57.967614,5,6817.792181
-5.908529,6,6818.340484
57.957357,5,6818.95911
59.097205,6,6819.952799
59.097868,6,6820.803088
-8.095179,5,6821.559818
-7.677046,5,6822.07973
59.098376,6,6822.719945
-11.536088,4,6823.179092
59.096262,6,6823.629905
57.96674,5,6824.510766
59.08107,6,6825.467753
54.12086,4,6826.486053
57.770746,5,6827.464196
57.967614,5,6828.467921
59.089425,6,6829.353326
-11.548081,4,6830.250691
-11.255084,4,6831.145739
-8.356998,5,6832.574233
59.099294,6,6834.131845
57.963547,5,6835.211052
59.094485,6,6836.076721
57.957151,5,6837.078074
57.963244,5,6838.051343
57.779947,7,6839.178836
57.962498,5,6840.071335
54.216439,4,6841.263061
58.085139,6,6842.291436
59.099294,6,6843.777831
57.967614,5,6845.135802
57.967117,5,6846.109874
-8.084662,5,6847.55117
-8.338348,5,6848.215869
57.967614,5,6849.235132
57.962751,5,6850.173009
57.786753,7,6851.506187
59.090276,6,6852.259394
59.09302,6,6853.700902
57.965787,5,6854.615188
54.021529,4,6855.556165
57.967614,5,6856.243287
58.760543,6,6857.265906
-11.211959,4,6857.707725
59.095502,6,6858.354084
54.21519,4,6859.011572
-7.31686,6,6860.309209
57.967614,5,6861.697537
-13.713427,3,6862.652999
54.209588,4,6863.968658
57.961126,5,6864.842751
54.124395,4,6866.118527
59.086682,6,6867.051625
57.967614,5,6868.016042
-7.038539,5,6868.953605
59.099294,6,6870.522884
57.967614,5,6871.476338
59.099294,6,6873.116352
59.099294,6,6874.710661
59.088427,6,6876.328814
-7.576241,6,6878.404461
-6.28803,6,6880.538769
57.967614,5,6881.40238
57.957097,5,6882.136666
59.099294,6,6883.105938
59.098927,6,6883.857246
57.356959,5,6884.886261
57.963829,5,6885.941453
-6.920006,6,6887.511325
54.216439,4,6888.420865
-7.036868,6,6889.757422
57.78284,7,6891.053844
57.964289,5,6891.904201
57.957094,5,6892.63151
-11.439002,4,6893.396514
-8.403037,5,6894.990474
59.087446,6,6896.105397
57.776199,7,6897.506654
-11.165226,4,6898.286163
57.634071,5,6899.538845
59.089848,6,6900.586715
-8.276118,5,6901.237732
59.091017,6,6901.936192
-7.953773,5,6902.78914
57.694972,5,6903.638663
-8.296287,5,6905.043656
-7.87175,5,6906.120067
59.095936,6,6907.274661
-8.124456,5,6908.105328
54.216114,4,6909.150964
-11.578753,4,6909.870892
58.006834,6,6911.02232
57.966302,5,6912.005388
59.091419,6,6913.420889
-13.646874,3,6914.457458
59.096544,6,6915.419761
57.425469,5,6916.089565
57.964896,5,6916.775448
57.967614,5,6917.332649
-11.404985,4,6917.593403
-7.814989,5,6917.98086
-7.898946,5,6918.299181
59.099294,6,6918.466376
59.089537,6,6918.655964
57.875843,5,6918.870675
57.966446,5,6919.046416
57.967614,5,6919.242862
59.099294,6,6919.509567
59.090424,6,6919.782559
59.086995,6,6919.991172
-8.457746,5,6920.166288
-7.337196,6,6920.438172
58.714507,6,6920.839383
57.389381,5,6921.2629
59.097255,6,6921.535055
59.093973,6,6921.717823
59.099294,6,6921.901915
57.967528,5,6922.074847
57.779302,7,6922.368452
-11.593212,4,6922.537777
54.216439,4,6922.771308
59.091972,6,6922.935574
59.099294,6,6923.161304
59.087394,6,6923.420436
57.955937,5,6923.619268
59.089884,6,6923.894223
-7.755221,6,6924.176263
59.099294,6,6924.455666
-7.845671,5,6924.74879
59.094491,6,6925.013863
58.837541,6,6925.423574
57.967614,5,6925.591565
57.967614,5,6925.858256
57.528303,5,6926.1661
-7.461253,5,6926.650797
-11.387181,4,6926.82214
59.095343,6,6927.084807
59.090925,6,6927.329997
-8.563864,5,6927.607366
57.967614,5,6927.917251
57.967614,5,6928.095076
57.967614,5,6928.396474
59.09661,6,6928.921915
-8.224708,6,6929.13392
58.239363,6,6929.381256
57.967614,5,6929.727087
59.097717,6,6930.144273
-8.498425,5,6930.455923
57.579613,5,6930.724116
-8.042869,5,6931.077203
-8.019654,5,6931.332146
59.087446,6,6931.512418
59.09899,6,6931.707014
59.089539,6,6931.904011
57.961323,5,6932.076367
57.814472,5,6932.361963
-11.502888,4,6932.533148
-7.779939,5,6932.923636
59.090192,6,6933.238875
57.775174,7,6933.515833
59.081729,6,6933.6999
57.775897,7,6933.978714
-7.723655,5,6934.276488
59.094232,6,6934.478601
-7.032386,5,6934.973613
-11.304049,4,6935.171953
57.967614,5,6935.377415
59.099294,6,6935.640252
57.959282,5,6935.837132
59.094025,6,6936.049833
57.966087,5,6936.2517
57.956026,5,6936.558449
59.095613,6,6936.831663
58.951746,6,6937.167413
59.087953,6,6937.449833
59.095404,6,6937.890671
59.096321,6,6938.149545
57.967614,5,6938.419198
-8.302213,5,6938.685739
59.099294,6,6938.911959
57.958217,5,6939.147023
57.320767,5,6939.579482
57.788633,7,6939.963427
59.09721,6,6940.365519
57.966455,5,6940.576446
59.094222,6,6940.853671
59.099294,6,6941.07194
59.087819,6,6941.348863
58.109756,6,6942.165375
57.967614,5,6942.499998
57.958491,5,6942.726141
-5.913553,6,6942.959414
59.099294,6,6943.271709
57.963951,5,6943.588646
-11.513465,4,6943.867262
-11.253755,4,6944.171077
57.773198,7,6944.442156
57.778391,7,6944.740709
57.967614,5,6944.929195
59.097708,6,6945.113906
57.781469,7,6945.434813
59.089904,6,6945.664587
54.216439,4,6945.983033
58.545189,6,6946.285616
57.964363,5,6946.471959
57.963514,5,6946.693831
-7.038802,5,6946.907065
57.941832,5,6947.180005
57.965377,5,6947.394945
-7.918468,5,6948.188685
54.216439,4,6948.638801
57.967614,5,6949.45163
57.957169,5,6950.015564
59.095462,6,6950.851922
57.473286,5,6951.582296
57.960905,5,6952.599731
57.50184,5,6953.808385
59.099181,6,6954.705844
-7.593249,5,6956.338897
59.092146,6,6957.200662
-8.115522,5,6958.47384
-11.561077,4,6959.036862
57.810082,5,6960.23985
-7.348377,6,6961.631131
57.959182,5,6962.285306
57.963356,5,6963.423871
53.690551,4,6964.241577
57.798944,5,6964.858387
59.093777,6,6965.475852
-8.109581,5,6966.364186
-7.662905,5,6967.051799
59.089697,6,6967.907949
59.09393,6,6969.149746
59.088107,6,6970.478858
57.967614,5,6971.397014
57.958739,5,6971.952962
-8.543427,5,6972.523544
57.967614,5,6973.17336
-8.368745,5,6974.791451
-10.783955,4,6975.87133
57.775333,7,6976.729808
59.089626,6,6977.575785
57.959727,5,6978.057409
59.092032,6,6978.952197
57.961641,5,6980.043144
-11.467307,4,6980.590247
58.76615,6,6981.279046
57.956917,5,6981.871678
-8.088672,5,6982.929514
57.962912,5,6983.518526
-6.977884,6,6984.709854
-11.246478,4,6984.977272
-7.032386,5,6985.646257
-7.614917,6,6986.295356
-11.020158,4,6986.506987
57.715847,5,6986.79741
-11.152438,4,6987.095166
59.099294,6,6987.343676
59.090092,6,6987.510443
59.09727,6,6987.800599
57.967614,5,6988.074597
-6.859797,6,6988.344051
57.967614,5,6988.589233
57.961429,5,6988.745087
-7.514531,6,6988.997348
57.967614,5,6989.238842
-11.14843,4,6989.56136
54.216439,4,6989.793288
-8.452914,5,6990.015412
57.778573,7,6990.336998
-8.140892,5,6990.60226
57.965763,5,6990.811571
59.083626,6,6991.001136
-11.44373,4,6991.172345
59.093722,6,6991.469895
54.197625,4,6991.772723
-8.171496,5,6992.108084
57.967614,5,6992.394142
57.967614,5,6992.673553
59.099294,6,6993.009446
-11.555282,4,6993.157959
57.958223,5,6993.338639
57.304557,5,6993.751892
59.092887,6,6994.0205
59.094178,6,6994.273642
57.932394,5,6994.620219
59.099294,6,6994.914826
57.967583,5,6995.148885
-11.412425,4,6995.349294
59.09194,6,6995.698093
57.960193,5,6996.041536
57.967614,5,6996.228962
-7.90141,5,6996.635966
59.088599,6,6997.012917
57.771644,7,6997.323537
57.956851,5,6997.653237
-7.998685,5,6997.923268
-7.038652,5,6998.157493
57.778276,7,6998.457234
57.753302,5,6998.809584
59.099294,6,6999.13855
59.096738,6,6999.332354
58.115118,6,6999.710489
57.967614,5,6999.922066
57.967614,5,7000.14028
59.090212,6,7000.325111
57.967614,5,7000.661787
57.849686,5,7000.97712
57.967614,5,7001.252016
59.099294,6,7001.687925
54.216439,4,7001.974334
57.962278,5,7002.173312
57.516544,5,7002.469833
57.951989,5,7002.650226
-11.465395,4,7002.910037
-6.535593,6,7003.335375
59.09278,6,7003.662408
57.967388,5,7003.885234
57.955828,5,7004.106948
-8.125809,5,7004.65403
54.172992,4,7004.854104
59.099294,6,7005.227554
57.967614,5,7005.3981
-8.593285,5,7005.659101
57.495792,5,7005.911859
-11.282094,4,7006.169442
-7.821301,5,7006.459355
59.083806,6,7006.640863
59.099294,6,7006.891353
57.967614,5,7007.115398
-8.255839,6,7007.405262
59.092308,6,7007.677802
-7.645726,5,7007.963419
59.093164,6,7008.934282
57.961635,5,7009.837099
57.967614,5,7010.79916
57.595635,5,7011.383651
-5.910486,6,7012.466808
59.091443,6,7013.73146
-6.554534,6,7015.611406
57.95778,5,7016.158289
54.21195,4,7017.246051
57.967614,5,7018.524156
57.957679,5,7018.897539
57.963029,5,7019.147475
59.08624,6,7019.501869
57.967614,5,7019.82799
57.967614,5,7020.156908
-11.125978,4,7020.491032
59.090439,6,7020.756846
57.956671,5,7021.094306
57.967614,5,7021.294658
57.963451,5,7021.503188
57.964818,5,7021.692227
-7.861459,5,7022.002521
59.090843,6,7022.287267
57.960953,5,7022.473966
-11.073703,4,7022.767083
-8.149526,5,7023.097912
59.088533,6,7023.381242
59.097219,6,7023.649288
57.967614,5,7023.85452
57.95705,5,7024.038199
59.095161,6,7024.237647
57.709154,5,7024.517011
54.088868,4,7024.756924
59.091327,6,7025.068329
57.967614,5,7025.263734
59.099294,6,7025.54041
-8.064526,5,7025.762864
-8.384291,5,7025.962767
57.963445,5,7026.139002
-7.043979,5,7026.318175
57.965958,5,7026.560188
57.982788,6,7026.967788
-11.124837,4,7027.278643
57.960982,5,7027.471046
57.967291,5,7027.683567
-11.534378,4,7027.889583
57.967614,5,7028.115786
57.51833,5,7028.387686
57.962139,5,7028.557655
57.967614,5,7028.745117
-11.502667,4,7028.938985
57.966037,5,7029.114241
-8.189894,5,7029.374724
57.961239,5,7029.562701
57.967614,5,7029.974141
-8.51668,5,7030.169788
59.087062,6,7030.352334
57.799321,5,7030.729107
58.551971,6,7031.128326
59.091968,6,7031.29197
57.963736,5,7031.473605
-8.288749,5,7031.644183
-11.156512,4,7031.827382
59.099294,6,7032.090573
-11.503502,4,7032.255988
-7.735114,5,7032.608213
59.099294,6,7032.870054
-7.04818,5,7033.05599
59.087725,6,7033.220598
57.775556,7,7033.515683
58.943703,6,7033.709159
59.080137,6,7033.90846
59.089057,6,7034.176759
-13.772844,3,7034.351693
59.091741,6,7034.613736
59.089113,6,7034.815726
-8.026387,5,7035.086918
59.099294,6,7035.349998
59.095999,6,7035.636757
59.092038,6,7035.843522
57.777575,7,7036.149722
59.099294,6,7036.336758
58.174566,6,7036.781973
59.092648,6,7036.963306
-11.285746,4,7037.225248
54.123294,4,7037.49244
-7.997409,5,7037.718103
57.956227,5,7037.899764
57.967614,5,7038.165511
57.422092,5,7038.347134
-11.44893,4,7038.522026
59.091874,6,7038.757181
-7.897229,5,7038.918833
59.088683,6,7039.088678
-7.897901,5,7039.359413
57.967614,5,7039.543955
-11.00324,4,7039.864269
59.092363,6,7040.033165
57.954447,5,7040.236105
-7.588332,6,7040.721327
57.615801,5,7040.980249
59.088363,6,7041.301051
59.09663,6,7041.624373
57.963198,5,7041.92985
-11.428646,4,7042.129665
57.776886,7,7042.314568
59.038314,6,7042.757127
59.089429,6,7043.034768
-8.013712,5,7043.447917
57.975683,6,7043.867919
57.967614,5,7044.140859
57.967614,5,7044.389779
-7.36948,6,7044.674085
54.216439,4,7044.860166
59.089589,6,7045.045546
59.089404,6,7045.348717
59.094112,6,7045.606905
57.364571,5,7045.943822
57.775367,7,7046.139781
57.428693,5,7046.435544
57.963252,5,7046.646794
-7.864452,5,7046.869833
57.228949,5,7047.136093
57.966893,5,7047.334665
57.961052,5,7047.554746
59.099294,6,7047.807487
57.957284,5,7048.013216
58.30819,6,7048.223078
57.861453,5,7048.403826
-11.495167,4,7048.574684
-10.975027,4,7048.898919
59.088539,6,7049.113631
57.779437,7,7049.450954
59.099294,6,7049.787121
57.608166,5,7050.129745
57.963243,5,7050.483406
57.442789,5,7050.964163
57.961853,5,7051.163418
-11.125133,4,7051.448527
57.966395,5,7051.620569
57.783131,7,7051.905867
59.094728,6,7052.189045
59.099294,6,7052.404434
-5.900706,6,7052.909502
57.956284,5,7053.089615
57.960611,5,7053.296952
-7.809268,5,7053.605521
59.07913,6,7053.818627
-7.736192,5,7054.104123
57.780433,7,7054.38806
58.196523,6,7054.733601
-11.440744,4,7054.916878
-13.593354,3,7055.121777
-7.667805,6,7055.590491
-11.552883,4,7055.755816
59.093765,6,7056.008502
54.216439,4,7056.297747
59.099294,6,7056.493091
57.95843,5,7056.812366
-8.050801,5,7057.326828
59.098738,6,7057.579022
-8.144337,5,7057.754523
-11.56203,4,7057.904012
59.088282,6,7058.165196
57.957532,5,7058.349475
-8.577568,5,7058.586658
57.967614,5,7058.765038
-8.434135,5,7058.928902
-8.135441,5,7059.19919
59.090269,6,7059.455714
58.320348,6,7059.73182
57.967614,5,7059.93684
59.087928,6,7060.198037
57.960585,5,7060.372309
57.963601,5,7060.570025
57.776794,7,7060.851678
59.099294,6,7061.118847
59.099294,6,7061.443351
59.099294,6,7061.713089
57.955736,5,7061.892826
57.963442,5,7062.208856
57.774162,7,7062.460505
-7.939711,5,7062.808001
-10.784018,4,7063.071354
57.967614,5,7063.270987
57.958242,5,7063.552801
54.216439,4,7063.827937
-8.380818,5,7064.125075
-7.874635,6,7064.303272
-7.500801,6,7064.797846
59.088406,6,7065.054561
-13.671841,3,7065.230491
-11.032967,4,7065.393543
-7.638297,5,7065.747995
-11.047526,4,7065.928164
57.955907,5,7066.108439
59.097807,6,7066.318779
57.967614,5,7066.491938
-8.209627,5,7066.764886
-6.148291,6,7067.357614
57.962812,5,7067.531601
57.745703,5,7067.97387
59.088579,6,7068.1812
57.563112,5,7068.379914
57.965343,5,7068.681754
57.962852,5,7068.875409
-8.180909,5,7069.169378
-7.032386,5,7069.774701
58.821705,6,7069.991184
57.964331,5,7070.208046
-8.507646,5,7070.469461
57.959879,5,7070.621585
-7.946822,5,7070.878478
59.089798,6,7071.037177
57.967614,5,7071.248582
59.099294,6,7071.475572
57.960514,5,7071.634973
57.956882,5,7071.792961
58.171043,6,7072.147229
58.234945,6,7072.575082
-8.200289,5,7072.755423
59.095756,6,7073.130806
57.967614,5,7073.33901
-7.148936,6,7073.603001
59.091817,6,7073.86076
54.216439,4,7074.050442
59.094884,6,7074.296831
57.964501,5,7074.484055
57.967614,5,7074.767346
57.967614,5,7074.945092
57.967614,5,7075.363558
57.967614,5,7075.583413
58.984045,6,7075.885342
-11.167801,4,7076.088303
59.093188,6,7076.385699
57.938627,6,7076.692306
-11.074855,4,7076.973612
57.39282,5,7077.265444
57.964719,5,7077.486669
57.251386,5,7077.779345
59.079359,6,7078.061231
-8.445477,5,7078.231676
59.090311,6,7078.501311
57.575515,5,7078.940145
57.967614,5,7079.213382
-11.211784,4,7079.402996
57.964006,5,7079.565491
-7.173656,6,7079.965203
57.780927,7,7080.165267
57.963924,5,7080.491269
57.958855,5,7080.66423
-8.539865,5,7080.864755
57.967614,5,7081.114429
-8.297765,5,7081.288388
57.964364,5,7081.569512
57.963144,5,7081.755941
59.089255,6,7082.059763
57.862433,5,7082.26864
59.087797,6,7082.559767
57.967614,5,7082.792082
57.956719,5,7083.009506
57.33845,5,7083.364062
57.967614,5,7083.63972
59.097044,6,7083.929832
57.957513,5,7084.122664
-11.412481,4,7084.331304
57.967614,5,7084.544981
-5.901051,6,7084.940391
-8.187732,5,7085.108557
53.997779,4,7085.402731
59.096588,6,7085.701163
57.777674,7,7085.980267
59.099294,6,7086.30243
-11.217174,4,7086.504463
57.965084,5,7086.727705
59.099294,6,7086.958641
-8.391683,5,7087.544996
57.967614,5,7088.248873
57.967614,5,7088.501389
59.092515,6,7088.709061
-6.946937,6,7089.10539
-8.41166,5,7089.446634
54.205712,4,7089.736826
59.099294,6,7090.129376
59.091252,6,7090.449979
57.967614,5,7090.65566
58.200827,6,7091.067223
-11.384495,4,7091.251961
-7.788818,5,7091.440683
57.669347,6,7091.930495
57.683561,5,7092.145754
59.090242,6,7092.361381
-7.410165,6,7092.629725
59.098084,6,7092.821831
57.786009,7,7094.082423
57.966282,5,7095.180781
-8.396944,5,7095.869133
-7.930989,5,7097.624206
57.963467,5,7098.669353
57.964899,5,7099.206525
59.083924,6,7100.056626
-8.207007,6,7101.290443
-7.040833,5,7102.507714
-7.04569,5,7103.52763
57.967614,5,7104.577118
57.701735,5,7105.665812
59.099294,6,7106.707839
57.965819,5,7107.770421
-7.672623,5,7109.526898
59.097901,6,7110.835299
57.760642,5,7112.869344
-11.496275,4,7113.994339
54.216439,4,7115.37079
-13.65773,3,7116.457792
57.967614,5,7117.48444
-7.946893,5,7118.386496
59.097051,6,7119.84154
59.099294,6,7121.324992
-8.585243,5,7122.202029
59.097754,6,7123.999395
-10.987994,4,7125.538181
54.14225,4,7126.656793
57.378812,5,7127.790849
-6.969947,6,7129.631355
54.216439,4,7130.84087
57.773009,7,7132.470847
59.087588,6,7133.503757
59.099294,6,7134.882653
59.093145,6,7135.815678
59.099294,6,7136.836538
58.813001,6,7137.797765
-8.41732,5,7139.073018
57.967614,5,7140.919771
-11.261533,4,7141.958978
57.960514,5,7142.924404
54.136854,4,7143.996772
57.956005,5,7145.625668
57.786044,7,7147.300229
57.778213,7,7149.148379
-7.912389,5,7151.164701
57.967614,5,7152.331606
59.091421,6,7154.139281
59.099294,6,7155.752406
57.400742,5,7156.763128
59.099294,6,7158.335245
-8.156819,5,7159.632395
57.967614,5,7161.292492
-8.00695,6,7162.849669
57.962269,5,7164.338741
57.580448,5,7165.474272
59.096793,6,7166.397676
-11.606006,4,7167.402702
57.967614,5,7168.614485
57.965741,5,7169.625261
59.098041,6,7171.557344
54.216439,4,7172.580737
59.097988,6,7173.878483
-7.872722,5,7175.051894
59.089713,6,7176.090346
-11.474657,4,7177.323377
-7.933319,5,7179.062
58.82224,6,7180.771139
57.961449,5,7181.92747
57.576156,5,7182.949718
54.215541,4,7184.05108
57.959702,5,7185.219254
57.950671,5,7186.506384
-7.149852,6,7188.133765
-8.161115,5,7189.818383
57.965623,5,7190.908403
-11.300935,4,7191.984735
57.956874,5,7193.033609
57.598841,5,7194.32643
-8.134325,5,7195.442786
57.967614,5,7195.969594
58.038801,6,7196.570647
58.531067,6,7196.985545
59.098195,6,7197.191438
57.958568,5,7197.361553
57.967614,5,7197.633748
59.097975,6,7197.834944
59.096914,6,7198.116373
58.364256,6,7198.386985
59.094832,6,7198.664418
-11.413968,4,7198.851777
-7.861384,6,7199.246187
-8.45501,5,7199.513319
59.089888,6,7199.719623
54.177629,4,7200.054168
59.091602,6,7200.336913
57.967614,5,7200.662558
59.094243,6,7200.952115
-7.690036,5,7201.250734
-8.159742,6,7201.523195
57.756735,5,7201.753671
-8.483168,5,7201.963969
57.967614,5,7202.170343
57.790146,5,7202.368881
-7.440875,6,7202.850436
59.094085,6,7203.033414
57.785502,7,7203.310793
57.781287,7,7203.567506
54.216439,4,7203.841982
-11.49265,4,7204.101384
57.778947,7,7204.37433
57.670529,5,7204.654706
57.957618,5,7204.936588
57.963503,5,7205.131521
59.097327,6,7205.327873
59.099294,6,7205.606177
57.771699,7,7205.920494
57.37053,5,7206.176484
57.960085,5,7206.358059
-7.945708,6,7206.656201
-8.094619,6,7206.961195
57.967614,5,7207.331342
58.550821,6,7207.670315
59.091745,6,7207.923566
59.099294,6,7208.266736
57.966592,5,7208.470512
58.462079,6,7208.906974
57.959582,5,7209.085266
57.962363,5,7209.294044
59.093034,6,7209.574879
58.416877,6,7209.774767
59.087914,6,7210.013511
59.089786,6,7210.292598
59.095357,6,7210.557505
59.091711,6,7210.894348
-11.154524,4,7211.088163
59.091448,6,7211.400429
54.215633,4,7211.599018
57.966186,5,7211.804097
57.958648,5,7211.999511
-8.160186,5,7212.215461
57.967614,5,7212.492264
57.957399,5,7212.676471
54.216439,4,7212.85938
57.967614,5,7213.179827
57.964144,5,7213.37026
59.089088,6,7213.686035
59.096476,6,7213.905174
57.419019,5,7214.226495
57.967614,5,7214.43833
-7.203361,6,7214.737156
59.060958,6,7215.193009
57.082491,5,7215.673474
57.967614,5,7216.065221
57.967614,5,7216.293032
59.099294,6,7216.605203
59.087721,6,7216.826301
54.216439,4,7217.0113
58.150319,6,7217.438404
54.216439,4,7217.631788
57.472631,5,7217.958024
-11.403994,4,7218.159621
59.090768,6,7218.326664
57.962563,5,7218.506388
59.099294,6,7218.761863
-10.999429,4,7219.085462
-7.688586,5,7219.591851
-7.689812,5,7219.992585
59.092445,6,7220.204347
57.961655,5,7220.427862
57.967614,5,7220.783262
-8.188359,5,7221.024427
57.967614,5,7221.276281
57.779063,7,7221.553454
-11.42008,4,7221.734524
-7.913243,5,7222.037875
57.967614,5,7222.240046
57.967614,5,7222.405267
58.875182,6,7222.630926
57.967614,5,7222.838377
58.31221,6,7223.15481
59.085349,6,7223.421281
57.967614,5,7223.62431
57.7747,7,7223.914816
58.610515,6,7224.309293
-8.076242,5,7224.67527
59.099294,6,7225.027972
57.77929,7,7225.31936
54.216439,4,7225.542607
57.778265,7,7225.82326
58.039633,6,7226.315228
59.091331,6,7226.59269
-7.814304,6,7226.879205
57.956517,5,7227.101272
-8.547145,5,7227.386077
-7.916756,5,7227.693836
58.989687,6,7228.007124
57.967614,5,7228.295061
54.216439,4,7228.609343
-8.330095,5,7228.970505
57.967614,5,7229.178782
59.097298,6,7229.472028
59.088691,6,7229.779559
57.965224,5,7229.994429
59.088497,6,7230.230105
57.959357,5,7230.46129
59.095684,6,7230.712467
-7.715896,5,7231.062454
59.093515,6,7231.311423
58.11453,6,7231.65011
57.962686,5,7231.812431
59.092643,6,7232.14981
57.955757,5,7232.323816
58.920586,6,7232.576034
57.434942,5,7232.930065
57.961109,5,7233.118
-7.908528,5,7233.463333
59.099294,6,7233.886024
59.088843,6,7234.16249
57.967614,5,7234.455259
-7.795524,5,7234.73606
-11.129149,4,7235.108293
-7.746456,5,7235.382412
59.099294,6,7235.667767
59.088266,6,7235.892959
59.08787,6,7236.062733
59.089905,6,7236.239722
54.216439,4,7236.436068
59.099294,6,7236.65274
59.099294,6,7236.960055
-7.396325,6,7237.313648
59.096307,6,7237.621265
-8.080779,5,7237.807463
57.784053,5,7238.010519
57.967614,5,7238.315945
57.103551,5,7238.62105
59.095294,6,7238.90345
57.755229,5,7239.320408
57.961499,5,7239.502337
57.961888,5,7239.703116
59.088528,6,7239.935994
-6.664909,6,7240.409212
-11.42352,4,7240.594491
-8.148563,6,7240.856029
-8.545042,5,7241.222293
59.099294,6,7241.514467
57.268523,5,7241.926399
59.089677,6,7242.140629
57.967614,5,7242.321564
58.565345,6,7242.693207
57.728038,5,7242.982045
59.085413,6,7243.224684
59.099294,6,7243.500717
59.093755,6,7243.842484
57.967614,5,7244.356623
-11.364512,4,7244.650101
57.967614,5,7244.951345
57.957292,5,7245.158102
-7.490127,5,7245.459247
-8.397339,5,7245.791549
57.967614,5,7246.206718
57.778621,7,7246.556409
-8.149715,5,7246.744162
-7.34506,6,7247.054705
57.967614,5,7247.24731
-7.675543,5,7247.529864
57.967614,5,7247.803221
57.416297,5,7247.992352
-11.205323,4,7248.316534
57.957161,5,7248.509307
54.213445,4,7248.69838
-11.549522,4,7248.863733
-7.860069,5,7249.191983
-8.248446,5,7249.457725
57.516503,5,7249.665359
-7.037212,6,7249.954513
57.967614,5,7250.308634
57.957195,5,7250.472175
57.964482,5,7250.663938
57.967614,5,7250.853405
57.958662,5,7251.047457
59.08825,6,7251.244785
57.967614,5,7251.440046
57.778557,7,7251.741321
58.208852,6,7251.951729
59.091077,6,7252.208468
54.216439,4,7252.405334
54.165054,4,7252.622545
57.956764,5,7252.841618
58.459649,6,7253.125907
58.342384,6,7254.449381
54.216439,4,7255.063627
-7.794949,5,7256.044725
-13.53441,3,7256.89398
57.961296,5,7257.774634
58.466149,6,7259.228026
-11.396845,4,7260.233954
-7.422389,5,7261.453969
57.534317,5,7262.48257
57.654833,5,7263.664622
59.096612,6,7264.717728
57.956407,5,7265.750997
-8.222893,5,7267.281535
57.963014,5,7268.197876
54.216439,4,7269.40685
-8.166412,5,7271.526868
59.088763,6,7272.542691
54.216439,4,7273.773164
57.967614,5,7274.57607
54.216439,4,7275.65746
-5.900706,6,7277.317213
57.956807,5,7278.418157
54.215841,4,7279.6192
-7.425777,5,7281.019253
59.099294,6,7281.389829
59.097565,6,7281.836761
57.782664,7,7282.112685
-5.916422,6,7282.342272
57.967614,5,7282.659433
-13.58074,3,7282.884376
59.098676,6,7283.171299
54.212134,4,7283.491391
-11.502522,4,7283.709555
54.205422,4,7283.914873
59.099294,6,7284.20488
59.093659,6,7284.504225
57.552732,5,7284.717034
57.967614,5,7284.977111
54.216439,4,7285.174155
-7.786698,5,7285.456707
59.097206,6,7285.758097
57.967614,5,7286.086033
54.074488,4,7286.431118
57.780083,7,7286.77413
59.089972,6,7287.057817
54.215948,4,7287.379575
59.088048,6,7287.593066
59.093928,6,7287.810713
57.484513,5,7288.02798
59.097753,6,7288.304232
59.090657,6,7288.478271
59.089002,6,7288.677166
57.783303,6,7289.178864
57.958336,5,7289.374403
-8.045238,6,7289.64278
-8.358484,5,7289.842256
57.607734,5,7290.156704
-7.892701,6,7290.465967
59.088606,6,7290.649992
59.099294,6,7290.996119
59.092339,6,7291.287761
-10.789317,4,7291.489378
54.206015,4,7291.772011
-8.035837,6,7292.049212
59.099294,6,7292.330587
59.094012,6,7292.513587
57.957627,5,7292.840724
-7.032386,5,7293.32915
57.967303,5,7293.486484
59.097855,6,7293.803481
57.469073,5,7294.244174
57.965058,5,7294.414188
57.723827,5,7294.816088
57.955831,5,7295.034475
57.961749,5,7295.288822
-11.329575,4,7295.533283
59.099294,6,7295.927837
59.089273,6,7296.239551
57.396342,5,7296.45175
59.08976,6,7296.639223
57.957905,5,7296.820911
59.090256,6,7297.124157
54.215648,4,7297.361991
57.674663,5,7297.684819
57.82805,5,7297.963595
59.099294,6,7298.207756
57.967614,5,7298.397205
-7.970868,6,7298.653155
57.958408,5,7298.815971
57.965358,5,7298.99381
-7.468926,6,7299.27662
-8.023638,5,7299.561531
59.099294,6,7299.984927
57.958698,5,7300.198223
-11.502487,4,7300.375839
57.964996,5,7300.62401
-8.041461,5,7300.920848
54.214924,4,7302.022082
57.967614,5,7302.266064
-6.849907,6,7302.609928
58.528353,6,7302.964218
59.099294,6,7303.23489
-8.286518,5,7303.584938
59.091572,6,7303.856039
57.779974,7,7304.143407
53.198962,8,7304.434167
59.090783,6,7304.609012
-8.536545,5,7304.785957
57.967025,5,7305.048664
59.094666,6,7305.319104
57.781198,7,7305.57066
-11.592338,4,7305.71647
59.092161,6,7305.989348
57.460003,5,7306.199151
57.967614,5,7306.475757
57.958447,5,7306.636492
57.777928,7,7306.935981
59.096027,6,7307.111015
-7.487398,6,7307.628963
57.967614,5,7307.819637
57.966549,5,7308.004496
57.965571,5,7308.190236
57.781547,7,7308.46251
-8.047925,5,7308.79581
59.093478,6,7309.066922
57.961315,5,7309.256819
59.065095,6,7309.512702
59.099294,6,7309.776498
57.601892,5,7310.054147
54.1008,4,7310.349838
54.216439,4,7310.644291
-11.429723,4,7310.810147
59.091433,6,7311.295038
59.099294,6,7311.500912
59.099294,6,7311.810317
59.099294,6,7312.278786
59.089385,6,7313.023614
-7.670182,5,7313.966915
59.090967,6,7314.812351
56.981842,5,7316.432086
-11.339039,4,7317.3613
-7.820142,5,7318.864601
57.966201,5,7319.932849
-8.304536,5,7321.250656
59.091012,6,7322.013289
-8.13159,5,7323.271514
57.967614,5,7324.105929
59.096357,6,7324.977641
57.966007,5,7325.961187
-6.755528,6,7326.676471
59.099294,6,7326.928741
57.676555,5,7327.190804
59.090305,6,7327.47196
57.7784,7,7327.771733
58.144465,6,7328.015824
59.096089,6,7328.319548
57.967614,5,7328.729022
-11.534748,4,7328.891231
59.09011,6,7329.092509
57.782361,7,7329.373706
54.213169,4,7329.608921
57.466045,5,7329.900971
57.959479,5,7330.089906
59.079634,6,7330.295816
57.955904,5,7330.482292
59.085127,6,7330.682217
54.216439,4,7330.958135
57.967614,5,7331.286058
57.967614,5,7331.479359
-8.474601,5,7331.755017
-11.150457,4,7332.104522
57.742727,5,7332.430455
57.9666,5,7332.69704
59.097189,6,7332.976007
54.215984,4,7333.28351
-8.11025,5,7333.549124
57.967614,5,7333.911541
-7.983287,5,7334.267867
-11.508848,4,7334.472808
59.090585,6,7334.684644
-7.899281,6,7335.008642
57.776669,7,7335.35795
-11.078758,4,7335.554401
57.967068,5,7335.807818
-7.521756,6,7336.240584
59.091567,6,7336.514801
57.967614,5,7336.803798
57.96403,5,7336.998921
59.096822,6,7337.332519
-10.996176,4,7337.540584
57.587601,5,7337.981994
59.093683,6,7338.247131
-8.496869,5,7338.417395
57.966692,5,7338.615866
-7.032386,5,7339.122002
59.092869,6,7339.466804
-7.331618,6,7339.829687
57.967614,5,7340.068146
59.009317,6,7340.60498
57.081738,5,7341.085833
57.965537,5,7341.308115
57.967614,5,7341.498905
59.088761,6,7341.799885
-7.318589,5,7342.09605
57.958641,5,7342.282028
57.964456,5,7342.476202
59.089371,6,7342.640183
57.964609,5,7342.809108
-8.561564,5,7343.042383
57.963145,5,7343.234929
59.09784,6,7343.528164
57.965156,5,7343.711498
-11.607654,4,7343.879381
57.362422,5,7344.072434
59.086362,6,7344.307147
57.776183,7,7344.57715
-7.912125,5,7344.852679
57.776358,7,7345.056813
57.962871,5,7345.256695
-10.783561,4,7345.464263
-7.501673,6,7345.804372
57.964642,5,7345.986536
-8.596443,5,7346.168222
57.959183,5,7346.359077
-7.0409,5,7346.736299
59.064988,6,7347.001114
-7.820223,5,7347.330323
54.212699,4,7347.622881
-7.646555,5,7347.957893
54.212846,4,7348.157086
59.09474,6,7348.488253
57.469727,5,7348.798027
58.576248,6,7349.002287
57.962034,5,7349.182419
-7.874276,5,7349.45707
57.967614,5,7349.650298
-11.392264,4,7349.874145
57.967614,5,7350.17995
59.094511,6,7350.448038
-8.43878,5,7350.680613
56.51122,7,7351.117272
57.958449,5,7351.296965
57.967614,5,7351.552823
58.999189,6,7351.826008
59.099294,6,7352.127883
57.761761,5,7352.326131
59.090573,6,7352.515673
57.781595,7,7352.822752
-8.377426,5,7353.073067
-11.123324,4,7353.240109
59.091526,6,7353.496073
-11.179073,4,7353.836478
-8.450767,5,7353.998305
-7.456195,6,7354.258675
54.216439,4,7354.450173
57.494848,5,7354.763739
57.967614,5,7355.084422
57.788455,7,7355.405646
-11.550447,4,7355.579876
59.099063,6,7355.841413
-8.081591,5,7356.024312
-11.571528,4,7356.17574
57.960664,5,7356.39047
-7.642593,5,7356.752953
-11.425859,4,7356.911711
59.0891,6,7357.072377
-7.910293,5,7357.360804
-8.281541,5,7357.532677
-7.796054,5,7357.808973
57.777921,7,7358.286918
54.216439,4,7358.629543
-5.908507,6,7359.13644
59.090384,6,7359.360429
59.092633,6,7359.622568
-11.194539,4,7359.820791
-11.318779,4,7360.082418
59.099294,6,7360.399647
58.539411,6,7360.846369
-7.96486,5,7361.13763
-8.351426,5,7361.32147
57.96158,5,7361.489897
54.216439,4,7361.810847
59.099294,6,7362.081492
-7.042568,5,7362.300436
57.468263,5,7362.589342
59.060839,6,7362.871615
54.216439,4,7363.077486
-11.177623,4,7363.406675
57.967614,5,7363.609018
-6.609982,6,7364.011567
59.086953,6,7364.193482
-8.220115,5,7364.388932
-8.062185,5,7364.588139
57.967614,5,7364.884272
-11.096162,4,7365.149063
-8.27272,5,7365.420914
-11.399974,4,7365.617472
59.099294,6,7365.891092
59.090599,6,7366.08426
-8.243865,6,7366.40699
59.088779,6,7366.616086
-8.525302,5,7366.824828
59.099294,6,7367.165868
57.966455,5,7367.358004
59.090888,6,7367.64901
54.216439,4,7367.849974
-8.582529,5,7368.027984
57.288826,5,7368.459348
-8.020945,5,7368.8057
-7.52906,5,7369.124063
-7.945668,6,7369.543888
57.532764,5,7369.819309
57.959002,5,7370.02111
57.614237,5,7370.218762
58.644737,6,7370.628671
59.090876,6,7370.913419
59.092129,6,7371.124474
57.967614,5,7371.452115
57.962271,5,7371.659698
59.096301,6,7371.85369
57.967614,5,7372.041763
57.959782,5,7372.258063
57.900834,5,7372.649726
-6.790183,6,7372.968968
59.099294,6,7373.235851
-7.032386,5,7373.455912
59.098165,6,7373.705492
59.097767,6,7373.998724
59.094172,6,7374.307346
-8.567775,5,7374.590918
57.967614,5,7374.877765
59.088474,6,7375.19117
-11.299776,4,7375.409978
-11.377008,4,7375.68215
57.95914,5,7375.868241
58.933008,6,7376.155859
59.094575,6,7376.348174
57.967614,5,7376.668074
59.089341,6,7377.017103
-7.951501,5,7377.220557
54.208552,4,7377.452012
-6.238483,6,7378.116752
59.091097,6,7378.306953
57.817564,5,7378.582386
-8.035062,5,7378.855494
-11.421887,4,7379.023753
57.967614,5,7379.209923
-7.828945,6,7379.562999
57.967614,5,7379.741825
57.752828,5,7380.055902
-7.800389,5,7380.335238
59.092847,6,7380.624034
57.967614,5,7380.839975
54.130172,4,7381.151067
59.095882,6,7381.414223
57.967614,5,7381.645646
59.087721,6,7381.853424
-7.075368,5,7382.463735
-8.535152,5,7382.638592
57.865175,5,7382.8319
59.099294,6,7383.185422
59.099294,6,7383.514841
-7.998403,5,7383.8539
57.967614,5,7384.032759
59.099294,6,7384.252567
-11.415455,4,7384.501706
59.095821,6,7384.784124
57.957043,5,7385.014473
57.965482,5,7385.232678
57.77929,7,7385.508821
-7.417294,5,7385.853674
58.146863,6,7386.28007
59.088598,6,7386.467919
57.967614,5,7386.675691
57.77971,7,7386.965653
59.088163,6,7387.152756
59.094161,6,7387.36921
59.099294,6,7387.642516
57.963458,5,7387.815844
54.209461,4,7388.04453
54.216439,4,7388.33958
54.214098,4,7388.620999
57.735112,5,7389.033181
59.094776,6,7389.30658
57.782836,7,7389.579521
57.526907,5,7389.891668
58.790739,6,7390.141622
57.962242,5,7390.349923
-5.911775,6,7390.641977
59.094725,6,7390.829528
-7.853254,6,7391.1802
59.09522,6,7391.400446
57.959853,5,7391.611458
59.093171,6,7391.949438
59.095379,6,7392.229942
54.216439,4,7392.571406
-7.454767,5,7393.108495
59.099294,6,7393.395709
59.09001,6,7393.591709
57.967261,5,7393.783887
59.099294,6,7394.083609
57.963553,5,7394.295666
57.961611,5,7394.490424
57.955862,5,7394.675852
-8.310526,5,7394.845623
59.097513,6,7395.164412
59.089636,6,7395.386764
-8.573453,5,7395.665885
57.963221,5,7395.880237
57.671529,5,7396.275355
59.088318,6,7396.563853
54.216282,4,7396.776556
59.087715,6,7396.982689
59.099294,6,7397.191877
59.099294,6,7397.470032
59.091142,6,7397.761362
57.878778,5,7398.065489
59.094337,6,7398.391675
-7.862795,6,7398.90533
-7.771011,5,7399.267278
-11.273965,4,7399.4539
59.089425,6,7399.725719
59.096368,6,7400.03176
57.717963,5,7400.251472
-7.621018,5,7400.878901
57.780682,7,7402.287159
-11.373533,4,7403.951246
57.967123,5,7404.81371
58.699299,6,7406.018468
57.967614,5,7406.78246
59.099294,6,7407.750832
59.088045,6,7408.811132
57.967614,5,7410.008142
57.967614,5,7411.108532
57.781114,7,7412.246193
57.961764,5,7413.48609
57.967614,5,7413.884266
-13.720581,3,7414.723592
54.067103,4,7416.041533
57.786664,7,7417.392804
-8.005522,5,7418.535935
57.967614,5,7419.446001
-8.310141,5,7420.987105
59.091196,6,7422.008766
-7.043114,5,7423.082529
54.213804,4,7424.386308
54.211686,4,7425.76017
59.099294,6,7427.439675
59.099157,6,7429.046665
58.41938,6,7430.318619
59.099294,6,7431.313701
57.967614,5,7432.513266
-8.310985,5,7433.581686
57.81339,5,7434.980944
57.777889,7,7436.380429
57.780742,7,7437.775466
57.960783,5,7438.678088
57.959584,5,7439.600574
-11.519371,4,7440.391214
59.093888,6,7441.819968
59.099294,6,7443.098007
57.773701,7,7444.402677
57.967614,5,7445.692695
57.960501,5,7446.338696
-7.315725,6,7447.526597
59.099294,6,7448.788484
-7.846504,6,7450.358201
-8.124291,5,7451.113666
-8.516192,5,7451.661469
-7.032386,5,7452.973791
54.170428,4,7453.854062
57.967614,5,7454.784089
-7.673286,5,7455.430662
59.089557,6,7455.966174
-8.292139,5,7456.667032
57.77515,7,7457.699634
-13.763509,3,7458.570213
59.099294,6,7459.152012
59.099294,6,7460.445538
54.216439,4,7461.242251
59.097662,6,7463.383448
59.099294,6,7464.857448
-7.945231,5,7465.687428
-8.193218,5,7466.325536
-7.829227,5,7467.256709
-11.136093,4,7467.889704
53.204958,8,7468.690199
54.216439,4,7469.678024
59.099294,6,7470.392099
-8.046653,5,7471.233061
57.967614,5,7471.845707
-8.447883,5,7472.732422
59.086765,6,7473.275362
57.957572,5,7473.844018
59.091992,6,7475.01002
59.092281,6,7476.0455
-8.150273,6,7477.153602
-7.961739,5,7478.363815
57.966687,5,7479.627703
57.725733,5,7480.727887
-8.546469,5,7481.804307
-11.54923,4,7482.893844
-8.425433,5,7483.91836
54.216439,4,7484.320625
-7.880341,5,7484.752733
57.558047,5,7484.970737
59.092551,6,7485.179686
54.214324,4,7485.383144
-11.202535,4,7485.712752
57.508573,5,7486.009742
57.967614,5,7486.308047
58.515519,6,7486.534255
59.099294,6,7486.834181
57.967614,5,7487.050413
57.770143,7,7487.236817
57.961828,5,7487.426084
59.089582,6,7487.72393
-8.443723,5,7488.022687
59.084506,6,7488.358584
54.01884,4,7488.705705
-7.032386,5,7489.092681
57.958333,5,7489.330462
-7.047724,5,7489.521601
-7.036902,5,7489.708066
57.781232,5,7490.012927
57.783081,7,7490.31438
59.099294,6,7490.638621
59.089279,6,7490.84352
57.675967,5,7491.122306
57.786764,7,7491.41144
59.086662,6,7491.613652
57.96485,5,7491.796303
-11.342839,4,7492.118252
57.967614,5,7492.399671
57.967614,5,7492.696123
57.782069,7,7492.903928
58.004665,6,7493.343594
59.099294,6,7493.70935
57.262797,5,7494.243825
57.471365,5,7494.771403
59.093358,6,7495.002269
57.682767,5,7495.251956
-8.227121,6,7495.561024
-7.044364,5,7495.790477
-8.405783,5,7496.079752
59.094837,6,7496.283613
54.07165,4,7496.476467
-7.541626,6,7496.765205
57.964511,5,7496.972153
57.96099,5,7497.188174
57.960138,5,7497.491671
54.216439,4,7497.82826
59.099294,6,7498.196405
59.099294,6,7498.540372
-8.396109,5,7498.887551
-11.305655,4,7499.082895
-8.248154,6,7499.396559
59.099294,6,7499.730329
57.967614,5,7500.046133
57.90781,5,7500.275108
57.963415,5,7500.46436
59.098937,6,7500.700724
59.093669,6,7500.942476
-5.909147,6,7501.64858
59.091744,6,7501.863904
57.967614,5,7502.305113
57.322192,5,7502.708363
57.858125,5,7503.050275
57.967614,5,7503.517524
57.967614,5,7503.752297
59.089848,6,7504.095065
57.959141,5,7504.31312
57.95639,5,7504.561172
59.099294,6,7504.892694
-7.75983,5,7505.182553
58.61922,6,7505.607492
-11.169044,4,7505.912284
-13.736112,3,7506.093129
59.099294,6,7506.303227
59.099294,6,7506.646522
54.142424,4,7506.874285
57.787335,7,7507.201924
59.099294,6,7507.459795
57.78566,7,7507.774351
57.965105,5,7507.986329
57.774473,7,7508.275351
59.099294,6,7508.561318
57.874898,6,7508.995875
59.089306,6,7509.288298
59.099294,6,7509.58125
59.097647,6,7509.792362
59.091769,6,7510.022785
57.785224,7,7510.336759
57.698032,5,7510.548277
59.088066,6,7510.845745
54.19364,4,7511.089022
-8.421543,5,7511.4372
57.964295,5,7511.654124
-6.545879,6,7512.197641
-7.771086,5,7512.52345
-8.347492,5,7512.798561
59.090032,6,7512.997227
54.135297,4,7513.205243
-7.760978,5,7513.513611
57.960569,5,7513.711307
59.091031,6,7513.945829
58.396837,6,7514.172962
59.08985,6,7514.397571
-11.575491,4,7514.813552
57.966015,5,7515.397366
59.098252,6,7515.723177
59.095301,6,7516.070081
59.092662,6,7516.40128
57.967614,5,7516.616665
-7.698519,5,7517.010723
59.099294,6,7517.202712
57.967614,5,7517.529933
-7.03787,5,7517.932376
-7.78204,5,7518.341389
59.097767,6,7518.627209
-7.130617,5,7519.159939
57.777731,7,7519.485743
57.745484,5,7519.79959
59.093349,6,7520.047283
59.087779,6,7520.365243
59.099294,6,7520.666353
57.956316,5,7520.927911
-8.273633,5,7521.127753
57.782708,7,7521.459957
-8.308811,5,7521.670067
54.207151,4,7521.876067
54.216439,4,7522.186459
57.367886,5,7522.41409
59.091436,6,7522.704832
57.967614,5,7522.999779
-8.508061,5,7523.201277
-11.376375,4,7523.451992
57.967614,5,7523.74704
57.966489,5,7523.943557
-8.137635,5,7524.138422
-7.310584,6,7524.559483
-7.458437,5,7524.882927
-8.299811,5,7525.071862
-11.166658,4,7525.547062
58.734165,6,7525.955004
54.216439,4,7526.186975
-8.482021,5,7526.485321
57.956552,5,7526.704113
-7.690541,6,7527.016572
-8.242747,6,7527.332112
-8.316688,5,7527.64241
59.0902,6,7527.962507
54.207745,4,7528.199317
59.096362,6,7528.493769
-8.051837,5,7528.844923
-7.487798,5,7529.32929
-8.141723,5,7529.545268
57.780205,7,7529.908296
57.77991,7,7530.29076
57.958989,5,7530.486999
59.08779,6,7530.766906
59.094142,6,7531.114199
57.955654,5,7531.392027
59.092226,6,7531.633601
54.092132,4,7531.865103
58.758755,6,7532.228221
57.957328,5,7532.450043
57.691212,5,7532.662421
-7.512953,5,7532.876351
59.098583,6,7533.212257
59.099294,6,7533.505097
59.080622,6,7533.732354
57.959453,5,7533.924279
57.967614,5,7534.233835
-8.463145,5,7534.522039
-11.486885,4,7534.803939
57.598712,5,7535.158335
-11.25536,4,7535.362636
-8.045367,5,7535.815972
-8.33981,5,7536.164016
-8.213711,5,7536.372848
59.095065,6,7536.670216
59.095962,6,7536.976137
57.967614,5,7537.21514
59.078627,6,7537.419369
57.910194,5,7537.643704
57.959027,5,7537.82083
57.785855,5,7538.142615
57.960494,5,7538.336234
57.967614,5,7538.66794
59.089194,6,7538.937343
59.089609,6,7539.173626
57.967614,5,7539.45959
54.214305,4,7539.909473
59.087777,6,7540.133268
-8.252174,5,7540.382302
59.09301,6,7540.596369
57.967614,5,7540.790153
59.097626,6,7541.085641
-7.744173,6,7541.38805
57.967614,5,7541.785054
54.21482,4,7542.010744
57.967614,5,7542.236296
58.054261,6,7542.723551
-11.333114,4,7542.919425
57.962416,5,7543.108318
59.089772,6,7543.428427
57.962912,5,7543.799513
57.964403,5,7544.137016
58.835107,6,7544.488001
57.429746,5,7545.011106
57.780775,7,7545.347679
59.095342,6,7545.681422
-7.901851,5,7546.015609
58.495347,6,7546.332262
59.081762,6,7546.599858
59.089546,6,7546.801443
57.783852,7,7547.146911
-8.377978,5,7547.431116
58.52033,6,7547.760695
57.963008,5,7548.012043
-7.953574,5,7548.259501
57.967614,5,7548.48023
-7.899091,5,7548.765434
57.96143,5,7548.983474
59.095205,6,7549.259269
59.090798,6,7549.477371
59.097595,6,7549.770888
-7.695205,5,7550.001098
57.956718,5,7550.208462
-11.143406,4,7550.408664
-8.362484,5,7550.657156
57.77072,7,7550.966885
59.093854,6,7551.179945
54.216439,4,7551.520786
-8.423875,5,7551.717776
57.700498,5,7552.06928
-8.28242,5,7552.270774
57.905203,5,7552.547971
59.090044,6,7552.865642
-7.964218,5,7553.114841
-7.664593,5,7553.460415
57.961473,5,7553.671857
57.96085,5,7553.878913
59.096907,6,7554.424161
-8.158566,5,7555.091847
57.837283,5,7555.374981
-7.698154,6,7555.809602
59.097192,6,7556.139135
58.450055,6,7556.501821
57.773594,5,7556.730211
57.956946,5,7556.949219
-7.319664,5,7557.316202
58.897585,6,7557.613184
59.094023,6,7557.843882
59.089612,6,7558.052316
57.78066,7,7558.354572
59.096463,6,7558.641372
59.096161,6,7558.844165
57.965751,5,7559.035019
57.960761,5,7559.229909
59.09458,6,7559.51649
-8.345813,5,7559.700111
54.216439,4,7560.026913
59.099294,6,7560.353362
-8.050347,6,7560.733444
54.132695,4,7561.143677
-7.945575,5,7561.501572
58.21456,6,7561.931289
-11.204645,4,7562.252849
-6.543179,6,7562.933991
54.214512,4,7563.152272
59.099294,6,7563.454821
-7.764841,5,7563.770219
57.772316,5,7563.974011
59.093505,6,7564.263444
57.735101,6,7564.696726
57.76675,7,7564.981781
57.761953,5,7565.282956
59.093053,6,7565.583582
57.967614,5,7565.934807
-11.606799,4,7566.132399
59.091595,6,7566.430502
57.96049,5,7566.733594
57.967614,5,7567.006777
-7.89414,5,7567.246496
57.756874,7,7567.574989
-11.513242,4,7567.779421
-7.480791,5,7568.27774
54.216439,4,7568.57985
57.956886,5,7568.791562
57.967614,5,7568.99935
59.099294,6,7569.446482
57.9613,5,7569.638913
54.212697,4,7569.943177
-7.956028,5,7570.152323
57.967614,5,7570.493023
54.215706,4,7570.885825
-7.653881,6,7571.2718
59.087637,6,7571.483752
59.09381,6,7571.690304
58.435872,6,7572.122775
57.967614,5,7572.330569
57.967046,5,7572.52753
59.099294,6,7572.744939
59.099294,6,7573.076437
-11.053431,4,7573.413859
59.098889,6,7573.59151
57.787134,7,7573.881905
59.094485,6,7574.074898
57.967614,5,7574.269746
-7.758094,5,7574.611947
59.094231,6,7574.885727
57.962036,5,7575.096983
59.090634,6,7575.304937
57.778527,7,7575.600482
59.087658,6,7575.918103
59.099294,6,7576.274101
57.561312,5,7576.571093
-8.313246,5,7576.80499
-5.903782,6,7577.186792
58.638006,6,7577.532434
59.092484,6,7577.827168
59.096982,6,7578.020863
54.210573,4,7578.226135
59.095757,6,7578.5155
-7.867865,5,7578.817318
57.958088,5,7579.070604
59.090057,6,7579.363351
59.090561,6,7579.561249
59.089395,6,7579.955989
57.785083,7,7580.518096
58.350377,6,7580.897858
59.096992,6,7581.233117
-8.547776,5,7581.452634
59.090576,6,7581.67782
57.967614,5,7581.874805
54.216439,4,7582.168971
59.097324,6,7582.375557
-11.249783,4,7582.602595
59.091076,6,7582.827503
54.216439,4,7583.124916
59.093043,6,7583.344648
58.63011,6,7583.762452
-7.670602,6,7584.112204
59.099294,6,7584.447321
57.964991,5,7584.630601
57.959263,5,7584.840255
59.097507,6,7585.146494
59.093724,6,7585.447659
-11.131492,4,7585.821362
-11.007341,4,7586.159733
57.957997,5,7586.408402
57.963814,5,7586.666022
59.091129,6,7586.887187
-8.56221,5,7587.307687
-7.995942,5,7587.523269
57.52378,5,7587.793185
57.78954,7,7588.100357
59.091352,6,7588.291855
57.962621,5,7588.495084
54.216439,4,7588.776855
57.967614,5,7589.964847
57.654941,5,7590.282222
57.263034,5,7590.579
59.095629,6,7590.761061
-8.009723,5,7590.983109
59.09198,6,7591.170861
57.967614,5,7591.3587
57.783166,7,7591.660285
59.094602,6,7591.887068
57.957243,5,7592.067928
57.772701,7,7592.375251
59.092976,6,7592.673739
57.963727,5,7592.896365
57.180918,5,7593.342861
57.957094,5,7593.563597
59.094384,6,7593.774862
-7.881491,6,7594.301286
57.781412,7,7594.653996
57.967614,5,7594.988827
59.090656,6,7595.304668
-10.884069,4,7595.606125
59.085084,6,7595.814638
-6.164652,6,7596.360962
-8.415034,5,7596.600384
57.962665,5,7596.826161
57.966753,5,7597.038059
-11.149533,4,7597.445861
-8.560948,5,7597.655423
-10.783561,4,7597.945298
59.093255,6,7598.228717
59.095062,6,7598.449435
59.099294,6,7598.778857
57.967614,5,7599.142304
-11.115849,4,7599.38242
53.945367,4,7599.707989
59.099294,6,7600.123785
59.091936,6,7600.591558
54.216439,4,7600.81619
57.967614,5,7601.077483
57.967614,5,7601.384731
59.095543,6,7601.709137
54.216439,4,7602.091995
57.964224,5,7602.448457
57.59143,5,7602.78565
-13.608847,3,7602.974972
-5.90684,6,7603.372246
57.966061,5,7603.66364
58.072991,6,7604.136628
54.206839,4,7604.385161
59.099294,6,7604.678413
59.092991,6,7605.023236
54.216439,4,7605.237562
-11.005979,4,7605.434741
54.216439,4,7605.721475
59.095178,6,7606.018496
59.099294,6,7606.348962
57.911241,5,7606.551172
57.355384,5,7606.980842
57.967614,5,7607.179433
57.965566,5,7607.382467
57.965657,5,7607.590966
-8.408739,5,7607.89777
-8.333029,5,7608.086922
57.963403,5,7608.280231
-8.459467,5,7608.454963
57.265084,5,7608.669892
59.093452,6,7609.007894
58.231317,6,7609.242224
59.099294,6,7609.535054
57.616311,5,7609.862717
57.967614,5,7610.083097
57.577221,5,7610.319829
59.090153,6,7610.594772
57.966803,5,7610.907714
57.967614,5,7611.133236
57.96628,5,7611.623063
54.216439,4,7611.950765
57.778649,7,7612.256596
59.099294,6,7612.589096
59.098097,6,7612.874645
-5.920174,6,7613.119256
59.089581,6,7613.437635
57.964099,5,7613.676633
57.78842,7,7613.968597
-8.098764,6,7614.276869
59.099294,6,7614.56299
59.088852,6,7614.763509
59.099088,6,7615.102177
57.778987,7,7615.410998
-7.762018,6,7615.895422
58.666116,6,7616.231448
57.966945,5,7616.423478
59.087754,6,7616.617401
54.216408,4,7616.828201
59.098823,6,7617.108837
54.215391,4,7617.394616
57.964233,5,7617.696015
54.104819,4,7617.90738
54.216439,4,7618.109366
57.967614,5,7618.30871
-7.818378,5,7618.54718
57.967614,5,7618.978413
59.099294,6,7619.269691
-7.458435,5,7619.683966
-11.467177,4,7619.903278
57.967201,5,7620.094952
59.097808,6,7620.411595
57.642267,5,7620.689841
-11.28752,4,7620.993874
57.967614,5,7621.427135
-11.441745,4,7621.589049
-8.576423,5,7621.893026
54.214887,4,7622.233686
59.099294,6,7622.532217
59.09572,6,7622.862664
57.963378,5,7623.073878
57.959748,5,7623.246563
57.963575,5,7623.45683
-8.314321,5,7623.70584
57.784003,7,7623.993374
57.9645,5,7624.197766
59.08979,6,7624.493147
-11.511789,4,7624.699912
-8.287433,5,7624.927785
57.967614,5,7625.221283
-8.030594,5,7625.54068
-11.338399,4,7625.752675
-6.084078,6,7626.269005
57.955707,5,7626.44751
57.967614,5,7626.658777
58.025907,6,7626.969545
57.96092,5,7627.30578
59.088668,6,7627.605803
57.964931,5,7627.812184
59.094462,6,7627.999734
59.093889,6,7628.292642
59.099294,6,7628.540367
-8.099425,6,7628.873461
-8.431016,5,7629.149169
57.967614,5,7629.415351
58.661964,6,7629.893793
57.959812,5,7630.303748
59.099294,6,7630.583941
-7.653178,6,7631.079181
57.56441,5,7631.312301
59.099294,6,7631.657811
-11.331173,4,7631.853897
59.099294,6,7632.095798
59.09431,6,7632.407382
-8.134593,5,7632.591295
59.094437,6,7632.769968
-8.520829,5,7632.962028
57.779376,7,7633.285023
59.097162,6,7633.560439
54.214809,4,7633.833933
57.7772,7,7634.113429
56.66448,7,7634.48149
57.967614,5,7634.775881
57.967614,5,7634.982939
59.094797,6,7635.278022
57.78954,7,7635.5684
57.967614,5,7635.898734
57.372355,5,7636.136986
59.093912,6,7636.421319
58.119296,6,7636.761486
57.967614,5,7637.100187
59.091234,6,7637.320697
57.183735,5,7637.802693
59.099294,6,7638.139818
-8.508689,5,7638.316108
57.967614,5,7638.492763
57.961844,5,7638.682518
-7.770144,5,7638.903146
59.099294,6,7639.127425
-8.522224,5,7639.425056
-7.03782,5,7639.623915
59.097865,6,7639.911784
59.097626,6,7640.195268
-7.886304,5,7640.462779
-11.525593,4,7640.646281
-7.391579,6,7640.983618
57.967614,5,7641.272986
57.78954,7,7641.586884
54.216439,4,7641.920003
57.966913,5,7642.127875
59.099294,6,7642.462867
57.967614,5,7642.675643
58.616507,6,7643.111128
57.782897,7,7643.413071
57.957484,5,7643.614849
58.89306,6,7643.906155
59.097669,6,7644.105907
57.965805,5,7644.314243
-6.89073,6,7644.703996
-7.043788,5,7645.09378
57.96576,5,7645.372928
59.08468,6,7645.585982
57.774557,7,7645.866046
57.780525,7,7646.167202
57.95896,5,7646.353714
59.09126,6,7646.566217
58.682752,6,7646.911741
54.212893,4,7647.257713
57.614472,5,7647.642321
59.099294,6,7647.991971
57.358038,5,7648.440851
-7.709913,5,7648.846685
59.099294,6,7649.091735
57.695811,5,7649.396697
-10.996292,4,7649.751241
-5.900706,6,7649.98902
57.777364,7,7650.378206
57.967614,5,7650.63342
59.09145,6,7650.943164
54.207173,4,7651.272785
54.214159,4,7651.474727
57.250172,5,7651.705519
59.095413,6,7652.0039
57.962574,5,7652.214668
57.955818,5,7652.436786
59.087731,6,7652.661827
57.965662,5,7652.872746
-7.821421,5,7653.254869
59.09604,6,7653.465747
59.094353,6,7653.669657
-8.147482,5,7654.189523
54.216439,4,7654.510725
-11.534414,4,7654.695374
-7.487182,6,7655.094611
59.09899,6,7655.288277
-7.361945,5,7655.697377
59.099294,6,7655.905069
57.967614,5,7656.141093
-7.362918,6,7656.518775
57.781569,7,7656.866689
59.099273,6,7657.221497
54.216439,4,7657.424512
59.094706,6,7657.642103
54.216439,4,7657.871182
59.088752,6,7658.162729
-7.447687,6,7658.584512
59.091667,6,7658.793756
57.887847,5,7659.110059
57.959509,5,7659.401119
58.071892,6,7659.900543
-7.036654,5,7660.454887
57.957909,5,7660.672137
-5.902529,6,7661.183218
59.095019,6,7661.375856
59.083046,6,7661.596065
-7.827544,5,7661.916832
59.096365,6,7662.219781
-7.238397,6,7662.566612
57.952265,5,7662.772415
57.967614,5,7663.025825
-11.150615,4,7663.390303
-11.611096,4,7663.688874
57.967614,5,7663.994547
59.099294,6,7664.26695
57.967614,5,7664.490187
57.768312,5,7664.741974
58.809497,6,7664.980469
54.072233,4,7665.260101
57.637315,5,7665.589494
59.093336,6,7665.816861
57.958228,5,7666.04442
57.781361,7,7666.330882
59.099294,6,7666.628762
59.088167,6,7666.951203
59.09,6,7667.136737
59.099294,6,7667.451453
57.966078,5,7667.675464
59.095211,6,7667.989674
-11.241185,4,7668.184659
57.963065,5,7668.433758
57.78954,7,7668.74482
57.956138,5,7668.955229
57.967614,5,7669.256483
59.091528,6,7669.510537
57.95873,5,7669.700828
57.958643,5,7669.911444
-8.439042,5,7670.253481
-13.771079,3,7670.44452
57.960546,5,7670.780327
57.967614,5,7671.003047
-8.27301,5,7671.204417
54.129353,4,7671.45264
59.097727,6,7671.723352
59.088559,6,7672.027554
59.082442,6,7672.286844
59.099294,6,7672.583032
57.961047,5,7672.84219
57.967604,5,7673.158387
54.216439,4,7673.484486
-7.51078,6,7673.761259
57.786169,7,7674.109105
57.967614,5,7674.417532
59.097374,6,7674.62352
59.099294,6,7674.963181
54.216439,4,7675.155751
59.099294,6,7675.450619
59.099294,6,7675.756269
57.782262,7,7676.048002
58.77742,6,7676.380323
59.09488,6,7676.648657
57.959116,5,7676.882343
57.967614,5,7677.235631
-7.826778,6,7677.443715
57.839043,5,7677.670397
59.096314,6,7677.952589
-7.866114,6,7678.292863
58.712748,6,7678.632157
-7.798432,5,7678.929318
57.855387,5,7679.174713
59.095671,6,7679.55953
59.099294,6,7680.044588
59.092592,6,7680.540852
59.099294,6,7680.845969
59.0957,6,7681.123629
59.091201,6,7681.354589
59.095992,6,7681.573256
-6.661589,6,7682.040294
-8.159631,6,7682.339959
-7.54574,5,7682.750002
57.967614,5,7682.970245
57.96685,5,7683.167171
-8.237393,5,7683.356753
57.64572,5,7683.546005
59.099294,6,7683.864707
57.784796,7,7684.151462
58.459439,6,7684.644495
-8.570223,5,7684.91887
57.870312,5,7685.281101
-7.396738,6,7685.559007
59.087689,6,7685.743194
-8.492213,5,7686.007535
57.96549,5,7686.204981
57.961056,5,7686.449953
-7.874251,5,7686.879193
-7.414555,5,7687.231117
59.098076,6,7687.57296
59.097341,6,7687.910554
59.099294,6,7688.242617
-7.267582,5,7688.779212
-7.19982,6,7689.135447
-8.140637,5,7689.469348
59.093887,6,7689.740971
57.955864,5,7689.965381
54.216439,4,7690.290602
59.09134,6,7691.438517
59.091146,6,7691.662935
57.965748,5,7691.960889
57.965828,5,7692.225705
59.088275,6,7692.504825
59.092335,6,7692.776897
57.957217,5,7693.003466
57.745557,5,7693.251772
59.095309,6,7693.545875
-6.37051,6,7694.144883
57.964514,5,7694.351789
59.09715,6,7694.643425
-7.065732,6,7695.036617
-8.320113,5,7695.250598
59.093699,6,7695.547922
59.099294,6,7695.766183
57.967614,5,7696.02271
57.955704,5,7696.308188
59.093338,6,7696.523047
-7.918391,5,7696.782319
59.099294,6,7697.061503
57.275378,5,7697.409228
57.53135,5,7697.633754
59.090956,6,7697.821702
57.960085,5,7698.025862
57.961749,5,7698.35587
59.094287,6,7698.539219
54.216439,4,7698.726139
57.957441,5,7698.898564
-7.581138,5,7699.294592
57.967614,5,7700.280486
54.216439,4,7700.664772
-7.911209,6,7701.033905
57.967614,5,7701.207122
-7.710134,6,7701.540874
59.099294,6,7701.835527
59.098766,6,7702.125514
-7.820732,5,7702.439734
57.80102,5,7702.754889
57.967614,5,7703.043198
59.087631,6,7703.340193
-7.8983,5,7703.646903
59.09349,6,7703.921371
-11.463766,4,7704.105437
59.094697,6,7704.387348
-11.147226,4,7704.719339
57.963016,5,7704.904612
57.967614,5,7705.118405
59.089084,6,7705.333154
-8.240881,5,7705.627998
59.089559,6,7705.917343
59.087797,6,7706.2025
59.098666,6,7706.458348
57.744239,5,7706.697997
57.963206,5,7706.883762
54.213318,4,7707.089498
59.090068,6,7707.277319
59.093658,6,7707.603871
57.967614,5,7707.842112
-11.419471,4,7708.043098
-11.327761,4,7708.236428
57.787823,7,7708.513043
57.95491,5,7708.845732
59.095483,6,7709.175686
57.960773,5,7709.533405
59.037487,6,7709.869908
59.094566,6,7710.176347
59.099294,6,7710.650834
59.09497,6,7710.905122
57.967614,5,7711.237886
-7.382581,6,7711.513542
-11.556565,4,7711.725544
58.697784,6,7712.179708
-8.560571,5,7712.450817
-5.904536,6,7712.987116
57.959584,5,7713.179321
59.099294,6,7713.467311
59.090911,6,7713.77813
57.964382,5,7713.986234
54.208524,4,7714.186569
-7.848201,5,7714.498986
57.967013,5,7714.681615
57.770513,7,7714.968764
-13.476791,3,7715.203232
59.099294,6,7715.407683
-7.050592,5,7715.615677
57.967614,5,7715.884762
59.088073,6,7716.063519
57.967614,5,7716.303082
54.216439,4,7716.503017
59.099294,6,7716.850431
57.978653,6,7717.326462
57.966605,5,7717.542124
57.967614,5,7717.822141
59.09021,6,7718.037108
57.967614,5,7718.340733
59.099294,6,7718.675354
57.522995,5,7719.023527
59.097971,6,7719.351822
59.096846,6,7719.584907
57.967614,5,7719.792751
-5.907821,6,7720.18564
59.099294,6,7720.409747
59.099294,6,7720.677481
57.964126,5,7720.863295
59.090044,6,7721.127153
57.673573,5,7721.46828
-11.285495,4,7721.810911
-8.138065,6,7722.071725
59.088115,6,7722.266046
-7.227546,6,7722.597983
59.092174,6,7723.007964
57.967614,5,7723.2106
59.099294,6,7723.404727
59.099294,6,7723.735804
-13.596657,3,7723.934989
57.956515,5,7724.114525
57.828938,5,7724.430476
57.961077,5,7724.635242
58.895165,6,7724.929441
59.099294,6,7725.215617
54.216439,4,7725.507291
57.962339,5,7725.713775
57.967614,5,7725.981247
57.771909,7,7726.267332
57.967614,5,7726.600139
59.090936,6,7726.887595
59.099077,6,7727.185631
57.967614,5,7727.461265
-8.209968,5,7727.946593
57.42814,5,7728.134978
-7.773613,5,7728.426155
59.099294,6,7728.699739
57.78954,7,7729.013622
57.967614,5,7729.236889
57.967614,5,7729.451132
57.780105,7,7729.798389
-8.342308,5,7730.082877
54.216439,4,7730.375477
59.09489,6,7730.653535
57.96612,5,7730.874589
57.773731,7,7731.163323
-8.383539,5,7731.329512
57.967614,5,7731.539502
57.967614,5,7731.740579
-7.821406,6,7732.238882
57.959494,5,7732.448985
-7.816608,5,7732.637256
-7.862992,5,7732.944768
58.357597,6,7733.345073
57.958602,5,7733.529436
59.09313,6,7733.826171
-7.685745,5,7734.17346
57.967614,5,7734.376502
59.099294,6,7734.646971
57.961147,5,7734.833191
57.967614,5,7735.115205
57.967614,5,7735.333101
53.99388,4,7735.579041
59.099294,6,7735.909429
57.78954,7,7736.236745
-7.909838,5,7736.534734
53.706645,4,7736.889591
57.965677,5,7737.143866
59.091682,6,7737.339137
57.442006,5,7737.546939
57.291515,5,7737.980649
57.77381,7,7738.306682
59.09092,6,7738.562082
59.081899,6,7738.753651
57.967614,5,7738.963028
54.169566,4,7739.172598
57.959609,5,7739.372909
57.967614,5,7739.603898
57.967614,5,7739.837519
57.960396,5,7740.059327
54.212816,4,7740.269047
57.967614,5,7740.522747
59.093928,6,7740.806113
57.965418,5,7741.053244
57.958097,5,7741.272584
-7.259016,6,7741.57456
54.21039,4,7741.820601
59.08919,6,7742.09885
59.089495,6,7742.307059
-7.596552,6,7742.676615
57.965952,5,7742.891173
57.964619,5,7743.076776
57.781188,7,7743.336409
57.953449,5,7743.533416
58.930271,6,7743.760047
59.089858,6,7744.061929
57.962256,5,7744.280874
-8.007793,6,7744.575335
59.099294,6,7744.909711
-7.101957,6,7745.311525
-8.540701,5,7745.502563
-11.448259,4,7745.678891
-7.869742,5,7745.988139
57.967614,5,7746.20141
59.053968,6,7746.464771
59.099061,6,7746.73201
-8.382701,5,7747.000359
59.08649,6,7747.168735
58.142228,6,7747.482857
-11.30883,4,7747.757104
59.096092,6,7748.020298
57.88839,5,7748.236412
57.961122,5,7748.446619
-7.648525,5,7748.744922
-8.399856,5,7748.927125
59.099294,6,7749.203194
59.091367,6,7749.461073
-8.393155,5,7749.771792
57.783025,7,7750.093546
58.706625,6,7750.383844
59.097285,6,7750.665586
59.08737,6,7750.950151
59.094433,6,7751.220186
57.967614,5,7751.397203
58.813988,6,7751.737814
-11.127347,4,7751.971453
-11.237321,4,7752.161321
59.099034,6,7752.432781
-7.148454,5,7752.932254
59.039717,6,7753.216848
59.095763,6,7753.494698
59.087741,6,7753.789739
57.967614,5,7753.98124
57.967614,5,7754.253122
59.099294,6,7754.530299
57.967614,5,7754.730887
57.484942,5,7755.031141
59.098432,6,7755.336864
-11.354181,4,7755.585073
54.216439,4,7755.88605
-7.690431,6,7756.125853
59.09084,6,7756.336326
57.959477,5,7756.527921
-8.110742,5,7756.858124
57.967614,5,7757.119059
57.964002,5,7757.308549
59.099294,6,7757.591721
54.209378,4,7757.90756
57.967614,5,7758.109609
57.962526,5,7758.321037
-7.160458,5,7758.878966
57.957384,5,7759.06568
-8.481048,5,7759.244999
57.652384,5,7759.683132
-11.263158,4,7759.893955
59.095177,6,7760.17898
54.150241,4,7760.496079
59.089848,6,7760.785256
-8.195968,5,7761.012507
-7.99266,5,7761.396785
-11.455969,4,7761.590957
59.099294,6,7761.891771
57.957149,5,7762.062935
-7.992493,5,7762.439112
-11.314775,4,7762.624971
59.087319,6,7762.832475
57.960401,5,7763.027011
-8.063063,5,7763.328914
59.099294,6,7763.748019
57.967614,5,7763.951729
-8.557326,5,7764.241337
57.957989,5,7764.443136
54.204542,4,7764.764865
58.352495,6,7765.093493
59.099294,6,7765.382571
57.787599,5,7765.665345
57.967614,5,7765.851462
-8.336556,5,7766.149282
57.963978,5,7766.327988
59.087406,6,7766.527812
59.099294,6,7766.779992
59.093756,6,7767.057633
-8.277123,5,7767.278602
-7.032947,5,7767.460252
54.216439,4,7767.641071
57.967614,5,7767.937046
54.205101,4,7768.135158
-7.91089,5,7768.346821
59.099294,6,7768.657136
59.091335,6,7769.002281
57.967614,5,7769.342792
57.781711,5,7769.760441
-8.237646,5,7770.146061
59.087433,6,7770.589199
59.092714,6,7770.792619
54.216439,4,7771.07578
57.961156,5,7771.428087
59.090734,6,7771.726707
-7.744959,5,7772.126746
57.405169,5,7772.434956
57.900454,5,7772.850204
57.778342,7,7773.233367
57.775975,7,7773.605988
54.216439,4,7773.82207
57.967614,5,7774.013598
57.967614,5,7774.253725
57.434138,5,7774.472183
59.099294,6,7774.743167
54.216439,4,7775.022352
57.955901,5,7775.219317
57.965869,5,7775.484835
57.82476,5,7775.902901
57.961399,5,7776.102346
59.086709,6,7776.309705
59.087691,6,7776.895276
57.787751,7,7777.185386
57.698682,5,7777.452359
59.095899,6,7777.836802
57.967614,5,7778.166147
59.099294,6,7778.573028
59.099294,6,7778.920039
57.962165,5,7779.112812
54.216439,4,7779.41213
-11.545301,4,7779.577413
-8.344273,5,7779.75955
57.967614,5,7779.949253
59.099294,6,7780.238468
57.967614,5,7780.46749
-11.208483,4,7780.662975
57.955912,5,7780.841932
59.096855,6,7781.068778
57.955621,5,7781.289211
59.087886,6,7781.49484
57.965558,5,7781.680355
59.092041,6,7781.989144
57.783497,7,7782.325756
57.966931,5,7782.543638
57.967614,5,7782.750749
-8.26598,5,7783.038823
59.089815,6,7783.331925
-8.158561,5,7783.640781
57.966162,5,7783.968899
59.092823,6,7784.206678
57.963183,5,7784.498438
-8.103796,5,7784.908666
-11.171158,4,7785.108564
59.092851,6,7785.435414
59.099294,6,7785.74172
57.966021,5,7785.977322
59.096308,6,7786.2751
54.216439,4,7786.578924
57.576533,5,7786.7743
57.673866,5,7787.050485
-7.683879,5,7787.348307
-7.881191,5,7787.681431
59.099294,6,7787.884831
57.955518,5,7788.063545
54.216439,4,7788.385659
-7.513038,6,7788.639846
-11.209918,4,7788.840621
57.967614,5,7789.156844
-11.351506,4,7789.388777
57.967614,5,7789.671265
59.097511,6,7789.893201
57.959644,5,7790.106487
59.092445,6,7790.406819
59.092254,6,7790.649553
57.954663,5,7790.82548
59.099294,6,7791.120878
54.216439,4,7791.426935
59.099294,6,7791.788491
59.093552,6,7792.109124
59.091121,6,7792.294892
-8.002068,5,7792.58586
57.967614,5,7792.840568
59.084847,6,7793.029051
57.736798,5,7793.277119
54.213468,4,7793.587054
59.089856,6,7793.769361
59.099294,6,7794.086406
-8.39621,5,7794.310174
-7.035902,5,7794.506147
57.961391,5,7794.691189
59.099294,6,7794.971623
-7.969838,5,7795.28795
59.087828,6,7795.584963
57.958323,5,7795.822124
57.967614,5,7796.117412
-13.676751,3,7796.310355
57.96405,5,7796.540211
57.967614,5,7796.728207
59.099294,6,7797.005993
57.951618,5,7797.259597
57.958864,5,7797.451535
58.518503,6,7797.753556
57.967614,5,7798.062302
-7.904474,6,7798.387524
59.092687,6,7798.648215
59.088044,6,7798.851289
-7.133228,6,7799.284969
59.099294,6,7799.584047
58.20073,6,7800.008664
57.791032,5,7800.299577
59.090064,6,7800.612071
-13.682099,3,7800.800967
57.963504,5,7801.027044
54.170037,4,7801.300799
54.209975,4,7801.597747
57.963961,5,7801.793606
59.098779,6,7801.988729
57.160831,5,7802.427736
-7.684912,6,7802.720861
-11.591976,4,7802.906176
59.012093,6,7803.231813
57.967614,5,7803.455967
57.954492,5,7803.659412
-7.828333,5,7804.047499
59.099294,6,7804.347548
59.091912,6,7804.603504
57.962473,5,7804.877824
54.216439,4,7805.18303
59.098709,6,7806.22118
59.088421,6,7806.582937
59.087751,6,7806.796479
59.09918,6,7807.061517
-8.320946,5,7807.344865
57.960474,5,7807.52904
57.775226,7,7807.816644
59.091388,6,7808.016446
54.216439,4,7808.36003
59.08875,6,7808.652578
-7.571913,6,7808.962218
57.965234,5,7809.150159
57.955048,5,7809.371598
59.090974,6,7809.671977
-11.170678,4,7809.900347
57.964291,5,7810.087225
59.088129,6,7810.361672
-11.438202,4,7810.569957
57.967614,5,7810.871843
-11.154994,4,7811.064752
57.965376,5,7811.33576
59.089711,6,7811.548944
59.095216,6,7811.739124
57.967614,5,7812.091373
59.081883,6,7812.333815
59.095566,6,7812.625881
59.099294,6,7812.857007
58.776872,6,7813.050233
57.409398,5,7813.360076
59.096945,6,7813.607236
57.967614,5,7813.787498
-7.855417,5,7814.196597
57.521597,5,7814.429137
59.088834,6,7814.606556
-8.086479,5,7814.890972
-11.517923,4,7815.063806
-8.016741,6,7815.465329
57.967614,5,7815.664176
57.783947,7,7816.024052
59.099294,6,7816.32086
-11.288447,4,7816.518244
57.967614,5,7816.801029
-7.413259,6,7817.381266
59.089415,6,7817.607582
59.09632,6,7817.821666
57.956567,5,7817.99079
57.269874,5,7818.287113
59.088412,6,7818.542967
57.96695,5,7818.762609
59.099294,6,7819.052228
57.962847,5,7819.28812
56.953179,5,7819.798827
57.784457,7,7820.089543
57.955677,5,7820.434903
54.215557,4,7820.63868
-8.030423,5,7820.975471
57.78132,7,7821.255148
57.967614,5,7821.544895
57.967614,5,7821.736957
-8.529775,5,7821.940833
57.78536,7,7822.239871
54.216439,4,7822.466865
57.959477,5,7822.658737
57.967614,5,7822.862603
-8.092064,5,7823.177941
57.787939,7,7823.4989
57.62571,5,7823.699183
57.962875,5,7823.889649
59.090426,6,7824.185525
57.37274,5,7824.639271
-11.57953,4,7824.824844
-11.229702,4,7825.009648
59.099294,6,7825.281643
57.962353,5,7825.541393
57.209817,5,7825.870541
57.83478,5,7826.081149
59.099294,6,7826.296796
57.965486,5,7826.492941
-7.446458,5,7827.006091
57.956142,5,7827.189766
54.216439,4,7827.461009
57.780956,7,7827.745185
58.429766,6,7828.153422
59.082535,6,7828.453236
57.845113,5,7828.678581
-5.900706,6,7829.073416
-7.758433,5,7829.491692
57.958754,5,7829.661643
59.090351,6,7829.981556
54.216439,4,7830.195036
54.216439,4,7830.4913
57.967387,5,7830.691589
54.032308,4,7831.00827
59.088286,6,7831.216144
57.964105,5,7831.410834
57.757926,5,7831.713063
57.603919,6,7832.258959
57.956685,5,7832.495869
-8.596339,5,7832.779093
57.967614,5,7833.190037
59.089877,6,7833.474012
59.098533,6,7833.778742
58.988882,6,7834.07793
-8.121065,6,7834.258211
59.087612,6,7834.550594
-8.119032,5,7834.961638
57.967614,5,7835.143054
57.919959,5,7835.361026
59.090588,6,7835.552211
57.961232,5,7835.736849
57.967614,5,7835.949788
59.087974,6,7836.291582
57.967614,5,7836.506793
57.441982,5,7836.853346
-7.937331,5,7837.251079
57.601008,5,7837.46653
57.967614,5,7837.657971
58.42382,6,7838.108684
57.513056,5,7838.319849
-8.487852,5,7838.631392
59.088022,6,7838.941072
57.522215,5,7839.25959
59.091498,6,7839.560844
57.967614,5,7839.823607
-7.754569,5,7840.09316
-10.984902,4,7840.293438
57.960906,5,7840.493539
-8.304702,5,7840.691
57.960413,5,7840.893476
57.819694,5,7841.188555
57.967614,5,7841.401528
57.965937,5,7841.723109
59.099294,6,7841.99186
57.946671,5,7842.190268
-7.721592,5,7842.538639
-7.8882,5,7842.85862
54.211765,4,7843.171196
59.099294,6,7843.459958
59.098036,6,7843.736767
-11.59246,4,7843.923584
-8.327131,5,7844.12744
57.963616,5,7844.34555
59.092319,6,7844.553531
57.967614,5,7844.844943
57.967614,5,7845.138215
58.35524,6,7845.488275
-8.084998,5,7845.92403
59.091443,6,7846.117721
-7.797752,6,7846.656935
57.959788,5,7846.932991
57.960995,5,7847.111473
-7.90295,5,7847.513941
-11.343113,4,7847.701688
57.788612,7,7847.989516
-8.195806,5,7848.200622
-8.289296,5,7848.437324
-8.048036,5,7848.828163
57.778844,7,7849.100672
57.965339,5,7849.392895
-8.277722,5,7849.580989
57.95601,5,7849.781403
57.967614,5,7850.110463
59.093803,6,7850.405205
-7.732032,5,7850.7465
-7.028243,6,7851.14759
59.089688,6,7851.44215
57.955662,5,7851.723557
57.958947,5,7852.003842
57.966551,5,7852.211382
54.216439,4,7852.500111
57.967614,5,7852.79792
-8.003311,5,7853.079343
57.959354,5,7853.283759
58.395709,6,7853.710172
57.87484,5,7854.019526
57.961881,5,7854.215352
57.946976,5,7854.395385
54.216439,4,7854.707373
59.094258,6,7855.001537
57.967614,5,7855.219409
-8.244535,5,7855.417281
59.09357,6,7855.605637
-7.911934,5,7855.912533
-11.499307,4,7856.120178
57.778417,5,7856.366188
59.096567,6,7856.642713
-8.405301,5,7856.899253
-11.560676,4,7857.079433
59.090676,6,7857.270854
57.779917,7,7857.574311
57.967614,5,7857.784214
54.216439,4,7857.995557
57.960183,5,7858.210604
-7.255018,6,7858.542305
57.434517,6,7858.99383
59.088828,6,7859.279903
57.958423,5,7859.486329
57.965067,5,7859.68514
-8.361475,5,7859.999018
57.758682,5,7860.333806
-7.778558,6,7860.646124
57.759335,5,7860.962609
59.099294,6,7861.262185
57.964974,5,7861.475031
59.099294,6,7861.814267
54.216439,4,7862.039105
59.082155,6,7862.256893
54.215282,4,7862.518906
57.944302,5,7862.882862
57.96675,5,7863.181137
57.965112,5,7863.497138
-11.608973,4,7863.679609
59.094969,6,7863.981086
59.089241,6,7864.277858
57.967614,5,7864.543573
-8.593691,5,7864.740204
57.965613,5,7865.082988
57.545169,5,7865.382262
-11.463438,4,7865.551758
59.096044,6,7865.831445
-7.86611,5,7866.124245
54.210054,4,7866.354246
57.967614,5,7866.606416
59.096443,6,7866.878235
59.099294,6,7867.190411
-8.213679,5,7867.402699
57.967614,5,7867.669222
-7.652326,5,7867.994131
-11.484824,4,7868.18927
59.090768,6,7868.448919
54.213894,4,7868.717834
57.967614,5,7868.921623
-7.486705,6,7869.228169
59.09121,6,7869.430009
57.965512,5,7869.655085
57.967614,5,7869.865638
57.958079,5,7870.082592
59.091423,6,7870.524103
59.090891,6,7870.748518
57.959399,5,7870.959625
57.778528,7,7871.260785
57.966139,5,7871.514113
-7.03848,5,7871.71012
57.961313,5,7871.906872
57.967614,5,7872.201756
-11.203041,4,7872.412969
-8.482462,5,7872.709509
54.05266,4,7872.966281
-8.140886,5,7873.275948
59.088452,6,7873.514257
59.094146,6,7873.77387
57.965598,5,7873.967406
54.216439,4,7874.151124
57.961043,5,7874.353795
57.96457,5,7874.550944
57.841647,5,7874.835268
57.967614,5,7875.057381
-8.343091,5,7875.259069
-8.565528,5,7875.531063
57.776027,7,7875.882353
54.119949,4,7876.113796
57.775498,7,7876.425224
59.09756,6,7876.706383
-11.187605,4,7876.907587
59.096008,6,7877.2021
57.967614,5,7877.498259
57.907667,5,7877.750127
54.216439,4,7877.939395
59.088684,6,7878.241533
59.099294,6,7878.542715
57.967614,5,7878.758737
59.088678,6,7879.029119
59.095546,6,7879.348913
-7.841625,5,7879.620334
57.961981,5,7879.800048
59.090626,6,7880.088811
-7.545487,5,7880.383835
-7.692813,5,7880.723738
57.957615,5,7880.896536
59.099294,6,7881.220137
57.967614,5,7881.456521
-11.13282,4,7881.785904
59.093439,6,7881.981205
54.216439,4,7882.303921
-7.277795,5,7882.777031
-11.407916,4,7882.957725
57.967614,5,7883.22762
57.967614,5,7883.552119
57.743827,5,7883.945596
57.967614,5,7884.165591
57.965974,5,7884.484067
-11.109677,4,7884.786046
57.967614,5,7885.0896
57.657407,5,7885.321271
59.09501,6,7885.643214
-8.210046,5,7885.989477
59.094994,6,7886.279348
-7.994642,6,7886.562257
59.098028,6,7886.762203
57.963338,5,7886.943373
59.095038,6,7887.308061
59.099294,6,7887.611273
57.967614,5,7887.835659
57.957309,5,7888.057381
58.663224,6,7888.283047
57.901823,6,7888.76985
57.781952,7,7889.094151
57.967614,5,7889.359214
-8.155801,5,7889.775253
-7.554314,6,7890.07231
54.207274,4,7890.321496
57.596751,5,7890.595043
57.964375,5,7890.815108
59.099294,6,7891.12315
58.865891,6,7891.426017
57.967502,5,7891.618262
-11.190526,4,7891.821388
59.096065,6,7892.103564
57.570012,5,7892.388846
59.099107,6,7892.683987
57.967614,5,7892.88847
57.967611,5,7893.18343
-7.043821,5,7893.411392
57.967614,5,7893.620303
58.962603,6,7893.872461
57.967614,5,7894.175508
57.967614,5,7894.394173
59.099294,6,7894.714032
58.290688,6,7895.067028
57.967614,5,7895.425024
-11.17158,4,7895.636863
59.088696,6,7895.895475
57.967614,5,7896.19
57.778637,7,7896.489594
-7.040093,5,7896.694066
-8.516016,5,7897.002237
-7.773695,5,7897.378075
57.778657,7,7897.681159
54.216439,4,7897.943896
59.099294,6,7898.17737
-10.88858,4,7898.475184
59.099294,6,7898.676336
59.022576,6,7898.963944
58.575841,6,7899.406177
-11.139473,4,7899.613413
-8.431545,5,7899.906451
57.869287,5,7900.315907
57.964145,5,7900.619739
57.779409,7,7900.916196
-13.682295,3,7901.113352
57.778492,7,7901.427532
-5.901388,6,7901.840901
59.094505,6,7902.144376
57.967025,5,7902.343507
-11.499611,4,7902.56681
57.96459,5,7902.771209
59.099294,6,7903.095392
57.967614,5,7903.476146
57.769356,7,7903.787285
-8.323767,5,7903.996313
59.091005,6,7904.238315
59.099294,6,7904.539889
54.100683,4,7904.750139
57.967614,5,7904.942497
54.216439,4,7905.143604
54.210655,4,7905.48754
-8.100909,5,7905.78293
-11.187145,4,7906.121708
59.089403,6,7906.281069
57.967614,5,7906.595823
-6.237437,6,7907.070912
-11.056119,4,7907.393194
57.962171,5,7907.613902
57.963308,5,7907.812705
57.96118,5,7908.034445
-8.494878,5,7908.319194
53.955905,4,7908.666806
-8.525525,5,7908.937442
59.088192,6,7909.233685
59.099294,6,7909.568441
57.967614,5,7909.92515
57.78954,7,7910.353657
57.959115,5,7910.560416
59.099294,6,7910.855209
59.087682,6,7911.068505
54.216439,4,7911.259528
57.967614,5,7911.501117
57.960972,5,7911.721545
-8.082663,6,7912.023086
59.0952,6,7913.120416
-8.349524,5,7913.533821
-7.766017,5,7913.826654
-11.15399,4,7914.030061
-10.784209,4,7914.332264
54.085775,4,7914.616752
57.424123,5,7914.946711
57.959023,5,7915.148967
-11.414599,4,7915.337388
58.026318,6,7915.816598
59.094491,6,7916.020381
-11.520423,4,7916.201314
-8.004246,5,7916.587917
57.957676,5,7916.760964
57.963088,5,7917.108206
-8.193855,5,7917.327063
59.099294,6,7917.637238
57.957963,5,7917.863789
59.092451,6,7918.201124
59.095547,6,7918.480413
-8.219178,5,7918.869635
57.966525,5,7919.081602
57.967614,5,7919.307576
-8.139157,5,7919.503796
59.00071,6,7919.835423
-8.562752,5,7920.160067
59.085645,6,7920.425071
59.099231,6,7920.83358
54.216439,4,7921.089328
57.627631,5,7921.34015
59.089991,6,7921.55957
59.099294,6,7921.863657
58.88376,6,7922.151022
59.094052,6,7922.435595
59.08254,6,7922.719087
57.967614,5,7922.920222
59.096731,6,7923.202575
59.087444,6,7923.426538
54.216439,4,7923.641571
57.959576,5,7923.853633
59.093712,6,7924.153534
57.77926,7,7924.477685
59.093242,6,7924.657856
-11.532072,4,7924.819673
59.089954,6,7925.133828
59.099294,6,7925.392829
-7.863501,6,7925.748755
-7.668682,6,7926.432566
-8.043052,5,7926.763422
-7.437096,6,7927.375289
57.967614,5,7927.648313
57.960679,5,7927.874486
57.964189,5,7928.113787
-11.481862,4,7928.445152
57.465542,5,7928.677271
59.090979,6,7928.963313
-8.245286,5,7929.270367
58.329017,6,7929.678631
59.08945,6,7929.988206
54.211764,4,7930.215265
59.095288,6,7930.511795
59.099294,6,7930.831347
57.735287,5,7931.03897
57.800392,5,7931.27815
57.782205,5,7931.490325
-7.032386,5,7932.104175
-11.370161,4,7932.317807
-6.910393,6,7932.650329
-8.188742,5,7932.851784
-7.826978,5,7933.073272
54.216439,4,7933.413965
57.955759,5,7933.611992
59.099294,6,7933.92183
59.095005,6,7934.205103
59.092299,6,7934.437474
59.094231,6,7934.656276
54.206354,4,7934.935277
59.091176,6,7935.159851
57.542389,5,7935.389679
57.962509,5,7935.620833
-11.216353,4,7935.843859
54.216439,4,7936.082321
59.098726,6,7936.457545
-5.911648,6,7936.715424
57.961218,5,7936.910267
57.967614,5,7937.1304
59.09686,6,7937.420968
57.961173,5,7937.624223
-8.303032,5,7937.938294
57.961525,5,7938.172188
-8.443105,5,7938.464043
57.956526,5,7938.76519
57.780382,7,7939.06663
57.957482,5,7939.277757
58.764587,6,7939.498938
58.280241,6,7939.967892
57.967614,5,7940.196601
57.412129,5,7940.556397
59.099294,6,7940.857947
54.216439,4,7941.061932
-8.394577,5,7941.248096
59.091901,6,7941.450739
-7.495321,5,7941.75881
57.781901,7,7942.114014
57.958175,5,7942.308705
-6.126861,6,7943.002916
57.967614,5,7943.220003
-7.041856,5,7943.42399
-8.134675,5,7943.848802
56.363063,7,7944.284231
-8.086792,5,7944.635429
-11.449287,4,7944.827815
-7.792294,6,7945.046384
57.967614,5,7945.239354
57.967614,5,7945.527674
-5.916884,6,7945.933601
57.956755,5,7946.149168
-7.877018,5,7946.471943
57.479358,5,7946.845946
59.096641,6,7947.180498
59.090633,6,7947.412589
54.216439,4,7947.609667
57.920774,5,7947.89265
-11.249179,4,7948.104276
-11.480461,4,7948.287162
57.967614,5,7948.512626
59.089336,6,7948.724204
59.09499,6,7948.95118
54.034841,4,7949.204236
57.444135,5,7949.5015
-7.593144,5,7949.911371
59.099294,6,7950.221545
57.967614,5,7950.502962
54.216439,4,7950.817922
59.090937,6,7951.12741
54.214255,4,7951.43058
58.554004,6,7951.858067
57.967614,5,7952.165403
-11.142949,4,7952.481282
59.089446,6,7952.78264
57.967614,5,7953.095597
-7.693666,5,7953.510512
-7.766002,5,7953.85431
53.994031,4,7954.179573
-8.347217,5,7954.401762
57.956739,5,7954.588921
-8.505361,5,7954.879708
59.092221,6,7955.188647
59.086482,6,7955.410884
57.965009,5,7955.759709
-8.298102,5,7955.965268
57.967614,5,7956.263939
-11.177627,4,7956.473848
54.216439,4,7956.659662
59.091984,6,7956.862725
-11.349569,4,7957.117875
59.093566,6,7957.433984
57.964141,5,7957.636828
54.185474,4,7957.938592
57.967614,5,7958.237351
-6.994716,6,7958.548686
57.782667,7,7958.876787
57.803578,5,7959.177893
57.956369,5,7959.366342
57.967614,5,7959.68742
57.336054,5,7959.922682
-11.527463,4,7960.125327
57.779122,7,7960.439402
-8.394813,5,7960.753715
-8.063041,5,7961.020402
57.966179,5,7961.207575
-11.373421,4,7961.406401
-7.920565,5,7961.736251
59.083117,6,7961.943631
57.959002,5,7962.15197
57.966152,5,7962.348593
54.083891,4,7962.716528
59.099294,6,7963.008257
59.098048,6,7963.287308
57.967614,5,7963.577249
-8.525063,5,7963.851106
-11.603066,4,7964.031183
57.323913,5,7964.323225
-7.700507,5,7964.621238
-8.107535,5,7964.915814
57.27773,5,7965.156578
57.967614,5,7965.333314
-11.388623,4,7965.560179
57.967614,5,7965.763394
57.958792,5,7965.940672
59.091114,6,7966.117931
57.963545,5,7966.454168
57.967614,5,7966.660273
59.098377,6,7966.998174
-7.040406,5,7967.230893
-8.482892,5,7967.425599
57.967614,5,7967.667214
59.086482,6,7967.886034
-7.032386,5,7968.388497
59.099294,6,7968.720022
-7.955544,5,7969.048616
57.165224,5,7969.346832
57.966384,5,7969.648882
-5.912145,6,7969.904386
57.967614,5,7970.089029
-11.407641,4,7970.397985
57.967614,5,7970.571795
54.216439,4,7970.886636
59.088837,6,7971.102492
59.096871,6,7971.377662
54.076438,4,7971.713713
57.785124,7,7972.033675
57.775144,7,7972.365194
54.20885,4,7972.698559
-8.324621,5,7972.996248
57.22218,5,7973.2177
-7.912499,5,7973.55375
57.967614,5,7973.844313
-7.604782,6,7974.387192
57.967614,5,7974.734179
59.091426,6,7975.059107
57.95773,5,7975.30989
58.950276,6,7975.65634
-8.305204,5,7975.854202
54.208126,4,7976.180577
-8.056056,5,7976.562294
57.960804,5,7976.766952
-7.739913,6,7977.090708
57.167703,5,7977.547933
57.484053,5,7977.78555
57.267145,5,7977.996204
57.962203,5,7978.199383
57.967614,5,7978.432609
59.099294,6,7978.763322
-11.41846,4,7978.975775
59.096844,6,7979.259045
57.961078,5,7979.467603
-11.087318,4,7979.675236
57.967614,5,7979.878311
59.097286,6,7980.235618
57.967614,5,7980.553866
57.965898,5,7980.767484
54.078686,4,7981.002278
57.961368,5,7981.273165
57.967614,5,7981.577364
59.097534,6,7981.864471
-7.822092,5,7982.167426
57.967614,5,7982.509481
-7.393308,6,7982.875216
57.967614,5,7983.103133
-5.905022,6,7983.338631
-11.414995,4,7983.534574
-8.583861,5,7983.819257
59.090729,6,7984.11464
59.091548,6,7984.320151
59.099294,6,7984.619925
59.082859,6,7984.859588
57.967614,5,7985.098664
57.916877,5,7985.406219
-8.216491,5,7985.765242
59.090472,6,7986.003078
59.099294,6,7986.203304
57.967614,5,7986.424182
57.956922,5,7986.630867
57.769878,7,7986.920455
57.962284,5,7987.127666
-7.852205,5,7987.529406
59.099219,6,7987.714525
57.395699,5,7988.06282
57.963095,5,7988.253611
57.962395,5,7988.424241
57.967614,5,7988.721993
59.09555,6,7988.933291
58.545647,6,7989.140459
57.727853,5,7989.429909
59.078845,6,7989.610215
54.208895,4,7989.942411
57.967614,5,7990.259421
57.865138,5,7990.481401
59.094107,6,7990.777128
57.965562,5,7991.077195
59.087726,6,7991.384559
57.421262,5,7991.73749
-8.241435,5,7991.932793
57.95971,5,7992.226951
59.095381,6,7992.524478
59.034735,6,7992.81975
57.965768,5,7993.07158
-7.890939,5,7993.400746
-8.219038,5,7993.620225
57.967614,5,7993.988913
-7.658222,5,7994.374165
-7.731029,5,7994.730037
59.091223,6,7995.030123
59.099173,6,7995.328884
59.094596,6,7995.534104
-7.848388,6,7995.827115
57.964424,5,7996.069607
59.099294,6,7996.339573
57.967614,5,7996.663544
-7.643485,6,7996.937049
-11.277926,4,7997.144414
-11.228389,4,7997.389263
57.96517,5,7997.582099
59.099294,6,7997.87026
58.517744,6,7998.217289
57.967614,5,7998.445602
58.923751,6,7998.772702
57.961603,5,7999.082857
58.006208,6,7999.472303
-7.744474,5,7999.828827
-7.565309,5,8000.133744
57.783821,7,8000.44032
57.964323,5,8000.653775
57.78954,7,8000.968905
57.965416,5,8001.242615
59.099294,6,8001.533879
57.967614,5,8001.840177
57.706636,5,8002.04396
59.093472,6,8002.335402
59.099294,6,8002.632381
-7.428523,5,8002.976006
59.098753,6,8003.199161
57.692782,5,8003.497657
-11.541384,4,8003.706924
59.078917,6,8003.919377
-11.365284,4,8004.194204
59.099294,6,8004.630837
-11.060566,4,8004.965315
57.967614,5,8005.152546
57.95723,5,8005.362283
57.967614,5,8005.588262
-11.518603,4,8005.772995
-5.90956,6,8006.028058
57.967614,5,8006.239357
57.779171,7,8006.520871
57.77971,7,8006.785723
59.099294,6,8007.068193
57.959686,5,8007.271541
-7.867558,5,8007.488172
59.096274,6,8007.711013
57.95642,5,8007.92539
-11.113566,4,8008.221703
59.099294,6,8008.552689
57.967614,5,8008.782457
54.108094,4,8009.013755
-7.618751,5,8009.238601
-8.064011,6,8009.581371
-8.097278,6,8009.893813
57.958922,5,8010.156806
-7.391371,6,8010.738475
57.967614,5,8011.115302
57.391504,5,8011.432705
-8.448301,5,8011.728688
-6.619998,6,8012.212519
57.967614,5,8012.478881
57.625035,5,8012.784561
57.791988,5,8013.00702
59.098077,6,8013.299143
59.096428,6,8013.754011
54.216439,4,8013.96266
57.956759,5,8014.169083
-7.78494,5,8014.524024
-7.086869,6,8014.838708
59.096916,6,8015.077195
54.216439,4,8015.371251
-6.911445,6,8015.69856
57.49018,5,8015.993403
57.967614,5,8016.215775
57.967614,5,8016.511514
57.961445,5,8016.799037
-8.161322,5,8017.029814
59.094668,6,8017.410466
57.9587,5,8017.716765
59.093901,6,8018.070916
57.967614,5,8018.307057
57.958544,5,8018.534282
57.967614,5,8018.861887
-7.224192,5,8019.417898
59.093444,6,8019.749663
-8.203386,5,8020.080626
57.964574,5,8020.310843
54.216439,4,8020.545614
-6.493569,6,8021.033792
-13.678121,3,8021.235498
59.09385,6,8021.561441
59.095966,6,8021.902415
57.957478,5,8022.101534
59.094686,6,8022.389937
57.967614,5,8022.70459
59.09221,6,8023.749011
-8.388125,5,8024.178221
-10.783561,4,8024.528544
57.967614,5,8024.775593
57.962973,5,8025.010249
57.967614,5,8025.330533
57.78954,7,8025.625378
57.756981,5,8025.863958
57.967614,5,8026.050478
57.964727,5,8026.234783
59.089895,6,8026.418648
-13.746551,3,8026.599521
57.967614,5,8026.79452
57.525411,5,8027.102113
-7.688214,5,8027.477568
57.960953,5,8027.688152
-7.927215,5,8027.947563
57.783145,7,8028.241257
-7.202744,5,8028.644126
54.213195,4,8028.978276
59.088073,6,8029.289762
57.967614,5,8029.579004
54.216439,4,8029.836627
57.96144,5,8030.099716
-11.077001,4,8030.452871
59.099294,6,8030.738086
57.695156,6,8031.196683
54.216439,4,8031.408813
-7.095624,6,8031.730701
59.099294,6,8032.069646
-13.553341,3,8032.301756
-6.069085,6,8032.814438
57.697443,5,8033.118529
57.78954,7,8033.445704
-8.237868,5,8033.76569
59.092377,6,8033.971728
59.08936,6,8034.167945
59.099294,6,8034.385951
-7.594555,6,8034.909833
59.099294,6,8035.22206
-11.590579,4,8035.416273
59.099294,6,8035.646667
-11.243384,4,8035.855524
57.964788,5,8036.103086
59.095471,6,8036.435577
-5.917421,6,8036.640417
59.099294,6,8037.017959
59.099294,6,8037.273218
57.649489,5,8037.571704
-11.332334,4,8037.773151
59.098103,6,8038.069936
57.967614,5,8038.300912
-10.962323,4,8038.701689
57.961272,5,8038.910071
57.967614,5,8039.208817
-11.495646,4,8039.485673
54.216439,4,8039.711233
-11.053928,4,8040.018276
59.094264,6,8040.398572
57.732743,5,8040.861854
58.849498,6,8041.207272
54.210793,4,8041.534498
59.099294,6,8041.89333
57.999398,6,8042.242597
57.967614,5,8042.457908
59.089965,6,8042.702816
-11.452576,4,8042.932474
-8.579501,5,8043.11236
57.99689,6,8043.341365
-7.894836,5,8043.750292
59.098485,6,8044.049989
57.967614,5,8044.376904
57.967614,5,8044.596749
-7.423646,6,8045.147435
-7.677563,5,8045.456623
57.959454,5,8045.778908
57.779012,7,8046.132416
58.314999,6,8046.502362
54.216439,4,8046.818525
-7.602969,6,8047.122206
57.957976,5,8047.352188
54.216439,4,8047.546895
59.099294,6,8047.87326
59.089561,6,8048.063018
57.778129,7,8048.352695
57.96604,5,8048.536651
57.775331,7,8048.867913
57.967614,5,8049.047449
59.099294,6,8049.319326
57.658311,5,8049.637454
59.089569,6,8049.947296
57.870467,6,8050.426808
57.964328,5,8050.620764
57.965344,5,8050.825643
54.216439,4,8051.162654
59.099294,6,8051.391688
-10.783561,4,8051.674022
59.094755,6,8051.958285
57.964658,5,8052.175658
57.967217,5,8052.383338
-8.255145,5,8052.592655
57.959602,5,8052.799914
-11.192763,4,8053.010669
57.992092,6,8053.417089
-7.041736,5,8053.618287
59.087792,6,8053.876565
57.964767,5,8054.090939
-7.531124,6,8054.494679
59.092395,6,8054.731237
57.956361,5,8054.96822
59.094693,6,8055.274379
59.083375,6,8055.479217
-7.924497,5,8055.843514
57.967614,5,8056.162545
57.629053,6,8056.634431
59.099294,6,8056.932897
59.099294,6,8057.254162
57.967614,5,8057.552329
57.600313,7,8057.904877
59.099294,6,8058.183766
-7.781713,5,8058.391842
58.023481,6,8058.761925
57.967614,5,8059.004219
57.967614,5,8059.232388
57.967614,5,8059.536461
-7.754017,5,8059.781756
59.099294,6,8060.081513
54.096926,4,8060.38817
57.964149,5,8060.614851
54.209961,4,8060.82302
57.956353,5,8061.006825
57.778403,7,8061.322955
54.214379,4,8061.652174
59.099294,6,8061.972992
57.766101,5,8062.281715
59.093473,6,8062.509096
59.09737,6,8062.745759
-7.796637,5,8063.181973
57.960485,5,8063.454132
57.959338,5,8063.686911
57.881254,5,8063.958539
59.094623,6,8064.267523
57.779927,7,8064.568994
-11.247946,4,8064.766801
57.958335,5,8064.997647
57.967614,5,8065.207392
-11.550605,4,8065.405671
57.955,5,8065.610617
59.0932,6,8065.952874
-8.379377,5,8066.310129
57.963709,5,8066.504478
57.965929,5,8066.68871
57.962793,5,8067.011323
59.043443,6,8067.269134
57.967614,5,8067.589962
-7.745951,5,8067.943622
-11.608754,4,8068.155851
-8.575172,5,8068.511129
-11.503585,4,8068.69879
57.95636,5,8068.910336
57.967614,5,8069.216803
57.778821,7,8069.548713
54.048781,4,8069.84581
57.778658,7,8070.16923
58.900846,6,8070.591442
57.784534,7,8070.825682
-7.778356,5,8071.341344
57.960784,5,8071.554707
59.09008,6,8071.894701
59.099294,6,8072.275932
57.963857,5,8072.487267
-11.222916,4,8072.67892
57.967614,5,8072.926818
-11.124104,4,8073.247922
57.877722,5,8073.495688
57.967614,5,8073.756974
54.210923,4,8074.064165
57.24621,5,8074.288598
57.963973,5,8074.512067
57.962398,5,8074.727593
57.385974,5,8075.15153
54.209576,4,8075.480549
59.099294,6,8075.784536
57.967614,5,8076.04678
59.089092,6,8076.273159
59.091979,6,8076.576922
59.099135,6,8076.877187
59.09745,6,8077.151126
54.214482,4,8077.353556
59.099294,6,8077.784309
57.959966,5,8077.998462
57.85497,5,8078.214406
57.967614,5,8078.54566
-11.275389,4,8078.783855
54.208181,4,8079.124249
59.088983,6,8079.322493
57.96413,5,8079.545617
57.966264,5,8079.760905
-7.760272,5,8080.105891
57.967614,5,8080.34763
59.08283,6,8080.561209
57.956036,5,8080.778973
-11.315386,4,8081.004406
57.966268,5,8081.20547
57.967614,5,8081.521042
57.961994,5,8081.744044
57.782037,7,8082.041932
57.967614,5,8082.4634
57.966489,5,8082.67573
58.10348,6,8083.153662
57.289556,5,8083.457934
-5.906404,6,8083.739851
57.967614,5,8084.047258
-7.810973,5,8084.376599
59.08839,6,8084.579561
-8.041553,5,8084.987706
-6.995602,6,8085.424495
-11.592075,4,8085.663839
-8.193514,5,8085.91927
57.956189,5,8086.102715
57.967614,5,8086.286657
-7.482203,5,8086.624863
57.642246,5,8086.851227
-8.304195,5,8087.042715
57.967614,5,8087.334362
54.216439,4,8087.661672
59.062006,6,8087.954415
-7.807293,5,8088.277748
57.967614,5,8088.560655
57.967614,5,8088.79376
59.096548,6,8089.017269
54.215135,4,8089.261987
-7.675435,5,8089.594835
54.045953,4,8089.88648
57.937346,6,8090.549446
57.967614,5,8091.067265
57.964078,5,8091.3757
57.455734,5,8091.743114
-11.55255,4,8091.94103
-11.262864,4,8092.160064
54.216439,4,8092.463495
54.216439,4,8092.709432
57.958392,5,8092.908314
54.034719,4,8093.287817
57.963345,5,8093.641612
57.746882,5,8093.88475
-8.134487,5,8094.470583
59.088235,6,8094.693858
56.551661,7,8095.16908
54.216439,4,8095.379973
-7.418389,5,8095.92138
-7.858631,5,8096.290093
54.216439,4,8096.514241
-7.222342,7,8097.042195
57.955773,5,8097.240341
59.053279,6,8097.541273
-7.032386,5,8097.943145
-11.396617,4,8098.231099
57.967614,5,8098.518967
-13.476791,3,8098.721094
59.094807,6,8098.943751
-5.908442,6,8099.368452
-11.395019,4,8099.576521
57.967614,5,8099.892204
57.297614,5,8100.242234
59.093453,6,8100.575729
57.957112,5,8100.757115
59.094102,6,8101.010945
59.089304,6,8101.324112
57.967614,5,8101.622383
54.049786,4,8101.98378
58.987661,6,8102.370126
54.216439,4,8102.782864
57.781865,7,8103.156586
59.096385,6,8103.672106
54.208814,4,8104.022896
-11.530316,4,8104.257444
59.095524,6,8104.575829
59.099294,6,8104.784513
59.099294,6,8105.091347
57.967614,5,8105.420877
58.738638,6,8105.671304
57.967614,5,8105.883695
-6.976642,6,8106.3367
-6.955533,6,8106.714294
59.09767,6,8107.035662
57.963134,5,8107.26618
59.092521,6,8107.588519
58.077872,6,8107.952788
54.216439,4,8108.244023
-11.452211,4,8108.441886
57.953203,5,8108.644129
-6.968074,6,8108.970814
57.471885,5,8109.197227
57.777137,7,8109.483286
59.094915,6,8109.804556
-7.176487,5,8110.362975
54.216439,4,8110.588825
57.956612,5,8110.811807
57.967614,5,8111.033405
59.090504,6,8111.342471
-7.032386,5,8111.872025
59.090628,6,8112.268868
-7.867754,5,8112.679412
59.087378,6,8112.88326
-11.543469,4,8113.083942
-8.351657,5,8113.320218
57.779086,7,8113.764502
57.967614,5,8114.015667
57.965997,5,8114.212939
57.962664,5,8114.444247
59.091167,6,8114.740963
-11.171226,4,8114.955603
59.099294,6,8115.294923
57.479957,5,8115.65188
-8.054994,6,8115.985727
57.690143,5,8116.315807
57.967252,5,8116.54408
54.216439,4,8116.869698
59.093465,6,8117.164177
59.099294,6,8117.393686
59.089974,6,8117.687502
-11.036653,4,8118.071782
54.216439,4,8118.283088
57.322954,5,8118.603937
57.960706,5,8118.806399
-11.242732,4,8119.085689
59.087852,6,8119.411082
59.088259,6,8119.623539
-13.728882,3,8119.836083
-8.129246,5,8120.178469
59.090281,6,8120.524971
-7.988971,5,8121.008647
59.099294,6,8121.50098
-11.459897,4,8121.732359
57.958622,5,8121.936143
59.099294,6,8122.324135
57.967614,5,8122.580969
59.089936,6,8122.80277
-8.453621,5,8123.126232
59.099294,6,8123.487402
-8.384359,5,8123.671285
57.769172,7,8123.908534
59.095463,6,8124.254775
59.09891,6,8124.469088
59.099294,6,8124.8009
-11.147389,4,8125.127451
57.967614,5,8125.33931
-8.096069,5,8125.551639
-11.583208,4,8125.747983
59.099294,6,8126.163143
59.0972,6,8126.540266
57.967614,5,8126.94431
59.089526,6,8127.297242
59.088688,6,8127.61703
-8.575502,5,8127.954195
57.967614,5,8128.187996
59.087309,6,8128.46199
-11.34777,4,8128.894276
57.958688,5,8129.200605
59.090029,6,8129.398527
-11.197882,4,8129.62507
-13.567281,3,8129.897628
59.094559,6,8130.138124
57.954223,5,8130.40424
59.099294,6,8130.64223
-11.356513,4,8130.847109
57.778404,7,8131.224131
59.096263,6,8131.477547
59.089399,6,8131.75789
57.956041,5,8131.980175
59.090343,6,8132.292382
59.090945,6,8132.613737
57.967614,5,8132.870857
-11.212105,4,8133.061219
-8.562717,5,8133.27499
-7.953439,6,8133.709809
57.78954,7,8134.012024
59.094321,6,8134.363663
-5.907653,6,8134.59969
59.090783,6,8134.86256
59.0091,6,8135.212414
54.216439,4,8135.43413
59.091638,6,8135.716051
-13.584274,3,8135.914259
57.95932,5,8136.119838
54.130065,4,8136.333653
-5.910864,6,8136.586807
57.553145,5,8137.065982
57.967614,5,8137.480487
57.96213,5,8137.702962
59.087629,6,8138.006445
-11.429349,4,8138.979604
59.097526,6,8139.323569
59.090968,6,8139.55242
54.210929,4,8139.915757
57.964019,5,8140.148837
57.961234,5,8140.367105
57.967614,5,8140.601714
57.962393,5,8140.901777
57.956541,5,8141.15922
58.85112,6,8141.484618
56.988246,7,8141.956014
57.754274,5,8142.299198
57.786751,7,8142.60927
59.091211,6,8142.81857
57.967614,5,8143.013859
57.478476,5,8143.228177
54.095201,4,8143.510146
54.216439,4,8143.806343
-8.373058,5,8144.065422
57.966701,5,8144.291824
-7.177022,6,8144.62482
-7.931546,5,8144.955095
57.961494,5,8145.155713
-11.34784,4,8145.349201
59.095112,6,8145.652534
-6.906476,6,8145.985099
59.099294,6,8146.344577
57.77727,7,8146.653079
59.096803,6,8146.970114
57.955799,5,8147.194139
59.091647,6,8147.422811
59.087576,6,8147.630993
59.099294,6,8147.987189
-5.900706,6,8148.536669
54.205532,4,8148.881554
57.957423,5,8149.229185
-11.540187,4,8149.432411
57.933482,5,8149.737087
57.681016,5,8150.044245
-13.772855,3,8150.240463
57.443966,5,8150.536302
57.961106,5,8150.738531
-11.480676,4,8151.053541
57.620412,5,8151.273902
-8.263078,5,8151.587215
57.955732,5,8151.807126
57.961005,5,8152.015924
57.782363,7,8152.330689
59.096674,6,8152.638436
54.216439,4,8153.044402
54.205483,4,8153.354288
57.780175,7,8153.841678
59.087367,6,8154.081864
57.967614,5,8154.648171
58.742106,6,8155.164351
59.099294,6,8155.540498
57.965507,5,8155.790282
54.216439,4,8156.201883
54.21625,4,8156.57418
54.110971,4,8156.936604
58.70652,6,8157.230256
57.967614,5,8157.560508
58.206535,6,8158.29507
57.964064,5,8158.514757
58.480713,6,8159.084919
57.962521,5,8159.300725
-6.844987,6,8159.776948
54.216439,4,8160.164873
57.78048,7,8160.638721
57.967614,5,8160.907157
57.967614,5,8161.271606
-7.955711,5,8161.587504
-11.230196,4,8161.799282
59.099294,6,8162.048224
59.083701,6,8162.272832
57.781253,7,8162.649623
59.093487,6,8162.999039
-11.009582,4,8163.326907
-8.167611,6,8163.640979
58.342291,6,8163.929443
-7.338085,6,8164.253025
57.499594,5,8164.696045
57.967614,5,8164.980773
-8.533275,5,8165.21774
-8.137111,6,8165.56469
57.882,5,8165.844429
58.792537,6,8166.168755
57.959759,5,8166.404594
-10.783561,4,8166.611738
59.092704,6,8166.789264
57.957487,5,8166.992203
59.095231,6,8167.309757
58.124743,6,8167.794235
57.959677,5,8168.010176
59.099294,6,8168.325069
59.099278,6,8168.640111
57.967614,5,8168.91695
57.956818,5,8169.126159
-8.326272,5,8169.422164
58.590172,6,8169.75953
-8.143185,5,8170.109374
-11.172442,4,8170.330706
-11.209243,4,8170.649466
57.78954,7,8171.055907
57.958291,5,8171.413084
57.963077,5,8171.606479
57.967576,5,8171.858984
57.852266,5,8172.131699
57.778322,7,8172.443272
57.819746,5,8172.756449
58.76412,6,8173.072486
-8.016285,5,8173.379657
-8.18809,6,8173.703405
59.099294,6,8174.008764
54.212132,4,8174.321165
57.919905,5,8174.57121
54.216439,4,8174.874061
-8.158843,5,8175.091236
-11.530483,4,8175.299421
59.096236,6,8175.593754
59.088095,6,8175.909486
57.967614,5,8176.104051
57.964375,5,8176.346051
57.965192,5,8176.678581
59.099294,6,8177.053768
57.967614,5,8177.282451
59.099157,6,8177.636329
59.091507,6,8177.867216
-7.828076,5,8178.205876
59.099294,6,8178.707054
59.099294,6,8179.021093
54.216439,4,8179.239264
57.610831,5,8179.525068
54.216439,4,8179.868088
59.095951,6,8180.080026
59.092396,6,8180.342611
57.217885,5,8180.704795
57.958482,5,8180.917821
54.216439,4,8181.212373
59.092488,6,8181.423101
-8.023464,6,8181.717816
59.091202,6,8181.934242
59.088581,6,8182.177769
57.967614,5,8182.556075
54.216439,4,8182.880557
58.583526,6,8183.297789
57.967614,5,8183.684443
-7.645884,5,8184.091922
59.099294,6,8184.451916
59.095135,6,8184.72498
54.216439,4,8185.104615
57.78425,7,8185.465287
59.095604,6,8185.822044
-7.59885,6,8186.158866
57.967614,5,8186.45707
57.783673,7,8186.764372
59.09133,6,8187.062083
-8.254312,5,8187.388868
59.094774,6,8187.736018
57.376105,5,8188.104088
59.093815,6,8188.297215
-7.94119,5,8188.665862
57.549482,5,8188.882531
-8.103094,5,8189.226228
59.099294,6,8189.577121
59.096176,6,8189.842312
-13.550477,3,8190.170573
57.335049,5,8190.758269
-11.287452,4,8190.985995
57.771347,5,8191.478308
-8.251017,5,8191.710243
-8.232133,5,8191.927038
-7.556037,5,8192.253082
-8.112091,6,8192.554161
57.957889,5,8192.752123
54.213333,4,8193.09604
57.967614,5,8193.315849
57.967614,5,8193.646351
58.662642,6,8193.956004
59.097515,6,8194.251946
57.967614,5,8194.446957
-7.028439,6,8194.887438
59.091665,6,8195.223461
57.967614,5,8195.568377
-8.116797,5,8195.802272
57.396232,5,8196.050905
59.099294,6,8196.41513
57.960407,5,8196.629029
57.967614,5,8196.904002
57.967614,5,8197.277008
-11.523796,4,8197.484756
57.966159,5,8197.693533
-7.032386,5,8198.322368
-13.728589,3,8198.514075
-13.653191,3,8198.839874
-11.437152,4,8199.06452
57.967614,5,8199.427402
59.087417,6,8199.616012
57.967614,5,8200.003265
59.09327,6,8200.372154
54.189299,4,8200.694328
57.871667,5,8200.921265
-5.918471,6,8201.128997
57.680972,5,8201.6318
54.216439,4,8201.946031
-7.673989,6,8202.21665
-11.41766,4,8202.422728
59.092822,6,8202.736021
57.690691,5,8202.988049
57.775919,7,8203.344365
59.095526,6,8203.928135
54.216439,4,8204.177877
57.955089,5,8204.46417
57.851639,5,8204.781545
59.099294,6,8205.096285
54.216439,4,8205.414638
59.097779,6,8205.643341
57.778801,7,8205.98221
57.780265,7,8206.346476
57.967614,5,8206.569472
57.961113,5,8206.771413
59.085355,6,8207.092622
59.052983,6,8207.345869
59.09058,6,8207.641932
-8.213256,6,8207.923275
-8.56602,5,8208.121787
57.784124,7,8208.443415
-11.035628,4,8208.684473
-11.113142,4,8208.988134
57.91727,5,8209.204414
59.092922,6,8209.512259
57.966895,5,8209.838918
59.027832,6,8210.259953
57.960968,5,8210.619513
57.961108,5,8211.014979
57.780346,7,8211.363407
57.84056,5,8211.691044
59.088754,6,8212.006652
59.0922,6,8212.338748
59.098129,6,8212.651464
57.957691,5,8212.885214
57.806087,5,8213.136076
-8.031962,5,8213.388198
57.965936,5,8213.617085
54.216439,4,8213.820962
57.955771,5,8214.034259
57.967614,5,8214.267322
57.619686,5,8214.564566
57.959833,5,8214.757205
57.966301,5,8214.98074
-11.539328,4,8215.196962
59.099294,6,8215.471289
57.967278,5,8215.684924
57.963419,5,8215.899312
57.967614,5,8216.080239
59.097609,6,8216.376992
57.967614,5,8216.655081
-11.436401,4,8216.919868
57.967614,5,8217.152981
-7.187947,6,8217.517182
59.085923,6,8217.743076
57.967614,5,8217.965039
-13.531595,3,8218.169601
-7.328614,6,8218.585151
57.715087,5,8218.822161
57.962519,5,8219.200006
-7.515857,5,8220.990765
59.087884,6,8221.332441
54.216439,4,8221.688395
57.775513,7,8221.887768
59.094364,6,8222.384455
57.967614,5,8222.774118
59.090959,6,8223.01514
57.625781,5,8223.357337
59.093737,6,8223.7219
59.092902,6,8224.033995
57.779348,7,8224.352937
57.967614,5,8224.69664
59.099294,6,8225.022679
57.963981,5,8225.218472
-8.361937,5,8225.520278
-7.691256,6,8225.784584
57.967614,5,8226.226057
59.091266,6,8226.571211
57.967614,5,8226.809527
57.967614,5,8227.034076
57.967313,5,8227.231114
59.087322,6,8227.418344
59.098105,6,8227.662931
59.099294,6,8228.000048
-8.458692,5,8228.369004
57.958559,5,8228.701035
-7.888225,6,8229.020617
59.099294,6,8229.353405
-11.123425,4,8229.554179
59.099294,6,8229.869081
57.964107,5,8230.249461
59.096006,6,8230.498997
57.964838,5,8230.863031
57.963454,5,8231.083647
-8.002771,5,8231.297982
54.21567,4,8231.58313
57.967614,5,8231.835123
59.09001,6,8232.147525
59.093501,6,8232.462203
-7.668527,5,8232.83768
54.216439,4,8233.073364
-8.135623,5,8233.384427
59.092793,6,8233.803041
57.967614,5,8234.252317
54.209363,4,8234.49503
-7.88726,5,8234.896147
59.095284,6,8235.224935
54.209287,4,8235.444362
57.879107,5,8235.674911
57.78954,7,8236.00758
-7.816166,5,8236.245985
57.778957,7,8236.468868
57.967614,5,8236.830431
-7.032386,5,8237.449422
59.097,6,8237.784732
54.215452,4,8238.125911
-5.911005,6,8238.380254
-7.854121,5,8238.804798
-11.596566,4,8239.003271
54.216439,4,8239.308789
59.091324,6,8239.687169
59.044921,6,8239.881878
59.098785,6,8240.256264
59.089215,6,8240.48068
59.096346,6,8240.784267
-8.084358,5,8241.107325
59.099294,6,8241.562895
57.967614,5,8241.774421
57.967614,5,8241.986648
57.955671,5,8242.190457
54.216439,4,8242.498961
57.810387,5,8242.727374
57.957042,5,8242.940495
59.099294,6,8243.286031
-7.446155,6,8243.669843
59.094402,6,8243.952124
57.782691,7,8244.496015
59.099294,6,8244.768595
54.079634,4,8245.15488
58.719306,6,8245.511676
59.099294,6,8245.767302
57.78241,7,8246.110563
54.207955,4,8246.426294
57.955984,5,8246.676141
59.092094,6,8247.284005
-11.255375,4,8247.795224
-7.952219,5,8248.082913
59.092794,6,8248.36056
-8.307567,5,8248.568401
54.208776,4,8248.768291
54.213457,4,8249.121218
57.96486,5,8249.432919
-7.884733,5,8249.858829
57.962243,5,8250.096176
59.087546,6,8250.473472
-11.503615,4,8250.685078
-11.35578,4,8250.890455
57.556631,5,8251.252964
57.884865,5,8251.478904
59.099294,6,8251.797397
-11.481272,4,8252.126012
59.099294,6,8252.447695
-8.165342,5,8252.869274
57.965649,5,8253.177961
57.953617,5,8253.387565
57.10557,5,8253.697311
57.783033,7,8254.007262
59.096775,6,8254.363829
59.08839,6,8254.740515
57.785132,7,8255.049774
59.097081,6,8255.36261
57.95573,5,8255.599988
-7.042051,5,8256.013489
57.831617,5,8256.363806
57.438918,5,8256.594799
57.967614,5,8256.900866
57.966768,5,8257.143816
57.78954,7,8257.445125
-8.092447,5,8257.749408
59.093766,6,8258.073907
59.024998,6,8258.457295
59.090394,6,8259.360128
59.087944,6,8259.728326
59.099107,6,8260.192414
57.966968,5,8260.41257
57.967614,5,8260.648604
57.955725,5,8260.972762
59.093528,6,8261.309564
57.436413,5,8261.662797
57.960422,5,8261.979029
57.783814,7,8262.315981
57.963085,5,8262.550756
54.216439,4,8262.796273
-7.032386,5,8263.357238
58.598849,6,8263.67328
59.093842,6,8263.873324
-8.449261,5,8264.173191
57.967614,5,8264.413503
57.955875,5,8264.679773
-7.969542,5,8264.989679
59.055528,6,8265.332549
-7.996532,6,8265.760864
59.090204,6,8266.376082
59.099294,6,8266.728663
57.952879,5,8266.954859
57.735253,5,8267.160329
-8.296935,5,8267.408456
59.08797,6,8267.633554
57.963388,5,8267.85482
57.967614,5,8268.078142
54.149108,4,8268.334556
54.216439,4,8268.528227
59.099294,6,8268.901525
57.785508,5,8269.22837
59.084559,6,8269.447387
-8.506987,5,8269.748585
57.963455,5,8269.955253
-11.313872,4,8270.215408
57.963235,5,8270.418993
-8.106713,6,8270.714412
-8.132291,5,8270.916579
-7.831247,5,8271.348899
58.661079,6,8271.658266
-11.073367,4,8271.881659
57.967614,5,8272.174726
58.745325,6,8272.522499
57.967614,5,8272.726306
-11.54083,4,8272.924987
58.919633,6,8273.269397
54.216439,4,8273.582774
57.967614,5,8273.876153
57.958864,5,8274.083272
59.095254,6,8274.320958
59.089595,6,8274.536388
57.967614,5,8274.745462
54.216439,4,8275.007685
59.096479,6,8275.278613
-7.528483,6,8275.560307
59.092526,6,8275.873055
57.965741,5,8276.098087
57.862806,5,8276.464217
57.967614,5,8276.766213
-10.786276,4,8276.991946
59.097036,6,8277.339373
-8.014586,5,8277.654947
-8.467559,5,8277.864122
59.099294,6,8278.179396
57.959404,5,8278.396801
-7.853974,6,8278.811724
59.08855,6,8279.121186
59.094697,6,8279.439638
59.098877,6,8279.744016
54.216439,4,8280.051337
57.528342,5,8280.383183
57.962561,5,8280.606297
57.967614,5,8280.972708
59.099294,6,8281.366025
54.216439,4,8281.60935
59.092207,6,8281.823426
54.212948,4,8282.058582
59.091908,6,8282.350154
-7.469274,6,8282.666656
59.096676,6,8282.96543
-8.373455,5,8283.186286
-7.71112,6,8283.566295
57.967488,5,8283.788739
59.099294,6,8284.114131
59.085255,6,8284.442497
-8.18471,5,8284.655076
-5.914158,6,8285.261934
-7.048541,5,8285.482472
54.216439,4,8285.830712
59.099294,6,8286.146751
54.216439,4,8286.444525
-8.450426,5,8286.77345
-8.303645,5,8286.967307
59.099294,6,8287.322564
57.967614,5,8287.554565
-8.452468,5,8287.829328
54.216439,4,8288.05245
54.073797,4,8288.359715
54.077778,4,8288.724529
57.957624,5,8288.95777
57.956535,5,8289.166521
57.966889,5,8289.39411
57.96168,5,8289.661818
57.967614,5,8289.893265
-11.322837,4,8290.19083
-8.032929,5,8290.604769
57.917647,5,8290.89416
59.078294,6,8291.218288
59.099294,6,8291.546039
59.088436,6,8292.099507
58.808333,6,8292.301261
57.963347,5,8292.626767
57.967614,5,8292.932374
54.216439,4,8293.273878
59.099294,6,8293.617363
59.099294,6,8293.905438
59.099294,6,8294.22327
57.961725,5,8294.550623
54.216439,4,8294.8687
59.095228,6,8295.22889
-8.13013,5,8295.603045
57.960647,5,8295.828531
59.092239,6,8296.154483
59.091307,6,8296.466241
-8.044024,5,8296.837121
57.780471,7,8297.244072
54.216439,4,8297.507029
57.956301,5,8297.712834
59.08875,6,8298.160778
59.089394,6,8298.483679
57.778013,7,8298.83211
-8.306118,5,8299.054962
59.085808,6,8299.251815
-11.275552,4,8299.652613
59.098659,6,8300.053221
-10.900743,4,8300.306253
57.967614,5,8300.527076
59.088983,6,8300.82928
57.961643,5,8301.045316
-11.113772,4,8301.402716
59.088863,6,8301.632385
-7.471392,6,8302.017693
57.965622,5,8302.353173
59.091688,6,8302.612261
59.098553,6,8302.958374
-7.972992,5,8303.270043
54.205521,4,8303.570065
57.956086,5,8303.795536
-11.28884,4,8303.998681
-11.59719,4,8304.214177
57.967614,5,8304.572086
59.099294,6,8304.925226
54.216439,4,8305.281143
57.794356,5,8305.674005
57.492554,5,8305.993658
-5.900706,6,8306.433456
57.967614,5,8306.651607
59.029827,6,8306.921682
54.216439,4,8307.22268
59.099294,6,8307.523034
57.399582,5,8307.764845
57.780036,7,8308.158193
57.96087,5,8308.402328
59.099174,6,8308.741886
57.462439,5,8309.05493
57.962489,5,8309.343329
-10.787858,4,8309.594569
57.488303,5,8309.897224
59.082078,6,8310.150263
54.216439,4,8310.414306
-11.234181,4,8310.804462
57.716478,5,8311.103806
57.967614,5,8311.363299
57.967614,5,8311.709696
59.088946,6,8311.950306
59.086795,6,8312.326438
-8.129492,5,8312.616489
59.099294,6,8312.944172
57.967614,5,8313.224825
-7.032386,5,8313.629809
59.092992,6,8313.866404
57.958115,5,8314.126397
57.967614,5,8314.331299
57.727068,5,8314.648396
59.097724,6,8314.966655
57.963348,5,8315.243914
59.097183,6,8315.47552
-8.214166,5,8315.968631
-6.240544,6,8316.491693
57.748535,5,8316.711153
58.515287,6,8317.046091
59.090818,6,8317.416574
59.099294,6,8317.730712
59.099294,6,8318.034191
54.216439,4,8318.243382
-5.900706,6,8318.894046
59.094638,6,8319.212865
-8.212907,5,8319.464903
-8.251958,5,8319.951289
57.963706,5,8320.196422
57.023015,5,8320.720451
59.083415,6,8321.052448
59.088794,6,8321.396207
54.035317,4,8321.657238
59.099294,6,8321.953621
-11.122682,4,8322.263308
59.098976,6,8322.48032
59.083393,6,8322.766166
57.965067,5,8323.123344
59.095744,6,8323.356598
54.169881,4,8323.663015
57.967614,5,8323.874704
57.967614,5,8324.105587
57.966611,5,8324.368463
57.958752,5,8324.668848
59.082815,6,8324.896421
54.216439,4,8325.139611
57.961087,5,8325.348274
-10.964407,4,8325.746982
59.089965,6,8326.104866
59.099294,6,8326.426249
59.091915,6,8326.707798
57.962014,5,8326.904204
-7.930516,5,8327.182665
59.093387,6,8327.535393
59.097971,6,8327.796988
57.967614,5,8328.125421
54.216439,4,8328.352284
-7.00611,6,8328.70542
57.965125,5,8328.909774
54.206586,4,8329.146123
59.087972,6,8329.418542
54.183554,4,8329.701764
-11.227627,4,8329.923722
57.967614,5,8330.192638
59.099294,6,8330.497368
-8.147721,6,8330.846917
57.786605,7,8331.198291
-10.983307,4,8331.576291
57.967614,5,8331.81379
57.782962,5,8332.068622
57.958128,5,8332.270598
57.957844,5,8332.576609
57.962577,5,8332.89747
57.964307,5,8333.130373
57.96666,5,8333.372197
57.224037,5,8333.756356
57.967614,5,8334.101845
57.967614,5,8334.318414
59.09133,6,8334.536284
54.207352,4,8334.749402
59.099294,6,8335.197451
57.956328,5,8335.419252
-11.455341,4,8335.613684
-8.351792,5,8335.816323
-7.229707,6,8336.263895
59.099294,6,8336.565362
59.0947,6,8336.910935
59.099294,6,8337.257395
57.967614,5,8337.593414
57.78292,7,8337.942209
59.099059,6,8338.271622
57.95939,5,8338.487467
-11.243578,4,8338.689357
57.967614,5,8339.010378
57.766639,5,8339.403391
-7.824546,5,8339.737724
57.967614,5,8340.014421
59.0968,6,8340.339559
57.964932,5,8340.676225
54.216439,4,8340.985586
59.099294,6,8341.349827
-11.592427,4,8341.560893
57.784098,7,8341.863096
57.960934,5,8342.090199
57.153688,5,8342.548326
57.439928,5,8342.850258
57.965737,5,8343.184361
-8.387952,5,8343.370154
-8.228109,5,8343.699401
-5.922573,6,8343.995501
57.9611,5,8344.190366
-7.773044,5,8344.557641
57.960109,5,8344.782119
59.091264,6,8344.999285
-11.5486,4,8345.195286
57.482172,5,8345.503808
57.966089,5,8345.717998
59.099294,6,8346.05905
57.967614,5,8346.345269
-11.417135,4,8346.558146
57.967614,5,8346.775273
54.205126,4,8347.001542
-11.147872,4,8347.207032
-8.38439,5,8347.53723
-10.783561,4,8347.87657
57.956976,5,8348.211748
-11.122984,4,8348.536855
57.967614,5,8348.859516
59.088386,6,8349.079787
57.959477,5,8349.423636
57.781483,7,8349.789032
59.099294,6,8350.181146
59.092546,6,8350.53925
-11.186774,4,8350.783904
57.960175,5,8351.092795
57.963704,5,8351.404077
-11.509004,4,8351.595551
59.088568,6,8351.970218
57.967614,5,8352.253398
57.967614,5,8352.506623
-7.196937,6,8352.840873
57.960616,5,8353.045645
59.094383,6,8353.360245
-10.971439,4,8353.552896
59.099294,6,8353.840355
57.90647,5,8354.084769
57.959552,5,8354.381077
59.091834,6,8354.708513
-7.786428,5,8355.068362
57.964052,5,8355.292526
59.099294,6,8355.522545
57.967614,5,8355.75244
57.967566,5,8355.989062
54.216439,4,8356.295541
59.099294,6,8356.60364
-8.230942,5,8357.02995
59.099294,6,8357.379198
-11.254448,4,8357.589626
59.098211,6,8357.892933
57.225141,5,8358.359904
59.094307,6,8358.595671
-8.136593,5,8358.853138
54.216439,4,8359.161205
57.965198,5,8359.479877
57.777736,7,8359.848221
-8.597824,5,8360.147079
57.96641,5,8360.478595
57.958841,5,8360.703161
-11.586161,4,8360.872294
57.967614,5,8361.093329
-8.426632,5,8361.41663
-7.823568,6,8361.806439
-5.91525,6,8362.010355
57.082724,7,8362.461796
-8.46757,5,8362.784206
59.089185,6,8363.108614
-8.13521,6,8363.342565
59.088742,6,8363.619707
-7.863825,5,8363.960757
59.097309,6,8364.299878
57.681167,5,8364.698827
57.831069,5,8364.9516
-7.717994,5,8365.311861
-11.312691,4,8365.581488
59.088432,6,8365.944497
59.093453,6,8366.268239
-8.372807,5,8366.479694
54.216439,4,8366.700773
54.216439,4,8367.028241
59.089505,6,8367.301637
57.408587,5,8367.551445
59.099294,6,8367.874144
58.125788,6,8368.245418
-8.590313,5,8368.562095
59.099294,6,8368.89853
57.956475,5,8369.103983
54.216439,4,8369.416408
-5.913709,6,8369.6876
-7.649926,5,8370.027387
-13.710181,3,8370.435454
57.967614,5,8370.790079
57.780062,7,8371.73519
59.090757,6,8372.108291
59.099294,6,8372.513295
57.960669,5,8372.788826
57.967614,5,8373.022953
57.776903,7,8373.433561
-8.59371,5,8373.662692
59.093901,6,8373.972739
-7.900001,5,8374.289442
59.099294,6,8374.566416
59.093891,6,8374.88393
-6.292006,6,8375.438024
57.967614,5,8375.787655
-7.398654,5,8376.311831
54.207879,4,8376.663961
58.827319,6,8377.031873
57.96554,6,8378.477594
57.967614,5,8378.752014
59.088783,6,8378.997149
59.092796,6,8379.250325
59.091658,6,8379.570374
59.09088,6,8379.788722
57.967614,5,8380.039526
57.967614,5,8380.488743
57.784171,7,8380.840462
59.099294,6,8381.19073
-7.889746,5,8381.582008
57.781347,7,8381.983771
59.091777,6,8382.340469
59.088879,6,8383.205738
57.967614,5,8383.744738
-7.85287,5,8384.230734
-8.125915,5,8384.484004
54.216439,4,8384.824339
59.097014,6,8385.251602
-11.449342,4,8385.478288
57.735857,5,8385.789934
57.323727,5,8386.340386
57.521277,5,8386.686336
-8.370636,5,8386.993978
-8.501301,5,8387.320953
-11.066753,4,8387.544113
57.958971,5,8387.788486
-8.172252,5,8388.024281
57.234403,5,8388.495076
57.961675,5,8388.847386
54.216439,4,8389.16481
-7.586845,5,8389.49104
54.208889,4,8389.847791
59.096287,6,8390.059226
57.96582,5,8390.263311
59.088827,6,8390.562389
54.216439,4,8390.882021
-8.585891,5,8391.11713
-8.239676,5,8391.385377
-8.428191,5,8391.564495
59.088268,6,8391.774523
57.783086,7,8392.074878
59.090363,6,8392.270658
57.967614,5,8392.523946
59.099294,6,8392.764761
57.96417,5,8392.955512
57.967614,5,8393.350135
-8.207858,5,8393.577476
58.689251,6,8394.047189
-8.094,6,8394.391692
53.694845,4,8394.760271
57.967614,5,8394.987419
57.956411,5,8395.198467
-8.482583,5,8395.413744
54.21418,4,8395.738302
57.830949,5,8395.945388
-11.076568,4,8396.215693
57.956473,5,8396.524146
59.097107,6,8396.754038
57.967614,5,8397.084957
57.967614,5,8397.307934
-7.045409,5,8397.507104
-11.307014,4,8397.722208
-8.438212,5,8398.036663
57.967614,5,8398.301039
59.099294,6,8398.666547
57.961844,5,8398.930776
59.094192,6,8399.146954
57.670475,5,8399.555389
57.960543,5,8399.784103
-11.553829,4,8400.094305
59.092876,6,8400.62274
-10.783561,4,8401.226737
59.099294,6,8401.710242
59.099294,6,8401.953872
57.55885,5,8402.307824
-8.102294,5,8402.829351
59.099294,6,8403.236581
57.967614,5,8403.471306
59.099294,6,8403.768476
59.092072,6,8404.107971
58.240906,6,8404.498504
54.03723,4,8404.720568
57.967614,5,8405.044597
57.958522,5,8405.281657
57.967614,5,8405.598058
57.609839,5,8405.863085
59.089901,6,8406.158861
59.099294,6,8406.380852
58.207564,6,8406.856573
59.08847,6,8407.084354
57.956358,5,8407.266744
57.908687,5,8407.598906
54.206564,4,8407.949292
57.967614,5,8408.192786
57.960195,5,8408.403075
57.963259,5,8408.60868
57.961805,5,8408.814993
59.095466,6,8409.115047
-7.032386,5,8409.504612
54.114726,4,8409.84275
-6.174834,6,8410.309675
54.216439,4,8410.514998
58.560131,6,8410.950166
57.956763,5,8411.156609
57.967614,5,8411.36105
57.955114,5,8411.556722
-7.91039,5,8411.748848
59.099294,6,8412.062845
57.962867,5,8412.296827
57.967614,5,8412.538617
-7.714489,5,8412.914587
-8.570902,5,8413.20576
59.094649,6,8413.528352
57.959844,5,8413.75563
-8.213461,6,8414.071901
59.082191,6,8414.279707
57.396536,5,8414.526821
54.128592,4,8414.730142
-8.56264,5,8414.920648
57.432646,5,8415.221514
57.963394,5,8415.420455
57.963406,5,8415.684094
57.966158,5,8415.958836
59.09377,6,8416.256665
59.098027,6,8416.480373
-7.677978,6,8416.758762
-10.99102,4,8417.118941
57.772077,7,8417.405087
59.090317,6,8417.699987
54.216439,4,8417.936407
-8.373255,5,8418.129144
57.960447,5,8418.468073
59.088052,6,8418.678626
57.964304,5,8418.990954
54.216439,4,8419.237566
56.837384,7,8419.717876
57.962302,5,8419.938062
-11.186933,4,8420.143766
57.96378,5,8420.461897
-7.713644,5,8420.653448
59.091603,6,8420.870823
57.967614,5,8421.220346
59.092217,6,8421.525773
-11.593508,4,8421.728616
-8.17727,5,8422.070273
57.648144,5,8422.324524
59.090035,6,8422.532309
59.099294,6,8422.864723
-8.235082,5,8423.166684
59.088315,6,8423.477106
57.714218,5,8423.744092
58.235751,6,8424.130802
57.518954,5,8424.484757
57.967614,5,8424.78706
58.214488,6,8425.232721
57.961985,5,8425.610874
57.967614,5,8425.843766
59.08847,6,8426.209329
-8.328558,5,8426.55707
59.093858,6,8426.865226
-11.21874,4,8427.088037
57.679785,5,8427.303402
57.967614,5,8427.526778
59.089643,6,8427.754123
59.084115,6,8428.058315
59.095132,6,8428.354897
59.099294,6,8428.602008
59.08642,6,8428.79055
59.092316,6,8428.984551
59.092612,6,8429.295104
54.209236,4,8429.519411
-8.001525,5,8429.905236
57.967614,5,8430.174043
57.957966,5,8430.483042
59.094378,6,8430.687567
-11.437206,4,8430.89218
-8.08248,5,8431.412687
57.962201,5,8431.632707
59.091113,6,8431.858246
59.099294,6,8432.194999
57.487981,5,8432.492087
57.967614,5,8432.876913
57.378043,5,8433.188761
-8.000942,5,8433.439113
57.564329,6,8433.901583
57.967614,5,8434.110183
57.78954,7,8434.478531
58.575615,6,8434.874867
57.956159,5,8435.066778
59.08883,6,8435.34723
57.783282,7,8435.695026
59.099294,6,8435.934149
59.098787,6,8436.247096
-11.523208,4,8436.453825
54.133895,4,8436.725027
57.967614,5,8436.947419
59.093907,6,8437.166442
54.216439,4,8437.501878
-7.860856,5,8437.826533
59.09487,6,8438.130065
57.962438,5,8438.454834
57.967614,5,8438.802438
57.959205,5,8438.9928
57.967614,5,8439.220415
59.095789,6,8439.51906
57.642894,5,8439.845485
54.216439,4,8440.128876
57.963182,5,8440.404005
59.099294,6,8440.715357
59.086176,6,8440.932412
54.179656,4,8441.245831
59.099294,6,8441.561308
59.087574,6,8441.862257
57.771768,7,8442.235433
57.960977,5,8442.472647
59.098886,6,8442.779118
-8.469084,5,8443.09847
-11.566504,4,8443.29269
57.78373,7,8443.607924
59.099294,6,8443.911964
-6.758458,6,8444.385086
57.967614,5,8444.727076
59.092881,6,8444.948879
-13.647097,3,8445.149484
57.959643,5,8445.363164
59.092103,6,8445.692144
57.96601,5,8445.913982
57.967614,5,8446.132114
57.732737,5,8446.45803
54.213679,4,8446.687691
59.099294,6,8446.989727
-7.531936,5,8447.498406
53.728654,4,8447.914769
-7.842434,6,8448.303584
57.967614,5,8448.624563
57.462824,5,8448.940642
57.967614,5,8449.139737
59.099294,6,8449.405299
59.09581,6,8449.748994
54.209801,4,8450.087082
-7.780757,5,8450.417742
59.099294,6,8450.865455
57.782234,7,8451.166769
59.099294,6,8451.614202
59.099294,6,8451.957603
59.095216,6,8452.286619
57.967614,5,8452.557992
-11.515542,4,8452.74751
-7.829599,6,8453.173439
-7.755751,6,8453.511204
-7.993945,5,8453.88155
-8.568125,5,8454.192838
57.489588,5,8454.51203
59.089484,6,8454.732089
59.099294,6,8454.935258
57.788056,7,8455.244991
59.094401,6,8455.556806
57.955623,5,8455.913688
57.967289,5,8456.168631
59.088467,6,8456.449686
-7.998757,5,8456.869742
58.949457,6,8457.313368
57.960579,5,8457.555781
57.961905,5,8457.773666
59.088786,6,8458.0442
57.967614,5,8458.383747
59.094169,6,8458.693943
-7.624856,5,8458.900635
-8.347279,5,8459.243919
57.964777,5,8459.427692
57.958015,5,8459.636507
58.252857,6,8459.993833
57.958584,5,8460.420577
57.788549,7,8460.830631
53.685243,4,8461.216858
59.099294,6,8461.607752
57.957408,5,8461.865867
59.099082,6,8462.179001
59.088766,6,8462.461058
57.785346,7,8462.830925
59.086061,6,8463.046548
59.083903,6,8463.362508
-7.935994,5,8463.669048
59.087914,6,8463.884686
58.91161,6,8464.341057
54.216439,4,8464.673339
-8.211975,5,8464.947471
54.054586,4,8465.276869
59.093921,6,8465.899061
-8.577892,5,8466.2328
-7.557405,5,8466.555514
59.08884,6,8466.879681
54.216439,4,8467.084092
-11.37615,4,8467.310714
57.965717,5,8467.763304
54.20495,4,8468.078233
57.957965,5,8468.286664
-6.694503,6,8468.704469
-11.115276,4,8469.044562
57.965163,5,8469.333901
57.782358,7,8469.643655
59.099294,6,8469.965083
59.09639,6,8470.242919
-8.141943,5,8470.47204
57.967614,5,8470.851272
57.956486,5,8471.058059
57.958831,5,8471.287466
57.967614,5,8471.523649
57.949508,5,8471.717133
57.967614,5,8472.06685
57.964873,5,8472.270648
57.966813,5,8472.476654
54.190162,4,8472.694095
-7.032386,5,8473.227092
59.086869,6,8473.490491
57.539813,5,8473.928334
57.957641,5,8474.153313
-7.869044,5,8474.367022
-11.538187,4,8474.549833
54.216439,4,8474.789686
58.579121,6,8475.017929
59.0934,6,8475.363805
59.089097,6,8475.610428
57.826429,5,8475.950356
59.095535,6,8476.280354
57.967614,5,8476.510366
57.967614,5,8476.805338
59.091292,6,8477.11113
57.819293,5,8477.420894
-7.954787,5,8477.672352
-8.593065,5,8477.87687
54.216439,4,8478.084897
57.964662,5,8478.314929
59.099294,6,8478.657257
54.207275,4,8478.902102
-11.001251,4,8479.119098
57.78954,7,8479.453784
59.088924,6,8479.741181
-7.549949,6,8480.075292
59.089276,6,8480.40238
59.099294,6,8480.64935
58.932025,6,8480.892221
-11.149605,4,8481.125461
-11.078188,4,8481.328791
-11.538769,4,8481.629632
-11.055891,4,8481.86789
-7.017107,6,8482.205455
-10.971842,4,8482.4211
59.099294,6,8482.773109
-8.365498,5,8482.984607
57.967614,5,8483.201785
-8.502597,5,8483.50147
57.77692,7,8483.735797
57.78954,7,8484.075354
57.78954,7,8484.401091
54.211854,4,8484.698392
57.794514,5,8485.013942
54.216439,4,8485.274133
57.821422,5,8485.583751
57.967614,5,8485.794762
57.959323,5,8486.054866
59.099294,6,8486.259243
-8.269851,5,8486.565757
59.092684,6,8486.92343
57.78137,7,8487.21524
-11.162143,4,8487.469409
-8.387446,5,8487.691344
-7.798655,5,8488.009311
57.956743,5,8488.233227
57.779091,7,8488.696625
59.089445,6,8488.925833
59.090357,6,8489.293528
-8.201592,6,8489.507303
57.967614,5,8489.816644
-8.536613,5,8490.136559
57.778752,7,8490.499212
59.092781,6,8490.869021
59.099294,6,8491.221685
57.501985,5,8491.461702
59.099294,6,8491.810213
54.216439,4,8492.125703
57.967614,5,8492.357398
57.7809,7,8492.696902
59.09333,6,8492.970948
-7.041658,5,8493.216709
57.963425,5,8493.423115
